CustomerID,num_txns,purchase_span,num_days,avg_qty,total_spent,avg_spent,online_spent,offline_spent,avg_discount,num_coupons,category_diversity,common_month,base_clv,spent_bucket,discount_bucket,predicted_clv,segment
12347,31,223,60,5.7,13834.9,230.58166666666665,127339.54,120000.0,25.084745762711865,12,10,3,846.7071357280056,VIP,Extreme,1485.77,High Value
12348,8,119,23,9.08695652173913,1442.12,62.70086956521739,47477.33,74500.0,24.782608695652176,10,6,6,314.82855451355977,Low,High,176.44508,Low Value
12370,44,30,91,6.736263736263736,6914.31,75.98142857142858,236075.83000000002,95000.0,20.88888888888889,12,10,5,73.43749062731716,VIP,High,44.498497,Low Value
12377,37,139,77,5.467532467532467,9950.31,129.22480519480519,106921.19,171000.0,14.342105263157896,11,9,7,4000.982995883272,VIP,Low,2517.0676,High Value
12383,39,72,69,2.681159420289855,4954.12,71.79884057971014,153732.56,172500.0,14.705882352941176,15,10,7,447.273524608263,High,Low,475.279,Medium Value
12386,6,123,10,1.5,581.89,58.189,25970.62,21000.0,26.0,5,4,3,10.8515844221203,Low,Extreme,-1.1029851,Low Value
12393,13,14,22,5.409090909090909,2233.43,101.51954545454545,67585.65000000001,75500.0,20.0,7,7,8,108.18271570938039,Med,Mid,250.81367,Low Value
12395,14,161,32,1.90625,1383.64,43.23875,66496.26,66500.0,25.625,9,6,6,97.07433706404031,Low,Extreme,225.43745,Low Value
12413,10,22,26,9.961538461538462,2916.34,112.16692307692308,25804.96,40000.0,10.384615384615385,6,5,7,4.439189493023503,Med,Low,266.5638,Medium Value
12414,6,1,7,1.0,601.36,85.90857142857143,23372.39,28000.0,30.0,5,5,12,589.3562363691334,Low,Extreme,692.2384,Medium Value
12415,24,18,47,3.595744680851064,2772.5299999999997,58.989999999999995,76221.43000000001,118500.0,10.212765957446809,8,8,7,2.5599628731036375,Med,Low,314.92224,Medium Value
12417,15,114,30,5.233333333333333,1661.75,55.391666666666666,36591.61,61000.0,18.333333333333332,11,7,10,351.30981124733495,Med,Mid,404.45712,Medium Value
12422,9,1,13,7.769230769230769,1024.1200000000001,78.77846153846154,19043.61,32500.0,30.0,4,5,9,244.3541464117565,Low,Extreme,150.97664,Low Value
12427,3,163,13,13.076923076923077,1326.77,102.05923076923077,13119.720000000001,14500.0,17.692307692307693,6,6,2,177.87565325956567,Low,Mid,88.61396,Low Value
12431,32,323,44,1.2954545454545454,5600.17,127.27659090909091,72708.53,128000.0,19.09090909090909,11,7,11,1023.1365729950124,High,Mid,1126.3772,High Value
12433,55,91,147,10.16326530612245,13829.98,94.08149659863945,210099.93,587000.0,10.0,8,10,4,548.9636010916597,VIP,Low,677.13196,Medium Value
12437,14,112,18,1.4444444444444444,2466.96,137.05333333333334,51183.09,60500.0,25.555555555555557,7,5,12,1185.403720376505,Med,Extreme,1113.6368,High Value
12441,11,1,11,1.4545454545454546,1731.18,157.38,11991.739999999998,22000.0,30.0,3,3,3,5.108634187737954,Med,Extreme,-89.36128,Low Value
12471,70,332,128,2.1796875,13907.84,108.655,276876.10000000003,375500.0,17.559055118110237,19,11,4,2725.580882383758,VIP,Mid,2671.732,High Value
12472,67,292,126,4.031746031746032,11417.33,90.61373015873016,361803.82,434000.0,15.6,16,13,2,3091.5303606025846,VIP,Mid,2594.4272,High Value
12474,27,240,36,6.25,6791.94,188.665,50513.63,80000.0,18.333333333333332,10,5,10,1397.9357374670853,VIP,Mid,1425.322,High Value
12476,13,194,27,11.185185185185185,3155.61,116.87444444444445,45715.2,78000.0,20.0,7,8,11,1770.6776344422635,High,Mid,1096.2433,High Value
12481,13,113,46,16.456521739130434,10068.55,218.88152173913042,78809.18000000001,96000.0,15.217391304347826,12,8,8,1058.0834585294306,VIP,Low,1515.4286,High Value
12494,5,99,7,1.2857142857142858,414.91,59.27285714285715,11574.380000000001,20000.0,18.571428571428573,7,5,4,26.28354257396374,Low,Mid,-17.490072,Low Value
12501,71,110,160,3.7875,10021.23,62.632687499999996,386635.13,251000.0,20.0,10,11,8,3648.701413258346,VIP,Mid,3124.8818,High Value
12524,5,1,16,1.4375,547.75,34.234375,30926.280000000002,56000.0,20.0,5,5,8,66.74653792221851,Low,Mid,3.3517704,Low Value
12539,100,88,187,2.5989304812834226,19024.0,101.73262032085562,299653.73000000004,624000.0,20.0,10,11,11,5032.246746343437,VIP,Mid,5177.721,High Value
12540,32,212,64,4.84375,4120.18,64.3778125,143295.58000000002,219500.0,22.03125,13,9,8,989.0694215393654,High,High,811.3069,High Value
12553,14,54,39,2.3333333333333335,1478.7,37.91538461538462,53211.399999999994,117500.0,19.743589743589745,11,11,8,474.2713025996615,Low,Mid,224.41006,Low Value
12557,4,196,9,1.1111111111111112,277.62,30.846666666666668,21226.09,17500.0,20.0,1,1,2,39.41228232569349,Low,Mid,111.58775,Low Value
12559,11,60,22,6.181818181818182,2786.23,126.64681818181818,60012.26,78000.0,11.818181818181818,5,5,10,238.349882394354,Med,Low,806.0904,High Value
12567,71,310,146,3.5547945205479454,12235.27,83.8032191780822,279291.02999999997,512500.0,25.684931506849313,14,10,2,2747.2289505949097,VIP,Extreme,2256.0793,High Value
12578,40,108,76,1.5263157894736843,5677.5,74.70394736842105,97827.92,229500.0,19.86842105263158,9,9,8,1828.4338775209517,High,Mid,1099.8102,High Value
12583,15,213,42,3.6904761904761907,2361.48,56.22571428571429,95921.12,123000.0,15.238095238095237,12,9,8,387.211538812915,Med,Low,454.5669,Medium Value
12585,26,10,74,2.864864864864865,3809.52,51.48,141833.36000000002,185000.0,10.0,8,11,7,141.75613083061094,High,Low,280.60193,Medium Value
12600,8,315,15,1.0666666666666667,783.38,52.22533333333333,39706.020000000004,50900.0,28.666666666666668,5,4,12,221.9868062390729,Low,Extreme,227.42334,Low Value
12621,20,76,33,3.5454545454545454,2434.21,73.7639393939394,35606.45,72000.0,21.515151515151516,10,7,6,120.25661282427915,Med,High,92.34432,Low Value
12625,24,63,58,3.206896551724138,5886.88,101.49793103448276,95787.05,165500.0,11.724137931034482,8,7,10,2210.850107350407,High,Low,1189.3517,High Value
12626,34,88,67,8.686567164179104,5100.25,76.1231343283582,103263.12999999999,178500.0,27.313432835820894,15,10,9,1772.9207477133061,High,Extreme,1081.9569,High Value
12637,26,40,75,1.6666666666666667,4378.81,58.38413333333334,61325.58,226500.0,29.6,11,10,9,99.83668439460766,High,Extreme,743.7467,Medium Value
12647,28,121,53,4.0754716981132075,3882.93,73.26283018867925,102046.42,138000.0,26.53846153846154,11,10,2,124.40426465702889,High,Extreme,238.70708,Low Value
12652,26,42,51,3.3137254901960786,2731.26,53.55411764705883,104303.90000000001,129000.0,19.41176470588235,11,10,8,379.03556631986964,Med,Mid,372.2823,Medium Value
12662,16,344,34,4.352941176470588,2969.7,87.34411764705882,103081.94,160500.0,21.515151515151516,10,8,12,660.6258766396845,Med,High,787.19586,High Value
12665,2,28,4,4.25,82.8,20.7,4391.63,10000.0,27.5,2,2,9,26.175348719097638,Low,Extreme,132.49701,Low Value
12668,38,153,74,2.891891891891892,6682.5199999999995,90.30432432432431,108776.34,186000.0,23.243243243243242,12,8,11,3137.231294499516,VIP,High,1280.8063,High Value
12681,88,258,223,2.2600896860986546,15419.82,69.14717488789238,390309.25,590000.0,20.36036036036036,26,15,7,2809.8920677597644,VIP,High,2872.3584,High Value
12682,68,309,127,1.811023622047244,12186.51,95.95677165354331,245578.56,428000.0,17.244094488188978,16,10,7,2490.8348883139365,VIP,Mid,2674.6836,High Value
12683,38,171,77,9.662337662337663,9876.2,128.26233766233767,165209.2,230000.0,15.714285714285714,11,9,4,1773.3004864582317,VIP,Mid,2011.8833,High Value
12691,8,121,15,1.2666666666666666,1320.62,88.04133333333333,26177.91,33500.0,16.666666666666668,5,3,10,146.42043567382618,Low,Mid,351.352,Medium Value
12708,21,179,33,5.151515151515151,2806.98,85.06,55319.439999999995,101000.0,24.242424242424242,9,7,8,506.87428667283547,Med,High,644.5042,Medium Value
12709,16,226,33,6.0606060606060606,3030.23,91.82515151515152,71159.81999999999,91000.0,20.90909090909091,15,9,10,740.484181930232,Med,High,781.36896,Medium Value
12712,27,318,47,1.3829787234042554,3743.1,79.64042553191489,74353.17,146500.0,20.638297872340427,12,8,12,618.7643752683284,High,High,774.23517,Medium Value
12720,26,271,65,3.4615384615384617,6810.07,104.77030769230768,120364.86,201000.0,27.076923076923077,14,11,3,1812.0231278461742,VIP,Extreme,1007.00397,High Value
12721,10,85,18,8.0,1944.75,108.04166666666667,44848.8,39000.0,10.0,6,7,7,316.67136649884634,Med,Low,379.65625,Medium Value
12725,14,1,24,33.125,4812.79,200.53291666666667,54219.18,72000.0,20.0,7,8,2,67.62932860862163,High,Mid,265.7743,Medium Value
12726,16,143,25,1.68,1912.64,76.5056,60216.54,85000.0,22.4,11,9,11,690.1645574994271,Med,High,798.0574,High Value
12731,38,217,62,18.080645161290324,12269.8,197.89999999999998,156110.6,194000.0,17.419354838709676,10,7,11,5918.42112691403,VIP,Mid,5442.7393,High Value
12735,18,114,43,1.5116279069767442,2890.57,67.22255813953488,69535.69,107500.0,14.883720930232558,11,8,7,1348.589339801833,Med,Low,584.15735,Medium Value
12744,34,1,56,6.535714285714286,9363.55,167.20624999999998,125787.71999999999,196000.0,10.0,6,8,10,4049.4542199691714,VIP,Low,3543.9792,High Value
12747,10,211,20,10.55,1729.8899999999999,86.49449999999999,41716.49,67000.0,25.789473684210527,8,8,5,317.33812565302,Med,Extreme,326.75378,Medium Value
12748,328,250,695,7.005755395683453,74601.36,107.34008633093525,1182404.71,2059500.0,19.98533724340176,31,17,4,237.38145035924933,VIP,Mid,11924.887,High Value
12753,20,88,52,2.6153846153846154,1979.47,38.06673076923077,59096.96,150000.0,20.0,5,6,5,30.83589530583232,Med,Mid,177.35216,Low Value
12763,8,1,16,2.4375,1080.69,67.543125,26353.8,64000.0,30.0,4,4,3,1.672069294887051,Low,Extreme,-160.3522,Low Value
12766,28,128,88,1.7954545454545454,4114.4,46.75454545454545,213506.36,237500.0,13.977272727272727,13,11,4,339.57491565216475,High,Low,498.49316,Medium Value
12775,7,10,13,2.230769230769231,1401.16,107.78153846153847,32726.260000000002,46500.0,30.0,5,5,12,264.9924961554315,Low,Extreme,608.7846,Medium Value
12779,15,323,42,2.3333333333333335,2355.47,56.08261904761904,114101.73,104100.0,28.095238095238095,7,7,9,759.7704575992287,Med,Extreme,572.5414,Medium Value
12782,32,124,56,3.0714285714285716,4045.21,72.23589285714286,127991.85,146000.0,17.857142857142858,11,8,10,742.2194456180108,High,Mid,850.15466,High Value
12793,11,182,24,2.5416666666666665,2315.97,96.49874999999999,52671.32,72000.0,20.0,7,8,8,333.68452568975596,Med,Mid,492.72363,Medium Value
12797,7,51,17,1.0588235294117647,355.34000000000003,20.902352941176474,27696.09,41000.0,15.0,6,5,4,3.4143352210635576,Low,Low,-82.6873,Low Value
12826,31,203,49,6.387755102040816,7699.88,157.1404081632653,96225.72,160000.0,21.428571428571427,14,7,11,2541.3814638423237,VIP,High,2825.9292,High Value
12829,6,124,12,1.5,1023.26,85.27166666666666,16552.99,14500.0,23.333333333333332,7,5,8,103.74873966026418,Low,High,212.71713,Low Value
12836,19,1,39,5.82051282051282,2884.55,73.96282051282051,83457.27,136500.0,30.0,7,8,12,2400.6410954136845,Med,Extreme,1500.7843,High Value
12839,23,96,37,2.891891891891892,3602.29,97.3591891891892,65464.58,66500.0,30.0,7,8,3,197.2908655547174,High,Extreme,244.33577,Low Value
12841,49,299,110,3.418181818181818,11711.93,106.47209090909091,248080.39,248800.0,19.63302752293578,18,10,2,2142.1943790950404,VIP,Mid,2436.0244,High Value
12853,12,16,23,1.8695652173913044,2015.76,87.64173913043479,65320.71000000001,90500.0,21.304347826086957,9,7,11,535.1259974705546,Med,High,543.4163,Medium Value
12854,23,3,36,1.2777777777777777,4590.74,127.52055555555555,84924.93999999999,124000.0,10.0,5,5,10,2259.4032377224366,High,Low,1115.2849,High Value
12867,24,1,58,5.293103448275862,3433.81,59.203620689655175,88893.84,29000.0,30.0,6,7,6,239.6844986670139,High,Extreme,184.153,Low Value
12868,19,307,46,2.1956521739130435,5419.639999999999,117.81826086956521,122854.16,163000.0,17.391304347826086,11,8,8,1219.9515777123265,High,Mid,1079.8938,High Value
12872,31,142,66,4.393939393939394,3794.47,57.4919696969697,126245.28,222000.0,18.75,12,10,4,413.37337929843517,High,Mid,484.26923,Medium Value
12877,11,77,17,1.1176470588235294,1355.09,79.71117647058823,30768.19,51000.0,28.235294117647058,6,5,6,51.69875983737446,Low,Extreme,57.951595,Low Value
12916,19,1,40,4.45,3916.58,97.9145,74854.0,120000.0,10.0,7,8,10,1012.6100563064472,High,Low,867.7301,High Value
12921,30,189,59,6.677966101694915,5963.99,101.08457627118644,139672.62999999998,163000.0,16.551724137931036,12,9,7,616.4339022203185,High,Mid,1057.9904,High Value
12931,2,4,2,1.0,19.38,9.69,3608.26,3000.0,30.0,2,2,6,0.5432319778232245,Low,Extreme,-41.459366,Low Value
12944,7,1,14,3.0,1017.77,72.69785714285715,35049.22,28000.0,10.0,4,5,7,103.03487491350174,Low,Low,-24.330963,Low Value
12947,25,286,36,1.5,4915.03,136.5286111111111,49335.08,102500.0,15.555555555555555,10,6,1,881.7735048779416,High,Mid,748.98505,Medium Value
12951,6,47,20,1.4,883.55,44.177499999999995,32362.7,56000.0,17.0,6,5,8,335.5285590297355,Low,Mid,77.142006,Low Value
12957,13,15,31,2.2580645161290325,891.63,28.76225806451613,39884.14,61000.0,10.64516129032258,7,7,7,3.3823091478047176,Low,Low,-19.373936,Low Value
12963,6,1,16,3.0625,592.91,37.056875,22247.379999999997,48000.0,10.0,5,5,4,5.246986464157313,Low,Low,-173.98337,Low Value
12967,10,143,19,1.2105263157894737,1452.08,76.42526315789473,29768.41,24500.0,14.210526315789474,6,4,1,36.40293880575701,Low,Low,-19.714252,Low Value
12971,31,324,47,3.1914893617021276,3963.39,84.32744680851063,82482.78,114500.0,17.391304347826086,16,11,8,743.4047112941289,High,Mid,640.71075,Medium Value
12980,4,70,6,24.0,1163.22,193.87,11115.93,16500.0,22.0,5,4,6,49.61780659730529,Low,High,165.58759,Low Value
12989,2,129,2,1.0,156.6,78.3,4750.22,6000.0,20.0,2,2,4,3.3462791341383653,Low,Mid,20.13087,Low Value
12997,7,18,18,4.944444444444445,794.51,44.13944444444444,35866.05,37500.0,20.0,5,6,11,235.3984335974612,Low,Mid,370.86047,Medium Value
13001,23,46,36,3.8055555555555554,2565.35,71.25972222222222,68561.44,110500.0,27.142857142857142,10,10,9,21.664025340724553,Med,Extreme,312.28046,Medium Value
13004,37,139,72,3.25,5588.5,77.61805555555556,151115.57,252000.0,23.194444444444443,11,9,11,1383.231445682115,High,High,1493.8634,High Value
13008,8,129,15,2.8,2103.55,140.23666666666668,20506.7,43000.0,29.333333333333332,6,5,9,726.4675539962134,Med,Extreme,535.75354,Medium Value
13021,6,56,8,10.25,1774.4899999999998,221.81124999999997,9067.59,25000.0,27.5,4,3,6,58.37212450965848,Med,Extreme,108.762634,Low Value
13047,26,351,44,3.977272727272727,3048.79,69.29068181818182,59107.58,195000.0,22.045454545454547,11,8,12,711.1642136703767,Med,High,922.4152,High Value
13050,60,275,103,2.8932038834951457,10409.81,101.06611650485436,226515.09,271500.0,21.45631067961165,16,9,6,1923.587717702342,VIP,High,2109.9392,High Value
13065,7,1,14,1.9285714285714286,1435.23,102.51642857142858,44214.82,42000.0,10.0,4,4,1,9.744222496156858,Low,Low,-42.039703,Low Value
13069,68,319,138,1.9275362318840579,8509.75,61.664855072463766,380098.75,438000.0,21.73913043478261,13,11,2,1642.6031675646773,VIP,High,1669.4072,High Value
13078,24,228,54,7.574074074074074,4112.0,76.14814814814815,100840.02,111500.0,25.37037037037037,11,7,6,449.40434136643347,High,Extreme,685.4027,Medium Value
13081,117,203,261,4.35632183908046,19576.4,75.00536398467433,361390.0,519000.0,13.822393822393822,19,12,7,1716.4002656468717,VIP,Low,1913.4081,High Value
13089,176,304,366,2.5327868852459017,27199.61,74.3158743169399,606173.29,1026500.0,22.258953168044076,25,14,7,4915.385061267329,VIP,High,5067.817,High Value
13090,9,257,13,2.6153846153846154,1329.28,102.2523076923077,31704.22,40000.0,15.384615384615385,8,6,1,128.20300473391038,Low,Low,200.58498,Low Value
13093,65,334,143,4.27972027972028,11879.72,83.07496503496503,192310.93,416000.0,20.55944055944056,24,14,7,2383.120853026516,VIP,High,2215.9092,High Value
13094,4,149,5,5.2,364.56,72.912,4075.41,15500.0,22.0,5,4,3,24.539984278642493,Low,High,33.293846,Low Value
13097,18,55,52,5.384615384615385,2915.43,56.065961538461536,70237.54000000001,108000.0,14.23076923076923,12,10,7,316.6402348379439,Med,Low,406.0792,Medium Value
13098,14,2,21,1.1904761904761905,2364.19,112.58047619047619,35334.93,42000.0,20.0,6,7,11,249.85268807794142,Med,Mid,464.32248,Medium Value
13102,54,251,93,1.8172043010752688,8497.24,91.36817204301074,183965.51,275500.0,20.43010752688172,18,9,8,1560.3590989503564,VIP,High,1555.0846,High Value
13107,10,21,23,6.478260869565218,2554.54,111.06695652173913,44193.340000000004,78500.0,20.869565217391305,9,8,8,22.364936165181092,Med,High,136.27548,Low Value
13113,29,264,62,40.225806451612904,20537.739999999998,331.2538709677419,136547.41,170500.0,17.666666666666668,16,11,10,5592.128297824175,VIP,Mid,5247.284,High Value
13115,2,116,2,4.5,242.12,121.06,3360.58,4000.0,15.0,2,2,4,27.74911872913373,Low,Low,52.13632,Low Value
13117,12,267,34,2.6176470588235294,2001.12,58.85647058823529,50859.71,79000.0,10.0,7,8,1,258.7352289324341,Med,Low,301.43204,Medium Value
13124,30,1,61,1.2459016393442623,4320.82,70.83311475409836,115856.5,213500.0,30.0,5,7,6,319.21557494164557,High,Extreme,432.4314,Medium Value
13126,18,141,32,2.28125,2224.09,69.5028125,82645.72,65500.0,18.4375,12,8,7,241.57059045086348,Med,Mid,411.19434,Medium Value
13138,7,1,14,1.5,1468.99,104.92785714285715,15374.560000000001,14000.0,10.0,3,4,1,4.990087095743051,Low,Low,-94.801445,Low Value
13141,16,20,32,3.5,3194.9,99.840625,40051.049999999996,81500.0,20.3125,8,8,11,397.1953951348333,High,High,718.2115,Medium Value
13148,78,210,130,1.4307692307692308,17809.85,136.99884615384613,435632.69,343000.0,18.153846153846153,14,10,11,4915.135543930181,VIP,Mid,5024.4355,High Value
13155,38,183,63,2.6031746031746033,5652.58,89.72349206349206,90341.56,157500.0,30.0,8,9,3,759.8086958460723,High,Extreme,702.5066,Medium Value
13162,25,15,40,2.775,3367.7599999999998,84.19399999999999,75541.59999999999,118500.0,20.0,5,6,8,41.285467497276834,High,Mid,332.43793,Medium Value
13174,124,256,242,3.28099173553719,21689.27,89.6250826446281,494737.29,968000.0,26.970954356846473,18,13,3,5367.248520816885,VIP,Extreme,5309.744,High Value
13198,39,165,77,1.7142857142857142,5469.49,71.03233766233765,173522.06,254500.0,13.289473684210526,12,10,10,1245.411967428423,High,Low,1145.2416,High Value
13199,14,259,16,2.0,1905.1200000000001,119.07000000000001,33921.19,46500.0,26.875,8,6,6,417.2980632016401,Med,Extreme,389.99753,Medium Value
13209,10,123,21,1.2380952380952381,343.87,16.374761904761904,36220.53,64000.0,23.80952380952381,6,4,5,39.0274536175602,Low,High,69.39886,Low Value
13225,5,75,12,4.333333333333333,449.86,37.48833333333334,21472.04,32000.0,13.333333333333334,6,5,7,77.97370065119225,Low,Low,100.68149,Low Value
13230,42,243,85,4.658823529411765,9669.9,113.76352941176471,142163.08,327000.0,15.411764705882353,12,10,10,3675.9614809154496,VIP,Mid,2798.982,High Value
13233,8,1,17,1.2352941176470589,1299.1,76.41764705882352,32526.64,28500.0,20.0,4,5,8,40.478973365675785,Low,Mid,4.5763383,Low Value
13246,18,16,40,1.625,2061.69,51.54225,82745.88,120000.0,21.0,9,9,8,11.533651802852402,Med,High,138.13342,Low Value
13267,26,149,46,24.804347826086957,16574.14,360.3073913043478,88571.55,93000.0,22.608695652173914,12,7,8,1502.7154154793054,VIP,High,1803.6047,High Value
13269,17,93,28,8.0,2902.24,103.65142857142857,54860.799999999996,76000.0,20.0,4,4,5,183.8632962616992,Med,Mid,386.1175,Medium Value
13280,39,106,78,2.8205128205128207,8257.6,105.86666666666667,55595.26,219500.0,20.0,9,10,11,2478.741857918292,VIP,Mid,3232.8318,High Value
13284,6,36,14,1.2857142857142858,759.89,54.277857142857144,26716.100000000002,35500.0,20.714285714285715,5,4,8,46.62855434573532,Low,High,50.12173,Low Value
13295,5,126,11,6.454545454545454,744.84,67.71272727272728,33002.86,35700.0,28.181818181818183,5,4,6,102.35962509362491,Low,Extreme,75.57038,Low Value
13310,12,30,29,4.758620689655173,2141.61,73.84862068965518,63256.57,80000.0,28.620689655172413,6,6,9,316.53833514759697,Med,Extreme,299.71768,Medium Value
13319,42,119,98,2.826530612244898,6227.05,63.541326530612245,153750.56,229000.0,10.612244897959183,9,9,7,424.1262376475046,VIP,Low,882.54877,High Value
13324,7,190,10,10.3,2008.3799999999999,200.838,18512.8,20000.0,20.0,3,3,5,810.3615889510922,Med,Mid,402.51123,Medium Value
13329,5,103,9,1.1111111111111112,577.38,64.15333333333334,22012.019999999997,17000.0,26.666666666666668,5,3,3,3.0444988944903844,Low,Extreme,-78.9296,Low Value
13369,11,87,19,1.3157894736842106,1603.7,84.40526315789474,35602.55,52000.0,10.0,4,4,4,86.29352868462048,Med,Low,1.4338372,Low Value
13370,23,67,44,2.9318181818181817,3074.7599999999998,69.88090909090909,40767.46,39800.0,17.954545454545453,10,9,2,89.83223691597536,Med,Mid,70.862755,Low Value
13396,10,43,16,1.625,2366.15,147.884375,22587.93,40500.0,10.625,7,6,10,154.64819675232638,Med,Low,282.2563,Medium Value
13408,42,330,78,13.333333333333334,7423.24,95.16974358974359,167688.72,242300.0,16.794871794871796,18,12,10,1175.3202505814347,VIP,Mid,1362.2266,High Value
13418,24,141,49,1.9591836734693877,3672.73,74.95367346938775,86833.96,160000.0,16.53061224489796,12,8,1,152.06912751286174,High,Mid,231.2824,Low Value
13426,12,56,32,3.15625,804.3000000000001,25.134375000000002,64834.520000000004,66000.0,22.8125,10,8,8,83.00083188304893,Low,High,164.26073,Low Value
13448,22,138,36,6.666666666666667,2298.16,63.837777777777774,48108.780000000006,133000.0,15.142857142857142,9,9,1,88.18536165931725,Med,Low,127.259476,Low Value
13455,19,152,36,2.5833333333333335,3009.35,83.59305555555555,77810.45999999999,90000.0,13.333333333333334,7,5,4,64.0158931871221,Med,Low,365.24197,Medium Value
13458,29,104,87,2.2758620689655173,3433.5299999999997,39.465862068965514,101979.35,247500.0,17.38095238095238,16,12,7,272.260500191584,High,Mid,552.4635,Medium Value
13468,38,334,79,14.594936708860759,8915.0,112.84810126582279,185443.6,280500.0,21.41025641025641,19,13,1,1746.2363970604492,VIP,High,1600.2316,High Value
13473,3,12,13,6.384615384615385,528.6800000000001,40.66769230769231,22492.17,45000.0,20.0,4,5,8,28.516779396800935,Low,Mid,-8.104273,Low Value
13488,76,274,149,4.825503355704698,11318.88,75.96563758389262,288256.01,413000.0,25.16778523489933,16,11,8,2241.9009807030766,VIP,Extreme,2230.0457,High Value
13491,22,321,42,3.4285714285714284,3988.1800000000003,94.95666666666668,93722.18000000001,124500.0,18.571428571428573,14,9,10,710.9338913603162,High,Mid,736.3481,Medium Value
13495,12,80,26,1.5384615384615385,1894.55,72.86730769230769,60717.7,66000.0,26.923076923076923,6,4,3,21.553036150145402,Med,Extreme,48.916794,Low Value
13496,11,18,27,5.2592592592592595,1431.18,53.00666666666667,33465.16,16500.0,30.0,5,6,6,6.281251704413336,Low,Extreme,-59.020157,Low Value
13506,21,289,29,3.6551724137931036,3335.76,115.02620689655173,93840.82,91500.0,21.03448275862069,7,6,2,452.37408080056275,High,High,632.40906,Medium Value
13520,20,233,31,2.225806451612903,3764.7,121.44193548387096,51549.27,66700.0,28.06451612903226,8,6,9,1236.583626275456,High,Extreme,845.07776,High Value
13534,23,147,52,4.730769230769231,3487.87,67.07442307692307,80936.42,160500.0,17.884615384615383,17,10,10,866.680349500912,High,Mid,801.51056,High Value
13564,40,114,82,2.5,6967.63,84.97109756097561,86521.89,184500.0,20.0,13,8,3,664.7049754906374,VIP,Mid,567.27966,Medium Value
13576,15,332,34,6.647058823529412,1983.21,58.32970588235294,67483.19,83500.0,13.235294117647058,10,6,7,343.6181991502518,Med,Low,276.81342,Medium Value
13584,16,1,24,1.4583333333333333,2849.45,118.72708333333333,62518.44,96000.0,30.0,5,6,12,3309.798748845864,Med,Extreme,1245.4448,High Value
13593,12,1,39,4.384615384615385,1788.43,45.857179487179486,70291.06,117000.0,20.0,7,8,8,140.42013382771765,Med,Mid,146.34433,Low Value
13599,17,161,30,1.0666666666666667,1476.54,49.217999999999996,53067.939999999995,53000.0,23.0,13,7,3,87.3657622664397,Low,High,181.60477,Low Value
13615,12,41,24,9.666666666666666,1871.68,77.98666666666666,30547.41,60500.0,10.416666666666666,7,7,10,809.0023686447313,Med,Low,303.30005,Medium Value
13629,5,142,8,1.75,1083.51,135.43875,23245.719999999998,26000.0,22.5,3,3,12,732.8342498137304,Low,High,785.5635,High Value
13649,6,1,15,3.933333333333333,486.07,32.404666666666664,40379.69,37500.0,10.0,6,7,4,17.72313584969744,Low,Low,-151.33517,Low Value
13659,32,1,62,1.8225806451612903,4186.96,67.5316129032258,136863.5,186000.0,10.0,7,7,10,311.6399587656802,High,Low,598.128,Medium Value
13668,31,225,61,1.8524590163934427,4401.14,72.14983606557378,121320.81999999999,213000.0,23.278688524590162,13,10,8,1532.4180465022034,High,High,814.9578,High Value
13672,3,5,6,1.3333333333333333,216.14,36.02333333333333,13678.44,21000.0,20.0,3,4,8,31.17575485380965,Low,Mid,19.85108,Low Value
13680,44,15,91,3.2857142857142856,5989.11,65.8143956043956,187482.75,182000.0,12.307692307692308,14,10,7,292.82154258381644,High,Low,437.526,Medium Value
13694,37,349,104,1.4615384615384615,5465.3,52.55096153846154,209063.46,328000.0,21.73076923076923,22,11,6,1089.8574629717566,High,High,1047.8774,High Value
13700,14,1,26,4.230769230769231,1283.58,49.36846153846154,31502.809999999998,65000.0,30.0,6,7,9,12.669318672362483,Low,Extreme,111.81718,Low Value
13715,48,196,100,2.72,6904.99,69.0499,101719.9,246500.0,13.333333333333334,14,10,7,571.7090372028431,VIP,Low,893.60614,High Value
13725,30,1,41,1.2195121951219512,4732.92,115.43707317073171,94358.55,184500.0,30.0,4,4,12,50.215504714108654,High,Extreme,1050.7766,High Value
13742,42,1,96,5.208333333333333,8242.94,85.86395833333334,353473.43,336000.0,10.0,10,11,10,106.20494980144333,VIP,Low,1116.4038,High Value
13756,8,85,16,2.875,1674.43,104.651875,11390.02,23500.0,30.0,5,5,6,129.06408361590732,Med,Extreme,144.70384,Low Value
13758,18,215,33,1.8181818181818181,2027.1,61.42727272727272,101357.52,121000.0,12.727272727272727,8,5,1,88.46595846706744,Med,Low,220.34846,Low Value
13764,29,1,69,1.4202898550724639,3984.48,57.74608695652174,47007.99,119500.0,10.0,8,9,7,510.1527334186486,High,Low,389.19318,Medium Value
13767,37,225,73,2.8219178082191783,5142.18,70.44082191780822,111477.7,225500.0,18.08219178082192,19,10,1,278.04667538396546,High,Mid,515.88824,Medium Value
13769,21,197,32,3.125,3330.01,104.0628125,50158.329999999994,84000.0,28.4375,9,7,9,403.67866622932667,High,Extreme,824.27527,High Value
13777,47,333,67,1.1940298507462686,6817.96,101.76059701492538,156271.53,279500.0,15.970149253731343,14,7,1,1018.4505295591176,VIP,Mid,929.1951,High Value
13784,4,109,6,1.0,280.68,46.78,11603.88,16500.0,21.666666666666668,4,3,8,118.58365267072759,Low,High,131.11855,Low Value
13798,67,254,123,2.8292682926829267,9735.58,79.15105691056911,165601.26,371200.0,16.016260162601625,16,12,5,1681.61796133613,VIP,Mid,1780.3314,High Value
13802,11,199,22,2.1818181818181817,1202.76,54.67090909090909,40917.56,72000.0,29.09090909090909,7,7,12,584.5128817317849,Low,Extreme,643.2949,Medium Value
13815,31,1,53,1.6037735849056605,8189.92,154.5267924528302,147174.19,136500.0,10.0,7,7,10,314.8875279592476,VIP,Low,1190.1744,High Value
13819,15,68,24,6.25,3004.67,125.19458333333334,68037.97,95000.0,19.166666666666668,9,6,10,989.6834567961217,Med,Mid,828.117,High Value
13838,35,1,52,3.5576923076923075,6430.07,123.6551923076923,116699.96,156000.0,20.0,8,9,2,46.530768802151634,VIP,Mid,169.96707,Low Value
13842,18,266,55,10.218181818181819,6915.38,125.73418181818182,95237.25,143500.0,26.727272727272727,12,8,3,575.03239934645,VIP,Extreme,846.16943,High Value
13854,24,242,33,4.363636363636363,2905.25,88.03787878787878,57181.05,94500.0,19.696969696969695,13,7,10,686.1244845326215,Med,Mid,875.8817,High Value
13859,16,1,28,2.5714285714285716,2369.12,84.61142857142856,35152.32,84000.0,30.0,8,10,9,142.9747743275619,Med,Extreme,145.17004,Low Value
13862,18,14,29,2.896551724137931,3409.24,117.55999999999999,43768.72,72500.0,20.689655172413794,9,8,8,93.20368849407294,High,High,240.66066,Low Value
13869,40,152,71,10.267605633802816,12112.3,170.5957746478873,176885.63999999998,181500.0,22.95774647887324,13,9,11,4742.940477446059,VIP,High,4929.565,High Value
13890,8,143,12,11.75,1470.25,122.52083333333333,14222.82,35000.0,29.166666666666668,6,5,6,12.027960840449804,Low,Extreme,268.51135,Medium Value
13911,14,1,25,5.24,3110.21,124.4084,68254.44,100000.0,30.0,6,6,12,2499.7309804917604,Med,Extreme,1774.5516,High Value
13929,2,22,3,52.333333333333336,2656.43,885.4766666666666,3670.62,9000.0,23.333333333333332,2,2,9,3.581397473139576,Med,High,399.89313,Medium Value
13939,10,6,13,1.0769230769230769,1411.28,108.56,26395.19,46000.0,30.0,5,5,12,165.7275369205169,Low,Extreme,561.0785,Medium Value
13941,9,23,12,1.4166666666666667,888.86,74.07166666666667,7254.370000000001,36000.0,10.833333333333334,7,6,1,0.3267782843068225,Low,Low,-141.06802,Low Value
13963,16,282,35,10.6,3918.72,111.96342857142857,49820.22,97000.0,19.142857142857142,10,8,7,1164.6293412185423,High,Mid,772.8142,Medium Value
13969,18,166,44,5.704545454545454,2649.99,60.22704545454545,122787.41,157000.0,10.0,6,7,4,478.8197895946408,Med,Low,238.05998,Low Value
13982,30,147,52,3.4615384615384617,4164.11,80.07903846153846,106944.98,179000.0,21.153846153846153,15,11,9,754.7650075871138,High,High,842.54,High Value
13983,18,169,50,11.22,10308.199999999999,206.164,54377.02,135000.0,30.0,8,11,9,2310.023041685556,VIP,Extreme,1742.4084,High Value
13984,4,163,9,1.2222222222222223,103.38999999999999,11.487777777777776,20194.93,22500.0,18.88888888888889,3,2,4,15.42890631487404,Low,Mid,40.358974,Low Value
13999,20,143,32,1.40625,3075.62,96.113125,69002.2,89500.0,15.3125,8,5,5,707.3616284138836,Med,Low,565.1628,Medium Value
14030,17,1,27,11.925925925925926,4227.05,156.55740740740742,47407.05,81000.0,10.0,6,7,4,0.8794120582679221,High,Low,16.032179,Low Value
14031,21,239,51,3.1372549019607843,3219.42,63.125882352941176,60305.99,75500.0,16.666666666666668,14,10,1,308.60675215557376,High,Mid,420.77542,Medium Value
14032,19,107,32,7.46875,4179.47,130.6084375,54028.45,56500.0,28.4375,9,6,6,75.8168711830339,High,Extreme,608.47076,Medium Value
14040,38,90,67,4.970149253731344,7589.99,113.28343283582089,141187.39,172500.0,20.0,7,8,11,3049.1019955320617,VIP,Mid,2925.8738,High Value
14044,45,1,55,1.309090909090909,7393.91,134.43472727272726,98530.40000000001,245000.0,30.0,8,9,12,6858.134376271571,VIP,Extreme,5816.5713,High Value
14045,4,203,5,1.6,115.21,23.041999999999998,9437.310000000001,14500.0,10.0,4,4,7,27.47796676838866,Low,Low,159.4084,Low Value
14047,4,196,15,6.466666666666667,255.82999999999998,17.055333333333333,8049.92,43000.0,11.333333333333334,5,5,1,12.66472769426544,Low,Low,90.664444,Low Value
14049,57,1,115,2.356521739130435,11129.12,96.77495652173914,187232.29,317000.0,10.0,9,10,10,3467.489202632809,VIP,Low,3146.354,High Value
14051,24,232,41,1.8780487804878048,3730.12,90.97853658536584,46400.770000000004,90500.0,15.0,17,13,4,891.6225125772845,High,Low,533.80475,Medium Value
14057,23,6,48,2.75,3129.0,65.1875,115378.75,45500.0,20.0,7,8,5,48.11667203596479,High,Mid,162.36028,Low Value
14060,25,280,40,8.65,3856.99,96.42474999999999,67209.15,130000.0,15.384615384615385,17,12,8,755.4199468537039,High,Low,819.7428,High Value
14062,33,149,44,5.2727272727272725,5324.78,121.01772727272727,47694.98,128000.0,22.045454545454547,11,6,5,813.4860269867138,High,High,812.20184,High Value
14083,44,157,95,6.989473684210527,6739.39,70.94094736842105,174019.89,118700.0,16.881720430107528,15,13,2,363.2282138196661,VIP,Mid,440.37704,Medium Value
14085,73,284,171,4.04093567251462,11871.23,69.42239766081872,344900.78,510500.0,22.294117647058822,21,13,5,2759.2212260935394,VIP,High,2665.2593,High Value
14092,26,260,61,3.180327868852459,2756.5,45.18852459016394,129190.89,175500.0,14.262295081967213,10,9,7,584.7951779340943,Med,Low,646.05524,Medium Value
14099,34,60,59,6.491525423728813,6343.43,107.51576271186441,130391.99,127500.0,16.440677966101696,9,7,7,755.407735390372,VIP,Mid,837.41895,High Value
14107,9,68,17,2.823529411764706,1039.34,61.137647058823525,31044.010000000002,50000.0,10.0,5,5,4,2.3494408086243954,Low,Low,-83.34762,Low Value
14113,7,152,7,6.142857142857143,596.9,85.27142857142857,16923.81,17500.0,15.714285714285714,6,4,7,125.29368454027795,Low,Mid,224.91739,Low Value
14133,11,31,17,2.7058823529411766,2057.96,121.0564705882353,48092.26,68500.0,20.58823529411765,6,5,11,104.92138384515536,Med,High,680.26056,Medium Value
14135,36,235,70,2.842857142857143,5033.02,71.90028571428572,131621.33,194500.0,17.571428571428573,20,12,1,550.7113285031661,High,Mid,585.9069,Medium Value
14146,31,141,70,8.271428571428572,10268.67,146.69528571428572,154921.2,192500.0,25.0,12,8,6,2513.079819394646,VIP,Extreme,2649.5667,High Value
14156,43,323,86,1.302325581395349,8394.93,97.61546511627907,87775.42,304000.0,29.186046511627907,13,10,9,2020.2040460129278,VIP,Extreme,1898.5061,High Value
14175,7,35,21,3.0476190476190474,1676.47,79.83190476190477,29820.78,63000.0,17.61904761904762,10,8,8,279.7315609211156,Med,Mid,16.057224,Low Value
14176,8,173,14,1.0714285714285714,418.29,29.877857142857145,21861.21,29000.0,29.285714285714285,8,7,3,77.12066919401376,Low,Extreme,73.679,Low Value
14180,41,327,88,18.96590909090909,20984.65,238.46193181818182,184128.03,236000.0,22.15909090909091,22,12,6,3929.1835315379653,VIP,High,3980.734,High Value
14189,26,234,47,7.595744680851064,4695.25,99.89893617021276,100581.85999999999,122500.0,13.829787234042554,11,10,7,1152.5902892539025,High,Low,967.6371,High Value
14210,17,164,37,1.4324324324324325,3259.15,88.08513513513513,86244.12000000001,54500.0,14.054054054054054,12,9,7,535.9286234812912,High,Low,652.57434,Medium Value
14215,30,248,52,4.6923076923076925,2953.35,56.795192307692304,60428.12,146500.0,20.96153846153846,9,8,8,732.5940531875186,Med,High,605.77826,Medium Value
14217,11,248,22,2.1818181818181817,842.41,38.291363636363634,55076.1,62500.0,19.09090909090909,7,4,4,156.97986541262583,Low,Mid,309.00882,Medium Value
14224,22,1,40,2.825,3749.59,93.73975,41257.159999999996,140000.0,10.0,7,8,10,18.195109920955353,High,Low,492.2751,Medium Value
14229,12,98,23,1.608695652173913,1745.92,75.9095652173913,45663.03,78000.0,20.0,7,7,8,147.33708283614783,Med,Mid,283.9541,Medium Value
14233,12,41,15,2.933333333333333,2107.21,140.48066666666668,22027.59,48000.0,22.0,7,5,12,1263.9914692670645,Med,High,961.23,High Value
14243,14,204,40,3.275,3463.85,86.59625,50576.93,82500.0,15.128205128205128,12,10,10,966.2907889965425,High,Low,872.1057,High Value
14290,12,184,25,15.8,3127.02,125.0808,55395.130000000005,77000.0,20.0,6,7,5,15.89081728748767,High,Mid,659.04095,Medium Value
14298,99,187,241,3.323651452282158,13576.33,56.33331950207469,469820.55,364500.0,16.25,21,14,5,3395.3176434560096,VIP,Mid,3081.363,High Value
14299,20,220,34,3.7941176470588234,3057.64,89.93058823529411,88335.68000000001,101000.0,12.352941176470589,12,7,7,514.5002982140145,Med,Low,665.8042,Medium Value
14307,36,262,79,4.987341772151899,7622.34,96.4853164556962,230721.5,293500.0,17.94871794871795,16,12,1,902.0744598406671,VIP,Mid,1284.5837,High Value
14309,7,181,22,1.7727272727272727,817.73,37.16954545454546,61105.72,76000.0,30.0,7,8,12,336.6510503316674,Low,Extreme,773.8406,Medium Value
14312,9,134,23,23.956521739130434,3213.7,139.72608695652173,38013.04,54500.0,16.956521739130434,8,7,7,796.5394389712238,High,Mid,601.92206,Medium Value
14320,17,46,34,1.2941176470588236,2823.66,83.04882352941176,69138.14,113500.0,16.96969696969697,11,11,8,311.86854502450194,Med,Mid,397.7357,Medium Value
14329,31,1,76,2.0789473684210527,4147.01,54.56592105263158,177593.62,228000.0,30.0,10,11,9,15.406794891161292,High,Extreme,507.79996,Medium Value
14334,17,114,42,3.2142857142857144,2980.63,70.96738095238095,59253.08,147000.0,19.26829268292683,9,8,10,852.4043363327625,Med,Mid,784.3783,Medium Value
14341,12,8,24,5.625,1586.26,66.09416666666667,56918.85999999999,82500.0,10.416666666666666,7,7,10,118.41617403618226,Med,Low,336.42975,Medium Value
14344,13,108,14,2.0714285714285716,1328.59,94.89928571428571,25684.12,35500.0,30.0,4,4,3,4.105738458360466,Low,Extreme,20.497887,Low Value
14388,10,81,23,10.869565217391305,1522.4,66.19130434782609,31044.32,69000.0,10.0,5,6,1,11.441181560512003,Low,Low,-106.24437,Low Value
14395,34,193,63,1.8412698412698412,3516.59,55.81888888888889,118808.09999999999,126900.0,15.806451612903226,10,9,8,356.7033818733807,High,Mid,592.68713,Medium Value
14401,12,172,20,1.95,1806.99,90.3495,26761.4,20000.0,27.5,10,7,6,327.5830855737362,Med,Extreme,284.02405,Medium Value
14404,23,188,46,1.3478260869565217,3359.93,73.04195652173912,58575.2,154000.0,30.0,7,8,3,325.1974411018424,High,Extreme,544.4549,Medium Value
14409,11,217,14,1.8571428571428572,2355.76,168.26857142857145,25248.45,33500.0,14.285714285714286,5,3,10,804.7014074575562,Med,Low,710.428,Medium Value
14415,45,112,117,3.282051282051282,10032.72,85.74974358974359,174473.21000000002,112500.0,22.307692307692307,14,10,5,2427.2826597446256,VIP,High,1435.7303,High Value
14419,8,1,21,2.238095238095238,1485.39,70.73285714285714,17158.46,73500.0,10.0,5,6,4,60.68233366289573,Low,Low,-170.84785,Low Value
14426,24,173,47,1.4680851063829787,3687.98,78.46765957446809,125912.5,139000.0,20.425531914893618,7,6,11,1493.5967217999778,High,High,1058.9214,High Value
14438,5,1,9,3.2222222222222223,506.88,56.32,10222.11,36000.0,30.0,4,4,12,484.7546383901571,Low,Extreme,523.76434,Medium Value
14440,15,206,31,9.03225806451613,5238.47,168.98290322580647,68549.8,102000.0,15.806451612903226,11,8,11,2240.5016688207993,High,Mid,1795.605,High Value
14441,2,167,2,1.5,20.79,10.395,3770.9,7000.0,10.0,2,2,4,8.54021818000409,Low,Low,54.97352,Low Value
14442,20,29,32,7.84375,4035.44,126.1075,74716.04,79000.0,20.625,6,5,11,662.1682310331679,High,High,959.88336,High Value
14443,16,319,42,3.7142857142857144,1867.09,44.454523809523806,90827.48,128100.0,28.5,8,8,3,621.0513950061409,Med,Extreme,486.5564,Medium Value
14449,28,1,50,8.12,6049.35,120.98700000000001,51728.060000000005,50000.0,10.0,8,9,1,82.48654677448668,High,Low,145.26086,Low Value
14462,39,161,59,1.4067796610169492,8165.93,138.405593220339,67480.5,230000.0,28.983050847457626,11,9,12,6170.650688646459,VIP,Extreme,5538.549,High Value
14466,11,332,17,1.3529411764705883,1948.49,114.61705882352942,35355.01,41500.0,18.235294117647058,8,5,1,489.2472553846029,Med,Mid,368.48282,Medium Value
14472,28,38,70,11.928571428571429,5638.43,80.549,100335.6,168000.0,14.925373134328359,11,10,7,373.4523155467676,High,Low,618.68384,Medium Value
14487,11,1,14,8.857142857142858,1397.85,99.84642857142856,20205.23,28000.0,30.0,5,5,3,39.67224365725111,Low,Extreme,-115.9046,Low Value
14491,3,1,4,15.0,532.69,133.1725,3996.3,12000.0,10.0,2,2,1,6.500298378149517,Low,Low,-37.68386,Low Value
14496,3,325,19,1.5263157894736843,681.4699999999999,35.86684210526315,24976.91,74000.0,24.736842105263158,9,8,12,307.06060448203584,Low,High,321.20615,Medium Value
14502,21,5,45,1.2666666666666666,4781.55,106.25666666666667,108299.09,135000.0,20.444444444444443,9,9,11,921.851215685702,High,High,1165.6775,High Value
14505,94,85,183,2.7923497267759565,10635.22,58.115956284153,305084.92,480000.0,17.555555555555557,18,14,5,437.251809626543,VIP,Mid,3364.073,High Value
14525,18,113,27,1.1851851851851851,2030.27,75.19518518518518,29447.53,41000.0,22.59259259259259,4,2,5,114.40791212675758,Med,High,174.01767,Low Value
14527,84,331,199,4.798994974874372,15527.65,78.028391959799,397349.64,578500.0,18.223350253807105,26,16,7,2841.4059439638286,VIP,Mid,2836.9253,High Value
14532,11,132,23,2.3043478260869565,1853.5,80.58695652173913,53492.83,57500.0,13.91304347826087,8,8,7,1068.6302377876218,Med,Low,442.276,Medium Value
14534,22,3,29,2.9310344827586206,4912.87,169.4093103448276,54554.89,100500.0,10.0,6,6,10,1665.6946656517912,High,Low,1343.1976,High Value
14541,42,29,75,14.253333333333334,12660.0,168.8,73224.5,262500.0,16.666666666666668,14,10,11,6124.401586868767,VIP,Mid,5488.3535,High Value
14543,10,176,11,2.0,2655.96,241.4509090909091,27244.35,32500.0,10.0,4,4,10,949.1383525665638,Med,Low,863.66943,High Value
14560,13,180,22,1.2727272727272727,2001.1,90.9590909090909,47404.590000000004,79000.0,27.272727272727273,10,7,6,447.8444713942544,Med,Extreme,440.76877,Medium Value
14587,57,106,118,3.73728813559322,9894.16,83.84881355932204,269221.48,325000.0,22.54237288135593,13,10,8,3226.9311455483426,VIP,High,2302.8044,High Value
14594,25,1,31,1.967741935483871,4669.8,150.63870967741937,38337.159999999996,155000.0,10.0,6,6,1,46.276155884349336,High,Low,-46.08676,Low Value
14606,289,349,575,5.438260869565218,57137.79,99.37006956521739,989128.89,1606500.0,21.210526315789473,36,19,12,9032.301310796596,VIP,High,8905.857,High Value
14618,3,111,6,6.666666666666667,524.63,87.43833333333333,8477.960000000001,15000.0,10.0,4,4,7,109.2976655192532,Low,Low,176.66605,Low Value
14625,12,109,36,3.3055555555555554,1755.02,48.75055555555556,81228.26,86400.0,19.444444444444443,6,6,5,200.32880884501478,Med,Mid,214.63193,Low Value
14639,22,35,42,1.2619047619047619,2934.31,69.8645238095238,111703.07999999999,106000.0,20.24390243902439,8,8,5,145.35703817942726,Med,High,201.0208,Low Value
14643,10,20,18,3.8333333333333335,1129.89,62.771666666666675,36026.25,60000.0,26.666666666666668,7,5,6,4.1941585693004155,Low,Extreme,-69.661606,Low Value
14646,114,89,290,2.693103448275862,21193.18,73.07993103448275,493294.45,810500.0,15.923344947735192,31,17,10,2368.98915060426,VIP,Mid,5568.141,High Value
14667,71,183,168,9.363095238095237,26501.03,157.74422619047618,278569.15,521500.0,16.666666666666668,18,13,4,3187.29512227136,VIP,Mid,3210.222,High Value
14669,43,1,110,1.3272727272727274,5825.9,52.96272727272727,227014.72,385000.0,20.0,12,13,8,523.3229274920604,High,Mid,554.0345,Medium Value
14680,38,262,89,6.48314606741573,7088.59,79.64707865168539,124147.54000000001,174300.0,13.977272727272727,9,8,10,1018.3695502840144,VIP,Low,1081.4193,High Value
14688,38,332,58,2.1379310344827585,7380.19,127.24465517241379,188163.66,202500.0,20.17543859649123,18,11,11,1530.575324452659,VIP,High,2510.2778,High Value
14692,18,10,28,1.7142857142857142,5197.139999999999,185.61214285714283,67221.87999999999,84500.0,10.0,5,6,10,2.3821176725584343,High,Low,1165.9287,High Value
14696,26,245,35,2.742857142857143,3504.48,100.128,86595.34,142000.0,19.142857142857142,10,7,1,346.10772274936335,High,Mid,475.0991,Medium Value
14702,41,209,91,3.3846153846153846,7718.08,84.81406593406594,195479.28,294000.0,16.77777777777778,14,10,8,1656.392285754761,VIP,Mid,1602.2417,High Value
14708,8,78,13,5.153846153846154,1714.78,131.90615384615384,28694.71,31000.0,29.166666666666668,7,7,3,8.631954623626255,Med,Extreme,75.10794,Low Value
14709,17,156,37,2.7837837837837838,2665.54,72.04162162162162,96286.69,128500.0,24.054054054054053,10,7,11,828.6541292430106,Med,High,951.39026,High Value
14713,49,162,80,2.7375,7306.93,91.336625,173563.28,274500.0,24.102564102564102,10,9,9,1283.1318363459086,VIP,High,1131.0978,High Value
14723,41,137,90,3.3,6643.03,73.81144444444445,178919.97,293500.0,25.402298850574713,15,13,6,602.2729565521657,VIP,Extreme,727.0714,Medium Value
14729,42,1,71,4.957746478873239,8067.44,113.62591549295774,182189.16,336500.0,10.0,9,10,1,55.74469735992024,VIP,Low,473.19595,Medium Value
14733,72,228,134,4.604477611940299,10642.44,79.42119402985075,242230.77,295500.0,20.827067669172934,19,12,8,1595.8875787462175,VIP,High,1572.5809,High Value
14735,19,177,33,6.333333333333333,3274.77,99.23545454545454,54350.59,106500.0,30.0,9,10,9,1186.0518269269626,High,Extreme,939.27325,High Value
14739,11,121,18,1.6111111111111112,943.34,52.40777777777778,35894.3,38000.0,23.333333333333332,6,4,3,62.27019075476352,Low,High,-18.948425,Low Value
14741,8,117,19,1.736842105263158,1265.56,66.60842105263157,25276.57,52000.0,15.263157894736842,8,5,5,55.838347821794265,Low,Low,100.287506,Low Value
14744,9,250,14,9.714285714285714,1727.3,123.37857142857142,27714.58,42000.0,19.285714285714285,7,6,10,470.57617795904616,Med,Mid,575.58246,Medium Value
14748,19,172,35,6.0,1540.6399999999999,44.01828571428571,26259.56,135500.0,29.142857142857142,7,6,3,23.894184907839023,Low,Extreme,137.25716,Low Value
14766,5,90,8,1.25,759.78,94.9725,19105.84,22000.0,10.0,2,2,4,26.63815545851296,Low,Low,-7.592237,Low Value
14769,33,86,59,1.3559322033898304,5174.86,87.70949152542373,86781.58,125500.0,29.322033898305083,9,8,9,826.8170099833693,High,Extreme,845.54297,High Value
14770,9,1,17,8.176470588235293,1046.71,61.571176470588235,58486.159999999996,51000.0,30.0,8,10,9,363.99955294905135,Low,Extreme,242.36261,Low Value
14779,20,6,35,18.37142857142857,8521.199999999999,243.4628571428571,59546.86,105000.0,27.714285714285715,9,7,9,293.1910615752337,VIP,Extreme,723.178,Medium Value
14796,80,199,143,4.5174825174825175,14233.35,99.53391608391608,307690.28,405000.0,19.78723404255319,24,13,10,2934.40179906095,VIP,Mid,3166.303,High Value
14800,73,176,146,2.767123287671233,10639.37,72.87239726027398,249681.44999999998,438000.0,20.0,9,13,8,822.4908398848714,VIP,Mid,1539.288,High Value
14810,24,316,55,5.072727272727272,4559.73,82.90418181818181,115732.71,181000.0,22.962962962962962,11,9,2,792.9388389193068,High,High,778.6246,Medium Value
14813,25,1,30,1.4,2756.77,91.89233333333333,25828.61,90000.0,20.0,5,5,2,2.65088166344866,Med,Mid,24.423521,Low Value
14825,11,98,18,12.5,1964.0500000000002,109.1138888888889,32516.16,49000.0,30.0,7,7,3,104.62104030135457,Med,Extreme,42.050644,Low Value
14829,19,135,29,1.6206896551724137,4511.28,155.56137931034482,28723.510000000002,31000.0,13.793103448275861,7,4,1,20.721538192261907,High,Low,151.41957,Low Value
14849,31,302,52,4.211538461538462,4849.31,93.25596153846155,113656.36,192000.0,14.423076923076923,8,6,10,946.7319626510134,High,Low,916.0741,High Value
14850,12,262,22,1.3636363636363635,1411.99,64.18136363636364,42091.38,75500.0,30.0,5,5,12,768.8886116120472,Low,Extreme,505.89645,Medium Value
14867,8,154,16,2.375,742.32,46.395,31025.42,47500.0,20.625,7,7,8,173.26284200738897,Low,High,217.31003,Low Value
14896,19,1,32,2.0625,3304.69,103.2715625,85159.98,96000.0,10.0,6,7,4,27.58108854799507,High,Low,96.29698,Low Value
14898,9,216,12,4.333333333333333,1584.05,132.00416666666666,18455.329999999998,38000.0,24.166666666666668,5,3,9,226.974201740839,Med,High,468.0459,Medium Value
14901,25,126,40,2.5,4543.18,113.57950000000001,54437.72,92000.0,19.5,12,7,1,77.36527641823685,High,Mid,221.74857,Low Value
14907,20,65,48,5.4375,4867.66,101.40958333333333,66593.76,76000.0,25.652173913043477,10,8,3,128.7646438064118,High,Extreme,268.7364,Medium Value
14911,276,344,523,4.267686424474188,48980.38,93.65273422562142,846834.27,1532000.0,17.659574468085108,35,19,7,7921.3693600938295,VIP,Mid,7472.9663,High Value
14952,7,31,10,1.5,565.58,56.55800000000001,28835.53,30500.0,16.0,5,4,4,16.811622950135323,Low,Mid,-88.88922,Low Value
14961,18,69,41,1.7317073170731707,3264.21,79.61487804878048,27402.739999999998,42500.0,20.0,7,8,5,131.1651685236049,High,Mid,214.70663,Low Value
14978,29,65,74,1.6081081081081081,4383.61,59.23797297297297,124231.38,186000.0,15.068493150684931,12,10,8,1165.0770667707307,High,Low,575.36597,Medium Value
14985,32,1,50,1.26,4557.29,91.1458,111382.63,175000.0,30.0,5,7,6,102.95985875363561,High,Extreme,344.44638,Medium Value
15002,23,121,56,2.8035714285714284,3150.55,56.259821428571435,128922.60999999999,112000.0,20.74074074074074,13,10,3,353.43298140928334,High,High,305.22784,Medium Value
15005,70,251,146,5.561643835616438,10749.9,73.62945205479451,319781.4,480500.0,23.493150684931507,20,12,6,2312.7805497946774,VIP,High,1747.9464,High Value
15012,30,1,54,3.4074074074074074,5217.74,96.62481481481481,151030.62,270000.0,10.0,7,7,1,20.942140913659248,High,Low,278.8858,Medium Value
15021,19,11,57,9.43859649122807,3540.88,62.12070175438597,41650.88,114000.0,30.0,9,11,3,59.59653905239192,High,Extreme,-7.6362557,Low Value
15023,41,206,105,3.219047619047619,6550.66,62.3872380952381,255299.28,299500.0,26.53846153846154,16,12,9,1104.8580299248933,VIP,Extreme,998.4147,High Value
15024,19,5,48,13.666666666666666,4556.17,94.92020833333333,121240.26,96000.0,30.0,9,12,3,0.307782532165102,High,Extreme,112.09329,Low Value
15032,18,1,30,6.366666666666666,1769.6,58.986666666666665,35288.42,75000.0,10.0,4,6,4,0.36817653945884277,Med,Low,-149.19751,Low Value
15034,35,14,82,3.8292682926829267,5753.96,70.17024390243903,94264.65999999999,205000.0,10.0,8,9,7,505.28693747069445,High,Low,633.7208,Medium Value
15038,23,1,35,1.9714285714285715,2354.47,67.27057142857143,99883.2,105000.0,20.0,6,7,2,17.180136327574086,Med,Mid,-94.26448,Low Value
15039,148,275,315,5.285714285714286,26671.3,84.67079365079366,539460.51,784500.0,21.884984025559106,30,17,5,5993.474258476896,VIP,High,9627.501,High Value
15044,52,98,134,4.432835820895522,8567.31,63.93514925373134,249540.76,349000.0,19.70149253731343,20,11,5,741.1754138418187,VIP,Mid,809.36444,High Value
15046,21,141,49,2.326530612244898,3954.19,80.69775510204082,65010.51,136000.0,18.163265306122447,8,6,7,855.6806912492597,High,Mid,712.0813,Medium Value
15058,33,1,61,1.5737704918032787,5965.93,97.80213114754099,120409.41,202500.0,30.0,8,9,12,3640.637215112999,High,Extreme,2918.5286,High Value
15059,16,59,30,1.4666666666666666,2477.19,82.57300000000001,45347.96,90000.0,19.666666666666668,6,6,8,2.4902665690989187,Med,Mid,220.5617,Low Value
15061,80,274,170,4.6,15151.13,89.12429411764705,259286.26,370500.0,16.58682634730539,24,14,1,1137.1867766120743,VIP,Mid,2138.5173,High Value
15078,30,222,56,2.9464285714285716,4424.63,79.01125,100489.48999999999,130500.0,18.214285714285715,10,6,3,709.1607801397042,High,Mid,574.3343,Medium Value
15079,17,223,27,1.4444444444444444,4404.34,163.1237037037037,46759.09,69500.0,18.51851851851852,6,5,11,2281.005054488389,High,Mid,1283.0431,High Value
15090,15,1,23,1.391304347826087,2550.08,110.87304347826087,26823.06,92000.0,30.0,4,4,12,153.4219293455101,Med,Extreme,435.11545,Medium Value
15093,17,174,39,2.923076923076923,3158.55,80.98846153846155,54647.240000000005,65700.0,10.526315789473685,8,9,7,178.88488281759564,High,Low,601.4095,Medium Value
15100,6,241,6,2.5,1043.72,173.95333333333335,11614.45,18500.0,23.333333333333332,5,4,3,118.3756067745932,Low,High,283.05817,Medium Value
15101,4,55,5,1.4,224.55,44.910000000000004,7417.76,15500.0,28.0,4,3,6,1.7620020585175902,Low,Extreme,42.48962,Low Value
15107,12,319,20,4.0,1181.01,59.0505,29211.17,44000.0,21.05263157894737,8,6,8,97.40442837026404,Low,High,241.45662,Low Value
15157,24,10,56,2.2142857142857144,2870.33,51.255892857142854,127048.36,192000.0,30.0,7,9,6,4.079653862277018,Med,Extreme,183.34888,Low Value
15159,51,182,80,1.4125,7841.41,98.017625,196336.37,237000.0,21.375,12,9,5,1905.1992722702448,VIP,High,1804.6017,High Value
15167,14,1,41,1.2439024390243902,2514.39,61.32658536585365,84793.58,128000.0,10.0,6,7,10,122.42997174007321,Med,Low,382.8242,Medium Value
15171,3,28,7,1.2857142857142858,100.14,14.305714285714286,13498.36,17500.0,22.857142857142858,2,1,8,21.467709562305156,Low,High,19.85108,Low Value
15179,26,167,45,2.311111111111111,3625.54,80.56755555555556,56535.25,113000.0,10.222222222222221,9,9,10,1104.7796775834822,High,Low,878.8157,High Value
15181,2,38,2,1.0,59.17999999999999,29.589999999999996,2838.55,5000.0,15.0,2,1,4,1.9416610259523757,Low,Low,-103.503746,Low Value
15189,7,103,10,8.1,1420.53,142.053,23709.97,35000.0,17.0,6,6,8,379.70378630880816,Low,Mid,253.96332,Low Value
15194,55,261,114,17.719298245614034,23605.3,207.0640350877193,272352.26,292500.0,26.92982456140351,12,8,6,5403.271668882437,VIP,Extreme,3745.1838,High Value
15197,3,61,4,1.0,53.769999999999996,13.442499999999999,7824.17,13000.0,27.5,2,1,6,2.66944292151738,Low,Extreme,32.162914,Low Value
15213,9,52,25,1.12,577.08,23.0832,34232.13,76500.0,18.8,7,6,8,79.8344496460517,Low,Mid,40.579605,Low Value
15218,15,1,28,9.035714285714286,2503.56,89.41285714285713,69594.52,70000.0,10.0,5,6,10,996.5832414912588,Med,Low,411.2761,Medium Value
15221,5,47,11,1.0,304.49,27.680909090909093,24359.42,30500.0,15.454545454545455,2,1,2,5.77130525516065,Low,Mid,-70.86964,Low Value
15224,9,47,16,1.8125,308.27,19.266875,31569.079999999998,54000.0,27.5,7,7,6,12.354734706306042,Low,Extreme,-4.742653,Low Value
15235,34,337,88,6.329545454545454,6403.84,72.77090909090909,220399.44,270000.0,14.482758620689655,13,8,7,1382.3012492841501,VIP,Low,908.83014,High Value
15240,11,307,17,1.4705882352941178,2195.78,129.16352941176473,16869.08,51100.0,26.470588235294116,7,5,12,896.1285960631604,Med,Extreme,653.01917,Medium Value
15271,16,100,40,6.6,3618.31,90.45775,86670.79999999999,136000.0,10.0,8,9,4,163.3000663461553,High,Low,270.19315,Medium Value
15279,7,78,21,3.5238095238095237,1605.31,76.44333333333333,54119.57,46000.0,10.0,4,4,7,257.6312966864577,Med,Low,265.3783,Medium Value
15281,27,50,55,4.509090909090909,3531.24,64.20436363636364,92199.7,190000.0,19.09090909090909,11,9,8,158.07101186076372,High,Mid,453.86304,Medium Value
15290,7,85,19,1.2105263157894737,513.54,27.028421052631575,23789.51,51500.0,25.263157894736842,8,7,8,21.444548304108267,Low,Extreme,93.140686,Low Value
15291,13,286,35,2.657142857142857,904.04,25.829714285714285,68529.45,91000.0,22.0,12,8,8,152.81669320482152,Low,High,338.21182,Medium Value
15296,30,1,61,3.459016393442623,6875.67,112.71590163934427,134398.21,172500.0,30.0,6,6,9,1492.7995631770254,VIP,Extreme,948.59674,High Value
15298,17,167,39,4.666666666666667,1871.4599999999998,47.98615384615384,71365.18,97500.0,13.58974358974359,11,9,4,157.93730564454944,Med,Low,231.27708,Low Value
15311,291,351,587,7.173764906303237,75937.55,129.36550255536628,1291619.45,1789000.0,20.41166380789022,37,17,12,12201.371432813228,VIP,High,12094.323,High Value
15312,5,1,17,1.588235294117647,522.5,30.735294117647058,38654.869999999995,34000.0,10.0,5,5,7,56.264464896751754,Low,Low,-16.31519,Low Value
15332,17,50,35,6.6,2590.08,74.00228571428572,61429.51,104500.0,19.714285714285715,6,6,2,8.54364067716037,Med,Mid,4.8681192,Low Value
15351,24,3,53,40.75471698113208,20858.43,393.55528301886795,48094.06,159000.0,20.0,7,8,2,456.0086177314095,VIP,Mid,597.7352,Medium Value
15356,58,71,115,6.095652173913043,9328.55,81.11782608695651,151488.77,168000.0,24.636363636363637,15,13,5,308.62438794266143,VIP,High,1084.1482,High Value
15358,69,236,122,2.319672131147541,10528.4,86.2983606557377,197067.38,310500.0,13.5,18,13,7,2203.0917563131657,VIP,Low,1842.4921,High Value
15373,16,265,24,9.541666666666666,2425.33,101.05541666666666,35363.0,51500.0,18.75,12,7,2,252.1622725263062,Med,Mid,393.9651,Medium Value
15379,62,104,138,3.4565217391304346,10083.78,73.0708695652174,264614.1,391000.0,23.529411764705884,16,12,6,719.2530937203438,VIP,High,1147.9375,High Value
15384,13,126,22,7.590909090909091,1714.61,77.93681818181818,66005.72,71400.0,28.095238095238095,6,7,6,236.37044559332662,Med,Extreme,239.77525,Low Value
15392,10,20,20,1.75,1617.73,80.8865,15371.99,13000.0,30.0,7,8,6,35.46422246065552,Med,Extreme,-42.02983,Low Value
15415,38,1,48,1.2708333333333333,7344.68,153.01416666666668,181077.88,120000.0,20.0,3,3,11,178.57768231847038,VIP,Mid,386.87143,Medium Value
15422,4,2,6,1.0,344.48,57.413333333333334,8618.97,18000.0,30.0,5,5,9,6.983834022490722,Low,Extreme,92.06069,Low Value
15426,33,19,87,5.057471264367816,6202.37,71.2916091954023,179146.88,303000.0,20.11764705882353,9,10,2,12.10436903078166,VIP,High,88.59366,Low Value
15460,33,1,58,4.724137931034483,6221.18,107.26172413793104,66103.5,145000.0,10.0,7,8,7,594.1220400508676,VIP,Low,762.0866,Medium Value
15464,68,1,157,5.343949044585988,12865.57,81.94630573248408,175249.19,392500.0,10.0,10,12,7,1538.5256580091773,VIP,Low,1737.2703,High Value
15465,11,237,21,4.190476190476191,1431.86,68.18380952380951,35676.78,65500.0,20.476190476190474,8,5,2,196.22177656830044,Low,High,249.76036,Low Value
15485,12,210,43,7.674418604651163,2413.72,56.133023255813946,114551.29,175000.0,14.651162790697674,12,10,1,270.23959419792084,Med,Low,313.48007,Medium Value
15497,9,46,11,1.2727272727272727,1628.37,148.03363636363636,31212.780000000002,38000.0,10.909090909090908,6,5,10,13.894657326181203,Med,Low,197.31459,Low Value
15498,85,207,163,3.1349693251533743,11345.37,69.60349693251534,476924.16,470000.0,24.233128834355828,16,10,9,2059.028462377623,VIP,High,2275.3188,High Value
15502,22,15,40,9.875,4171.98,104.2995,85197.0,124000.0,30.0,9,9,3,71.65787990918282,High,Extreme,203.54465,Low Value
15513,18,309,46,8.391304347826088,4418.95,96.0641304347826,80150.62,148000.0,16.956521739130434,12,8,8,730.8728456617769,High,Mid,741.32983,Medium Value
15514,52,25,113,4.654867256637168,6465.1900000000005,57.214070796460184,146164.47,317000.0,19.38053097345133,13,10,5,256.4963581290322,VIP,Mid,348.47556,Medium Value
15518,28,65,67,2.2686567164179103,3907.95,58.3276119402985,142659.77,234500.0,16.818181818181817,13,10,8,887.5759947097263,High,Mid,655.2403,Medium Value
15527,17,132,27,1.5185185185185186,2855.7,105.76666666666667,59104.08,81000.0,13.333333333333334,9,7,7,1306.3527314661771,Med,Low,715.41675,Medium Value
15529,42,181,76,4.342105263157895,8177.7,107.60131578947369,116420.47,213000.0,29.473684210526315,10,10,9,1611.2671415653742,VIP,Extreme,1813.9943,High Value
15532,29,1,50,1.84,5998.46,119.9692,72790.22,175000.0,30.0,7,9,6,535.7736150679215,High,Extreme,597.2755,Medium Value
15535,30,139,41,1.5365853658536586,3952.2799999999997,96.3970731707317,51537.53,105000.0,29.51219512195122,9,8,9,844.6051034195665,High,Extreme,973.6261,High Value
15547,48,195,90,3.966666666666667,7672.31,85.2478888888889,187101.17,295000.0,20.0,8,9,5,2309.2896380151105,VIP,Mid,1573.0654,High Value
15549,33,9,62,4.193548387096774,9138.48,147.3948387096774,80515.81999999999,246500.0,20.0,9,10,11,3914.144595040725,VIP,Mid,3767.5005,High Value
15555,49,76,96,2.5,5653.17,58.8871875,125797.68,343500.0,16.27659574468085,13,10,4,225.4653909272075,High,Mid,287.0234,Medium Value
15570,57,193,144,5.798611111111111,17853.21,123.98062499999999,333743.19,410500.0,24.154929577464788,13,11,2,1697.668358161715,VIP,High,1898.7474,High Value
15574,64,140,159,3.088050314465409,9984.91,62.79817610062893,157885.86,235000.0,14.779874213836479,16,11,1,130.1775337987531,VIP,Low,552.60455,Medium Value
15579,18,1,26,1.3461538461538463,3706.75,142.56730769230768,61064.38,65000.0,20.0,6,7,11,958.8833135285047,High,Mid,941.9492,High Value
15581,17,96,49,2.836734693877551,2637.8,53.83265306122449,65611.65,110500.0,10.0,6,9,7,254.83776618903673,Med,Low,287.1829,Medium Value
15596,18,202,43,5.627906976744186,3151.54,73.29162790697674,53489.189999999995,150500.0,20.238095238095237,12,9,4,813.833609377937,High,High,570.3154,Medium Value
15601,88,300,157,10.528662420382165,16461.63,104.85114649681529,322425.5,434000.0,17.142857142857142,22,14,1,2799.502412909207,VIP,Mid,2561.5613,High Value
15602,12,258,17,1.1764705882352942,1370.28,80.60470588235295,24430.82,41500.0,22.352941176470587,9,6,11,317.01544886565244,Low,High,561.94403,Medium Value
15615,20,79,50,8.06,4154.47,83.08940000000001,113615.0,150000.0,25.0,13,10,6,680.3781033949388,High,Extreme,453.53043,Medium Value
15640,47,203,115,6.556521739130435,9632.14,83.75773913043477,271180.41000000003,255000.0,14.0,18,12,7,1010.4275344899498,VIP,Low,1607.6182,High Value
15649,2,138,2,1.0,82.35,41.175,3671.1800000000003,3500.0,25.0,2,2,3,1.5211058038919392,Low,Extreme,32.533806,Low Value
15658,17,334,28,5.714285714285714,4537.8099999999995,162.06464285714284,38025.51,99000.0,17.142857142857142,7,6,1,578.8770897619928,High,Mid,614.5487,Medium Value
15661,5,103,5,1.6,1372.0,274.4,6149.28,10000.0,18.0,3,2,11,484.36622748003873,Low,Mid,661.79694,Medium Value
15687,22,100,45,9.555555555555555,5393.02,119.8448888888889,101357.95999999999,146500.0,25.11111111111111,14,10,12,2170.2123850194475,High,Extreme,2295.9087,High Value
15694,12,324,24,3.5416666666666665,2493.46,103.89416666666666,51208.12,70500.0,15.416666666666666,6,4,8,439.443966570748,Med,Mid,474.4857,Medium Value
15696,28,74,48,1.2291666666666667,3490.58,72.72041666666667,87640.99,136000.0,26.458333333333332,12,8,9,819.7742886949599,High,Extreme,673.0061,Medium Value
15708,47,288,96,5.739583333333333,8272.31,86.16989583333333,174344.0,284500.0,20.0,9,11,2,2235.0590708640316,VIP,Mid,1535.0239,High Value
15713,5,47,10,2.1,996.74,99.674,25145.65,23500.0,11.0,3,3,4,1.3388129972332061,Low,Low,-27.9884,Low Value
15716,22,1,38,2.0,2289.37,60.24657894736842,85120.66,114000.0,20.0,9,11,2,43.679799616689294,Med,Mid,-94.26448,Low Value
15719,95,144,175,4.548571428571429,15960.02,91.20011428571429,226744.01,579500.0,18.160919540229884,13,11,7,6090.472459826339,VIP,Mid,5110.577,High Value
15727,37,75,99,7.575757575757576,6835.5,69.04545454545455,157821.6,281000.0,26.767676767676768,15,10,6,816.5229976153266,VIP,Extreme,771.8722,Medium Value
15738,15,310,37,2.3783783783783785,2087.66,56.42324324324324,43927.39,84000.0,19.18918918918919,12,6,1,432.66779923373514,Med,Mid,297.54407,Medium Value
15750,12,21,21,1.9523809523809523,2124.7400000000002,101.17809523809525,22461.239999999998,46000.0,28.095238095238095,8,7,3,1.9411081875442922,Med,Extreme,-111.99666,Low Value
15769,6,179,12,3.0,762.63,63.5525,17409.09,33000.0,17.5,5,4,8,105.91898603755293,Low,Mid,168.1232,Low Value
15777,6,160,8,1.375,562.78,70.3475,8816.53,15500.0,18.75,5,4,5,7.138903563483548,Low,Mid,147.28844,Low Value
15808,123,311,210,4.233333333333333,20041.11,95.43385714285715,448836.95,660000.0,20.95693779904306,22,14,2,3304.1266377819748,VIP,High,2758.528,High Value
15811,12,70,23,1.434782608695652,1145.36,49.79826086956521,40047.6,74500.0,16.08695652173913,6,4,4,53.361563470623224,Low,Mid,-52.113754,Low Value
15820,9,1,17,8.058823529411764,1737.73,102.21941176470588,25289.809999999998,59500.0,10.0,4,5,10,363.5345251569302,Med,Low,374.09872,Medium Value
15823,9,183,17,1.1764705882352942,635.8,37.4,39743.18,41000.0,10.0,5,5,7,140.90053423496798,Low,Low,209.60509,Low Value
15827,22,309,29,1.3103448275862069,3077.58,106.12344827586206,58691.12,65500.0,15.172413793103448,11,7,11,680.0180561832013,Med,Low,767.072,Medium Value
15831,3,1,18,3.0,1003.38,55.74333333333333,25192.55,53500.0,30.0,5,6,9,317.13313179192954,Low,Extreme,113.155975,Low Value
15838,5,319,6,3.1666666666666665,480.21,80.035,13547.779999999999,15000.0,26.666666666666668,4,4,3,123.07077380410682,Low,Extreme,280.25037,Medium Value
15854,14,208,25,1.52,2564.78,102.59120000000001,51910.049999999996,67500.0,24.0,11,9,5,583.0233176700496,Med,High,510.18478,Medium Value
15856,32,90,54,1.7777777777777777,4231.45,78.36018518518519,113153.67,171000.0,13.333333333333334,10,8,4,261.5553787465012,High,Low,347.1414,Medium Value
15864,8,19,9,1.2222222222222223,1290.81,143.42333333333332,7150.05,34500.0,23.333333333333332,4,3,11,617.7085424027146,Low,High,514.58246,Medium Value
15867,78,250,138,2.2246376811594204,11924.49,86.40934782608696,252902.36000000002,404000.0,16.861313868613138,16,13,7,1999.5273233388157,VIP,Mid,2043.2003,High Value
15880,46,2,106,10.0,12702.21,119.83216981132075,78924.45999999999,371000.0,20.0,7,10,2,2.907038039405283,VIP,Mid,487.55557,Medium Value
15881,19,218,32,2.71875,4237.22,132.413125,57389.909999999996,109500.0,27.5,9,6,12,1370.602496370031,High,Extreme,1508.4507,High Value
15882,11,1,17,6.411764705882353,1715.68,100.92235294117647,18563.98,34000.0,30.0,5,5,3,15.384552664049556,Med,Extreme,-110.0829,Low Value
15894,25,1,38,3.1315789473684212,3464.3,91.16578947368421,66936.93,144500.0,20.0,6,7,2,53.61366802742049,High,Mid,-5.4693336,Low Value
15898,38,17,64,1.140625,4591.7699999999995,71.74640624999999,80665.29,157500.0,30.0,6,7,3,17.046366440458907,High,Extreme,166.03717,Low Value
15916,27,148,48,1.5833333333333333,3626.51,75.55229166666668,55548.41,136500.0,16.875,9,6,8,588.8142701892002,High,Mid,647.44495,Medium Value
15922,6,12,12,1.4166666666666667,649.31,54.10916666666666,6719.570000000001,56000.0,10.0,4,5,1,2.4620503159636518,Low,Low,-163.30042,Low Value
15939,7,106,18,3.2222222222222223,1067.09,59.282777777777774,41707.67,50500.0,22.77777777777778,9,6,8,314.76532647228197,Low,High,172.53757,Low Value
15953,11,174,27,1.6666666666666667,2337.51,86.57444444444445,42986.08,91500.0,25.925925925925927,5,4,3,55.82441312941345,Med,Extreme,146.49646,Low Value
15973,3,112,5,5.8,305.52,61.104,8766.4,10000.0,26.0,5,5,3,28.585904138350596,Low,Extreme,19.660036,Low Value
15983,38,141,81,5.518518518518518,5839.57,72.09345679012345,235113.53,241000.0,13.037974683544304,11,9,1,160.52430450308165,High,Low,403.09735,Medium Value
15984,5,131,17,1.0588235294117647,668.17,39.304117647058824,37745.77,34000.0,15.882352941176471,8,8,7,17.63719141317896,Low,Mid,163.08005,Low Value
15996,9,1,32,1.375,830.76,25.96125,56168.9,95500.0,10.0,5,6,4,30.952503605617906,Low,Low,-83.095604,Low Value
16011,33,243,50,1.58,6053.48,121.0696,87616.18,155000.0,17.6,13,8,4,1278.724843439074,High,Mid,867.74695,High Value
16013,8,179,12,1.25,452.19,37.6825,18206.0,20100.0,25.0,6,4,6,26.77969130370479,Low,Extreme,139.20155,Low Value
16016,33,6,70,6.885714285714286,6401.0,91.44285714285714,209679.58,140500.0,21.014492753623188,12,9,3,54.60897433552473,VIP,High,150.20145,Low Value
16019,9,206,27,1.3703703703703705,946.83,35.06777777777778,56595.22,58500.0,17.037037037037038,5,4,8,260.32787793451996,Low,Mid,295.35825,Medium Value
16029,31,358,52,2.730769230769231,5099.61,98.06942307692307,82088.07,161300.0,21.836734693877553,11,8,6,792.0520853671862,High,High,969.4697,High Value
16033,50,216,141,3.49645390070922,7502.42,53.20865248226951,272247.14,321500.0,19.214285714285715,18,11,7,1103.4279009984764,VIP,Mid,1537.128,High Value
16042,5,209,6,2.3333333333333335,531.48,88.58,10758.42,17000.0,13.333333333333334,2,2,1,49.93930419060785,Low,Low,79.43628,Low Value
16059,21,170,49,3.693877551020408,2556.52,52.17387755102041,67840.56,113500.0,30.0,7,9,9,339.33916214469235,Med,Extreme,569.4526,Medium Value
16065,39,1,74,1.4864864864864864,7328.62,99.0354054054054,127897.22,222000.0,10.0,8,9,4,42.643140020424376,VIP,Low,391.05563,Medium Value
16109,3,1,3,1.6666666666666667,759.39,253.13,9698.61,12500.0,30.0,2,2,12,857.0271089450849,Low,Extreme,776.94403,Medium Value
16110,69,1,115,2.1913043478260867,12657.84,110.06817391304348,296225.88,402500.0,30.0,9,9,12,6715.69826203628,VIP,Extreme,6283.915,High Value
16112,5,27,10,1.5,933.75,93.375,17736.84,32000.0,18.0,4,3,8,69.79839183913231,Low,Mid,54.897503,Low Value
16122,8,141,19,1.263157894736842,635.12,33.427368421052634,43476.82,51500.0,25.263157894736842,7,5,3,72.62892841622319,Low,Extreme,65.538246,Low Value
16124,8,12,16,1.4375,889.95,55.621875,31089.329999999998,42000.0,20.0,5,5,11,285.40530011608456,Low,Mid,367.7418,Medium Value
16133,7,19,13,1.5384615384615385,1211.9499999999998,93.22692307692306,37461.21,46500.0,11.538461538461538,4,3,10,52.72936438011237,Low,Low,258.885,Medium Value
16134,12,33,19,4.0,2422.28,127.4884210526316,41034.39,63500.0,26.842105263157894,4,3,6,102.12226869543771,Med,Extreme,90.122215,Low Value
16143,12,128,28,2.5357142857142856,3094.39,110.51392857142856,55806.549999999996,87000.0,21.785714285714285,13,9,3,109.0789552519201,Med,High,332.8266,Medium Value
16145,17,77,38,1.6578947368421053,2354.84,61.96947368421053,70543.20999999999,53500.0,19.166666666666668,9,7,7,168.73653344434942,Med,Mid,257.12598,Medium Value
16150,14,182,26,3.769230769230769,1979.83,76.14730769230769,32927.560000000005,21400.0,11.538461538461538,9,8,1,44.67826355462913,Med,Low,154.2383,Low Value
16161,64,281,124,2.75,11501.39,92.75314516129032,277252.35,352000.0,27.459016393442624,14,12,6,2625.539499918615,VIP,Extreme,2588.1562,High Value
16168,3,245,8,8.75,497.30999999999995,62.16374999999999,12114.96,21500.0,13.75,6,6,10,58.10153834507801,Low,Low,414.86588,Medium Value
16191,15,191,36,1.4722222222222223,1360.42,37.78944444444445,78252.36,70000.0,21.666666666666668,11,8,8,323.8707934123909,Low,High,376.7282,Medium Value
16203,11,204,12,1.8333333333333333,1593.39,132.7825,12010.02,14500.0,10.833333333333334,4,4,1,4.761666255745123,Med,Low,142.20746,Low Value
16210,20,343,42,1.5476190476190477,3888.67,92.58738095238095,110948.67,148500.0,21.428571428571427,12,9,1,651.191443008615,High,High,656.82025,Medium Value
16218,17,1,28,1.4285714285714286,3799.28,135.68857142857144,49547.32000000001,126000.0,10.0,4,4,1,4.125326497041549,High,Low,-93.55815,Low Value
16222,71,1,137,2.4525547445255476,11173.14,81.55576642335765,202640.83000000002,479500.0,10.0,8,9,10,426.4720068978915,VIP,Low,1553.0674,High Value
16233,6,149,12,2.0,682.99,56.91583333333333,24919.9,30500.0,20.833333333333332,7,6,8,113.01376250783156,Low,High,205.87622,Low Value
16235,7,14,9,1.1111111111111112,838.47,93.16333333333334,13206.72,22500.0,22.22222222222222,5,3,8,45.817354408603634,Low,High,35.90065,Low Value
16241,30,157,71,4.563380281690141,5861.48,82.55605633802816,228610.75999999998,156000.0,11.971830985915492,10,8,7,811.6107424096554,High,Low,838.1359,High Value
16244,28,1,63,1.4285714285714286,5300.43,84.13380952380953,140831.88,189000.0,10.0,5,6,1,68.24882509461074,High,Low,113.25022,Low Value
16252,12,1,21,1.380952380952381,1598.87,76.13666666666666,38973.99,63000.0,10.0,7,8,4,3.5053326407035597,Med,Low,-136.53123,Low Value
16255,24,90,60,1.7333333333333334,4295.25,71.5875,83648.48,172000.0,10.0,9,10,7,510.63598634099515,High,Low,584.26215,Medium Value
16306,7,130,15,1.2666666666666666,391.87,26.124666666666666,12302.56,23500.0,21.428571428571427,6,6,8,61.08479814058358,Low,High,166.87845,Low Value
16316,17,33,21,1.2857142857142858,2317.31,110.34809523809524,54864.11,72000.0,29.047619047619047,3,2,6,3.2026366076212764,Med,Extreme,158.28387,Low Value
16326,14,106,43,1.627906976744186,1879.22,43.702790697674416,81917.9,122500.0,20.0,10,12,8,687.0005069778503,Med,Mid,390.09,Medium Value
16327,54,271,101,1.9306930693069306,9196.49,91.05435643564356,222521.66,371000.0,20.0,9,11,2,1469.3684995724086,VIP,Mid,1541.575,High Value
16350,13,117,25,1.16,944.48,37.7792,45045.700000000004,89000.0,18.8,9,8,8,216.451497876766,Low,Mid,276.15506,Medium Value
16353,9,308,13,1.6153846153846154,843.8,64.9076923076923,18975.55,34000.0,20.76923076923077,7,4,8,171.79037270289703,Low,High,178.47005,Low Value
16359,4,13,5,1.0,62.07,12.414,5946.85,12500.0,22.0,4,3,8,2.7245999715579643,Low,High,5.236544,Low Value
16365,6,74,7,2.0,484.09000000000003,69.1557142857143,18780.039999999997,15500.0,30.0,3,3,3,7.811567110882926,Low,Extreme,-62.462418,Low Value
16385,9,1,21,2.0,788.36,37.54095238095238,25693.5,52500.0,10.0,7,8,4,28.068581473894945,Low,Low,-170.84785,Low Value
16393,13,72,22,9.181818181818182,1314.52,59.75090909090909,43924.060000000005,71000.0,20.0,5,6,5,26.770187909767607,Low,Mid,20.974081,Low Value
16395,39,29,60,3.5833333333333335,6562.08,109.368,103905.39000000001,180000.0,23.166666666666668,12,10,8,1382.3975287859766,VIP,High,873.5288,High Value
16402,27,1,57,2.8596491228070176,5175.15,90.7921052631579,136144.57,199500.0,20.0,7,9,2,79.6280638918042,High,Mid,251.57426,Low Value
16409,30,1,48,2.4583333333333335,5066.26,105.54708333333333,114708.0,96000.0,20.0,7,7,11,690.2570237043197,High,Mid,989.9067,High Value
16422,27,281,54,9.314814814814815,4336.18,80.29962962962964,102382.46,137000.0,20.74074074074074,13,8,3,675.7577290523167,High,High,684.99774,Medium Value
16442,29,1,46,1.2608695652173914,4986.63,108.405,45688.53,46000.0,20.0,8,9,5,30.84001476919397,High,Mid,329.0547,Medium Value
16455,13,101,30,4.6,1626.83,54.227666666666664,60240.240000000005,68000.0,20.0,6,7,2,44.11158970121078,Med,Mid,21.101656,Low Value
16456,42,351,62,4.258064516129032,8437.39,136.08693548387095,177475.92,264000.0,24.838709677419356,11,8,12,3739.47693232395,VIP,Extreme,4113.2573,High Value
16477,30,249,59,2.1864406779661016,4577.4,77.58305084745763,116059.74,148300.0,12.372881355932204,14,11,10,812.4996768630087,High,Low,976.35583,High Value
16497,10,73,27,12.296296296296296,2915.33,107.97518518518518,56095.950000000004,94500.0,15.555555555555555,7,5,8,1135.8778672473206,Med,Mid,578.2845,Medium Value
16499,13,44,22,1.9545454545454546,1821.65,82.80227272727274,30643.53,45000.0,15.454545454545455,6,3,4,32.71470078642902,Med,Mid,-79.04388,Low Value
16503,26,89,53,6.0754716981132075,4309.42,81.30981132075472,78098.15000000001,85000.0,20.37735849056604,11,10,5,500.12429826495816,High,High,431.22235,Medium Value
16510,10,1,13,1.6923076923076923,2068.0099999999998,159.0776923076923,11263.109999999999,13000.0,10.0,2,2,1,13.44156890572805,Med,Low,-62.51091,Low Value
16520,32,1,60,3.066666666666667,7195.6,119.92666666666668,100784.94,189000.0,10.0,6,6,4,24.34114223412482,VIP,Low,339.01147,Medium Value
16523,18,1,26,1.8076923076923077,1935.02,74.42384615384616,76102.16,104000.0,20.0,7,7,11,448.1618225803964,Med,Mid,595.0177,Medium Value
16525,27,275,39,1.1025641025641026,3572.8199999999997,91.61076923076922,87578.81,127500.0,28.46153846153846,10,7,12,872.012275748225,High,Extreme,1172.6599,High Value
16531,9,146,14,5.928571428571429,1246.76,89.05428571428571,16804.760000000002,31000.0,14.285714285714286,10,7,10,526.479506032557,Low,Low,476.201,Medium Value
16539,14,158,30,4.1,3412.16,113.73866666666666,60618.96,136500.0,16.0,8,6,1,120.3757940857524,High,Mid,252.54625,Low Value
16546,11,9,12,1.5,1602.3700000000001,133.53083333333333,17457.84,22200.0,10.0,4,4,1,10.001146256236348,Med,Low,-32.030304,Low Value
16550,22,1,51,3.0392156862745097,3387.79,66.42725490196078,59274.99,102000.0,30.0,7,9,3,86.6045233321911,High,Extreme,47.643494,Low Value
16553,5,56,18,14.722222222222221,5843.09,324.61611111111114,19517.78,11000.0,19.444444444444443,5,4,5,590.2427208487173,High,Mid,497.5254,Medium Value
16558,28,197,64,1.6875,3517.33,54.95828125,118456.5,146000.0,23.80952380952381,15,10,3,571.3051052503246,High,High,469.7509,Medium Value
16570,11,195,18,1.6666666666666667,1903.18,105.73222222222222,18849.49,57500.0,28.333333333333332,7,5,12,772.9946363737778,Med,Extreme,848.2259,High Value
16607,8,16,9,4.111111111111111,879.08,97.67555555555556,13484.87,24000.0,30.0,4,4,6,51.958899792802406,Low,Extreme,52.61173,Low Value
16618,24,1,35,1.6857142857142857,4979.54,142.27257142857144,35934.47,105000.0,10.0,9,10,10,338.2430601259223,High,Low,831.2865,High Value
16638,3,182,12,4.166666666666667,278.89,23.24083333333333,14747.419999999998,38500.0,30.0,4,5,9,50.87680919833015,Low,Extreme,350.86014,Medium Value
16656,6,191,11,1.7272727272727273,114.52,10.41090909090909,13682.009999999998,27000.0,12.727272727272727,5,4,4,27.188876697636264,Low,Low,155.50836,Low Value
16670,25,93,52,5.326923076923077,3475.8,66.8423076923077,104511.52,166000.0,25.96153846153846,12,9,6,328.4412013170725,High,Extreme,411.0538,Medium Value
16684,33,179,57,2.3508771929824563,5613.14,98.4761403508772,86722.94,206500.0,29.29824561403509,7,7,12,1808.8719141336696,High,Extreme,2372.5964,High Value
16686,51,1,87,1.4137931034482758,7985.74,91.79011494252873,134297.0,174000.0,10.0,9,10,7,556.9042898447585,VIP,Low,1084.7391,High Value
16700,24,213,52,1.5961538461538463,4047.48,77.83615384615385,126955.28,175000.0,17.307692307692307,8,5,11,1013.241838105865,High,Mid,1111.2227,High Value
16701,9,100,20,1.4,1365.95,68.2975,25409.66,50000.0,20.0,6,6,5,89.21321039902803,Low,Mid,64.183464,Low Value
16705,28,177,60,5.216666666666667,3082.83,51.3805,144438.84,199000.0,29.5,7,6,12,653.8622407043738,Med,Extreme,1336.4603,High Value
16710,28,79,75,4.4,4220.83,56.27773333333333,104059.68,124500.0,27.733333333333334,13,8,3,105.40825488138654,High,Extreme,261.82065,Medium Value
16713,49,100,106,5.339622641509434,7977.66,75.26094339622641,170719.38999999998,242000.0,10.192307692307692,10,12,4,872.9022645980573,VIP,Low,1044.5632,High Value
16717,8,247,18,2.888888888888889,1084.58,60.25444444444444,41452.11,57000.0,13.333333333333334,7,6,4,294.8154386455208,Low,Low,289.93497,Medium Value
16718,28,1,45,1.511111111111111,4459.0199999999995,99.08933333333333,36557.729999999996,157500.0,20.0,8,10,2,26.196874303115234,High,Mid,-10.453861,Low Value
16719,34,137,60,3.933333333333333,5588.96,93.14933333333333,132426.66999999998,142000.0,24.915254237288135,12,9,3,563.4313572664068,High,Extreme,568.7336,Medium Value
16722,22,73,42,1.1666666666666667,2260.16,53.81333333333333,80354.61,95500.0,18.048780487804876,12,9,4,61.389559767575925,Med,Mid,109.12571,Low Value
16725,67,320,133,6.398496240601504,11185.9,84.10451127819549,298801.78,423000.0,24.242424242424242,26,14,6,2694.9806604446044,VIP,High,2496.3655,High Value
16735,26,1,47,2.9574468085106385,2992.72,63.674893617021276,103691.06999999999,141000.0,20.0,7,8,8,49.891652833544555,Med,Mid,308.41818,Medium Value
16745,28,24,58,1.5517241379310345,5324.03,91.79362068965517,99423.67,208500.0,30.0,9,10,12,2280.782087086974,High,Extreme,2154.4915,High Value
16746,27,83,47,1.574468085106383,3074.2400000000002,65.40936170212767,63777.71,123000.0,30.0,7,10,9,465.99194680848495,Med,Extreme,593.98096,Medium Value
16748,9,131,19,2.9473684210526314,1695.69,89.24684210526316,36253.04,63000.0,22.105263157894736,7,6,8,40.02204103816988,Med,High,215.36195,Low Value
16770,45,301,67,1.8955223880597014,8597.52,128.32119402985074,220518.61,165500.0,20.149253731343283,13,7,11,2475.596019348505,VIP,High,2692.044,High Value
16771,57,142,105,3.5904761904761906,10926.69,104.0637142857143,249034.58000000002,369000.0,23.653846153846153,13,10,12,5734.54458352177,VIP,High,5682.992,High Value
16775,19,158,30,1.4,2843.75,94.79166666666667,48392.04,72000.0,26.0,9,7,3,404.6289903560009,Med,Extreme,384.90585,Medium Value
16779,36,258,75,6.08,5490.54,73.2072,136195.87,190500.0,23.2,10,7,5,1171.9592624060367,High,High,793.00446,High Value
16781,14,84,19,1.2105263157894737,2003.57,105.45105263157895,22633.99,25000.0,10.0,2,2,1,2.417240825473307,Med,Low,-17.222336,Low Value
16782,61,233,119,11.563025210084033,9923.52,83.3909243697479,275499.1,387500.0,19.57983193277311,19,10,4,2097.66321158998,VIP,Mid,2055.804,High Value
16795,32,1,66,4.303030303030303,4596.3,69.64090909090909,143650.31999999998,264000.0,10.0,7,10,4,58.99786262275931,High,Low,232.19278,Low Value
16814,36,305,92,3.4565217391304346,7502.61,81.55010869565217,221654.56,282000.0,20.21978021978022,18,10,7,1465.647354301156,VIP,High,1473.3652,High Value
16816,16,158,20,1.2,2828.18,141.409,46022.47,55500.0,22.5,6,5,11,962.0650553456015,Med,High,1100.5431,High Value
16817,13,79,19,4.947368421052632,1617.97,85.15631578947368,31973.780000000002,38500.0,25.555555555555557,7,7,3,35.95107934423911,Med,Extreme,-9.391726,Low Value
16839,10,287,26,2.0384615384615383,1525.44,58.67076923076923,51335.97,58500.0,21.2,13,10,8,270.0406668950607,Low,High,341.34732,Medium Value
16843,8,1,19,5.2105263157894735,1716.15,90.32368421052632,34257.02,47500.0,30.0,5,6,9,273.50517803206884,Med,Extreme,196.34804,Low Value
16858,2,34,13,1.0769230769230769,552.43,42.49461538461538,14581.78,47500.0,25.384615384615383,4,4,3,25.613931810081304,Low,Extreme,-121.97039,Low Value
16863,5,56,10,29.7,1165.85,116.585,24738.989999999998,19000.0,29.0,6,6,3,14.032952970608862,Low,Extreme,-48.600376,Low Value
16873,43,68,70,2.857142857142857,2919.35,41.705,53549.3,209000.0,19.714285714285715,8,6,5,2.435987328180472,Med,Mid,334.09412,Medium Value
16875,17,32,28,4.035714285714286,2884.51,103.0182142857143,45702.7,65000.0,12.222222222222221,7,5,7,22.042374328192825,Med,Low,434.22427,Medium Value
16891,37,1,69,5.391304347826087,7011.16,101.61101449275363,53033.63,48300.0,20.0,7,9,2,132.5134467734323,VIP,Mid,89.14189,Low Value
16893,31,1,45,2.1777777777777776,3705.44,82.34311111111111,38803.14,90000.0,30.0,5,7,3,81.37777849210285,High,Extreme,0.90348625,Low Value
16898,11,42,33,3.8484848484848486,2736.16,82.91393939393939,76207.78,84000.0,29.393939393939394,7,7,3,14.40344337681404,Med,Extreme,97.54572,Low Value
16904,44,183,76,3.0789473684210527,6240.42,82.1107894736842,127644.70999999999,174500.0,30.0,7,8,9,1196.8659922350505,VIP,Extreme,1002.48145,High Value
16918,10,1,31,3.4838709677419355,2531.16,81.65032258064515,73702.59,62000.0,20.0,5,5,11,336.7823904691076,Med,Mid,556.50745,Medium Value
16919,34,82,65,14.907692307692308,6842.06,105.26246153846155,71915.74,76500.0,23.28125,12,9,5,392.2180004714316,VIP,High,607.7584,Medium Value
16923,59,203,125,8.416,14536.81,116.29448,253665.02,373500.0,20.0,9,11,5,3005.0907967293138,VIP,Mid,2759.5063,High Value
16928,5,263,11,8.545454545454545,1456.03,132.36636363636364,24777.8,45000.0,10.0,5,6,1,387.583901433623,Low,Low,300.23193,Medium Value
16931,54,236,129,3.007751937984496,10893.07,84.4424031007752,196398.84,327000.0,19.37007874015748,24,16,10,1632.5678622195448,VIP,Mid,2297.911,High Value
16938,9,1,14,1.5,2093.58,149.54142857142855,41214.82,63000.0,30.0,3,3,12,201.3750484415606,Med,Extreme,627.40015,Medium Value
16955,12,208,16,1.25,1261.72,78.8575,14075.17,59000.0,16.875,7,4,8,93.28988944773832,Low,Mid,189.85274,Low Value
16983,10,236,23,1.826086956521739,1093.49,47.54304347826087,39282.05,76000.0,13.91304347826087,8,8,10,292.6520028861467,Low,Low,393.1063,Medium Value
16985,17,182,33,16.454545454545453,3897.39,118.10272727272726,64040.37,93000.0,25.757575757575758,6,7,6,1033.898533330323,High,Extreme,723.1844,Medium Value
16996,4,30,6,5.833333333333333,316.17,52.695,7428.42,16000.0,16.666666666666668,5,5,7,9.606985395571064,Low,Mid,22.166384,Low Value
16997,5,95,8,2.75,673.54,84.1925,21505.52,30000.0,30.0,5,5,9,177.63434261242,Low,Extreme,261.04974,Medium Value
17001,18,126,32,4.78125,1556.63,48.6446875,48684.36,86000.0,17.5,11,9,10,362.81694453668126,Med,Mid,502.5553,Medium Value
17007,8,15,13,14.23076923076923,1220.69,93.89923076923077,8713.08,20500.0,28.46153846153846,7,7,6,1.433632335933364,Low,Extreme,-15.772806,Low Value
17017,42,135,75,3.3733333333333335,6860.5,91.47333333333333,55504.409999999996,134500.0,23.066666666666666,14,9,6,197.25536241949678,VIP,High,669.4352,Medium Value
17019,46,169,90,1.8888888888888888,7769.96,86.33288888888889,127957.48000000001,232000.0,25.444444444444443,14,9,3,1201.2904753502485,VIP,Extreme,1229.0363,High Value
17025,5,1,5,2.0,1114.17,222.834,10661.01,25000.0,10.0,2,2,1,13.877585189323153,Low,Low,-40.00428,Low Value
17035,8,1,18,1.5,1640.08,91.11555555555555,48183.479999999996,63000.0,30.0,4,4,12,519.5761311491599,Med,Extreme,684.72156,Medium Value
17048,7,41,16,1.4375,1178.13,73.633125,30632.640000000003,40500.0,19.375,7,6,8,62.124725097706,Low,Mid,31.188135,Low Value
17059,69,1,117,1.3076923076923077,8664.0,74.05128205128206,215322.99000000002,351000.0,20.0,7,10,2,104.61746398869377,VIP,Mid,1041.8593,High Value
17062,34,280,71,3.7464788732394365,5638.45,79.41478873239437,131913.13,204000.0,20.142857142857142,13,7,2,1139.3253398234776,High,High,926.32367,High Value
17068,38,260,69,1.5072463768115942,6320.86,91.60666666666665,104194.57,183500.0,24.41176470588235,12,10,11,1098.7713176317186,VIP,High,1286.262,High Value
17069,14,180,30,1.7,2242.58,74.75266666666667,58885.79,73000.0,10.0,5,6,7,191.04090531642544,Med,Low,426.3368,Medium Value
17082,11,1,24,2.4166666666666665,374.63,15.609583333333333,72241.28,84000.0,10.0,4,5,10,157.32795675057858,Low,Low,323.33853,Medium Value
17085,39,60,86,6.4186046511627906,5169.92,60.115348837209304,156623.1,228000.0,16.470588235294116,16,12,5,368.2802902292351,High,Mid,571.9365,Medium Value
17091,20,218,53,2.0943396226415096,2727.92,51.47018867924528,71639.75,129000.0,28.867924528301888,10,10,9,806.3370167537997,Med,Extreme,728.3526,Medium Value
17094,8,23,15,6.466666666666667,1698.1299999999999,113.20866666666666,37031.009999999995,45500.0,10.0,9,10,10,192.780545319322,Med,Low,340.04544,Medium Value
17095,5,15,17,1.0588235294117647,648.09,38.12294117647059,32317.92,50500.0,20.0,5,6,8,7.202206977632809,Low,Mid,-15.645081,Low Value
17097,29,158,63,2.507936507936508,5761.46,91.45174603174603,123897.66,217500.0,17.3015873015873,12,8,4,978.4143960927701,High,Mid,716.3416,Medium Value
17126,28,1,63,5.2063492063492065,6308.679999999999,100.13777777777777,116011.74,189000.0,20.0,8,8,5,199.08959990715795,VIP,Mid,559.87225,Medium Value
17158,16,1,25,1.04,2036.53,81.4612,15534.56,12500.0,20.0,5,5,5,112.63351374855729,Med,Mid,-33.72274,Low Value
17180,32,1,55,3.672727272727273,5982.82,108.77854545454545,105859.6,220000.0,20.0,8,10,11,2541.918808006788,High,Mid,1726.1302,High Value
17188,27,196,37,5.1891891891891895,3283.7400000000002,88.74972972972974,59070.96,91500.0,17.56756756756757,12,7,11,749.6433654813558,High,Mid,1007.83386,High Value
17191,36,1,72,5.569444444444445,7138.1,99.14027777777778,142287.28,144000.0,30.0,7,9,3,70.30742409387105,VIP,Extreme,177.65283,Low Value
17194,13,1,28,5.035714285714286,1366.42,48.800714285714285,54783.84,28000.0,20.0,6,7,5,79.24719553691057,Low,Mid,8.266277,Low Value
17198,44,69,77,12.545454545454545,9041.380000000001,117.42051948051949,104976.66,255000.0,16.883116883116884,11,8,2,71.22792915646,VIP,Mid,791.51404,High Value
17211,25,142,75,5.133333333333334,4559.27,60.790266666666675,135731.96,231500.0,17.22222222222222,9,8,2,278.1227605518612,High,Mid,379.85754,Medium Value
17213,20,221,53,2.5283018867924527,3592.12,67.77584905660378,88949.58,152500.0,14.23076923076923,12,10,7,642.5751336776566,High,Low,610.0538,Medium Value
17214,15,191,27,1.7037037037037037,1797.67,66.58037037037037,56782.71,100500.0,30.0,7,8,6,816.1262655633016,Med,Extreme,403.53378,Medium Value
17218,59,147,119,1.9411764705882353,7237.5,60.819327731092436,212640.91999999998,297000.0,23.58974358974359,21,14,3,623.9381246278252,VIP,High,485.78076,Medium Value
17220,38,211,69,2.753623188405797,7493.31,108.59869565217392,115255.18000000001,207000.0,20.0,7,8,11,2232.978170994535,VIP,Mid,3066.4678,High Value
17223,27,274,49,18.46938775510204,7563.25,154.35204081632654,115777.29000000001,136000.0,30.0,7,8,3,713.6163819758017,VIP,Extreme,1172.4415,High Value
17228,25,313,48,1.4166666666666667,3906.47,81.38479166666666,68935.16,105000.0,22.5,7,5,1,727.7377391509883,High,High,625.36957,Medium Value
17230,39,190,60,1.6833333333333333,6145.36,102.42266666666666,143604.87,195000.0,22.833333333333332,9,6,6,1511.3645029788536,VIP,High,1090.6965,High Value
17231,36,133,85,5.423529411764706,6446.55,75.84176470588235,203170.69999999998,228000.0,23.647058823529413,13,10,5,1336.2903898331099,VIP,High,867.23926,High Value
17236,15,171,33,7.696969696969697,2370.66,71.83818181818181,38291.28,111000.0,12.727272727272727,9,7,10,569.3408325974304,Med,Low,502.9124,Medium Value
17238,51,239,86,3.255813953488372,9242.55,107.47151162790696,162459.15,258000.0,16.976744186046513,14,9,2,1824.6548292237871,VIP,Mid,1523.2634,High Value
17239,14,137,16,1.625,2683.25,167.703125,44783.06,47500.0,19.375,5,5,11,1715.895432108084,Med,Mid,1386.2633,High Value
17243,36,237,64,1.671875,5805.63,90.71296875,107263.79000000001,171000.0,20.78125,13,9,5,793.5642764617305,High,High,887.18274,High Value
17259,32,1,87,1.7471264367816093,5208.55,59.8683908045977,95901.5,217500.0,30.0,7,9,3,84.07737206199373,High,Extreme,274.97787,Medium Value
17284,49,1,131,2.4580152671755724,6161.88,47.03725190839695,288327.08,196500.0,20.0,8,10,8,815.6286485570099,VIP,Mid,604.1973,Medium Value
17287,9,59,22,5.7272727272727275,1810.09,82.27681818181817,29624.379999999997,57000.0,18.181818181818183,8,7,1,29.816188095060948,Med,Mid,-97.633896,Low Value
17288,5,85,12,4.416666666666667,1286.34,107.195,24445.89,39500.0,30.0,4,5,6,175.198408972133,Low,Extreme,141.82881,Low Value
17293,15,223,25,2.0,2222.37,88.89479999999999,76646.63,79000.0,24.4,8,6,5,836.2536047194376,Med,High,428.22952,Medium Value
17306,5,114,9,1.0,154.56,17.173333333333332,19979.92,24500.0,12.222222222222221,5,5,10,57.55996339972977,Low,Low,334.88654,Medium Value
17314,15,7,26,2.730769230769231,3310.2,127.3153846153846,33190.89,88500.0,28.076923076923077,8,5,12,2241.153106084263,High,Extreme,1135.4371,High Value
17315,51,183,85,4.211764705882353,7908.99,93.04694117647058,125134.9,211000.0,26.235294117647058,12,11,6,1647.0077381226797,VIP,Extreme,1629.0457,High Value
17324,7,142,17,37.1764705882353,1600.54,94.14941176470587,24358.18,42500.0,16.470588235294116,9,7,8,377.359487747863,Med,Mid,285.57568,Medium Value
17337,139,1,260,5.569230769230769,35574.46,136.82484615384615,916252.4199999999,1040000.0,30.0,9,10,12,26741.787484730907,VIP,Extreme,26447.994,High Value
17338,56,101,122,3.459016393442623,6577.44,53.91344262295082,182249.17,305000.0,20.0,9,10,8,454.41394791808324,VIP,Mid,1050.5461,High Value
17340,61,95,137,3.664233576642336,9917.45,72.39014598540146,256223.84,343000.0,10.0,8,10,4,693.4691960983552,VIP,Low,1008.99756,High Value
17341,65,1,161,4.770186335403727,10778.87,66.94950310559007,289990.43,402500.0,10.0,10,12,4,264.5876456268651,VIP,Low,1612.4471,High Value
17346,21,145,47,3.9361702127659575,3093.93,65.82829787234043,102654.06,217000.0,15.217391304347826,8,7,1,138.0878242095686,Med,Low,258.37823,Medium Value
17358,26,1,42,1.4047619047619047,4716.12,112.28857142857143,35496.93,84000.0,10.0,8,9,7,196.697956468833,High,Low,400.4722,Medium Value
17364,16,36,52,1.3076923076923077,1789.28,34.40923076923077,99562.1,131500.0,20.576923076923077,10,9,8,231.29160109995092,Med,High,208.62718,Low Value
17368,22,92,42,1.7380952380952381,2677.87,63.75880952380952,83953.41,122000.0,11.904761904761905,12,9,7,515.2372722279159,Med,Low,485.98572,Medium Value
17372,39,181,95,2.7263157894736842,8320.27,87.58178947368421,177115.12,192500.0,20.0,10,12,5,1414.6502451354124,VIP,Mid,1534.4648,High Value
17375,25,198,43,2.5348837209302326,4137.15,96.21279069767441,93212.05,129500.0,25.11627906976744,10,8,12,1742.8077245748323,High,Extreme,1374.376,High Value
17377,28,174,45,2.9555555555555557,3927.41,87.27577777777778,111804.29,144000.0,14.444444444444445,10,7,4,194.3396576391271,High,Low,467.47955,Medium Value
17381,14,334,19,1.4736842105263157,2740.3,144.2263157894737,27661.22,61000.0,23.157894736842106,5,3,12,520.6543561171977,Med,High,728.1226,Medium Value
17389,14,137,17,8.117647058823529,2522.31,148.37117647058824,30007.13,44000.0,21.25,7,6,11,754.0032853678842,Med,High,673.7426,Medium Value
17392,34,189,62,1.5806451612903225,7374.16,118.93806451612903,150845.35,223500.0,30.0,7,7,6,1557.307681259788,VIP,Extreme,1693.8351,High Value
17402,13,190,27,7.925925925925926,1941.49,71.90703703703704,47998.26,104500.0,21.11111111111111,8,8,2,414.2164852032133,Med,High,321.2345,Medium Value
17404,33,171,48,2.1041666666666665,4399.71,91.660625,87571.31,122500.0,25.208333333333332,11,8,6,1252.6582563062998,High,Extreme,658.19244,Medium Value
17406,47,153,116,4.939655172413793,6636.1,57.20775862068966,156343.61,376500.0,21.637931034482758,15,12,8,803.4449998773259,VIP,High,843.6992,High Value
17412,14,145,21,3.761904761904762,1956.6100000000001,93.17190476190477,36771.43,53500.0,22.38095238095238,10,7,6,224.0849127827435,Med,High,280.9562,Medium Value
17419,18,180,37,1.4594594594594594,2082.58,56.28594594594595,64652.08,83000.0,30.0,6,7,3,346.81041962416015,Med,Extreme,341.725,Medium Value
17428,20,166,50,1.78,2181.82,43.6364,109469.17,145500.0,19.6,10,9,5,246.2475255880142,Med,Mid,321.50363,Medium Value
17449,38,1,73,12.136986301369863,6762.36,92.63506849315068,196115.94,255500.0,30.0,7,8,6,121.96295599260391,VIP,Extreme,526.5638,Medium Value
17450,23,151,74,3.608108108108108,2537.56,34.29135135135135,161305.74,254500.0,20.405405405405407,10,9,8,445.81045373020487,Med,High,567.03534,Medium Value
17457,5,155,8,1.25,802.0,100.25,21140.0,26000.0,20.0,4,2,7,317.1710404021313,Low,Mid,271.62878,Medium Value
17460,6,284,8,1.5,472.97,59.12125,16922.199999999997,25000.0,10.0,4,4,10,48.429539327070735,Low,Low,360.3991,Medium Value
17491,7,178,13,1.6153846153846154,262.71,20.20846153846154,32202.41,34000.0,30.0,4,5,9,70.04623910583587,Low,Extreme,329.89597,Medium Value
17507,33,1,45,1.2666666666666666,5717.79,127.062,128457.27,202500.0,30.0,7,7,12,3443.122266692994,High,Extreme,3025.4575,High Value
17511,106,341,213,3.976525821596244,17777.3,83.46150234741783,438273.64,666500.0,23.802816901408452,19,12,12,3029.003631775924,VIP,High,3626.079,High Value
17517,8,1,11,1.0909090909090908,1011.91,91.99181818181818,26207.33,49500.0,30.0,4,4,12,1011.3575061707168,Low,Extreme,579.9762,Medium Value
17519,9,66,19,5.578947368421052,1544.75,81.30263157894737,34060.74,37000.0,29.473684210526315,5,5,3,7.985502456054327,Med,Extreme,-48.732758,Low Value
17526,6,40,7,2.7142857142857144,511.04,73.00571428571429,16753.21,17000.0,12.857142857142858,6,6,4,3.979929414920904,Low,Low,-133.07126,Low Value
17530,29,1,65,3.830769230769231,5284.6900000000005,81.30292307692308,138360.24,260000.0,10.0,7,9,4,135.01763405000597,High,Low,337.45258,Medium Value
17569,14,1,29,1.3793103448275863,1757.41,60.60034482758621,43931.939999999995,72500.0,20.0,6,7,8,142.04035500905007,Med,Mid,22.453596,Low Value
17576,25,152,44,7.090909090909091,6054.25,137.5965909090909,79535.18,113000.0,22.272727272727273,12,7,9,960.6586671850243,VIP,High,1203.5793,High Value
17580,26,163,44,2.0681818181818183,4630.33,105.23477272727273,71184.78,133500.0,20.681818181818183,8,7,11,2852.095422790902,High,High,1420.1625,High Value
17581,39,218,65,1.6153846153846154,5076.68,78.10276923076924,81811.38,118500.0,14.0,10,9,1,410.5696415652668,High,Low,474.86295,Medium Value
17591,42,224,99,1.3434343434343434,5723.61,57.81424242424242,107492.17,225000.0,26.224489795918366,14,10,3,1340.962187820507,High,Extreme,927.0096,High Value
17604,19,1,27,1.2962962962962963,3905.8599999999997,144.66148148148147,56454.14,81000.0,30.0,4,4,12,1501.971931913039,High,Extreme,1271.5045,High Value
17611,104,145,193,2.373056994818653,16896.51,87.54668393782383,300069.02999999997,608500.0,17.015706806282722,22,14,10,3548.879552609689,VIP,Mid,3431.9556,High Value
17621,12,144,15,1.6666666666666667,2412.56,160.83733333333333,60338.270000000004,41000.0,17.333333333333332,6,5,11,1125.3026022736153,Med,Mid,967.1665,High Value
17629,9,75,12,1.3333333333333333,1211.55,100.96249999999999,16887.11,9000.0,29.166666666666668,3,2,6,4.925821581304166,Low,Extreme,144.26581,Low Value
17655,5,71,11,1.4545454545454546,233.2,21.2,21329.69,34000.0,13.636363636363637,2,1,4,3.456745655702046,Low,Low,-41.47228,Low Value
17659,6,143,17,14.058823529411764,1501.54,88.32588235294118,17403.46,25900.0,15.882352941176471,6,5,1,12.289671450892381,Low,Mid,48.63523,Low Value
17673,38,1,44,1.6136363636363635,7793.31,177.12068181818182,95404.90000000001,154000.0,10.0,7,7,10,2237.291695371033,VIP,Low,1922.9017,High Value
17675,26,257,61,4.377049180327869,5087.36,83.39934426229507,135620.15,161000.0,21.666666666666668,11,9,7,1214.8045752778762,High,High,870.37915,High Value
17677,28,233,44,3.0,3120.59,70.9225,38068.49,156000.0,22.045454545454547,10,7,3,529.0831975279126,High,High,524.24347,Medium Value
17685,22,336,41,3.4878048780487805,3337.8199999999997,81.41024390243902,93731.87,109000.0,23.902439024390244,14,10,9,897.9366664611855,High,High,831.56696,High Value
17690,38,240,76,7.421052631578948,6768.68,89.06157894736843,138414.68,258000.0,23.333333333333332,11,8,9,1067.2402862570589,VIP,High,1164.9368,High Value
17691,6,108,19,2.1052631578947367,488.93,25.73315789473684,25120.04,57500.0,30.0,6,6,6,20.512095496973547,Low,Extreme,100.287506,Low Value
17696,4,100,8,1.125,969.96,121.245,22390.89,26000.0,11.428571428571429,6,6,4,26.956864246442084,Low,Low,-28.275799,Low Value
17722,49,216,80,1.825,5675.56,70.9445,189169.88999999998,183500.0,18.125,17,10,4,895.686884823815,High,Mid,657.4957,Medium Value
17730,6,41,18,15.88888888888889,1172.23,65.12388888888889,20148.929999999997,54500.0,28.88888888888889,7,7,9,10.415013708604686,Low,Extreme,159.65326,Low Value
17735,28,224,57,2.8596491228070176,6762.68,118.64350877192983,61247.07,114000.0,17.719298245614034,13,9,10,2056.3435299759312,VIP,Mid,1234.1588,High Value
17739,2,77,12,14.75,673.3800000000001,56.11500000000001,16901.1,27000.0,20.0,3,3,8,24.334835085734564,Low,Mid,97.464905,Low Value
17744,17,104,51,1.8235294117647058,2315.08,45.393725490196076,85666.74,162500.0,27.058823529411764,8,8,6,148.39573854679264,Med,Extreme,231.4942,Low Value
17757,56,288,123,4.373983739837398,7777.24,63.22959349593496,157777.82,285100.0,19.669421487603305,18,11,5,1033.358053326084,VIP,Mid,1438.5013,High Value
17787,41,235,79,1.4303797468354431,7011.13,88.74848101265823,153831.5,211700.0,26.075949367088608,12,9,9,1435.0277920061749,VIP,Extreme,1165.093,High Value
17790,15,62,24,1.9166666666666667,1910.54,79.60583333333334,46259.74,71500.0,17.391304347826086,11,8,4,116.92469911253613,Med,Mid,32.94684,Low Value
17796,46,280,78,1.3846153846153846,9722.67,124.64961538461539,209990.05,222000.0,20.0,7,7,8,2069.9641677221443,VIP,Mid,2207.3298,High Value
17799,60,151,119,3.8487394957983194,9188.15,77.21134453781512,214229.66,347000.0,12.711864406779661,11,8,10,1652.9823382739621,VIP,Low,1750.8788,High Value
17809,3,33,15,11.866666666666667,797.12,53.141333333333336,34518.08,14300.0,19.333333333333332,6,6,2,21.89310858629852,Low,Mid,-127.49429,Low Value
17811,76,119,121,3.5371900826446283,13236.99,109.39661157024793,199403.17,424000.0,24.545454545454547,20,11,8,3791.551072881776,VIP,High,3225.2805,High Value
17812,11,1,33,1.2727272727272727,1202.22,36.43090909090909,42975.21,66000.0,30.0,6,9,3,13.354189206777155,Low,Extreme,-155.94733,Low Value
17819,4,91,14,1.1428571428571428,751.11,53.65071428571429,21724.14,42000.0,20.0,2,2,2,2.843334641339962,Low,Mid,-85.8027,Low Value
17827,51,3,112,3.5982142857142856,7230.68,64.55964285714286,93890.61,392000.0,10.0,10,13,4,74.83453765138523,VIP,Low,67.21215,Low Value
17838,16,83,43,2.2325581395348837,3186.93,74.1146511627907,38986.06,79000.0,10.0,5,6,1,23.053223533677517,High,Low,-14.23547,Low Value
17841,263,337,572,4.590909090909091,46205.77,80.77931818181817,1143026.64,1528000.0,19.594356261022927,30,16,7,8015.007462933576,VIP,Mid,8252.497,High Value
17848,5,176,13,2.3846153846153846,166.87,12.836153846153847,32404.100000000002,44500.0,26.153846153846153,6,4,6,73.37236453996037,Low,Extreme,135.47269,Low Value
17850,177,25,297,3.814814814814815,34551.4,116.33468013468014,390789.28,793000.0,10.0,11,15,1,0.8198853061497858,VIP,Low,7558.687,High Value
17857,4,69,5,1.4,542.98,108.596,7544.59,15500.0,14.0,4,3,4,31.893262398630153,Low,Low,-5.110532,Low Value
17858,28,230,35,25.514285714285716,4540.94,129.74114285714285,68332.83,122500.0,20.0,11,6,2,669.6830289545733,High,Mid,732.6266,Medium Value
17863,23,291,48,1.1041666666666667,3988.27,83.08895833333334,97067.82,181500.0,25.74468085106383,11,9,12,1942.2867486615835,High,Extreme,1532.9314,High Value
17865,23,58,42,5.071428571428571,4813.5,114.60714285714286,50178.72,117000.0,21.428571428571427,9,6,5,76.305090384998,High,High,489.21136,Medium Value
17884,54,306,93,2.5913978494623655,8848.42,95.14430107526881,178758.05,193100.0,26.989247311827956,14,11,3,1517.5200950787596,VIP,Extreme,1730.3759,High Value
17888,7,126,18,3.7222222222222223,829.28,46.07111111111111,20725.469999999998,34500.0,13.333333333333334,7,7,10,348.6379915738842,Low,Low,357.00214,Medium Value
17890,40,137,94,4.585106382978723,7289.2699999999995,77.54542553191489,180920.13999999998,250000.0,16.73913043478261,13,11,5,1872.6345441664746,VIP,Mid,890.80255,High Value
17894,56,237,115,2.4695652173913043,10151.41,88.2731304347826,243424.57,251500.0,18.695652173913043,18,11,5,2500.1200291290484,VIP,Mid,2088.9417,High Value
17897,33,79,73,2.8493150684931505,5442.5,74.55479452054794,197362.5,236000.0,19.859154929577464,10,9,3,75.71469420393392,High,Mid,482.0892,Medium Value
17905,10,186,28,1.5,1565.69,55.917500000000004,85941.79,127500.0,10.0,5,6,1,24.210294479035113,Med,Low,215.11227,Low Value
17912,19,232,40,3.825,1667.52,41.688,67184.82,94500.0,22.564102564102566,12,9,6,419.1661435977282,Med,High,361.80862,Medium Value
17917,17,1,29,1.6206896551724137,2731.53,94.19068965517242,64328.01,87000.0,20.0,5,6,5,111.37146355401924,Med,Mid,205.98256,Low Value
17920,64,321,105,8.942857142857143,11344.22,108.04019047619047,298619.03,417500.0,13.653846153846153,15,12,1,1868.4007760705945,VIP,Low,1985.6704,High Value
17924,4,185,5,1.0,206.67000000000002,41.334,7365.93,12400.0,10.0,4,4,1,5.992812795075012,Low,Low,55.28687,Low Value
17937,11,8,18,1.5,964.79,53.599444444444444,39136.17,51500.0,20.0,3,4,5,14.51216545865241,Low,Mid,-37.486298,Low Value
17949,2,172,2,1.5,54.370000000000005,27.185000000000002,3844.17,3200.0,15.0,2,1,2,9.589399859456243,Low,Low,22.35782,Low Value
17951,8,182,10,6.0,852.55,85.255,23488.05,36500.0,18.0,4,5,1,33.33863752658544,Low,Mid,109.68396,Low Value
17954,39,209,84,2.0833333333333335,6661.22,79.3002380952381,164143.81,216500.0,28.214285714285715,14,11,9,1013.9843380593096,VIP,Extreme,1100.3105,High Value
17961,29,316,81,4.91358024691358,9796.22,120.94098765432098,103711.04000000001,153800.0,11.012658227848101,10,9,7,1522.2067077576137,VIP,Low,1728.6501,High Value
17965,45,262,92,2.4347826086956523,4679.24,50.861304347826085,152788.72,266000.0,19.0,18,12,8,1219.7778789137674,High,Mid,811.9663,High Value
17975,35,258,89,15.696629213483146,12532.34,140.81280898876403,196854.35,220000.0,21.046511627906977,21,15,12,3967.88115776474,VIP,High,6601.514,High Value
17988,11,1,13,4.076923076923077,1888.99,145.30692307692308,27952.91,39000.0,30.0,5,6,9,178.84317587133253,Med,Extreme,281.21896,Medium Value
17990,8,58,12,2.9166666666666665,1022.53,85.21083333333333,9393.939999999999,30000.0,15.833333333333334,7,6,5,97.17633437920537,Low,Mid,28.624859,Low Value
18004,18,1,40,9.65,2997.23,74.93075,77001.96,120000.0,20.0,5,5,5,140.11491749562745,Med,Mid,206.31427,Low Value
18016,23,203,40,2.775,2903.0,72.575,24099.83,109500.0,20.0,7,10,11,1092.0529247685372,Med,Mid,835.29626,High Value
18037,7,145,8,5.375,461.41,57.67625,17504.56,24000.0,17.5,5,3,5,6.413516893941507,Low,Mid,133.43394,Low Value
18041,95,328,163,4.392638036809816,14193.67,87.0777300613497,372081.91,477500.0,12.98136645962733,15,13,1,1263.6954413037718,VIP,Low,1557.7681,High Value
18055,50,297,96,2.5208333333333335,8623.28,89.82583333333334,189391.73,267000.0,28.020833333333332,14,11,6,1737.4251262176979,VIP,Extreme,1654.9025,High Value
18061,6,180,11,1.1818181818181819,1207.47,109.77,16773.56,30000.0,10.0,3,3,4,354.5371279814328,Low,Low,181.62915,Low Value
18065,17,53,22,1.2727272727272727,1680.45,76.38409090909092,54139.72,77000.0,10.909090909090908,5,5,4,16.948880715835664,Med,Low,4.545507,Low Value
18075,19,177,36,3.388888888888889,2867.8,79.66111111111111,49532.61,81500.0,15.833333333333334,11,7,10,795.6358000244645,Med,Mid,868.2151,High Value
18077,32,206,63,8.587301587301587,5204.4800000000005,82.61079365079365,81716.74,131000.0,21.428571428571427,14,11,10,1146.941446936347,High,High,1071.196,High Value
18085,15,236,29,3.2413793103448274,2201.19,75.90310344827586,57631.100000000006,100500.0,16.896551724137932,8,7,8,532.7943922855306,Med,Mid,470.03058,Medium Value
18092,12,140,21,1.6666666666666667,1537.65,73.22142857142858,32336.88,55500.0,10.952380952380953,6,5,4,131.84447833708484,Low,Low,70.716446,Low Value
18095,12,103,21,4.428571428571429,1208.56,57.55047619047619,49930.89,71000.0,20.0,6,6,8,272.9807107001768,Low,Mid,226.68777,Low Value
18097,11,6,16,1.4375,1426.12,89.1325,19151.28,35500.0,10.0,5,5,7,61.58438726556116,Low,Low,36.576675,Low Value
18102,14,22,18,2.2222222222222223,2169.78,120.54333333333335,33865.52,38000.0,28.88888888888889,5,5,3,4.662991038979103,Med,Extreme,-112.25589,Low Value
18109,33,217,72,1.5833333333333333,3366.29,46.75402777777778,126831.7,186500.0,19.444444444444443,18,9,7,389.9632956096295,High,Mid,580.98566,Medium Value
18116,77,80,155,2.412903225806452,10616.44,68.49316129032259,273508.15,416000.0,13.660130718954248,18,14,7,433.2214324815202,VIP,Low,1576.4006,High Value
18118,120,213,250,4.92,18954.3,75.8172,585627.72,766500.0,22.701612903225808,24,15,2,2616.7693644813185,VIP,High,2616.9446,High Value
18119,12,1,30,5.033333333333333,1692.28,56.40933333333333,61921.299999999996,60000.0,30.0,5,6,3,33.790183307205815,Med,Extreme,-102.5153,Low Value
18125,45,1,83,1.9879518072289157,10860.11,130.84469879518073,253721.7,332000.0,20.0,9,11,11,3833.12715054022,VIP,Mid,3991.2444,High Value
18144,5,284,10,1.7,558.48,55.848,11953.09,24500.0,14.0,5,5,5,11.024468090932304,Low,Low,236.77563,Low Value
18168,29,126,44,2.7954545454545454,3775.6,85.80909090909091,70093.29,64200.0,15.909090909090908,11,8,1,68.733576228531,High,Mid,167.00005,Low Value
18176,13,22,33,7.03030303030303,2609.43,79.07363636363635,33357.9,112500.0,28.181818181818183,7,7,6,2.309004133876148,Med,Extreme,-18.85398,Low Value
18178,15,235,35,1.2285714285714286,2904.37,82.982,86080.17,141500.0,20.857142857142858,7,5,12,1236.0279590441748,Med,High,1173.1973,High Value
18179,13,39,35,1.8,1817.14,51.918285714285716,67396.76,78000.0,24.857142857142858,11,8,8,402.8037460290739,Med,Extreme,154.0225,Low Value
18190,6,23,10,1.5,413.74,41.374,12150.8,25000.0,21.0,7,7,8,4.135686167943875,Low,High,1.5302527,Low Value
18198,15,129,27,2.0,2124.03,78.66777777777779,63994.06,60500.0,22.962962962962962,8,6,8,550.4199864883777,Med,High,395.75098,Medium Value
18219,12,83,24,4.041666666666667,1050.59,43.77458333333333,38623.85,63000.0,25.416666666666668,6,5,3,71.98411269612764,Low,Extreme,-61.0161,Low Value
18223,32,107,60,2.4833333333333334,4403.6,73.39333333333335,89778.65000000001,174000.0,27.666666666666668,11,7,9,681.4715502441378,High,Extreme,850.5289,High Value
18225,2,78,3,12.666666666666666,90.75,30.25,4889.9800000000005,8700.0,10.0,3,3,4,6.030977325349752,Low,Low,-45.766033,Low Value
18226,11,28,22,2.5,969.42,44.06454545454545,36072.55,55000.0,10.454545454545455,6,5,7,2.550712059474927,Low,Low,-19.373936,Low Value
18229,13,227,17,2.3529411764705883,2482.02,146.00117647058823,31695.94,48000.0,17.647058823529413,6,3,1,255.36904364347401,Med,Mid,265.10904,Medium Value
18230,2,55,2,1.0,134.99,67.495,3798.1,7000.0,20.0,2,2,4,2.164435388662863,Low,Mid,-64.4399,Low Value
18239,27,301,52,2.6923076923076925,5893.31,113.33288461538463,84752.29,89300.0,10.384615384615385,10,10,1,877.8970403703497,High,Low,426.6061,Medium Value
18245,30,147,55,1.5636363636363637,7692.95,139.87181818181818,96789.63,138000.0,15.185185185185185,9,7,11,2862.356646645881,VIP,Low,2941.9646,High Value
18260,19,105,40,3.525,2363.05,59.07625,95583.17,125500.0,22.05128205128205,14,11,8,320.92571267922057,Med,High,395.37314,Medium Value
18269,2,76,8,1.25,101.56,12.695,17418.35,21000.0,12.5,3,2,4,2.4035038431475213,Low,Low,-46.52607,Low Value
18283,53,73,102,1.5196078431372548,6362.77,62.38009803921569,243910.11000000002,300000.0,10.0,11,13,7,1950.2214087055995,VIP,Low,1273.0825,High Value
