Customer ID,frequency,recency,T,monetary_value,CLV_BGNBD,Units Sold,Children,Income_Avg,Revenue,CLV_XGBoost,CLV_LightGBM,CLV_CatBoost
3,0.0,0.0,274.0,0.0,,6,1,60000.0,29.3,1.1690068,0.915011548208206,0.649049831305927
8,3.0,132.0,222.0,12.116666666666665,9.963974563849533,14,2,60000.0,64.72,10.32536,11.32236607722859,11.049827932928943
9,1.0,40.0,91.0,9.44,5.490733522857728,9,5,20000.0,51.66,5.490485,5.616777070847852,5.1600194232716525
20,2.0,602.0,733.0,23.314999999999998,5.731412351701714,13,2,20000.0,59.269999999999996,5.751658,5.679041615423978,5.864101345499855
24,1.0,92.0,140.0,3.72,2.6081898866752566,6,0,40000.0,8.700000000000001,2.6120775,2.698559235618252,2.5268222259208115
26,2.0,141.0,451.0,13.505,3.678736232868041,9,0,20000.0,34.88,3.7002916,3.8643844377056005,3.64142987567752
28,2.0,612.0,715.0,19.115,4.915710571615904,11,1,20000.0,49.269999999999996,4.9020834,4.965187701284015,4.913199415477025
30,2.0,462.0,662.0,11.765,3.2281776424141624,10,4,60000.0,50.370000000000005,3.190979,3.360892543098434,2.954880533968228
32,0.0,0.0,249.0,0.0,,3,2,20000.0,4.27,0.8065171,0.9866393085334116,0.6147515694530608
36,3.0,135.0,526.0,6.633333333333333,1.653571375578974,17,1,20000.0,35.2,1.632119,1.6347725386120768,1.9005971292316763
39,0.0,0.0,352.0,0.0,,4,4,100000.0,14.28,0.5148248,0.36041678778039105,0.5578018724280751
41,1.0,391.0,460.0,2.48,1.0514643485667499,6,1,120000.0,10.74,1.0562211,1.0963832339260982,1.1187638301696188
42,2.0,167.0,222.0,8.415,5.524477969267676,11,3,80000.0,24.16,5.527879,5.23014748444884,5.322914773459048
43,1.0,401.0,683.0,15.93,2.203473537477568,7,2,60000.0,30.63,2.2519288,2.240418773590087,2.229496502549644
44,4.0,160.0,609.0,19.185,3.136030768860632,22,1,40000.0,82.4,3.126466,3.571675055037411,3.193378197237793
45,1.0,11.0,248.0,4.42,1.3235167416122267,12,5,60000.0,17.09,1.3354039,1.3563464055326517,1.3343684622923035
47,0.0,0.0,151.0,0.0,,4,0,60000.0,5.9,1.7913108,1.724806476797913,1.7245208654118054
48,6.0,170.0,240.0,7.786666666666666,11.565822466053358,27,0,60000.0,60.0,11.573922,12.099141989576733,11.530970449517561
49,2.0,186.0,620.0,12.21,2.3536262146680436,16,4,40000.0,33.71,2.840762,2.338565098810729,2.6692168845819046
52,3.0,195.0,344.0,17.136666666666667,9.919461660511542,17,3,80000.0,59.080000000000005,9.882973,9.69431247756826,9.843003993343194
55,1.0,416.0,543.0,8.45,1.791737489843454,8,3,20000.0,18.22,1.7790847,1.7690911430969603,1.8329000817974626
57,1.0,32.0,308.0,9.66,1.8846914976556457,12,3,20000.0,22.67,1.9833859,2.088621805154089,1.8002855263151911
59,3.0,216.0,311.0,11.973333333333334,8.101639817544658,22,5,40000.0,54.62,8.122273,8.287984667122586,8.301515966137229
60,2.0,34.0,252.0,27.29,9.795612749008495,15,3,40000.0,81.26,9.784355,10.286263545448444,10.061167535126634
62,0.0,0.0,142.0,0.0,,5,1,40000.0,9.46,1.8167433,1.7720685944146164,1.7403938556172385
64,2.0,454.0,678.0,18.68,4.722763031605937,12,4,20000.0,42.08,4.703274,4.484135522812965,4.599424966937882
71,4.0,238.0,326.0,10.22,8.66882305500321,24,5,20000.0,52.39,8.6408615,8.591063753646637,8.697650018997507
75,1.0,21.0,153.0,11.75,4.312959494857283,8,3,40000.0,24.71,4.4429107,4.541972507859224,4.390622283459146
76,6.0,478.0,721.0,15.493333333333334,8.99337929857183,29,1,80000.0,110.66,9.012261,9.11188405545182,9.4259245177441
77,0.0,0.0,657.0,0.0,,5,2,60000.0,11.59,0.027966829,0.16327264649280288,0.1743497147517976
79,1.0,1.0,351.0,6.17,0.9545729666214889,9,2,80000.0,14.68,0.96392846,0.7925958404436594,0.966160709840902
80,0.0,0.0,671.0,0.0,,5,1,80000.0,23.52,-0.04332184,0.17518318989534049,0.19861079733716558
81,0.0,0.0,333.0,0.0,,3,2,20000.0,4.7,0.55339664,0.6274142755229832,0.592321558820923
87,0.0,0.0,196.0,0.0,,4,4,80000.0,18.15,1.0095559,1.203639799504576,0.9599346705536798
91,1.0,214.0,680.0,10.42,1.2086062566534403,8,1,60000.0,15.86,1.2111185,1.2379465554635671,1.249742234644705
93,1.0,78.0,412.0,12.22,1.8764917681226259,12,5,140000.0,37.56,1.8673837,1.6785272732147731,1.8136581679298338
96,0.0,0.0,468.0,0.0,,5,0,60000.0,14.09,0.26815093,0.28766828955158996,0.32189652641680233
99,6.0,518.0,549.0,25.538333333333338,21.124803202721438,38,3,40000.0,165.55,21.120531,21.008096530730015,21.31853011047061
102,0.0,0.0,166.0,0.0,,5,2,40000.0,11.35,1.4253247,1.6176858899438367,1.3865290778603612
104,2.0,9.0,99.0,16.439999999999998,13.06027893216652,15,1,40000.0,42.05,13.05463,12.953341277308619,13.131818596097869
105,2.0,505.0,627.0,7.67,2.4420946443941345,10,3,,28.71,,,
109,0.0,0.0,263.0,0.0,,4,2,60000.0,9.77,0.79286027,0.760575069668512,0.5517852578214493
110,0.0,0.0,52.0,0.0,,5,3,20000.0,13.1,3.454616,3.3857901453698576,3.056712725945962
112,0.0,0.0,101.0,0.0,,5,4,40000.0,7.62,2.6030805,2.3361774094587258,2.1444705280514587
114,0.0,0.0,190.0,0.0,,2,3,,5.96,,,
115,1.0,41.0,591.0,2.7,0.34871973261261513,10,3,100000.0,8.75,0.23721108,0.3123696460207571,0.37232417541039187
117,0.0,0.0,37.0,0.0,,4,3,100000.0,13.46,4.609043,3.05652258583207,3.819618150816368
118,0.0,0.0,49.0,0.0,,3,2,60000.0,6.89,3.5313199,3.1699375073915523,3.0453836142293396
119,0.0,0.0,188.0,0.0,,5,4,20000.0,25.8,1.2449073,1.6461975646466753,1.2177706067861633
121,0.0,0.0,304.0,0.0,,5,5,40000.0,13.95,0.65243983,0.6743100516891275,0.6522136455730054
125,1.0,16.0,287.0,8.46,1.7190299410938001,7,2,80000.0,16.71,1.5146267,1.673944575847989,1.6369759760872702
126,0.0,0.0,410.0,0.0,,4,2,120000.0,19.28,0.4793031,0.3203125700647083,0.4759691485588595
127,0.0,0.0,55.0,0.0,,5,1,20000.0,10.94,3.3390265,3.2821383173359706,2.9894142465128457
128,0.0,0.0,434.0,0.0,,4,1,40000.0,8.84,0.37525347,0.2988564947637558,0.48745352585617585
131,0.0,0.0,163.0,0.0,,3,3,20000.0,8.89,1.3052807,1.7113559369275524,1.4420130193542624
133,2.0,202.0,415.0,15.334999999999999,5.344025075530965,11,1,40000.0,34.83,5.128841,5.682138410848969,5.345278211299012
135,1.0,39.0,359.0,15.39,2.2878688479526716,10,5,120000.0,29.83,2.2913363,2.177828055669376,2.493014049928539
136,0.0,0.0,571.0,0.0,,6,3,,32.97,,,
137,0.0,0.0,34.0,0.0,,3,3,140000.0,13.77,4.5497327,3.0389036428612566,3.8676183405853215
139,0.0,0.0,166.0,0.0,,5,1,40000.0,10.35,1.4378738,1.6151299082435584,1.379615286939667
140,1.0,64.0,159.0,11.59,4.705816882216299,11,2,20000.0,14.83,4.6958356,4.727157561763169,4.855191245189036
141,0.0,0.0,351.0,0.0,,6,4,20000.0,8.67,0.46591833,0.3707713439926587,0.5997462463143437
144,0.0,0.0,121.0,0.0,,2,3,20000.0,1.76,2.1337686,2.12037800522865,1.8816195062887386
148,0.0,0.0,690.0,0.0,,3,2,80000.0,3.08,0.045397967,0.17059975453309323,0.1985276180552047
154,3.0,243.0,376.0,12.033333333333331,6.95561528070931,14,0,60000.0,47.64,7.065934,6.819904072558702,7.039934828487618
155,0.0,0.0,35.0,0.0,,3,1,120000.0,6.23,4.663146,3.0498394241124784,3.8929832964954496
156,0.0,0.0,255.0,0.0,,3,1,140000.0,16.19,0.7943525,0.7520696798777841,0.6198697717454644
158,7.0,573.0,644.0,9.112857142857143,7.823229978479519,39,3,140000.0,79.99,7.8124175,7.5839799438883695,8.038016894567726
159,0.0,0.0,7.0,0.0,,6,4,40000.0,3.54,4.5636797,3.382779084337375,3.7301510123123913
160,0.0,0.0,350.0,0.0,,3,1,100000.0,8.04,0.51971674,0.4296344594541225,0.5672538839405492
161,1.0,63.0,565.0,19.97,1.6190819929705311,9,1,40000.0,22.25,1.5917182,1.6272745328002443,1.6252186123771395
162,3.0,229.0,259.0,13.973333333333334,11.002581606892663,15,3,40000.0,53.19,11.080692,10.67534921112916,11.119895359376514
164,0.0,0.0,111.0,0.0,,3,4,40000.0,16.77,2.561938,2.3139971757733058,2.153854919974357
165,1.0,6.0,54.0,13.31,8.31282895372696,7,2,140000.0,15.55,8.306393,8.989982152901353,8.695496934456358
168,0.0,0.0,627.0,0.0,,3,4,20000.0,9.28,0.13756579,0.17871613288705812,0.18098584960114117
169,2.0,333.0,620.0,9.620000000000001,2.623216720046714,10,0,60000.0,36.7,2.6421208,2.6348825674525718,2.606055974767747
170,2.0,61.0,568.0,13.969999999999999,1.5230809955519287,12,1,20000.0,38.29,1.4728491,1.4838556589308975,1.6779760570655284
175,0.0,0.0,99.0,0.0,,4,0,80000.0,3.59,2.6162155,2.202502197081284,2.192626022028871
177,2.0,77.0,177.0,11.16,7.387121011108741,11,0,20000.0,26.15,7.416057,7.3643676584782884,7.190567253841127
178,3.0,578.0,607.0,14.01,5.996061825839432,17,1,40000.0,49.41,6.1067157,6.106032721417803,6.026189494352401
179,2.0,319.0,527.0,8.305,2.7794819562061566,11,1,140000.0,25.3,2.7567968,2.8890887316302707,2.85075702682647
180,2.0,12.0,568.0,34.56,1.9829922619707583,13,4,60000.0,81.94,7.0956297,4.69905548612884,2.8688150219542816
181,2.0,337.0,513.0,18.595,5.889401099761012,13,1,40000.0,52.61,5.884769,5.987615473566963,6.051410189593772
182,2.0,458.0,619.0,14.91,4.27473034789306,11,1,120000.0,49.870000000000005,4.2439594,4.367802276815495,4.429083094477644
187,1.0,126.0,438.0,12.51,2.062898510797969,10,0,20000.0,34.88,2.0379982,2.252159451329129,1.8530755796974496
188,2.0,390.0,420.0,8.95,3.8951508576218887,17,4,40000.0,41.4,3.9263864,3.9560290587855667,4.13652031265982
190,4.0,194.0,697.0,11.16,1.661866542594555,20,1,120000.0,55.370000000000005,1.6449193,1.8322131276459845,2.2511262265279033
191,1.0,285.0,361.0,19.15,4.6736254538015185,8,4,40000.0,39.16,5.216998,4.532168907452055,5.089942241769573
192,4.0,435.0,577.0,11.6475,6.369841294643793,22,4,60000.0,58.18,6.1889744,6.374825053329892,6.277735722756261
193,0.0,0.0,202.0,0.0,,5,0,40000.0,5.29,1.0392447,1.1540120176311939,1.022446266397841
194,1.0,148.0,193.0,2.66,1.9110278682862485,8,1,40000.0,14.61,1.9087431,1.701523772169499,1.8091960327195817
195,0.0,0.0,372.0,0.0,,2,4,60000.0,6.12,0.51113784,0.35636577961737553,0.5219104584149621
197,1.0,31.0,63.0,2.74,3.0925257881891515,9,1,20000.0,5.720000000000001,3.0859454,3.469781982042403,3.199906277594998
198,0.0,0.0,446.0,0.0,,4,1,20000.0,7.9,0.32967317,0.30683253995723864,0.39169023721765495
208,6.0,618.0,630.0,19.998333333333335,14.989094765793492,30,2,140000.0,122.92,14.985829,14.913201792575563,14.804284116269352
210,0.0,0.0,210.0,0.0,,2,1,80000.0,6.53,1.0727495,1.0735115127837507,0.917706406058632
211,4.0,294.0,362.0,13.47,10.63668338414081,28,3,20000.0,59.14,10.235035,10.697266728473412,10.881122736078417
213,0.0,0.0,707.0,0.0,,3,3,40000.0,25.29,0.024508452,0.08291709625176456,0.18931041785140046
216,2.0,194.0,539.0,12.62,3.118252714240415,10,2,80000.0,31.479999999999997,3.0570545,3.0468292790683367,3.1871720245908017
218,0.0,0.0,115.0,0.0,,4,2,80000.0,26.59,2.2815511,2.821293826083746,2.0217765088468758
221,1.0,82.0,388.0,20.23,3.1163162309143213,10,2,40000.0,36.730000000000004,3.0756845,3.1379807297195526,2.935271209722083
224,0.0,0.0,32.0,0.0,,5,3,20000.0,10.64,4.5175605,3.3857901453698576,3.8532566185546933
225,0.0,0.0,126.0,0.0,,5,5,40000.0,7.98,2.2267768,2.0851494317639223,1.8300757383790005
226,1.0,546.0,643.0,8.16,1.5695587161106133,9,2,100000.0,20.17,1.5282066,1.532930834947694,1.5221537145418704
227,0.0,0.0,151.0,0.0,,6,3,40000.0,29.5,2.031291,1.6588677277109118,1.7376238702105926
228,0.0,0.0,132.0,0.0,,3,3,100000.0,14.2,1.9998037,2.05952598520016,1.7182660386496629
229,1.0,219.0,594.0,9.04,1.3338378080631736,10,1,80000.0,17.049999999999997,1.3115199,1.4030247071800224,1.458915380109536
235,0.0,0.0,453.0,0.0,,6,2,80000.0,23.68,0.44462278,0.30454528254896823,0.40446930906177325
238,2.0,95.0,114.0,8.805,8.274151541962084,13,1,20000.0,29.85,8.289774,8.796738072191014,8.184442421455525
240,3.0,692.0,730.0,11.186666666666667,4.1940614999165495,14,2,40000.0,41.980000000000004,4.189011,4.173336019977197,4.17808288536792
242,1.0,19.0,318.0,3.65,0.9157646766642717,6,1,20000.0,10.67,0.9847658,1.0110385833341486,0.9998645230168517
243,0.0,0.0,327.0,0.0,,4,1,40000.0,11.91,0.57483953,0.6243641059830145,0.6750477037293852
244,2.0,79.0,265.0,12.9,5.726977278858976,12,3,60000.0,41.629999999999995,5.7190723,5.872003246461038,5.898297525067641
248,3.0,118.0,303.0,14.676666666666668,8.262553688864637,17,1,40000.0,48.94,8.3181925,8.294654634865186,8.277197728568611
250,1.0,26.0,26.0,3.24,4.276645059846402,9,1,40000.0,23.18,4.282155,3.832605612963793,4.333672279845091
257,0.0,0.0,265.0,0.0,,4,3,40000.0,22.57,0.6357129,0.8039272978805057,0.5769315805626523
260,1.0,325.0,688.0,18.91,2.3145612239642013,10,5,60000.0,50.269999999999996,1.9723824,2.979666264381643,2.542202967256371
262,2.0,149.0,194.0,9.395,6.587397368208648,15,4,80000.0,56.89,6.612673,6.181749228595008,6.721177091377732
264,0.0,0.0,236.0,0.0,,2,0,20000.0,1.6,0.7180295,1.0191646383374289,0.9020402387244317
265,0.0,0.0,471.0,0.0,,4,4,20000.0,19.22,0.30909485,0.29840636371255536,0.30322267335274766
268,0.0,0.0,397.0,0.0,,3,0,40000.0,4.51,0.4381102,0.29773609542665763,0.49895193990253794
271,0.0,0.0,303.0,0.0,,6,2,20000.0,20.95,0.43814826,0.6743757827292663,0.6591896953384078
272,15.0,317.0,360.0,14.339333333333334,38.19167440890915,71,0,40000.0,221.92,38.189026,35.351620147532984,38.1312285405524
273,1.0,174.0,240.0,11.22,3.9433918173873352,7,1,40000.0,16.3,3.3312712,4.002118299740557,3.8362892549771606
274,3.0,358.0,428.0,10.24,5.78875533397408,17,4,40000.0,50.77,5.8333173,5.704377595711823,6.076813949470415
275,0.0,0.0,323.0,0.0,,2,2,40000.0,7.01,0.60122275,0.6273079148893282,0.6502156913710735
280,3.0,22.0,262.0,9.5,3.563657931949708,14,1,60000.0,42.54,3.5478663,4.028459195079121,4.02827536228158
281,0.0,0.0,94.0,0.0,,3,0,60000.0,22.36,2.650964,2.2966233529863422,2.303803380266656
282,0.0,0.0,563.0,0.0,,4,3,60000.0,6.72,0.17763564,0.144010433114724,0.23837639020811263
283,0.0,0.0,684.0,0.0,,4,3,60000.0,11.3,0.04269758,0.15959486594235606,0.20534297762514608
286,3.0,148.0,329.0,7.306666666666666,4.373317051285676,19,1,120000.0,26.16,4.590922,4.344787689507629,4.332002874468178
287,0.0,0.0,689.0,0.0,,4,0,60000.0,5.04,0.016354868,0.16150483166461407,0.2103924304385414
291,1.0,84.0,298.0,26.19,5.411008265819429,8,1,100000.0,45.71,5.4184656,5.570055071978566,5.5641263741491365
294,0.0,0.0,483.0,0.0,,6,0,40000.0,9.07,0.38052845,0.2586046464583272,0.26758774396326057
296,0.0,0.0,448.0,0.0,,7,5,140000.0,21.53,0.3710089,0.27968167981079084,0.35977280553158764
297,0.0,0.0,206.0,0.0,,7,5,40000.0,14.79,1.024182,1.1046750398267202,0.9880119003494361
298,2.0,205.0,338.0,10.145,4.6597657992540436,15,2,60000.0,22.73,4.707155,4.757446994511946,4.707031459166647
299,0.0,0.0,101.0,0.0,,5,0,140000.0,10.5,2.5930474,2.188165644690584,2.1580846425750977
301,0.0,0.0,248.0,0.0,,3,5,40000.0,15.9,0.9267562,0.9878860652530493,0.6979582303498928
303,0.0,0.0,228.0,0.0,,4,0,40000.0,9.74,0.9439725,1.0397382155966923,0.9228825889404781
304,0.0,0.0,708.0,0.0,,4,1,100000.0,19.05,-0.011467547,0.13644512548557566,0.1631843153024528
305,2.0,116.0,238.0,9.52,5.403719520254986,14,4,80000.0,39.24,5.3609195,5.754622905816256,5.45611730327928
309,0.0,0.0,121.0,0.0,,6,0,120000.0,17.9,2.1854038,2.0506019613432542,1.8540588836507217
310,1.0,9.0,117.0,19.8,7.723126442395293,8,1,60000.0,35.21,7.7061305,7.846908275508714,7.682897471677018
312,0.0,0.0,606.0,0.0,,5,3,40000.0,3.32,0.18445073,0.1597690279637137,0.18182925772853054
317,0.0,0.0,132.0,0.0,,4,0,,22.85,,,
319,1.0,125.0,348.0,15.46,3.2310484374365123,8,0,80000.0,26.85,3.2617795,3.2130063765802683,3.2405911595223245
321,2.0,208.0,314.0,15.8,7.398517397714148,13,2,100000.0,45.85,7.4227057,7.518723111472572,7.521095888754897
322,7.0,232.0,287.0,20.344285714285714,30.4573117896074,34,1,20000.0,157.23,28.569908,28.825110420248535,28.642342548247996
323,0.0,0.0,86.0,0.0,,6,4,40000.0,16.24,2.784377,2.5458398279020202,2.4427414467119832
328,1.0,4.0,672.0,14.76,0.604099061196681,7,3,80000.0,21.35,0.5879607,0.6872738684833318,0.5544415125110085
329,0.0,0.0,582.0,0.0,,4,2,40000.0,35.52,0.16565691,0.11078681931826306,0.31973135707415423
330,0.0,0.0,207.0,0.0,,3,0,20000.0,13.63,0.8471852,1.0532323397103198,1.0450965724389194
335,2.0,496.0,543.0,5.59,2.1902893560114642,11,5,40000.0,27.43,2.2222373,2.2260179540008207,2.276247044123875
336,0.0,0.0,136.0,0.0,,4,3,20000.0,26.91,1.890172,1.7951505770518563,1.744000169685572
337,3.0,146.0,246.0,20.51,15.174540615099584,17,1,20000.0,74.87,15.180373,15.053747770126977,15.155090870067273
338,0.0,0.0,608.0,0.0,,3,3,20000.0,1.63,0.15957679,0.15330074265018845,0.18816517875432393
339,0.0,0.0,58.0,0.0,,4,2,140000.0,22.42,3.3008528,2.9522358183810447,2.918414765794163
340,1.0,13.0,280.0,41.64,6.570696866929297,9,2,,65.28999999999999,,,
341,5.0,574.0,628.0,7.81,5.188687496529308,24,1,20000.0,63.15,5.185926,5.209311935885007,5.206591341013608
344,1.0,238.0,266.0,15.19,4.890501608408839,8,1,140000.0,34.589999999999996,4.8997946,4.9584315472899005,4.980623889133991
345,1.0,13.0,83.0,5.28,3.648679572901302,8,2,40000.0,20.4,3.7103379,3.4845800349029608,3.5306831170690707
346,3.0,379.0,538.0,11.343333333333334,5.1025932259432425,17,0,40000.0,43.31,4.7238936,4.904662324177975,4.9325188097395625
347,0.0,0.0,69.0,0.0,,4,4,20000.0,16.04,2.8685415,2.4843743843962622,2.894469275361201
349,1.0,5.0,331.0,3.27,0.7496644682170794,6,1,120000.0,9.57,0.7556959,0.8279841030325031,0.7571122122453877
352,0.0,0.0,285.0,0.0,,4,1,80000.0,21.22,0.53669894,0.6708064446194851,0.5839599542146843
354,4.0,315.0,737.0,15.620000000000001,4.376642817661301,23,2,,69.82000000000001,,,
355,5.0,274.0,402.0,14.163999999999998,11.873923127045025,26,1,20000.0,84.5,11.912904,11.879633905566257,11.682514153042465
360,1.0,366.0,407.0,11.35,2.896839327961053,10,4,40000.0,13.92,2.8795662,2.9280812225625605,2.861601779039869
361,0.0,0.0,446.0,0.0,,5,0,60000.0,4.86,0.28873187,0.28766828955158996,0.4014797673066415
363,0.0,0.0,708.0,0.0,,6,4,140000.0,30.91,0.076967254,0.07401445770520655,0.22981615893266305
364,3.0,75.0,126.0,15.840000000000002,17.703602723012732,15,4,60000.0,72.78999999999999,15.544772,16.448054651511868,17.2424133122152
365,0.0,0.0,188.0,0.0,,2,2,60000.0,7.62,1.219945,1.4373058069422893,1.2098411087026966
366,1.0,29.0,149.0,22.08,7.602865279869923,7,2,140000.0,32.25,7.6023498,7.724229203335985,7.285217644104622
369,0.0,0.0,415.0,0.0,,3,1,40000.0,11.46,0.45862937,0.3121217601846174,0.5176732015175398
370,1.0,37.0,183.0,30.43,8.706564855725066,8,2,40000.0,39.4,8.684542,8.917444815134584,8.840733355300266
372,1.0,230.0,449.0,16.54,3.0874683970881494,5,1,20000.0,26.49,3.0687068,3.2491658441247333,3.148675106774766
373,1.0,137.0,692.0,15.4,1.2842308343748832,8,2,20000.0,20.62,1.2760082,1.1292162973170665,1.0610556087723255
376,2.0,626.0,650.0,15.795,4.570784019989347,12,2,60000.0,67.65,4.5820584,4.7768411708679,4.7794848351884625
378,7.0,698.0,701.0,11.695714285714287,9.427396497449712,29,1,40000.0,92.78999999999999,9.426525,9.379615933654554,9.361741984412465
381,1.0,145.0,327.0,9.2,2.4209846755501654,8,4,20000.0,24.81,2.4388304,2.461859099069551,2.5252197664550633
382,0.0,0.0,240.0,0.0,,5,4,40000.0,9.53,0.87776625,0.9948515793012468,0.8521796674506312
389,2.0,48.0,369.0,8.2,2.065190803045034,10,0,60000.0,28.259999999999998,2.0789988,2.1543159072490647,2.3678323818995555
391,3.0,200.0,598.0,12.36,3.161753839141327,18,4,40000.0,70.74,2.7625446,2.47128556333556,3.203972718821882
392,3.0,561.0,619.0,15.666666666666666,6.494850712804347,16,0,40000.0,67.65,6.5327215,6.631483671921282,6.824896577473259
394,0.0,0.0,322.0,0.0,,1,2,40000.0,4.14,0.60573125,0.6273079148893282,0.6526633356866558
395,0.0,0.0,271.0,0.0,,4,4,80000.0,7.06,0.81112784,0.7587154377164557,0.5235210588708723
397,0.0,0.0,302.0,0.0,,3,2,40000.0,18.71,0.50969905,0.6663477781849325,0.6268453601671453
398,2.0,188.0,531.0,10.075,2.5817506524767753,12,0,20000.0,29.0,2.5855494,2.610982761644745,2.880264414554458
399,6.0,303.0,491.0,11.878333333333332,9.246361978244252,27,3,60000.0,79.55,9.232394,9.483445382398143,9.207524791878113
400,5.0,570.0,593.0,11.418000000000001,7.796739021779499,22,1,60000.0,67.79,7.7864246,7.815246572749305,7.657334377417644
402,0.0,0.0,184.0,0.0,,3,1,80000.0,15.4,1.2187581,1.4363470466154387,1.2058724277745663
405,1.0,210.0,502.0,16.27,2.577991373971991,8,3,40000.0,24.56,2.6005342,2.61844672898989,2.4528552644331763
406,0.0,0.0,562.0,0.0,,5,1,40000.0,6.19,0.19088165,0.14608585860019027,0.23683456540430115
409,0.0,0.0,152.0,0.0,,4,0,20000.0,6.9,1.5914036,1.7212782295980302,1.7190777576237029
411,0.0,0.0,76.0,0.0,,3,1,20000.0,5.57,2.7927194,2.454809215972412,2.4837450327156607
414,1.0,194.0,293.0,22.17,5.889216949158651,9,3,40000.0,26.860000000000003,5.5050387,5.313068989926021,5.8590736382226005
415,0.0,0.0,236.0,0.0,,4,4,60000.0,7.67,0.9725783,1.0348797588286744,0.8386196352224724
417,2.0,178.0,589.0,11.665,2.4025415026141186,12,1,60000.0,37.92,2.4181643,2.5936550287764994,2.5766941406933714
422,0.0,0.0,486.0,0.0,,3,2,20000.0,2.16,0.38109937,0.2679099708267088,0.2863929433681953
423,1.0,161.0,377.0,15.77,3.2356420524804905,9,5,20000.0,34.91,3.2132063,3.443200317897322,3.312556535957419
426,1.0,433.0,577.0,8.21,1.6617343326983216,10,4,80000.0,15.510000000000002,1.488902,1.6529830481212862,1.7231164760862683
430,10.0,593.0,653.0,11.931000000000001,13.916284136257786,50,3,100000.0,129.69,13.908725,13.600790578021082,14.079225206768047
432,0.0,0.0,573.0,0.0,,5,4,80000.0,6.96,0.19471751,0.18763742853085266,0.2009757581770213
436,1.0,30.0,453.0,5.9,0.7675948741350613,6,1,80000.0,24.29,0.78040993,0.8438152979724672,0.8333750971967016
438,0.0,0.0,174.0,0.0,,5,2,80000.0,9.6,1.4252363,1.449228072663841,1.2807053928101544
439,1.0,160.0,679.0,29.57,2.497457743596363,10,3,40000.0,64.37,2.4794004,2.2032255249204518,2.2468842059095264
440,0.0,0.0,114.0,0.0,,4,5,40000.0,10.38,2.1689932,2.3938515474464888,1.9766971032791432
441,1.0,67.0,334.0,3.04,0.9862481763923057,5,5,60000.0,4.01,0.9874524,1.0136249261291486,0.9718119100862941
443,2.0,46.0,227.0,4.655,2.6205698381310265,8,1,60000.0,15.45,2.5786455,2.409312675110644,2.5307428027682795
446,3.0,342.0,412.0,16.213333333333335,9.060798937317552,17,2,40000.0,66.1,9.11057,8.925730112037362,9.051230367765372
447,0.0,0.0,389.0,0.0,,4,1,20000.0,13.76,0.44835815,0.36349971209938503,0.4744086935884173
448,4.0,527.0,612.0,12.055,6.480567583732711,23,1,40000.0,60.06,6.5201955,6.489114014429679,6.582164034964139
450,0.0,0.0,139.0,0.0,,5,3,80000.0,44.2,3.3372893,2.867798147384401,2.3827701576543174
451,1.0,3.0,134.0,16.83,5.940392526256353,5,1,40000.0,21.159999999999997,5.93441,5.809274695788444,6.1026151113360845
453,0.0,0.0,320.0,0.0,,4,3,40000.0,4.82,0.64310634,0.6235927190245301,0.6542370841431753
454,1.0,623.0,658.0,3.6,0.9661759084480177,10,3,140000.0,14.98,0.9961295,0.98747069422088,0.954090701132599
457,0.0,0.0,97.0,0.0,,4,0,40000.0,9.25,2.6698108,2.312085316926145,2.261488277842828
462,0.0,0.0,222.0,0.0,,3,2,60000.0,8.54,1.0282519,1.0604994364552116,0.8563524184081404
463,4.0,619.0,669.0,10.782499999999999,5.50494526275669,17,3,20000.0,46.78,5.4819746,5.221873516769406,5.280051200539494
464,0.0,0.0,445.0,0.0,,6,3,80000.0,34.23,0.52578366,0.40763508743316,0.5329000583280576
465,2.0,236.0,386.0,7.755,3.376324157419284,14,3,40000.0,44.089999999999996,3.3560338,3.335085081228564,3.278002257137071
466,0.0,0.0,590.0,0.0,,2,4,60000.0,5.26,0.16653228,0.163008185230536,0.21250429564626483
467,3.0,412.0,555.0,18.356666666666666,7.878922138484342,17,1,20000.0,78.13,7.8975782,7.739823732288061,8.016098767289858
468,0.0,0.0,251.0,0.0,,1,2,40000.0,0.76,0.9885041,0.9853831367847795,0.6026974004158152
471,0.0,0.0,490.0,0.0,,3,3,40000.0,13.19,0.3933439,0.2505243314837759,0.22651731275505682
472,8.0,568.0,610.0,12.8575,12.94144138759524,34,0,40000.0,109.39,12.392385,12.030450544628984,12.336369407383067
473,2.0,352.0,449.0,17.105,6.32728977531673,11,3,40000.0,36.97,6.3139553,6.462558890017041,6.004346830604674
474,0.0,0.0,283.0,0.0,,3,1,20000.0,7.77,0.5546668,0.6818151427505398,0.6176011008924505
476,0.0,0.0,202.0,0.0,,4,1,80000.0,2.32,1.0904639,1.1920330977870592,0.9906351636359876
478,2.0,45.0,256.0,8.25,3.5215944721540966,9,5,60000.0,21.09,3.4966135,3.3645988212373923,3.3881758199927474
480,1.0,28.0,55.0,2.69,3.213894578787545,9,3,140000.0,34.11,3.2182436,3.8215044875041437,3.260330146313188
481,0.0,0.0,63.0,0.0,,4,2,40000.0,7.03,2.8276083,3.2622567174824777,2.8897118316924724
482,1.0,18.0,254.0,11.08,2.4590112762843774,7,4,40000.0,22.240000000000002,2.4351838,2.39485658488424,2.1439995985611615
484,3.0,402.0,715.0,14.89,4.689607738354556,19,3,100000.0,54.26,4.6483803,4.555986408912168,4.9028840460776015
486,6.0,232.0,255.0,9.450000000000001,13.995279394854261,34,2,40000.0,64.26,13.997861,13.951233109340919,13.73567205449628
487,2.0,20.0,282.0,15.190000000000001,4.390739404909448,16,4,40000.0,47.36,4.438659,4.421142765248237,4.662815505746011
489,1.0,264.0,366.0,14.3,3.555680510752058,6,2,80000.0,26.47,3.5355368,3.6156803261101844,3.6224098895053567
491,4.0,192.0,301.0,18.915,15.7909282091099,22,2,60000.0,81.78,15.749706,15.424061557899766,15.439921660999813
492,1.0,14.0,523.0,6.11,0.5517331125806095,4,1,40000.0,15.129999999999999,0.6570802,0.6539169803131171,0.6472768028836864
493,0.0,0.0,623.0,0.0,,4,5,60000.0,26.36,0.07394192,0.13457654051595028,0.19745311213341576
494,1.0,27.0,282.0,18.87,3.4856935656722747,8,1,140000.0,32.55,3.54454,3.7775290163888804,3.5251634013614055
497,0.0,0.0,183.0,0.0,,2,4,40000.0,11.86,1.2220253,1.4491060340978186,1.190184279609392
498,8.0,324.0,345.0,13.36625,20.713332630842928,37,1,60000.0,127.56,20.696712,20.888831240124848,20.884204723122885
499,0.0,0.0,513.0,0.0,,3,1,60000.0,12.05,0.23691905,0.24120296274651262,0.2263510701656859
502,3.0,354.0,621.0,13.356666666666667,4.8409766855413805,18,3,40000.0,48.47,4.8418922,4.916821984624874,4.96170015119871
504,1.0,19.0,657.0,25.12,1.127361960709465,9,4,20000.0,32.84,1.1401442,1.124551756453319,1.2080592511529993
506,1.0,91.0,170.0,2.43,1.861355111767966,7,3,80000.0,12.129999999999999,1.9792356,2.0032186016951017,1.947830077406472
510,1.0,130.0,259.0,13.31,3.9415885029742386,9,1,40000.0,32.21,3.9258132,3.7741583407573587,3.865226004807622
511,7.0,424.0,606.0,10.12857142857143,8.1747430348759,31,4,20000.0,85.09,9.311506,8.238957234416151,8.36666292129874
518,3.0,64.0,201.0,12.736666666666666,9.604010583985543,15,3,40000.0,50.85,9.592859,9.630416671766113,9.691172166776518
521,2.0,354.0,568.0,11.64,3.510812892679972,10,1,40000.0,44.69,3.4846687,3.630939214586916,3.6422798916734416
524,0.0,0.0,108.0,0.0,,4,2,20000.0,13.1,2.460769,2.2826146274782606,2.1913483232207795
526,0.0,0.0,49.0,0.0,,3,2,40000.0,12.18,3.4311378,3.3659085455163646,3.015327217688596
529,0.0,0.0,289.0,0.0,,5,4,40000.0,12.53,0.6404075,0.6692008499973005,0.5657855147459374
533,1.0,326.0,390.0,4.56,1.5960779984837516,8,1,60000.0,26.9,1.2321931,1.4838455204445693,1.5964704471481914
534,2.0,306.0,382.0,17.455,7.304307951821642,13,3,20000.0,40.23,7.305991,7.120153776937127,7.1814614279857745
537,0.0,0.0,348.0,0.0,,3,3,40000.0,6.97,0.47771418,0.4321780902639519,0.6341083468650277
538,0.0,0.0,319.0,0.0,,4,5,40000.0,12.34,0.6578673,0.6260956474927996,0.6409779761764929
540,1.0,140.0,158.0,8.28,4.178570120856991,7,4,20000.0,27.939999999999998,4.154991,3.956425704849749,4.221177590787648
541,0.0,0.0,663.0,0.0,,5,0,60000.0,11.12,0.011978468,0.15727768100131082,0.19688670353666993
542,0.0,0.0,354.0,0.0,,4,3,140000.0,10.35,0.52518326,0.3644298475281196,0.5681791902501638
543,0.0,0.0,285.0,0.0,,4,3,20000.0,10.44,0.5015554,0.6847589516568535,0.5999873530900848
545,2.0,300.0,541.0,15.785,4.601745736047221,13,3,140000.0,45.78,4.6149993,4.70138089418129,4.591528201023436
546,0.0,0.0,41.0,0.0,,3,3,20000.0,18.95,4.389239,3.4027741489235326,3.862471908678386
547,3.0,437.0,513.0,16.283333333333335,7.731986524984141,17,0,60000.0,58.5,7.769878,7.721996252558984,7.5388303693629934
551,1.0,18.0,643.0,5.93,0.3842263229425578,9,2,20000.0,15.11,0.46423623,0.45084509960335434,0.46148539447230785
552,3.0,241.0,343.0,16.053333333333335,9.922379112543181,19,4,80000.0,52.300000000000004,9.943473,9.602207038802863,9.601569604994795
553,0.0,0.0,609.0,0.0,,3,0,20000.0,20.33,-0.16837072,0.1455242126732177,0.20753306373305414
554,2.0,121.0,303.0,21.689999999999998,8.903998849157091,17,2,60000.0,60.42,8.887828,8.959304832601484,9.01461678264091
563,0.0,0.0,520.0,0.0,,3,4,60000.0,11.71,0.29629683,0.25823114013877146,0.20358227290824438
564,6.0,263.0,322.0,9.246666666666666,11.524475687596405,26,3,,78.5,,,
565,0.0,0.0,410.0,0.0,,5,4,60000.0,26.69,0.46215686,0.2841551276073437,0.48260054714646294
566,2.0,519.0,727.0,8.11,2.1911209286777478,9,5,20000.0,19.75,2.197624,2.228239662448159,2.1153796545008845
567,1.0,20.0,172.0,26.54,7.644536318429948,9,1,60000.0,45.44,7.6387553,7.742896817145424,7.460454058611082
568,4.0,157.0,291.0,11.1225,9.269549275558921,20,1,40000.0,46.37,9.240676,8.53254026501241,9.068247275400486
569,3.0,322.0,450.0,15.81,8.011677677733577,19,1,140000.0,58.79,8.016132,8.073097130744165,8.029399763653746
570,0.0,0.0,637.0,0.0,,5,1,40000.0,4.19,0.103542574,0.17352075079156234,0.18596420954163317
571,4.0,398.0,462.0,12.8775,8.602236214901598,21,1,60000.0,70.00999999999999,8.632877,8.585925224915323,8.737435735132712
572,0.0,0.0,237.0,0.0,,2,3,40000.0,8.45,0.8690414,1.0468420838258967,0.8692764488113482
573,2.0,512.0,555.0,20.384999999999998,6.4982524903594445,14,2,20000.0,53.66,6.484619,6.578653529193013,6.503346628675402
574,0.0,0.0,252.0,0.0,,3,2,40000.0,5.44,0.74132043,0.9853831367847795,0.6251761596142158
581,0.0,0.0,21.0,0.0,,6,0,40000.0,8.19,4.549901,3.3659085455163646,3.8408885973438855
587,2.0,245.0,403.0,6.914999999999999,2.9730699059575163,16,2,40000.0,22.18,2.993486,2.884226430750027,2.910162401038986
588,2.0,129.0,370.0,9.17,3.3377066176925334,15,4,40000.0,35.81,3.3258374,3.2032480220872346,3.4317716980876356
591,1.0,468.0,648.0,37.54,5.225720372883356,10,3,20000.0,42.4,5.2090683,4.997244604498888,5.2357381846583975
593,0.0,0.0,430.0,0.0,,4,3,40000.0,15.54,0.39883316,0.3134109575823853,0.49530012585492056
594,0.0,0.0,625.0,0.0,,4,0,40000.0,7.38,0.05958847,0.17931940830134707,0.19809292622376695
595,0.0,0.0,546.0,0.0,,5,4,60000.0,8.77,0.2506908,0.15868048378516145,0.2534142197942284
597,7.0,162.0,225.0,18.83857142857143,32.20091426244535,39,4,40000.0,136.8,23.749598,25.633164224789514,27.100085052911663
598,0.0,0.0,355.0,0.0,,3,0,20000.0,5.18,0.39182737,0.3755788827624087,0.6438400134784761
601,0.0,0.0,410.0,0.0,,4,4,40000.0,17.78,0.42228448,0.31400175185315227,0.497681507466023
602,1.0,299.0,662.0,15.76,2.0211178923184434,7,3,60000.0,44.03,2.0016255,1.7879421153894353,1.7391569738881802
603,1.0,302.0,390.0,10.6,2.7372526838073687,10,1,40000.0,15.62,2.795285,2.8573125248847298,2.6659965564487065
604,1.0,582.0,685.0,6.94,1.3343979123375869,6,2,60000.0,11.32,1.3422567,1.308554062529108,1.2950154161208234
606,0.0,0.0,44.0,0.0,,7,4,80000.0,12.68,3.5216413,2.839681526952319,2.944800728737563
612,1.0,22.0,520.0,8.42,0.734006610487042,6,3,120000.0,18.560000000000002,0.72660786,0.7408060077913232,0.7998776535968224
614,2.0,236.0,529.0,13.495000000000001,3.737690919241312,11,2,80000.0,32.31,3.7048774,3.6136634442814555,3.670072218746114
615,0.0,0.0,349.0,0.0,,4,4,60000.0,25.92,0.5072103,0.37002063735214624,0.6098372144076123
617,2.0,537.0,636.0,17.115000000000002,4.881468654129083,9,3,20000.0,38.6,4.860076,4.834215217390789,4.703396908192635
618,0.0,0.0,255.0,0.0,,4,0,40000.0,7.87,0.7743345,0.7268853232652047,0.6597830470548862
619,3.0,501.0,624.0,14.840000000000002,5.9892227740575485,19,2,80000.0,55.39,6.0426474,6.0157055454342725,6.057871726518109
621,2.0,24.0,404.0,8.6,1.4573316051741847,14,2,40000.0,21.12,1.6922474,1.6242533475457055,1.45729349803067
622,2.0,188.0,248.0,16.740000000000002,9.378521734215731,11,2,120000.0,51.66,9.37292,9.6332667859035,9.580400817630137
624,1.0,244.0,484.0,33.84,5.372865570495466,7,3,20000.0,48.78,5.390952,5.551000237625208,5.331520465774523
625,5.0,507.0,693.0,9.3,5.275415696047402,25,1,80000.0,56.24,5.4805417,5.466524424936334,5.247362468934331
629,0.0,0.0,244.0,0.0,,4,4,20000.0,17.58,0.77463824,0.9752693233824143,0.8605892975986471
630,1.0,14.0,251.0,16.77,3.3916628749628734,8,4,80000.0,32.480000000000004,3.6168768,3.935565785105588,3.5749296993418143
632,0.0,0.0,236.0,0.0,,5,2,,16.38,,,
633,1.0,7.0,28.0,21.15,14.802990142132497,6,2,40000.0,42.91,14.279979,13.42169706619486,13.870334602306855
636,0.0,0.0,221.0,0.0,,5,1,100000.0,6.96,1.0514245,1.0591528489223254,0.8476929748592008
638,1.0,34.0,651.0,13.38,0.7589158401977727,7,3,100000.0,20.5,0.8000912,0.7825204441446916,0.6285226015393981
639,0.0,0.0,281.0,0.0,,5,2,40000.0,47.4,0.96693015,1.283794755175389,1.0429766102215412
644,2.0,249.0,281.0,15.115,8.078178730990995,13,4,100000.0,52.71,8.230941,8.365734945702036,8.571800534877315
645,4.0,255.0,426.0,9.9825,6.473332473615025,17,1,60000.0,47.64,6.8195653,6.449915116471375,6.4448137237365435
647,5.0,306.0,644.0,11.166,4.504047961961495,24,5,40000.0,65.81,4.5090003,4.587286626506953,4.697894626323353
649,0.0,0.0,326.0,0.0,,3,3,20000.0,6.14,0.4147191,0.6353359194336621,0.6726295700181897
652,2.0,401.0,660.0,16.419999999999998,4.160989134703781,10,3,40000.0,40.23,4.1866055,4.109818139607236,4.0639182174559565
654,1.0,42.0,295.0,16.59,3.181398824826714,9,3,140000.0,23.84,3.1821659,3.250134807593449,3.3273763692571405
655,0.0,0.0,115.0,0.0,,5,1,100000.0,14.76,2.2020328,2.3582602010443052,2.0070754722024873
658,0.0,0.0,346.0,0.0,,5,3,140000.0,15.56,0.48591852,0.5099845781800919,0.6223086321726079
662,0.0,0.0,115.0,0.0,,3,3,40000.0,12.42,2.1766925,2.415004644829032,2.002726807017936
663,5.0,299.0,402.0,9.058,8.036566814896743,25,3,60000.0,58.489999999999995,8.034504,8.172407666409004,7.929910163079045
664,0.0,0.0,47.0,0.0,,5,2,100000.0,13.64,3.5071201,3.05652258583207,3.001102157105584
665,1.0,17.0,579.0,21.16,1.208541453139212,11,4,60000.0,25.86,1.3293282,1.2902309210821776,1.1093157057794212
669,1.0,141.0,336.0,9.87,2.4552112388929137,5,2,40000.0,26.159999999999997,3.0726583,2.570010712244725,2.2805547016749634
670,4.0,235.0,307.0,25.325,21.572617017267532,28,4,40000.0,145.25,21.56862,22.51877508323751,22.01515755875521
673,0.0,0.0,485.0,0.0,,5,1,120000.0,7.85,0.3727022,0.2519530254769117,0.25301672996828195
676,1.0,349.0,545.0,8.78,1.7375195230475309,7,5,40000.0,22.43,1.7359084,1.8054477531750412,1.8317207295993505
680,5.0,148.0,229.0,7.169999999999999,9.288309770160673,23,3,20000.0,70.41,9.299213,10.061588845121952,9.619924638692012
681,0.0,0.0,253.0,0.0,,4,4,80000.0,4.86,0.80941,0.748273699271951,0.600537574673095
682,1.0,143.0,517.0,2.31,0.6281810605507627,6,2,80000.0,12.91,0.61533755,0.6440110308126326,0.5965160533189033
683,1.0,91.0,189.0,11.7,4.37789138554562,8,1,80000.0,27.41,4.3516607,4.264810476499691,4.38445927777531
689,0.0,0.0,201.0,0.0,,5,4,40000.0,10.04,1.0648413,1.2051799124754747,0.9852887281744849
690,1.0,9.0,552.0,14.03,0.8774989824562538,10,5,,33.17,,,
697,2.0,177.0,458.0,17.875,5.144806613880073,14,2,60000.0,49.519999999999996,5.0953703,5.126607986338934,5.320256423884445
698,0.0,0.0,316.0,0.0,,4,1,20000.0,26.59,0.50850457,0.7719448148122088,0.6512984590747601
704,3.0,60.0,325.0,15.616666666666665,5.508630675946934,16,1,20000.0,48.22,5.685144,6.444048556605826,6.2798332987976035
711,2.0,681.0,723.0,16.55,4.351323542222869,11,2,40000.0,56.68,4.3420243,4.664979127187934,4.449858594816447
717,1.0,27.0,70.0,9.83,6.248902140943829,7,4,120000.0,40.55,6.2778006,6.25727129116379,6.543728665775307
719,0.0,0.0,664.0,0.0,,3,0,60000.0,6.28,0.019014303,0.15727768100131082,0.19688670353666993
724,1.0,22.0,312.0,16.45,2.662347908995649,5,2,60000.0,32.629999999999995,2.6713622,2.8348206883369373,2.671038259351815
726,0.0,0.0,551.0,0.0,,4,4,40000.0,17.47,0.2962627,0.16431844108524382,0.2816675911186337
727,0.0,0.0,418.0,0.0,,6,3,40000.0,16.52,0.482438,0.3150655690909312,0.5154996269644077
728,3.0,198.0,245.0,8.763333333333334,7.385423788149904,19,5,20000.0,31.46,6.195741,6.664349066599733,7.176446195584154
729,0.0,0.0,393.0,0.0,,3,3,80000.0,3.19,0.46417284,0.3560889647934312,0.459039453384678
731,0.0,0.0,79.0,0.0,,4,0,80000.0,33.84,2.9359186,2.735584473730552,2.810981748879087
732,3.0,198.0,342.0,28.959999999999997,16.508466746230532,22,5,40000.0,107.58000000000001,16.504211,16.276737944991275,16.44968061069373
733,0.0,0.0,259.0,0.0,,6,0,40000.0,18.74,0.63437194,0.7318677166737839,0.6299181013516515
734,1.0,407.0,444.0,20.7,4.442496318208628,9,3,40000.0,25.419999999999998,4.4225197,4.214847791968618,4.309339813389742
736,0.0,0.0,375.0,0.0,,1,1,120000.0,11.43,0.4989811,0.3661103487535673,0.5108224558613719
739,5.0,318.0,376.0,11.154,10.581053761615683,25,4,60000.0,69.50999999999999,10.568367,10.622363889548087,10.538329959557945
740,0.0,0.0,591.0,0.0,,4,5,140000.0,1.74,0.06580507,0.16791690570020112,0.19881764736389052
741,1.0,244.0,524.0,21.89,3.3184412081168455,10,2,40000.0,32.77,3.3196785,3.3701115289855945,3.4877054621232886
742,0.0,0.0,39.0,0.0,,2,4,80000.0,4.84,4.6371746,3.0733931246530806,3.746567233764477
745,2.0,302.0,699.0,14.915000000000001,3.1095823135303657,10,5,40000.0,31.430000000000003,3.0553055,2.9416996544367304,3.238777903701959
746,1.0,511.0,678.0,8.86,1.537432596080424,6,0,80000.0,19.9,1.5352641,1.577825081421924,1.5483463256051024
747,0.0,0.0,340.0,0.0,,2,4,80000.0,11.64,0.60187405,0.6064557197526622,0.5696343442274383
749,2.0,126.0,276.0,14.254999999999999,6.785816785251765,12,2,40000.0,57.81,7.0164714,7.743130012554901,6.756724223815549
750,1.0,275.0,355.0,11.57,3.134204782271647,7,3,40000.0,28.45,3.1848357,3.295394769934285,3.0654993685299536
751,1.0,312.0,650.0,2.94,0.7059380437371574,9,3,60000.0,15.79,0.7259511,0.7158722878569987,0.5900344617200286
753,6.0,681.0,723.0,15.69,10.525637722191734,29,1,100000.0,101.42,10.53388,10.453042869500196,10.359536985596408
754,1.0,327.0,512.0,12.33,2.35432101898758,9,3,40000.0,49.0,2.3465557,2.812510402229284,2.2506450999975582
755,1.0,300.0,374.0,8.38,2.3999939258222454,7,3,40000.0,31.980000000000004,2.3901293,2.6636931215389668,2.4183716549177663
757,1.0,10.0,619.0,9.67,0.5386638726241476,9,4,20000.0,18.75,0.5430209,0.4875718467456555,0.5646347297252152
758,0.0,0.0,200.0,0.0,,5,4,80000.0,22.74,1.2351673,1.2463358453550246,0.9738866214518813
759,1.0,242.0,278.0,13.86,4.388978633517241,10,0,20000.0,27.15,4.3590055,4.214440534343828,4.284790081782386
760,7.0,678.0,724.0,12.381428571428572,9.611976527812958,35,0,,91.46,,,
766,2.0,328.0,365.0,23.315,10.049222349403207,11,4,40000.0,51.27,10.051632,10.020534291821056,9.794443715339856
767,7.0,219.0,365.0,13.501428571428573,14.668778070390331,32,2,20000.0,97.16,14.669852,14.55350272788161,14.488645716094206
769,8.0,680.0,719.0,14.66,12.878160968433983,36,4,40000.0,129.86,12.126504,12.171280533978909,12.114372854763374
770,8.0,458.0,621.0,14.615,13.16521739632365,39,3,20000.0,130.47,13.17674,12.773533724403583,13.265373209135696
771,2.0,452.0,542.0,20.634999999999998,6.570639501814496,16,3,60000.0,51.709999999999994,6.5441384,6.516174411569894,6.520006622208693
774,1.0,412.0,658.0,19.33,2.736284817442952,6,1,40000.0,22.959999999999997,2.7460878,2.653840028678292,2.741142767163759
779,2.0,445.0,459.0,6.49,2.8262174647792015,13,2,120000.0,20.09,2.9882908,2.617647951560639,2.984571365437157
780,8.0,604.0,715.0,11.385,9.857421973446005,37,5,120000.0,112.95,9.855165,9.659393404280358,10.122982618322592
781,0.0,0.0,539.0,0.0,,5,2,60000.0,7.3,0.1998068,0.1445961152992164,0.27437235068438426
782,2.0,518.0,617.0,25.794999999999998,7.296065129785525,13,5,60000.0,63.8,7.2757792,7.275137012497459,7.09939335910568
783,0.0,0.0,206.0,0.0,,2,1,40000.0,3.95,1.0731381,1.0779659762924738,1.0183903800442096
786,0.0,0.0,84.0,0.0,,4,0,40000.0,19.33,2.6879747,2.5051490199525537,2.4803444141943314
788,0.0,0.0,35.0,0.0,,4,5,100000.0,13.73,4.5746403,3.0310678473774164,3.7474342899351787
789,9.0,221.0,351.0,9.206666666666667,12.842589970088067,36,4,60000.0,86.25999999999999,12.426888,12.636884132087095,12.475397100185214
790,2.0,359.0,677.0,15.555,3.6751628588096104,12,2,40000.0,48.44,3.6045403,3.6440888405426315,3.671656859296336
792,0.0,0.0,483.0,0.0,,2,3,60000.0,3.44,0.39887407,0.25454427156842296,0.25419055511462485
796,2.0,6.0,232.0,7.375,2.806580531509262,16,4,40000.0,29.79,2.8286874,2.9398407995090357,2.7214023721499996
799,0.0,0.0,158.0,0.0,,3,2,40000.0,8.09,1.8120975,1.7250698497111443,1.6331024308600242
803,1.0,143.0,207.0,9.39,3.754708692478814,7,2,20000.0,16.15,3.74104,3.7035245201692324,3.82795484936382
804,0.0,0.0,46.0,0.0,,5,2,140000.0,4.44,3.4915593,3.0389036428612566,2.9732376159142926
806,2.0,358.0,646.0,20.49,5.0114478735936565,14,2,40000.0,52.31999999999999,5.0227275,4.968872118418511,5.0304441584917035
808,0.0,0.0,211.0,0.0,,5,1,80000.0,15.15,1.0297499,1.0591528489223254,0.917706406058632
810,0.0,0.0,39.0,0.0,,3,3,60000.0,13.97,4.5936546,3.1699375073915523,3.8638996079401227
815,3.0,121.0,280.0,15.913333333333334,9.914966042374534,17,3,40000.0,55.75,9.873576,9.745058672991897,9.89722891866177
816,0.0,0.0,308.0,0.0,,5,4,20000.0,16.81,0.4730414,0.6592750397791044,0.6940022064299525
817,4.0,611.0,671.0,14.735,7.333142070918532,20,2,40000.0,79.8,7.3244376,7.295061039155047,7.449317378345747
818,0.0,0.0,226.0,0.0,,4,2,20000.0,8.3,0.82274073,1.0753133145780585,0.9003965585014679
819,3.0,286.0,668.0,14.790000000000001,4.130509993782681,18,2,40000.0,61.510000000000005,4.157275,4.273721236837231,4.211672477877794
820,1.0,1.0,351.0,19.2,2.2385440906985608,10,5,60000.0,23.939999999999998,2.2336428,2.180637003095461,2.4796735214742673
822,1.0,33.0,205.0,19.34,5.191382837362899,7,2,20000.0,27.32,5.1935763,5.172287927358218,5.281322183922036
823,3.0,502.0,623.0,13.403333333333334,5.463537907046647,16,3,40000.0,46.019999999999996,5.4615574,5.440628649413472,5.5028462776862845
824,0.0,0.0,232.0,0.0,,4,3,40000.0,19.38,0.8493762,1.0413827387899712,0.9001454593165299
826,0.0,0.0,80.0,0.0,,5,3,40000.0,11.16,2.780261,2.447622245721759,2.455557480118835
827,1.0,421.0,620.0,3.31,0.8837771695923606,9,0,60000.0,19.58,0.88704526,0.8348450199097712,0.8867448485700233
828,0.0,0.0,167.0,0.0,,5,1,60000.0,6.08,1.4376848,1.620178648699576,1.3842314677191245
831,1.0,2.0,335.0,18.79,2.3703057439232964,10,2,20000.0,27.79,3.0496545,2.997452346954671,2.5338731134763894
834,1.0,419.0,472.0,26.99,5.301411038448579,10,2,40000.0,52.239999999999995,5.2969522,5.200948527641265,5.294601677882369
837,1.0,25.0,530.0,5.45,0.5452735567839526,7,4,20000.0,27.88,0.53762305,0.5542031804733187,0.6259271452649413
838,5.0,163.0,274.0,13.556000000000001,14.42776648831552,23,4,60000.0,81.24000000000001,14.421805,14.133660019964594,14.259405872135702
839,0.0,0.0,680.0,0.0,,5,3,20000.0,7.14,0.20404309,0.15814581502061087,0.2025861993226581
841,0.0,0.0,410.0,0.0,,2,1,120000.0,1.43,0.4524141,0.32282810619432,0.48402333096695216
843,4.0,219.0,343.0,21.7975,16.431159657764013,21,0,20000.0,104.89,16.453268,16.236428870602577,16.499012832375804
847,1.0,10.0,444.0,21.38,1.8236617856315012,7,4,60000.0,37.36,1.8531051,1.9492223329833664,1.8257939831301506
850,8.0,299.0,349.0,11.2925,17.181514222978656,39,2,100000.0,103.41,17.791786,17.318116056948785,17.808318610788568
852,0.0,0.0,147.0,0.0,,6,2,40000.0,5.63,1.8083558,1.7847632240174567,1.7587102950904896
856,0.0,0.0,561.0,0.0,,5,5,40000.0,10.31,0.26012802,0.16311403599244909,0.21851450778042913
857,0.0,0.0,538.0,0.0,,6,4,40000.0,36.62,0.49765417,0.1895282221370335,0.27223503844654573
863,2.0,31.0,58.0,13.425,14.868810707578582,10,5,80000.0,29.98,13.762947,12.747167787389207,12.915155503309919
864,2.0,427.0,723.0,4.955,1.405467754062204,11,3,100000.0,26.3,1.4128839,1.3543109170361962,1.2472547722813516
866,1.0,5.0,85.0,11.79,6.104628936121107,4,4,20000.0,14.669999999999998,6.1056466,5.70550922680965,5.96121445164619
867,0.0,0.0,322.0,0.0,,2,0,60000.0,8.01,0.5854341,0.5968084149663733,0.6665621920835862
868,0.0,0.0,639.0,0.0,,5,5,40000.0,6.6,0.16677816,0.1800123846560672,0.18953446635114268
869,0.0,0.0,237.0,0.0,,12,2,100000.0,22.68,0.6708568,1.058589935654401,0.9986621848397839
870,1.0,147.0,617.0,17.61,1.7784485573747122,9,3,20000.0,26.77,1.749108,1.7893176169886376,1.7541581280107996
872,0.0,0.0,198.0,0.0,,2,3,40000.0,7.28,1.0772332,1.1883309448639279,0.9969167789846818
873,1.0,18.0,671.0,16.12,0.7365131052353753,9,4,40000.0,26.01,0.7743852,0.76769443722211,0.5947242857525055
874,0.0,0.0,605.0,0.0,,5,1,40000.0,3.06,0.18720376,0.1568252190573999,0.20156346724148744
875,4.0,109.0,272.0,12.2025,9.318660866265768,21,4,40000.0,55.25,9.342265,9.296129352669247,9.128443761151093
876,0.0,0.0,80.0,0.0,,4,5,40000.0,9.44,2.8204744,2.422167507267105,2.429527776380044
878,8.0,558.0,708.0,15.383750000000001,12.90598254994794,29,0,20000.0,138.29,13.040528,12.420993083459967,12.344334676683701
879,0.0,0.0,665.0,0.0,,5,5,120000.0,15.18,0.047976784,0.16268630982234092,0.20293635823542377
880,1.0,487.0,693.0,8.1,1.3852476047576088,6,1,60000.0,23.560000000000002,1.4029436,1.390018795611077,1.38604171800106
886,0.0,0.0,22.0,0.0,,3,4,80000.0,9.36,4.6266847,3.0733931246530806,3.746567233764477
887,1.0,85.0,612.0,6.09,0.6469490275714782,7,5,140000.0,12.89,0.6539372,0.653762942924452,0.6063877406602636
893,3.0,630.0,662.0,17.319999999999997,6.806584507939743,20,3,80000.0,87.38,6.8420763,7.138474797265034,7.2090363051108515
895,0.0,0.0,110.0,0.0,,7,5,60000.0,14.82,2.6061509,2.168080598321671,2.171699173964025
896,6.0,179.0,356.0,12.096666666666666,10.428743138155406,31,5,60000.0,87.32000000000001,10.4225,10.44321974942868,10.512584326287097
897,0.0,0.0,353.0,0.0,,4,1,140000.0,12.98,0.5508291,0.3642127683862242,0.5790441317546406
898,1.0,159.0,180.0,10.37,4.582455224242751,9,0,60000.0,34.13,4.877372,4.182892683252132,4.5506213333270935
900,1.0,19.0,462.0,4.76,0.6071638539809521,8,1,20000.0,15.25,0.5910157,0.699178277606058,0.6261290834685971
901,0.0,0.0,594.0,0.0,,4,2,20000.0,11.84,0.13854451,0.15330074265018845,0.2134235663056252
904,0.0,0.0,46.0,0.0,,5,4,60000.0,26.94,3.3116832,3.9647401089046936,3.0146568608081856
905,5.0,231.0,557.0,22.854,8.52880362702956,24,4,60000.0,119.69,8.542516,8.516416438992037,8.768984671600306
906,3.0,92.0,330.0,12.13,5.40456745105849,16,1,60000.0,42.44,5.7692494,5.563408377801442,5.64045489326953
907,1.0,56.0,606.0,17.19,1.2189301429453334,8,3,100000.0,46.980000000000004,1.2187679,1.099259807964441,0.9630436121249462
908,0.0,0.0,199.0,0.0,,4,4,40000.0,18.48,0.972996,1.1997205674395492,0.977531186131011
909,0.0,0.0,289.0,0.0,,5,1,60000.0,12.34,0.62111807,0.6610967619321275,0.5851060082185224
910,0.0,0.0,501.0,0.0,,6,0,40000.0,22.67,0.22717208,0.2599615414745949,0.2412134594414539
911,4.0,247.0,306.0,11.08,9.968021791860247,23,2,40000.0,56.370000000000005,9.342466,9.574600313742062,9.759725241969889
913,0.0,0.0,41.0,0.0,,4,2,80000.0,4.05,4.6430573,3.05652258583207,3.8393492903201727
916,2.0,261.0,627.0,15.825,3.5621423841055098,10,3,140000.0,38.56,3.022057,3.180838409714505,3.5824257595789706
917,0.0,0.0,483.0,0.0,,6,2,140000.0,20.15,0.47080296,0.2539650840925883,0.23885850916297358
918,0.0,0.0,178.0,0.0,,5,0,120000.0,6.96,1.4151208,1.4086138109175508,1.2759543382482237
919,2.0,308.0,339.0,14.285,6.78647028224342,13,5,120000.0,56.04,6.7513366,6.605926307684352,7.121454583234958
921,6.0,287.0,606.0,20.076666666666668,8.471558909392634,35,5,80000.0,127.9,8.474946,8.928934564278055,8.757109747810155
922,0.0,0.0,289.0,0.0,,4,4,60000.0,25.27,0.69087964,0.598130389239545,0.5571853629389585
924,10.0,635.0,688.0,16.723000000000003,18.599663887157575,55,5,40000.0,170.59,18.59349,18.208504740262963,18.544019797518004
925,0.0,0.0,181.0,0.0,,4,1,20000.0,5.93,1.0815464,1.4377290893303272,1.2317280293368489
927,3.0,341.0,682.0,9.973333333333333,3.167665448033004,19,3,20000.0,44.14,3.1717799,3.3294630163160166,3.087454245114441
930,2.0,530.0,613.0,8.01,2.6159470235483604,11,2,60000.0,23.85,2.644463,2.6675633870163105,2.6178916300862003
933,1.0,28.0,179.0,11.4,3.777356691429926,8,2,20000.0,23.86,3.7242844,3.6265401011960012,3.7808332779575498
934,0.0,0.0,666.0,0.0,,3,0,60000.0,11.72,0.018362977,0.15727768100131082,0.2168733819044082
937,1.0,133.0,426.0,2.1,0.7636979590137358,9,4,20000.0,9.95,0.7428702,0.6900145580296929,0.7782379868636449
938,0.0,0.0,47.0,0.0,,4,4,20000.0,11.46,3.4503806,3.402660684190868,2.991741688115881
941,1.0,162.0,680.0,3.02,0.4952760719578662,9,1,40000.0,32.54,0.4931175,0.5611643073645933,0.4980523567689161
943,2.0,112.0,173.0,13.53,9.419935534726154,13,2,60000.0,28.65,8.233143,9.170007684342886,9.09296100963552
944,0.0,0.0,316.0,0.0,,5,3,20000.0,13.73,0.50643426,0.6651856798941761,0.643929413492466
948,0.0,0.0,155.0,0.0,,6,5,20000.0,6.88,1.6786971,1.695728723307528,1.6812253450481007
950,3.0,260.0,291.0,19.95,14.23776340609783,18,4,40000.0,72.47,14.207574,14.330708983869718,14.318848705484204
952,0.0,0.0,119.0,0.0,,6,2,60000.0,10.51,2.17771,2.1240384205285507,2.032892237797159
955,1.0,29.0,122.0,17.78,7.33495453150125,9,3,20000.0,29.04,7.352136,7.419517544199312,7.102574524193897
958,0.0,0.0,73.0,0.0,,4,4,40000.0,9.51,2.8334482,2.4644927845427693,2.8593864895834074
959,0.0,0.0,134.0,0.0,,5,0,20000.0,25.87,1.7145873,1.838061538317361,1.7547756847101432
962,0.0,0.0,625.0,0.0,,3,2,20000.0,13.34,0.0895621,0.17516830792886706,0.1843479825943053
965,2.0,88.0,354.0,19.200000000000003,5.856919841975083,11,2,80000.0,49.83,5.865486,5.816221991410863,6.176168860698119
967,1.0,502.0,602.0,15.37,2.6652911127510177,9,1,40000.0,23.83,2.9085617,2.70084500143456,2.759751817688975
968,0.0,0.0,422.0,0.0,,2,1,40000.0,11.68,0.4674908,0.3121217601846174,0.5182877764764404
970,0.0,0.0,652.0,0.0,,4,1,20000.0,2.03,0.097988166,0.162585820538105,0.21339435784512784
971,0.0,0.0,168.0,0.0,,6,3,60000.0,23.94,1.5695424,1.6416539842194895,1.4011311623120148
972,3.0,303.0,334.0,23.063333333333333,14.902329312779049,17,4,100000.0,91.87,14.904996,14.990792254329373,14.99007229991113
974,0.0,0.0,9.0,0.0,,5,4,60000.0,23.22,4.4116836,3.2037920497662378,3.7925489380942787
975,2.0,530.0,593.0,3.9749999999999996,1.5870783738879597,12,0,140000.0,32.43,1.7169523,1.7659738805609353,1.7752771432847112
976,13.0,637.0,707.0,12.663846153846153,17.5934355399013,53,5,80000.0,175.34,17.609453,18.245771306841643,17.278621788834123
978,1.0,226.0,252.0,9.51,3.5274277727222514,10,3,140000.0,25.42,3.4891014,3.6977759498268603,3.4867057168104942
979,0.0,0.0,109.0,0.0,,4,0,140000.0,10.63,2.5957537,2.1660773823844046,2.1580846425750977
981,0.0,0.0,392.0,0.0,,5,0,60000.0,29.64,0.6364155,0.3058976705881207,0.5479783313265907
983,2.0,241.0,381.0,13.354999999999999,5.465033458042187,12,2,40000.0,32.82,5.4305124,5.640637011956036,5.324453771017192
985,2.0,561.0,605.0,20.95,6.226448266602187,13,2,20000.0,74.66,6.226839,6.554987015647719,6.703646530932342
988,0.0,0.0,65.0,0.0,,2,2,80000.0,3.95,2.9089253,2.1382362860374644,2.8836554024165775
991,0.0,0.0,652.0,0.0,,5,1,80000.0,6.13,0.040991813,0.1708126093872841,0.18901680517060981
992,1.0,93.0,370.0,3.7,1.0452801688088642,9,3,40000.0,10.42,1.0335573,1.0332907463919028,1.0523900798746482
993,1.0,267.0,480.0,6.39,1.4833981223015535,6,3,80000.0,21.509999999999998,1.5448548,1.5374054268561044,1.440335565716123
994,4.0,350.0,511.0,21.07,11.92933116970086,19,5,40000.0,100.0,11.926275,11.851400128696001,11.85330146823691
995,4.0,421.0,557.0,13.225000000000001,7.385907021043675,21,0,40000.0,66.26,7.3286157,7.422204927500778,7.358984255403976
996,0.0,0.0,185.0,0.0,,4,2,100000.0,5.75,1.1996598,1.438903028315717,1.1899206563663611
997,5.0,364.0,704.0,6.43,2.7757212894814844,24,4,140000.0,47.72,2.7846377,2.8916967337452006,2.9000791283191036
1002,1.0,232.0,282.0,14.46,4.444421270682193,7,2,80000.0,33.04,5.05191,4.6571954280696675,4.649701735047372
1003,7.0,401.0,533.0,10.747142857142858,10.07888005375943,32,3,40000.0,81.87,10.153091,9.976093868429379,9.77350022700451
1004,7.0,522.0,548.0,11.179999999999998,10.952300500667956,36,3,40000.0,91.24,10.946231,11.065367429572841,11.088912809039506
1005,5.0,489.0,700.0,10.928,5.949241224231721,25,2,20000.0,62.47,5.9610324,5.86148723402878,5.9691663654942895
1013,6.0,313.0,354.0,12.848333333333334,14.952209727316998,26,2,20000.0,81.27,14.981359,15.128696983099182,14.413798960063957
1014,3.0,232.0,256.0,11.156666666666666,9.0517985344413,13,2,20000.0,43.06,9.049768,9.433181726949659,8.691491530624404
1015,0.0,0.0,452.0,0.0,,4,4,80000.0,10.76,0.3732086,0.2881258425405791,0.36689989029176395
1017,1.0,16.0,240.0,8.31,2.104915584404335,7,4,40000.0,19.71,2.1558547,2.2391787089263095,2.114867472264975
1022,3.0,31.0,301.0,11.780000000000001,3.6309908599685095,16,3,20000.0,48.31,6.7853775,5.591331110170393,4.533404749409045
1023,1.0,210.0,695.0,20.66,2.0110719339887613,9,1,60000.0,40.61,1.9982402,2.1295061304062988,1.979301905318147
1024,2.0,349.0,381.0,14.26,6.243920265035092,13,0,60000.0,52.71,6.8178234,6.627226327554808,6.6675809352176225
1025,2.0,297.0,333.0,22.615,10.409793356160375,15,2,20000.0,60.28,10.386597,10.463729954429963,10.323912544697132
1026,1.0,56.0,245.0,6.14,1.990137928508191,7,1,20000.0,29.060000000000002,1.9532368,1.8432294741506223,2.080116366732928
1031,0.0,0.0,94.0,0.0,,4,2,60000.0,17.73,2.6137269,2.3216315279319817,2.2958076733864394
1032,0.0,0.0,183.0,0.0,,4,2,60000.0,3.6,1.2177051,1.4373058069422893,1.2098411087026966
1035,3.0,461.0,496.0,5.3500000000000005,3.009525338408713,14,0,120000.0,33.25,3.0199475,3.256214385016439,3.1652941739102998
1036,2.0,474.0,575.0,8.33,2.8171115124102304,10,3,80000.0,21.36,2.8413718,2.858618636228619,2.7864634107222
1037,0.0,0.0,408.0,0.0,,4,5,40000.0,3.93,0.62697995,0.3156185668885654,0.4667395978545086
1038,5.0,252.0,284.0,11.344,13.16905916433134,27,3,40000.0,80.16,14.641786,14.64188238541181,14.697012889529933
1041,1.0,81.0,345.0,13.71,2.616577377250448,9,4,60000.0,32.89,2.5792096,2.7704295453436187,2.7688353444797
1042,0.0,0.0,479.0,0.0,,4,1,80000.0,19.34,0.33148453,0.2529188555536176,0.22828977407477336
1044,0.0,0.0,197.0,0.0,,4,1,60000.0,26.22,1.2970909,1.325616338366455,1.0027105061305006
1048,0.0,0.0,641.0,0.0,,5,4,60000.0,5.17,0.10596818,0.17052650532435504,0.18125747195468822
1049,2.0,347.0,476.0,18.72,6.46054756592933,17,4,120000.0,74.34,6.6394544,6.860289713184973,7.26879898342248
1050,9.0,311.0,339.0,16.358888888888888,28.36342862812314,43,1,100000.0,158.94,27.95878,29.655814444305154,27.932168516289817
1051,0.0,0.0,41.0,0.0,,4,1,20000.0,30.41,4.667398,4.03540010600159,3.971873464530675
1052,3.0,315.0,509.0,7.526666666666666,3.5543169885240937,14,1,40000.0,34.410000000000004,3.5406396,3.38772235414677,3.5786752342765356
1053,2.0,91.0,308.0,11.6,4.551223317158597,12,1,40000.0,33.06999999999999,4.6346326,4.797745706268689,4.35283764778969
1055,1.0,24.0,397.0,6.92,1.0037235782329168,6,0,,29.89,,,
1056,4.0,262.0,357.0,17.455,13.42643084346177,21,2,20000.0,84.43,13.433372,13.369739961361526,13.219412187814504
1057,0.0,0.0,635.0,0.0,,2,2,20000.0,6.05,0.08615561,0.17516830792886706,0.17977328949097693
1058,1.0,64.0,109.0,4.72,3.3109989841763836,8,2,120000.0,20.29,3.3214977,3.227049760518074,3.3913192722947705
1059,2.0,104.0,323.0,13.54,5.135996658132342,10,4,60000.0,44.12,5.097427,5.213711015493519,5.037868074036336
1062,1.0,243.0,252.0,7.81,3.110212939850592,13,4,20000.0,25.41,3.111005,3.344522712578017,3.313877690281001
1066,0.0,0.0,645.0,0.0,,1,0,140000.0,4.18,0.00888865,0.17729293032740776,0.2144656767950508
1067,1.0,24.0,357.0,16.47,2.2434404601640976,9,2,80000.0,23.83,2.2340965,2.3840949310000616,2.3384475017585857
1068,0.0,0.0,346.0,0.0,,6,1,40000.0,22.12,0.34085542,0.5104989157161114,0.6488942077298185
1070,6.0,652.0,701.0,9.801666666666666,6.877998013304894,24,2,40000.0,66.06,6.8604627,6.924135554036098,6.6507685230222
1071,2.0,601.0,636.0,14.09,4.187161574002148,12,1,60000.0,41.3,4.078942,4.019976918488225,4.103550059602195
1073,0.0,0.0,115.0,0.0,,6,5,40000.0,18.78,2.0451238,2.405376205964238,1.9826356497826545
1074,3.0,587.0,681.0,19.689999999999998,7.37413689483341,15,0,40000.0,74.8,7.399038,7.560484241792069,7.544968871120388
1076,1.0,26.0,86.0,8.89,5.238941198838755,7,4,60000.0,20.97,5.1966047,5.061827924205642,5.231188845469382
1079,2.0,359.0,605.0,16.39,4.4366197332896915,14,2,40000.0,40.77,4.4559402,4.556813272803278,4.299683602776539
1082,0.0,0.0,436.0,0.0,,2,3,40000.0,8.7,0.34699866,0.3018003036700696,0.4855862318213733
1083,1.0,8.0,680.0,10.95,0.4848386296557765,8,5,40000.0,36.7,0.60367936,0.6446201623653901,0.24628656807559413
1084,0.0,0.0,153.0,0.0,,4,2,20000.0,16.99,1.6401868,1.762056324501622,1.7172437170678405
1085,1.0,449.0,461.0,3.11,1.1984476755791786,9,4,40000.0,16.55,0.9830153,1.1641879680181624,1.3167833044005164
1089,3.0,604.0,654.0,15.25,6.076211385674823,17,3,20000.0,51.510000000000005,6.080938,6.059526418903376,6.152168905489472
1090,3.0,366.0,472.0,8.813333333333334,4.628950182535699,13,1,40000.0,38.22,4.5841646,4.702590668764061,4.480864238039468
1091,1.0,12.0,487.0,26.88,1.9388734088696387,6,0,20000.0,51.59,1.9199826,1.8236194219727606,1.9082921673613358
1092,0.0,0.0,180.0,0.0,,6,3,40000.0,43.68,2.6568081,3.1574642982988754,1.9851353054831202
1093,1.0,289.0,607.0,8.15,1.3510452105869915,9,3,40000.0,37.99,1.3939798,1.3856088332834902,1.1684067325074254
1094,0.0,0.0,171.0,0.0,,3,3,100000.0,6.12,1.4179103,1.6012448885448018,1.2773981341471288
1097,2.0,503.0,589.0,13.985,4.343427238931882,11,0,100000.0,33.9,4.3443594,4.4266301479872,4.42692827058118
1101,0.0,0.0,219.0,0.0,,3,3,40000.0,24.83,1.1179284,1.0678399745764402,0.8679752558018246
1102,0.0,0.0,180.0,0.0,,3,2,20000.0,12.19,1.0652208,1.4591768686663444,1.2293604020569573
1103,0.0,0.0,28.0,0.0,,4,4,40000.0,13.92,4.5686073,3.382779084337375,3.7301510123123913
1107,2.0,268.0,405.0,10.695,4.347408749858054,11,0,40000.0,29.82,4.3035874,4.419629244731115,4.305333107885324
1109,0.0,0.0,308.0,0.0,,3,5,120000.0,20.48,0.5741926,0.6499366403452635,0.6411820483587372
1110,1.0,212.0,606.0,16.12,2.000719172412965,10,2,20000.0,38.8,1.8320861,2.0977726162147654,1.940532773024298
1111,0.0,0.0,293.0,0.0,,3,1,20000.0,3.87,0.5080605,0.6734238529546904,0.6231937646731351
1112,0.0,0.0,193.0,0.0,,5,4,80000.0,26.55,1.3273603,1.3420771810216394,0.9666269417150275
1113,0.0,0.0,240.0,0.0,,4,1,140000.0,11.13,0.86660254,0.991627648796164,0.8536548419309975
1114,0.0,0.0,698.0,0.0,,5,4,40000.0,8.5,0.113613725,0.13636001989522606,0.19536932509044025
1115,0.0,0.0,626.0,0.0,,1,3,20000.0,1.55,0.109390035,0.17516830792886706,0.18965495763170637
1116,2.0,17.0,56.0,31.79,32.458664484821924,14,4,120000.0,70.14,19.98391,20.438490712146695,22.683924557788853
1117,3.0,166.0,284.0,9.066666666666666,6.456302475507963,18,5,40000.0,39.21,6.4839115,6.340745840484779,6.457438256865508
1119,1.0,106.0,194.0,4.52,2.327876014755834,8,2,40000.0,9.95,2.158841,2.1315244356677265,2.1354441849410364
1124,5.0,520.0,590.0,9.482000000000001,6.485626421361593,28,3,80000.0,65.05,6.9039254,7.0327940377944715,6.8249311245387085
1125,5.0,304.0,352.0,14.972,14.722479926188555,23,1,60000.0,81.42,14.72451,14.856976483139023,14.471359830370528
1127,0.0,0.0,101.0,0.0,,7,5,40000.0,25.7,2.53179,2.728707571658541,2.151409243573708
1128,1.0,568.0,628.0,11.62,2.109616488524541,8,1,20000.0,40.18,2.1500762,2.222206636700092,2.175737123025918
1130,2.0,202.0,541.0,14.465,3.5737219634339836,15,5,40000.0,33.21,3.5590346,3.5725957102846997,3.65756943352621
1131,1.0,173.0,378.0,6.86,1.774619861283446,7,0,60000.0,19.76,1.8280957,1.9013714086999653,1.7460590361616797
1132,1.0,14.0,460.0,22.84,1.8776457315747148,11,2,60000.0,34.41,1.8916645,1.7980219325017284,1.8882163616708771
1133,4.0,496.0,558.0,19.4625,11.04204437012914,22,3,40000.0,86.42999999999999,11.026473,10.269617220785356,10.608118626813816
1135,3.0,112.0,208.0,19.606666666666666,15.925287907004506,16,2,40000.0,63.190000000000005,15.892397,15.081079211057828,14.421743704089804
1138,0.0,0.0,633.0,0.0,,2,2,40000.0,2.73,0.09441834,0.1816365932423923,0.17755814905949663
1140,1.0,408.0,491.0,11.88,2.5522444893867102,8,1,80000.0,18.380000000000003,2.560448,2.5008993769166534,2.4484895626964276
1141,2.0,213.0,404.0,14.209999999999999,5.239077238536035,13,3,20000.0,55.22,5.1981792,4.995154323795752,5.223404576230682
1144,4.0,321.0,620.0,12.7075,5.306039484064916,20,1,80000.0,66.39,5.323737,5.289994736006792,5.638373358659009
1145,3.0,595.0,653.0,19.116666666666667,7.499354589289158,19,1,20000.0,69.59,7.515529,7.440380736935498,7.47790117812576
1146,2.0,132.0,555.0,28.03,4.901485716631033,17,5,20000.0,79.16,4.8996205,4.738289366995898,4.926155046664055
1147,3.0,634.0,715.0,15.199999999999998,5.588479385873133,22,3,40000.0,56.03,5.625386,5.519452077058758,5.536256036165051
1152,0.0,0.0,96.0,0.0,,5,4,40000.0,20.42,2.650248,2.3420357734867845,2.246005875335187
1153,1.0,53.0,437.0,15.2,1.8359618358382215,6,1,100000.0,19.799999999999997,1.808324,1.8874263216460703,1.8777941233810589
1154,0.0,0.0,661.0,0.0,,6,5,20000.0,23.9,0.01371173,0.16632005523861534,0.19111505394205697
1157,1.0,15.0,53.0,5.1,4.391129361211711,10,1,40000.0,46.49,4.40014,5.127759246180605,4.465733388349266
1159,1.0,262.0,688.0,16.9,1.9150114732674683,10,2,40000.0,46.239999999999995,1.9258205,2.1448021148632317,1.9095792085497916
1161,2.0,542.0,730.0,15.344999999999999,3.8259982879105148,15,5,80000.0,44.74,3.8319426,3.899769933314967,4.043450955014575
1162,4.0,474.0,517.0,17.21,10.480707011271157,20,2,80000.0,72.86,9.450315,10.064354055650025,10.055245602665437
1164,0.0,0.0,318.0,0.0,,4,0,40000.0,22.8,0.66230714,0.6366008173785407,0.6823396530672161
1166,0.0,0.0,228.0,0.0,,4,0,40000.0,2.79,0.95001316,1.0397382155966923,0.9228825889404781
1167,1.0,372.0,571.0,20.67,3.307278183510755,7,3,40000.0,34.71,3.3595195,3.2934076195101154,3.4960127120256552
1168,4.0,382.0,639.0,18.724999999999998,8.25875501524012,19,1,40000.0,90.61,8.338643,7.888958629472309,8.070011986632776
1169,1.0,116.0,338.0,5.54,1.5601019230156776,10,1,60000.0,23.29,1.5282705,1.621488936651074,1.5212377680165687
1170,0.0,0.0,404.0,0.0,,4,5,80000.0,12.04,0.527943,0.294900077658088,0.4555244018016156
1171,2.0,100.0,225.0,8.685,5.10390237847283,10,2,60000.0,32.81,5.0832257,5.029032780993329,5.131299986073339
1172,0.0,0.0,175.0,0.0,,5,3,140000.0,12.24,1.4006146,1.432164790508722,1.2720243859637304
1173,1.0,427.0,498.0,4.76,1.3680938518139256,7,2,60000.0,13.98,1.3807266,1.4439207208849998,1.376090142278957
1174,4.0,153.0,221.0,11.450000000000001,12.371527511510038,21,5,120000.0,59.23,12.367945,12.66311263124586,12.509611152130834
1175,1.0,214.0,476.0,19.34,3.202721551052967,7,4,120000.0,37.96,3.1876383,3.400762393393092,3.209730631513943
1177,0.0,0.0,180.0,0.0,,3,1,40000.0,29.48,1.5458846,1.4714090595288412,1.26160160864098
1178,1.0,17.0,393.0,22.91,2.4656184014045337,11,4,100000.0,34.22,2.443312,2.4963575759525267,2.4337817715891354
1180,0.0,0.0,266.0,0.0,,5,5,20000.0,7.68,0.649935,0.7754050891593444,0.5635356486410146
1183,6.0,209.0,283.0,11.581666666666669,15.213216459530905,27,3,60000.0,72.25,15.197231,15.183129849368404,14.98963868018988
1184,0.0,0.0,374.0,0.0,,1,5,80000.0,8.03,0.47161248,0.3593295504538714,0.48666058792941325
1185,4.0,206.0,265.0,16.7075,16.040480143738925,24,4,20000.0,71.91,16.054365,15.997876022661684,15.85153892096104
1187,1.0,329.0,399.0,15.71,3.7235469122380227,8,2,40000.0,28.08,3.8685534,3.612586539117116,3.7036810816003367
1189,0.0,0.0,183.0,0.0,,4,3,20000.0,37.23,1.4255004,1.7466631189637383,1.5072406087471952
1190,0.0,0.0,33.0,0.0,,5,5,40000.0,7.38,4.595526,3.340453807061711,3.739186699790209
1191,0.0,0.0,280.0,0.0,,4,2,20000.0,9.93,0.55847377,0.7067256880829904,0.6061037673802634
1192,1.0,362.0,497.0,4.76,1.3105674921684336,11,4,20000.0,14.28,1.3237132,1.3983888834272942,1.326657568107251
1193,4.0,311.0,720.0,6.54,2.048888106963384,20,0,100000.0,32.69,2.0483017,1.9385302488079834,2.0242701546621333
1194,0.0,0.0,388.0,0.0,,3,1,140000.0,10.22,0.45496285,0.3539743052841927,0.4560608045066763
1195,2.0,250.0,561.0,8.505,2.38403644006452,10,5,20000.0,35.54,2.449739,2.5118458617269277,2.2611902528019607
1196,2.0,564.0,692.0,10.925,3.036717007264736,11,1,60000.0,32.6,3.02774,3.175982019371024,3.1252026489872335
1197,3.0,239.0,386.0,9.61,5.49628966667213,17,1,60000.0,31.85,5.4945364,5.495684317058506,5.096514836743712
1201,0.0,0.0,451.0,0.0,,2,1,60000.0,2.5,0.32223234,0.28704166558632144,0.39623798318406855
1202,2.0,650.0,683.0,15.09,4.204626130837227,12,1,60000.0,40.74,4.1829214,4.116608845315402,4.110558224319295
1203,0.0,0.0,40.0,0.0,,3,2,40000.0,6.22,4.581196,3.3659085455163646,3.8239345966489586
1204,0.0,0.0,486.0,0.0,,5,4,80000.0,11.88,0.4091499,0.26625447310475214,0.25823485718786277
1205,1.0,215.0,688.0,26.29,2.546095033187753,10,1,20000.0,37.379999999999995,2.8289967,2.773524635945812,2.710630650223772
1207,0.0,0.0,589.0,0.0,,4,2,40000.0,13.86,0.13575834,0.1597690279637137,0.22732982537735857
1209,0.0,0.0,180.0,0.0,,5,3,,5.9,,,
1212,0.0,0.0,353.0,0.0,,4,3,40000.0,11.2,0.49802724,0.3686539795633967,0.5831895416864441
1214,2.0,592.0,624.0,9.245000000000001,2.9543043582649737,15,3,40000.0,36.19,2.9592218,2.941047458522108,3.063007728428351
1215,1.0,9.0,411.0,8.35,0.9763290099247349,10,1,40000.0,35.23,0.9677333,0.9226073369796653,0.8850416167292581
1216,2.0,566.0,722.0,12.129999999999999,3.1800569399581544,12,1,80000.0,29.61,3.1920679,3.1237152969374855,3.0832844063165106
1217,0.0,0.0,327.0,0.0,,4,3,80000.0,4.45,0.5765078,0.6202880037784128,0.6376705376054819
1221,0.0,0.0,365.0,0.0,,3,1,140000.0,10.7,0.7621871,0.3642127683862242,0.6031334773605916
1222,7.0,296.0,364.0,10.624285714285715,13.773976560823346,27,3,40000.0,79.22,13.765233,13.67572057873359,13.581847570811131
1224,0.0,0.0,572.0,0.0,,3,3,20000.0,5.21,0.20545188,0.1680530009601469,0.23232000108243778
1228,1.0,144.0,283.0,6.59,2.2275269399705238,10,3,40000.0,15.959999999999999,2.480585,2.2212409819079793,2.1608347656646485
1232,0.0,0.0,23.0,0.0,,4,2,40000.0,14.63,4.561035,3.3659085455163646,3.8239345966489586
1234,1.0,341.0,518.0,7.2,1.5923452108280391,8,0,100000.0,11.02,1.600766,1.7294269423846067,1.5963036458362367
1235,4.0,531.0,629.0,16.5275,8.493925978541384,23,2,40000.0,76.13,8.432838,8.597215999929706,8.50049946012276
1236,2.0,182.0,306.0,9.22,4.6007027013696264,12,3,80000.0,21.080000000000002,4.594182,4.671633223824895,4.462046844970942
1237,0.0,0.0,257.0,0.0,,4,2,20000.0,12.86,0.62644416,0.7729021606910749,0.649807635685252
1240,0.0,0.0,118.0,0.0,,5,2,60000.0,10.3,2.2033272,2.1240384205285507,2.032892237797159
1241,0.0,0.0,359.0,0.0,,4,5,80000.0,4.64,0.6276215,0.3593295504538714,0.5592765565684372
1244,1.0,192.0,523.0,6.4,1.1839696589279483,9,1,120000.0,18.68,1.3880383,1.3898484449185127,1.209070411953765
1245,1.0,123.0,527.0,20.57,2.3785041303355037,9,2,40000.0,27.2,2.416391,2.3836350014375594,2.357860873737505
1249,1.0,395.0,712.0,4.13,0.8176322467607766,9,2,40000.0,32.5,0.82652307,0.843541186521935,0.7684045735681693
1253,5.0,615.0,661.0,14.404000000000002,8.857020425507205,31,4,140000.0,83.57000000000001,8.859901,8.99253952568003,8.870090179446983
1254,0.0,0.0,717.0,0.0,,4,0,100000.0,24.11,-0.18092072,0.1183877674928898,0.13383427801682402
1256,1.0,225.0,462.0,9.0,1.849896633129071,9,5,40000.0,20.1,1.8519764,1.8163261865117766,1.878288526449615
1259,10.0,312.0,343.0,15.562999999999999,29.515232111279783,50,0,20000.0,171.4,29.512117,30.90271078641807,29.646759611329585
1260,0.0,0.0,207.0,0.0,,5,4,40000.0,24.76,1.172952,1.0990476060494123,0.9951134040472764
1261,0.0,0.0,640.0,0.0,,7,3,40000.0,12.71,0.12629728,0.17199791475794404,0.205115271249249
1262,0.0,0.0,104.0,0.0,,3,5,40000.0,4.84,2.5974042,2.2546878949439666,2.1406412496424156
1265,5.0,218.0,317.0,11.072,11.283280411956364,28,2,60000.0,85.5,11.377615,11.752928096476516,11.992531136733769
1266,2.0,544.0,652.0,9.02,2.7247734636941,12,4,40000.0,25.099999999999998,2.726206,2.8291125705801865,2.7224326659386886
1268,0.0,0.0,78.0,0.0,,4,2,80000.0,10.26,2.8053768,2.1382362860374644,2.470002210767144
1270,0.0,0.0,247.0,0.0,,4,0,20000.0,9.44,0.728706,0.9577056912963112,0.7366502256775362
1271,4.0,474.0,635.0,17.942500000000003,8.818481770747972,20,2,100000.0,86.23,8.808065,8.928575765061824,8.611187855584886
1274,0.0,0.0,460.0,0.0,,3,2,40000.0,5.69,0.33691543,0.29636303432358474,0.29529457527460323
1275,0.0,0.0,719.0,0.0,,4,4,20000.0,1.56,0.05713462,0.12447430303297004,0.15203743044233242
1277,2.0,287.0,324.0,16.8,8.069774288585236,11,0,60000.0,37.14,8.0044985,7.687830439781607,7.820260388245333
1279,0.0,0.0,316.0,0.0,,6,3,40000.0,16.42,0.61107594,0.6571576753498423,0.6415034754573448
1281,2.0,202.0,275.0,14.055,7.451122517987981,15,4,80000.0,40.21,7.493281,7.626822926213984,7.4486495609476275
1282,7.0,390.0,516.0,18.084285714285716,17.1353955678128,31,3,40000.0,135.95000000000002,17.074108,16.930957683312812,16.802497915375525
1284,4.0,252.0,323.0,17.2125,14.430361469265247,19,1,40000.0,84.78999999999999,14.401552,14.13424055760666,14.51871159615777
1285,0.0,0.0,401.0,0.0,,7,5,80000.0,15.05,0.50668365,0.294900077658088,0.43837486478760024
1286,1.0,7.0,242.0,3.4,1.1600032257249069,8,4,40000.0,6.8,1.1610307,1.2452982310581762,1.0708842593145516
1289,2.0,241.0,469.0,19.21,6.034231885581994,15,4,40000.0,47.11,6.0671515,6.271766912927044,5.991146635590032
1293,0.0,0.0,737.0,0.0,,1,3,20000.0,2.41,0.055689707,0.16686404379885025,0.13198376874008932
1295,4.0,229.0,372.0,18.9125,13.300626206451446,22,3,60000.0,92.86,13.321482,13.654688115908275,13.664323512823263
1297,12.0,537.0,549.0,17.976666666666667,28.72606332476265,55,4,40000.0,222.85,28.734665,28.04779010218728,28.792932526336337
1300,0.0,0.0,209.0,0.0,,3,0,40000.0,0.73,1.030364,1.0465908579660537,0.9495175088204855
1304,1.0,270.0,693.0,14.21,1.668797697233272,9,3,60000.0,21.91,1.5786304,1.685308579106494,1.6190047750385208
1306,0.0,0.0,430.0,0.0,,5,4,60000.0,10.4,0.4221941,0.30112275763636415,0.46739454924339796
1309,1.0,38.0,510.0,15.48,1.344163516685732,7,1,40000.0,42.7,1.301606,0.9607346769078287,1.0873318733907702
1310,10.0,629.0,667.0,14.822,17.02605882876611,51,4,20000.0,164.16,17.039377,16.71464852614504,17.163732800253506
1311,0.0,0.0,93.0,0.0,,4,4,60000.0,14.28,2.7653947,2.3315264607843633,2.2648050937737194
1312,2.0,51.0,229.0,5.405,2.963131276354716,10,2,40000.0,21.509999999999998,3.0334196,2.8494386169866623,2.9224393245993694
1313,1.0,167.0,708.0,10.47,1.0090082464245596,8,1,40000.0,18.770000000000003,1.0123425,0.8722938069316675,0.9305953334601869
1316,0.0,0.0,514.0,0.0,,3,3,20000.0,23.98,0.28601593,0.2756920409556079,0.22762189214601136
1317,0.0,0.0,90.0,0.0,,3,2,20000.0,8.42,2.6913464,2.5318668853808277,2.281998861954461
1319,0.0,0.0,40.0,0.0,,5,1,40000.0,36.61,4.7613626,3.9841530309945044,3.850662911305873
1321,0.0,0.0,570.0,0.0,,5,3,60000.0,15.25,0.16579512,0.16950205188189207,0.22373691979528143
1322,2.0,208.0,579.0,14.055,3.192322468902538,14,5,40000.0,39.99,3.1925092,3.239917330835785,3.239031514062552
1325,7.0,233.0,239.0,18.867142857142856,32.77504804281803,38,4,40000.0,143.47,28.590513,27.042326068718822,27.695752585086822
1328,6.0,489.0,520.0,16.351666666666667,14.285060291004543,32,5,140000.0,104.59,14.300978,13.955690729535759,13.918749614720568
1329,2.0,460.0,694.0,20.36,4.994773047964138,11,3,20000.0,49.07,5.0421224,4.933378805267846,5.030864196747323
1330,2.0,540.0,623.0,16.825000000000003,4.914087449458988,17,4,80000.0,46.230000000000004,4.911841,4.892270770755231,5.185722823414367
1331,0.0,0.0,405.0,0.0,,3,4,40000.0,11.66,0.4997432,0.29831386665254167,0.46787140544997374
1332,2.0,229.0,642.0,14.425,2.933586018652853,16,3,20000.0,61.33,2.862625,2.569069450008061,2.8647441020952207
1334,3.0,383.0,640.0,6.043333333333333,2.396028767932724,16,3,60000.0,31.09,2.4466517,2.322566811367112,2.3275372926332234
1337,0.0,0.0,418.0,0.0,,3,5,80000.0,11.02,0.4639434,0.3057411399814059,0.47342901611116606
1338,0.0,0.0,367.0,0.0,,3,5,40000.0,8.3,0.77691454,0.35890080944781266,0.5895094162478776
1339,3.0,178.0,230.0,11.083333333333334,9.418569555707485,16,2,80000.0,74.83,9.407607,9.517248129912883,9.577880710500683
1341,6.0,614.0,657.0,6.98,5.2882248644965975,25,3,40000.0,55.88,5.296315,5.1202064034225065,5.201036219269177
1343,2.0,136.0,248.0,12.91,7.00270116016934,11,1,20000.0,39.019999999999996,6.9486485,7.368131239694784,7.0056356866837275
1344,0.0,0.0,208.0,0.0,,3,3,100000.0,18.36,0.9153607,1.0682692468897206,0.9090625161391532
1345,2.0,338.0,374.0,21.380000000000003,9.121284050433614,15,5,40000.0,58.040000000000006,8.181158,8.618432256380189,9.231161506418132
1346,1.0,33.0,409.0,2.27,0.562158674561362,7,4,80000.0,12.76,0.5824075,0.491479561997914,0.602452877027952
1347,0.0,0.0,646.0,0.0,,3,2,60000.0,11.47,0.07483284,0.16697868036616398,0.19749324344025165
1350,1.0,17.0,231.0,10.76,2.665933579768693,11,5,60000.0,21.23,2.6683652,2.6786411252495195,2.681510796215471
1352,8.0,341.0,451.0,18.14375,21.492297359263617,45,4,60000.0,159.73,21.498585,20.900923066227783,21.820394780205625
1357,0.0,0.0,153.0,0.0,,5,5,20000.0,9.52,1.69028,1.7239192235654037,1.6812253450481007
1360,1.0,447.0,637.0,13.48,2.174346603456394,7,4,80000.0,19.240000000000002,2.1878226,2.1453963218382417,2.1276368916016226
1361,2.0,332.0,551.0,6.905,2.3028215648320924,14,0,60000.0,41.410000000000004,2.2961764,2.2461343736304906,2.250900272704042
1362,0.0,0.0,152.0,0.0,,4,4,60000.0,14.64,1.849666,1.7751580580365844,1.6919945011456825
1366,5.0,528.0,644.0,8.642,5.450338268922149,20,4,100000.0,46.410000000000004,4.8185596,5.088011642006934,5.121714891125187
1367,2.0,237.0,257.0,9.200000000000001,5.589981561125079,8,3,40000.0,34.72,5.593213,5.348138016076282,5.621399540829469
1368,0.0,0.0,442.0,0.0,,2,1,40000.0,21.81,0.266313,0.28795988038134546,0.4569186032228014
1370,5.0,622.0,653.0,8.108,5.236189084495876,23,2,20000.0,47.5,4.430302,4.7987347682025625,5.154867065865705
1371,1.0,187.0,239.0,28.65,8.766246213074322,10,3,40000.0,39.5,7.8621025,7.923913795464476,8.895958716772734
1374,1.0,24.0,258.0,10.53,2.39603088555704,10,1,40000.0,30.939999999999998,2.4472833,2.3615551424811243,2.1422570251298207
1376,0.0,0.0,215.0,0.0,,3,5,120000.0,9.94,0.9721911,1.055189694812899,0.8822723214359716
1377,3.0,171.0,326.0,13.01,7.806689266255098,17,3,20000.0,55.900000000000006,7.780767,7.805894247442873,7.922253509855771
1378,2.0,469.0,637.0,14.23,3.999413735472734,9,0,60000.0,39.21,4.0658765,3.9729109730216883,3.870955323549481
1379,1.0,34.0,699.0,35.37,1.5283502202240116,10,2,40000.0,67.69,1.5385351,1.7362707656769105,1.4814600041569168
1380,0.0,0.0,85.0,0.0,,4,1,20000.0,14.52,2.7276561,2.519172255777988,2.4837450327156607
1386,1.0,48.0,104.0,12.5,6.409276793759204,9,4,80000.0,16.95,6.7916327,6.963234990438039,6.533199206219609
1387,1.0,104.0,705.0,13.19,0.9644474529734355,7,1,80000.0,18.75,0.9455274,0.8843339256858237,0.8783689865815045
1388,0.0,0.0,94.0,0.0,,3,1,120000.0,9.83,2.780378,2.208132580704492,2.2366392487727573
1389,1.0,246.0,391.0,12.82,2.9899414357552847,9,1,40000.0,40.870000000000005,3.0894718,2.8401513758879426,2.936716159846729
1390,6.0,264.0,314.0,6.838333333333334,8.907431625831107,24,1,140000.0,43.84,8.910396,8.504890671997948,8.644306676142607
1391,2.0,306.0,447.0,6.050000000000001,2.547759581381155,10,0,40000.0,15.93,2.2964365,2.3431223339672473,2.666694199229342
1392,0.0,0.0,656.0,0.0,,4,2,20000.0,2.81,0.09876496,0.1655296294444188,0.18413046723530702
1393,1.0,293.0,345.0,9.52,2.8250750305294057,10,5,60000.0,38.22,2.8377376,2.680986560796486,2.9086288013582937
1394,2.0,53.0,56.0,9.075,11.036262422607287,12,0,40000.0,25.689999999999998,11.0265665,10.237053824511971,10.873779152153347
1395,0.0,0.0,213.0,0.0,,3,1,20000.0,16.53,0.88027626,1.0648634841796807,0.9595465120080764
1396,0.0,0.0,287.0,0.0,,6,5,20000.0,6.96,0.4970282,0.6788705903292737,0.5764640371084919
1397,0.0,0.0,79.0,0.0,,5,0,20000.0,2.57,2.7567813,2.454809215972412,2.497182804871663
1402,7.0,152.0,192.0,9.652857142857144,19.049953917346453,32,4,80000.0,80.18,15.934632,16.817592845465086,18.42818403430124
1406,2.0,256.0,289.0,8.05,4.6090320452543745,13,2,40000.0,23.689999999999998,4.538701,4.442351865561526,4.587631639969408
1408,3.0,111.0,204.0,15.886666666666665,13.270257648805394,24,5,40000.0,84.27,13.271541,13.701040645283689,13.607189058817696
1409,1.0,19.0,637.0,15.7,0.8019684699925131,10,1,40000.0,17.669999999999998,0.8114822,0.9286915844214864,0.7401581334570135
1410,2.0,42.0,413.0,13.940000000000001,2.5184456722361652,9,0,20000.0,43.660000000000004,2.4533343,2.2241527624059083,2.6059439990425486
1412,0.0,0.0,378.0,0.0,,4,2,40000.0,7.05,0.4724389,0.3686539795633967,0.5312964320812048
1414,1.0,235.0,551.0,9.6,1.5847995940821802,7,0,40000.0,25.700000000000003,1.5780905,1.6306362030772228,1.6155165669300953
1415,8.0,534.0,642.0,13.26125,12.424077403548555,39,1,60000.0,126.5,12.455973,12.490463610753212,12.572356932658618
1417,0.0,0.0,446.0,0.0,,1,2,120000.0,9.32,0.34361675,0.29676321242006914,0.35431117627684117
1418,0.0,0.0,295.0,0.0,,4,4,100000.0,9.94,0.59867734,0.6588765719948708,0.5487702657635216
1419,7.0,283.0,344.0,13.022857142857143,17.49135548264688,30,1,80000.0,133.04,20.10216,19.670739338428046,20.030964209185182
1420,2.0,41.0,316.0,9.485,2.8640729354530023,8,2,,30.98,,,
1421,0.0,0.0,149.0,0.0,,5,4,20000.0,5.69,1.6916283,1.7662445008410677,1.75302365932236
1423,1.0,450.0,702.0,5.44,1.0235502480057168,8,0,60000.0,11.72,1.0015383,0.9376920865837453,1.0240374316557492
1424,4.0,182.0,300.0,11.4025,9.668922835727864,17,3,40000.0,84.00999999999999,12.673607,10.245653202409489,10.161181990947568
1425,6.0,291.0,341.0,16.055,18.899964441333395,39,3,40000.0,118.33,18.912796,19.021365434860765,19.298101955846484
1427,2.0,468.0,637.0,9.600000000000001,2.8396670222537037,16,4,100000.0,42.120000000000005,2.8082678,2.809873969777273,2.8238717313069905
1428,2.0,353.0,605.0,22.825,5.9738479595496905,17,5,60000.0,67.98,5.809065,6.085626675755506,6.239452879190545
1429,3.0,715.0,720.0,12.553333333333333,4.743696760294051,17,4,40000.0,51.72,4.753913,4.914136836012767,4.618840613603709
1430,6.0,383.0,516.0,15.93,13.164360305086355,28,2,40000.0,98.02,11.677208,11.638617183245401,12.015409807975951
1431,1.0,203.0,285.0,3.98,1.782358175361599,8,1,,6.779999999999999,,,
1432,4.0,360.0,502.0,8.0175,4.983744079731241,19,4,20000.0,43.17,4.9923186,5.07088407536031,4.855847272178481
1434,0.0,0.0,48.0,0.0,,3,3,100000.0,27.86,3.2799857,3.880544516733231,3.0353464415145113
1437,0.0,0.0,82.0,0.0,,2,1,80000.0,6.94,2.868909,2.188546370801031,2.472138496191366
1438,3.0,433.0,578.0,18.19,7.577235145498928,15,3,20000.0,75.31,7.544432,7.377054329607754,7.6499406754665955
1442,3.0,649.0,674.0,11.173333333333332,4.485678603698549,19,3,40000.0,36.370000000000005,4.4722967,4.247478582574114,4.259417249546333
1443,1.0,36.0,50.0,12.58,8.753694537791127,11,4,60000.0,57.94,12.046382,10.956169287445098,10.327201656667581
1444,11.0,295.0,347.0,11.452727272727273,23.33389425802497,52,5,20000.0,133.28,23.33003,23.143335471041087,23.002392893754497
1446,1.0,92.0,635.0,39.2,2.7930741911626527,6,3,20000.0,53.35,2.813738,2.9065521233935474,2.656823162114268
1447,0.0,0.0,272.0,0.0,,5,1,80000.0,12.96,0.7260112,0.7062845611124353,0.5499707485725329
1448,1.0,132.0,251.0,20.52,5.818980992297539,9,3,80000.0,22.7,5.8434405,5.807315228008374,5.519135136513452
1449,4.0,581.0,664.0,15.362499999999999,7.637883217496766,22,4,60000.0,83.25999999999999,7.630244,7.812800344058304,7.667956025755911
1451,2.0,362.0,395.0,12.67,5.47913097200116,13,3,20000.0,45.79,5.5417533,5.344980519540021,5.6456786326389885
1455,0.0,0.0,333.0,0.0,,3,2,40000.0,14.66,0.5154351,0.6193862709786494,0.5766049065146719
1457,0.0,0.0,467.0,0.0,,5,2,120000.0,17.17,0.33503667,0.29130386738414366,0.28449074510893446
1460,1.0,202.0,262.0,11.23,3.7754249664255943,10,1,20000.0,22.4,3.6734047,3.80801610733858,3.711425041489537
1466,2.0,611.0,662.0,9.38,2.8365463251179874,11,1,60000.0,37.97,2.934594,2.826857659273201,2.869931786280402
1467,0.0,0.0,687.0,0.0,,5,3,40000.0,14.16,0.08512858,0.16884125099743938,0.21367568908262236
1468,3.0,275.0,540.0,14.36,5.524378389673863,22,2,40000.0,62.9,5.524855,5.5200318009613305,5.392454891211054
1469,0.0,0.0,35.0,0.0,,4,5,20000.0,34.22,4.622392,3.9912682293733046,3.90169191341793
1470,3.0,531.0,633.0,17.543333333333333,6.985936053721794,13,4,40000.0,63.81999999999999,6.95952,7.037549754063138,6.732556491360746
1473,0.0,0.0,355.0,0.0,,2,0,20000.0,4.83,0.39182737,0.3755788827624087,0.6438400134784761
1475,1.0,16.0,81.0,7.89,4.83554776352983,8,3,20000.0,17.95,4.8353815,4.6924385549263885,4.695340303238016
1478,1.0,88.0,321.0,10.5,2.373580707365707,5,4,40000.0,19.32,2.3625205,2.2291585480377596,2.344996228726578
1480,0.0,0.0,56.0,0.0,,4,3,20000.0,10.15,3.375836,3.2821383173359706,2.985153629268768
1481,3.0,505.0,571.0,7.896666666666666,3.7165383305631354,16,2,140000.0,31.639999999999997,3.7149577,3.6739540369362236,3.670559747686623
1484,2.0,285.0,557.0,21.134999999999998,5.6807380017980655,13,4,40000.0,54.28,5.590876,5.9180365128393255,5.610239948828513
1485,0.0,0.0,478.0,0.0,,4,1,60000.0,14.67,0.36281633,0.25160046266210917,0.27174710659048706
1487,0.0,0.0,177.0,0.0,,3,1,80000.0,14.81,1.4265263,1.4466720909635626,1.2842946403144113
1490,3.0,135.0,641.0,9.373333333333333,1.3253717410132535,18,4,60000.0,45.21,1.7364573,1.4576827445470206,1.329184973304396
1491,10.0,381.0,607.0,16.014,12.88176230122884,48,1,140000.0,166.12,12.881821,13.467935923470176,13.5144296838495
1494,1.0,129.0,216.0,4.51,2.2090135231965813,5,4,20000.0,6.1499999999999995,2.206799,2.1216372418925267,2.1269844265313083
1495,4.0,232.0,312.0,26.972499999999997,22.533317704859265,29,3,40000.0,121.69,20.865345,22.170838743697384,21.96262060464948
1497,3.0,514.0,599.0,9.276666666666667,4.097717391891548,14,3,40000.0,44.81,4.178935,4.200160250082304,4.2229202978578915
1498,0.0,0.0,207.0,0.0,,2,0,20000.0,7.66,0.83763725,1.0532323397103198,1.0450965724389194
1499,1.0,134.0,406.0,5.28,1.2737944944681145,12,0,20000.0,22.98,1.25201,1.124239312490289,1.2139180454954293
1501,2.0,59.0,235.0,7.09,3.6750654465679506,10,2,20000.0,28.15,4.43761,3.5928883599927164,3.463087793567668
1502,0.0,0.0,121.0,0.0,,2,5,80000.0,7.68,2.2349074,2.0510600387436844,1.8376663366963832
1503,1.0,30.0,210.0,2.49,1.316197104689457,4,1,40000.0,10.49,1.3170979,1.3167676580777044,1.1790167425529505
1504,0.0,0.0,199.0,0.0,,3,3,120000.0,11.03,1.0700754,1.185567015209363,0.9717158630709228
1507,2.0,374.0,606.0,16.95,4.628990743869418,12,1,60000.0,55.23,4.649465,4.727771411751156,4.7112644085723545
1508,1.0,167.0,288.0,7.67,2.5142457579447273,7,1,60000.0,10.11,2.541363,2.56315825767508,2.585961848415891
1511,1.0,15.0,218.0,6.16,1.9053187018364777,7,3,20000.0,28.7,1.9051377,1.8560974137758728,1.73214809206757
1512,0.0,0.0,641.0,0.0,,4,5,60000.0,16.74,0.13580498,0.1784623145523541,0.17734030326308226
1519,1.0,40.0,322.0,11.34,2.0877125854165453,9,0,40000.0,29.48,2.1497295,2.1902087029194752,2.1703648722706053
1520,0.0,0.0,358.0,0.0,,4,2,20000.0,2.82,0.41276616,0.3766819841077303,0.6187106433837322
1523,1.0,122.0,173.0,4.19,2.502644595309173,6,1,80000.0,24.82,2.487031,2.421682301976517,2.451938655405989
1524,3.0,417.0,584.0,12.713333333333333,5.316320631294726,18,4,20000.0,47.379999999999995,5.3256483,5.235737202995923,5.295075749262743
1528,4.0,509.0,538.0,9.067499999999999,5.6124412310584155,18,4,40000.0,72.92999999999999,6.209652,5.672441459103352,6.406223304928917
1529,0.0,0.0,516.0,0.0,,3,4,40000.0,6.75,0.3098013,0.264608699969721,0.19851901747766298
1531,0.0,0.0,171.0,0.0,,5,1,60000.0,10.25,1.4265275,1.620178648699576,1.2987937202209663
1532,1.0,380.0,663.0,19.14,2.6103341344581246,9,4,120000.0,33.13,2.7797458,2.696685837038351,2.761674137062044
1533,12.0,588.0,663.0,16.223333333333333,21.838503741083674,50,3,40000.0,206.67000000000002,21.83319,22.90155376545469,21.926202574207178
1537,0.0,0.0,185.0,0.0,,4,3,40000.0,3.54,1.2354406,1.4322570664862717,1.2123847049391445
1538,3.0,291.0,510.0,5.286666666666666,2.5505962999643446,18,2,120000.0,21.57,2.5315468,2.4004876816472396,2.5143870912562427
1539,2.0,445.0,504.0,11.809999999999999,4.261202089462768,12,2,60000.0,31.38,4.3363676,3.8479495402019226,4.18730535560601
1541,0.0,0.0,177.0,0.0,,4,4,20000.0,2.04,1.3036126,1.4760258362778913,1.2946137078722417
1542,2.0,104.0,147.0,37.12,26.485697524771076,9,3,60000.0,82.47,26.489685,23.685555455679317,25.963430969220376
1545,1.0,28.0,487.0,22.52,1.8638373284504317,6,0,60000.0,33.1,1.873147,1.8370898303460186,1.7309960848503776
1547,1.0,74.0,127.0,6.84,3.8592473107296223,6,5,80000.0,17.560000000000002,3.4527643,3.6688960808021935,3.742805142326854
1548,1.0,404.0,680.0,9.74,1.5145135764565794,10,2,20000.0,12.6,1.5110544,1.4881646216261526,1.4917412628256095
1549,2.0,284.0,618.0,20.365000000000002,4.774903118078823,12,4,40000.0,55.43,4.8244095,4.860923790293007,4.889835298150745
1550,9.0,246.0,322.0,14.52222222222222,24.885037890844202,41,2,40000.0,142.36,24.816872,24.598241609786538,24.250169958946994
1551,5.0,554.0,664.0,8.370000000000001,5.18351830157703,20,4,40000.0,51.75,5.186552,4.963460934450198,5.001442711273129
1553,5.0,218.0,337.0,19.688,18.266831138547168,28,1,40000.0,109.76,18.251606,18.512226475148985,18.487328316639807
1554,2.0,82.0,281.0,4.92,2.463322736424395,9,3,20000.0,24.240000000000002,2.436355,2.325671709255148,2.3977439550299646
1556,3.0,409.0,622.0,10.09,3.982006270357225,14,3,60000.0,42.08,3.3569655,3.6336236963894786,4.0139861157234735
1559,0.0,0.0,121.0,0.0,,4,2,20000.0,8.77,2.0983508,2.12037800522865,1.881972379606447
1560,0.0,0.0,165.0,0.0,,4,1,40000.0,8.82,1.4378738,1.7126647719667734,1.4232798901153974
1561,0.0,0.0,697.0,0.0,,5,4,20000.0,11.72,0.1011019,0.1311068779996104,0.19542203157583415
1563,2.0,88.0,134.0,6.29,5.700477049223359,10,4,40000.0,24.66,5.5394354,5.982211657307176,5.710527233723872
1564,1.0,2.0,50.0,14.61,9.108885437751361,8,4,40000.0,21.33,9.099567,9.20820450285577,9.105703387782654
1565,0.0,0.0,685.0,0.0,,4,5,60000.0,9.83,0.09387891,0.17107850012854625,0.19626500366936028
1567,13.0,652.0,659.0,11.616153846153846,17.46340375964864,61,2,60000.0,165.63,17.47076,17.116001093824373,17.32134415963947
1568,0.0,0.0,209.0,0.0,,3,0,80000.0,13.86,1.037505,1.0421363944573305,0.9311441782146348
1571,8.0,258.0,317.0,9.395,15.22136831885287,34,0,100000.0,95.23,15.230101,15.35522802180582,15.714629028743602
1572,0.0,0.0,204.0,0.0,,5,4,60000.0,24.63,1.1974578,1.1099834790658125,0.9896073215828016
1575,1.0,87.0,323.0,9.22,2.1347525050185667,6,2,20000.0,24.770000000000003,2.0516064,2.1454889574829035,2.13692150858423
1576,1.0,19.0,359.0,17.37,2.255747451460773,11,4,100000.0,37.980000000000004,2.2401094,2.181985951739799,2.467259014775643
1577,0.0,0.0,162.0,0.0,,3,4,20000.0,34.29,1.3952287,1.8032774540431784,1.6310570738503207
1578,4.0,210.0,299.0,8.7625,7.93160615480784,21,1,40000.0,54.379999999999995,7.959855,7.8283036118976925,8.040559222005564
1580,0.0,0.0,581.0,0.0,,3,4,20000.0,4.42,0.24577259,0.182137369446092,0.20596505906445994
1582,0.0,0.0,412.0,0.0,,4,4,40000.0,13.18,0.49704865,0.31946109688907776,0.48947757159245775
1583,0.0,0.0,125.0,0.0,,5,1,120000.0,11.48,2.282917,2.042874923642147,1.8324171756211545
1584,1.0,35.0,527.0,26.32,1.9609181193154681,8,3,20000.0,27.54,1.964033,2.073991139810439,1.9568109082672684
1586,0.0,0.0,49.0,0.0,,1,2,40000.0,2.5,3.48767,3.3659085455163646,3.015327217688596
1587,3.0,271.0,461.0,14.703333333333333,6.901573771315473,18,2,,58.26,,,
1588,0.0,0.0,261.0,0.0,,5,1,120000.0,19.88,0.8230095,0.7589496536537065,0.5376441288090987
1589,0.0,0.0,51.0,0.0,,2,0,40000.0,3.74,3.483881,3.3659085455163646,3.032281218383523
1590,3.0,169.0,328.0,24.429999999999996,13.938814041428657,18,1,20000.0,83.87,11.486167,12.418800924537766,12.763089340197144
1593,11.0,246.0,360.0,11.39,19.22796841212916,44,2,40000.0,132.94,19.219402,19.218862726258045,19.30844091826839
1594,4.0,499.0,659.0,16.0225,7.713221767291529,24,2,100000.0,71.88,7.701266,7.5825674862805466,7.593429509369325
1596,1.0,547.0,725.0,13.34,1.9798729424908545,7,2,80000.0,16.12,1.9858137,1.8626284890062783,1.9460003221739894
1598,3.0,287.0,497.0,15.326666666666668,6.69199080520624,19,0,20000.0,54.1,6.7081027,6.753083204463731,6.375382468719228
1599,2.0,284.0,336.0,13.9,6.588841014240065,9,4,20000.0,30.29,6.5238705,6.345981194415375,6.175983014513161
1601,0.0,0.0,283.0,0.0,,5,1,80000.0,17.1,0.6637476,0.6708064446194851,0.5874084451873358
1602,1.0,34.0,651.0,14.45,0.8069735020286165,9,5,20000.0,19.799999999999997,0.80382663,0.8978646180452287,0.5925057842208146
1603,2.0,8.0,493.0,4.585,0.46699915530887803,6,3,20000.0,16.22,0.46610007,0.648826985779968,0.4319892261846645
1605,0.0,0.0,433.0,0.0,,4,1,60000.0,18.9,0.24854995,0.2870195898968808,0.48917096421252193
1606,2.0,181.0,311.0,16.43,7.494573050033617,14,1,60000.0,54.58,7.6218443,8.03663039330215,7.923527980510648
1607,6.0,468.0,506.0,12.641666666666666,11.366995744315648,30,0,60000.0,95.24,11.4126835,11.586479500762868,11.537467922143044
1610,6.0,490.0,506.0,12.895000000000001,11.659685084484517,31,0,40000.0,84.93,11.624675,11.534316463305064,11.329875594606456
1611,1.0,56.0,545.0,12.84,1.1524937895425442,7,0,80000.0,22.8,1.1552484,1.2589995590984704,1.1533087894113931
1612,8.0,248.0,346.0,17.61875,24.947427445986406,43,3,140000.0,156.66,25.997246,25.88935686383769,24.61779148258816
1614,6.0,188.0,318.0,15.848333333333334,17.115368444803426,30,3,60000.0,117.71000000000001,17.119751,16.924118418589682,17.34809622854772
1615,0.0,0.0,266.0,0.0,,4,4,40000.0,8.18,0.787458,0.7657353488273712,0.5528571262784601
1616,1.0,10.0,360.0,4.14,0.776033269147671,8,3,40000.0,9.1,0.76415545,0.736443159699875,0.9139384091363629
1617,1.0,99.0,456.0,11.55,1.6870848757677122,8,4,140000.0,16.77,1.6582583,1.7088778029606895,1.5046904972729243
1620,0.0,0.0,161.0,0.0,,4,0,80000.0,7.95,1.4136244,1.6824657285894464,1.633216343987323
1622,3.0,534.0,558.0,11.146666666666667,5.206836715385611,16,1,80000.0,45.03,5.0671043,5.085342226671493,5.174752736334465
1624,2.0,344.0,601.0,5.205,1.6899406170464988,9,4,40000.0,33.93,1.7286692,1.7098251421480972,1.6770757465016093
1625,0.0,0.0,70.0,0.0,,3,0,,5.09,,,
1626,3.0,345.0,362.0,8.33,5.557867918221709,15,0,140000.0,27.91,5.5649457,5.350086894231441,5.4683912335790215
1628,0.0,0.0,645.0,0.0,,4,5,100000.0,2.27,0.047246605,0.1773328061613633,0.1738820628649247
1631,0.0,0.0,608.0,0.0,,4,3,40000.0,8.46,0.152217,0.1597690279637137,0.1861938774020686
1633,4.0,631.0,687.0,16.595,8.060816009720515,21,4,20000.0,77.22,8.085471,8.134482932188313,8.058119723924989
1634,3.0,642.0,729.0,14.32,5.196644014946645,16,1,20000.0,51.54,5.1895375,5.076226707074826,5.077994970532885
1636,7.0,192.0,256.0,8.68142857142857,14.21202581557084,30,2,40000.0,69.0,14.20733,14.130483236274475,14.113659259209818
1638,0.0,0.0,457.0,0.0,,3,1,,8.85,,,
1639,0.0,0.0,94.0,0.0,,1,4,40000.0,8.49,2.7187462,2.3361774094587258,2.233747169452106
1641,4.0,310.0,315.0,13.08,11.729863927988085,15,2,,66.94,,,
1642,0.0,0.0,415.0,0.0,,3,4,40000.0,10.3,0.51879334,0.30915492897585956,0.48947757159245775
1643,2.0,287.0,429.0,6.195,2.6636349463081097,13,1,80000.0,32.45,2.627194,2.844610156280364,2.9377636229632196
1646,2.0,52.0,110.0,7.16,6.728256818953847,9,2,80000.0,39.75,6.734737,7.104754013797408,6.980673198835614
1647,0.0,0.0,401.0,0.0,,4,1,120000.0,4.86,0.4504454,0.3016808759577839,0.44896917964338634
1648,2.0,28.0,675.0,16.375,0.7831554532216363,14,3,60000.0,42.21,0.7789429,0.8379982700618407,0.7492377335140015
1650,0.0,0.0,453.0,0.0,,2,2,20000.0,8.25,0.3257448,0.30977634886355243,0.416499424574142
1654,0.0,0.0,85.0,0.0,,5,1,20000.0,11.62,2.7418823,2.519172255777988,2.4837450327156607
1655,0.0,0.0,643.0,0.0,,4,2,40000.0,23.04,-0.023039235,0.18375230968980816,0.19916350612417588
1656,0.0,0.0,389.0,0.0,,4,4,20000.0,13.32,0.5037549,0.36053288089062724,0.44596922458410937
1658,0.0,0.0,186.0,0.0,,2,3,40000.0,8.22,1.2309283,1.4322570664862717,1.2123847049391445
1659,3.0,183.0,530.0,10.229999999999999,3.1491824611173067,14,1,40000.0,37.41,3.1400862,3.3887237852511163,3.3098545883517745
1660,3.0,122.0,311.0,9.163333333333332,5.281812265549999,16,4,20000.0,42.269999999999996,5.2127786,5.266121777902043,5.133422990381005
1662,0.0,0.0,273.0,0.0,,5,1,20000.0,13.49,0.56553936,0.7118339142075645,0.6030859648755484
1663,1.0,16.0,113.0,15.79,6.718502961884374,8,2,40000.0,30.18,6.7466,6.48723798572906,7.009303243258773
1665,2.0,533.0,606.0,8.620000000000001,2.8145963063171817,10,4,80000.0,21.78,2.77992,2.69684186792422,2.7303497205654392
1666,0.0,0.0,371.0,0.0,,4,3,20000.0,8.32,0.48057148,0.3766819841077303,0.5463010799740582
1669,1.0,324.0,444.0,23.14,4.612293348472383,11,5,40000.0,39.78,4.6041036,4.734224902131676,4.702547080593827
1674,0.0,0.0,134.0,0.0,,4,0,20000.0,14.12,1.6883402,1.7672477775734143,1.7438121813334773
1675,0.0,0.0,559.0,0.0,,4,2,140000.0,6.08,0.1393605,0.14889059067481475,0.22085252742738426
1676,6.0,271.0,524.0,9.958333333333334,5.99343264268258,29,3,40000.0,76.05,6.02575,6.228282959265047,6.388018644610305
1681,3.0,610.0,719.0,19.606666666666666,6.998187363260312,22,5,80000.0,88.45,7.8304667,8.008867846641877,7.664474720447558
1682,3.0,515.0,667.0,23.373333333333335,8.60714483303613,18,0,20000.0,81.78,8.737422,8.563599608996205,8.344462773621016
1683,0.0,0.0,471.0,0.0,,2,3,60000.0,16.7,0.31611082,0.28998547449263523,0.31697737992976815
1684,1.0,478.0,499.0,3.76,1.2340649705387525,7,3,60000.0,24.060000000000002,1.228305,1.3869466676174957,1.2286413328702244
1686,0.0,0.0,276.0,0.0,,4,0,,14.36,,,
1690,3.0,269.0,332.0,7.62,5.334276555558372,14,2,,28.6,,,
1692,1.0,487.0,605.0,2.16,0.7900370186672799,10,3,60000.0,8.879999999999999,0.7894547,0.7914394431757991,0.899192007313963
1693,10.0,277.0,323.0,14.081,27.569350319594708,47,3,40000.0,148.75,29.087683,27.541756338507334,27.365351681467807
1696,5.0,542.0,636.0,5.816,3.878451343382819,15,3,140000.0,33.84,4.2048497,3.931957267014092,3.8766376333902857
1701,0.0,0.0,192.0,0.0,,2,0,20000.0,3.15,0.86854523,1.411739280999541,1.0374990092702605
1702,0.0,0.0,160.0,0.0,,4,2,60000.0,10.21,1.4142938,1.7202694941230692,1.6377186116394826
1706,3.0,168.0,509.0,13.746666666666664,4.152803296374929,19,3,60000.0,45.959999999999994,4.153337,4.274467325040957,4.291873613399338
1718,3.0,604.0,663.0,20.043333333333333,7.744709473605729,18,4,40000.0,67.8,6.876923,7.103565999224043,7.367881461274418
1719,0.0,0.0,105.0,0.0,,4,3,40000.0,5.92,2.5990899,2.27584099232651,2.1666709533812067
1720,16.0,567.0,613.0,13.6725,26.145745715592895,74,4,40000.0,228.99,26.13628,24.595928685473464,26.036398844201315
1721,2.0,430.0,462.0,7.58,3.163731644365967,12,4,60000.0,29.86,3.1594543,3.189290010236951,3.1779683424703986
1722,1.0,26.0,291.0,3.71,1.0768599283388003,7,3,40000.0,17.59,1.1201044,1.1506779367784752,0.9198489198250739
1726,1.0,124.0,177.0,4.05,2.422522827634316,6,1,60000.0,22.68,2.4153306,2.4221868815435603,2.445707238297618
1728,0.0,0.0,447.0,0.0,,1,4,100000.0,3.08,0.3630276,0.2881258425405791,0.35763675947682305
1729,0.0,0.0,417.0,0.0,,4,1,120000.0,22.88,0.54903764,0.34480324721916505,0.48965376247382064
1730,0.0,0.0,652.0,0.0,,6,1,40000.0,6.52,0.102704376,0.16905410585163025,0.21280946531819467
1731,0.0,0.0,274.0,0.0,,5,5,20000.0,7.7,0.5974483,0.7172806515821477,0.57688381372063
1736,0.0,0.0,588.0,0.0,,3,0,80000.0,23.73,0.052859753,0.17096474149018653,0.22192739086396074
1737,0.0,0.0,246.0,0.0,,3,5,40000.0,4.86,0.9716453,0.9878860652530493,0.8280072078734317
1738,1.0,203.0,380.0,11.62,2.701032546030319,10,4,20000.0,42.36,2.6917562,2.4269176673769173,2.663530306261902
1740,0.0,0.0,43.0,0.0,,1,1,60000.0,5.01,4.63934,3.1699375073915523,3.0488998427682645
1741,0.0,0.0,706.0,0.0,,3,4,80000.0,4.75,0.0965915,0.14566937462158766,0.17415226356449498
1742,0.0,0.0,97.0,0.0,,2,2,40000.0,4.93,2.705085,2.3370934918717845,2.2560566290203363
1743,2.0,255.0,670.0,19.1,3.7678158380633873,12,3,60000.0,40.18,3.7303221,3.502719683054603,3.544609889603007
1744,7.0,402.0,544.0,12.665714285714285,11.493828110142676,31,3,40000.0,100.08,11.507197,11.6446706428125,11.466801549418491
1745,5.0,281.0,349.0,10.462,10.410385993698991,29,3,20000.0,65.0,10.373475,10.966390934183412,10.824181651775447
1747,0.0,0.0,368.0,0.0,,4,1,40000.0,14.35,0.7087829,0.3657101706570829,0.6227876234686827
1748,2.0,434.0,713.0,13.940000000000001,3.3643513654688175,11,1,20000.0,54.38,3.080608,3.5914574328553974,3.4349578454754
1750,1.0,470.0,644.0,6.24,1.2524383505768153,8,3,80000.0,11.34,1.2400241,1.1737195845664903,1.137928785994724
1753,7.0,305.0,345.0,10.438571428571427,14.332414454219135,30,3,20000.0,82.32,14.34245,14.532625820188786,14.14916021525729
1754,2.0,268.0,334.0,14.35,6.746037283976608,12,5,80000.0,49.120000000000005,6.728234,6.650985452630138,6.896973751149915
1755,0.0,0.0,225.0,0.0,,4,1,120000.0,22.72,1.101596,1.097212409509321,0.8629014178240482
1758,3.0,620.0,703.0,13.266666666666667,4.99325747423099,15,4,40000.0,42.260000000000005,4.971294,4.766981362386117,4.988882472139628
1759,0.0,0.0,209.0,0.0,,4,0,20000.0,6.34,0.82008696,1.0532323397103198,0.961571677857731
1763,2.0,154.0,291.0,25.814999999999998,11.656471933568287,12,4,60000.0,70.59,11.688795,11.904735654162582,11.77265928374708
1765,0.0,0.0,91.0,0.0,,4,2,120000.0,21.47,2.7741783,2.2004162027123377,2.256460392550637
1767,0.0,0.0,230.0,0.0,,2,1,80000.0,8.22,0.992396,1.0394438114108597,0.8842662006135598
1769,3.0,241.0,316.0,12.469999999999999,8.474523814085547,16,4,40000.0,39.68,8.516176,8.123419520199676,8.079753147905203
1770,7.0,275.0,339.0,17.617142857142856,23.59605774397729,36,5,40000.0,125.41,23.600798,23.0042203786564,22.891562162052264
1771,0.0,0.0,361.0,0.0,,3,4,120000.0,4.05,0.7144877,0.36041678778039105,0.5396477482766358
1773,5.0,634.0,646.0,15.828,9.950486820400045,22,2,40000.0,84.18,9.922289,9.653022134772002,9.646918943904438
1774,0.0,0.0,665.0,0.0,,2,1,100000.0,11.6,0.046602517,0.16342879496347618,0.2009627908661109
1777,0.0,0.0,60.0,0.0,,3,3,20000.0,9.6,3.3773644,3.2821383173359706,2.985153629268768
1780,2.0,434.0,624.0,11.92,3.426840871027492,13,3,60000.0,45.6,3.329947,3.323318116948183,3.5720879096820783
1781,0.0,0.0,192.0,0.0,,5,0,40000.0,33.84,1.1728572,1.4962719268164024,1.2855435965022899
1782,2.0,33.0,55.0,15.21,16.978902597576838,14,0,60000.0,36.61,15.3423,15.189507189699272,16.54732634969109
1783,1.0,332.0,630.0,9.7,1.541581040089543,4,1,40000.0,25.369999999999997,1.4089289,1.502881101420597,1.5035752982970578
1785,5.0,157.0,362.0,11.322,7.701905073776574,19,5,80000.0,77.50999999999999,7.709377,7.455071068703133,7.52883732813188
1787,12.0,272.0,331.0,11.025833333333333,24.864875569165637,55,2,20000.0,138.57999999999998,23.920483,24.04613028275519,23.96304170755657
1788,3.0,147.0,240.0,9.946666666666667,7.967557530594377,18,5,40000.0,44.0,7.9527636,8.067359646839462,8.11227023823567
1791,2.0,128.0,513.0,17.2,3.524789907093151,13,1,120000.0,48.62,3.597815,3.527557184532472,3.6860225122806183
1792,2.0,164.0,279.0,9.57,5.057253072168237,14,4,20000.0,38.8,5.0380855,5.2591814765771225,5.041134534208052
1793,0.0,0.0,576.0,0.0,,3,0,60000.0,21.28,0.042807788,0.16172552190492132,0.23864371574398113
1794,2.0,379.0,663.0,17.14,4.212764323682393,12,4,80000.0,39.489999999999995,4.2166467,4.07224170281983,4.023600986839915
1795,1.0,177.0,375.0,14.95,3.20864878527826,10,4,60000.0,50.08,3.2405849,3.2347463106719654,3.319229628112403
1796,0.0,0.0,217.0,0.0,,2,2,40000.0,2.37,1.0215601,1.0665511213373624,0.867898430390575
1798,5.0,437.0,492.0,11.142,8.717225056747179,25,0,20000.0,76.41,8.696053,8.498751925028284,8.765873770648685
1799,1.0,79.0,331.0,14.82,2.9097988138930515,9,5,80000.0,33.870000000000005,2.9691255,3.40195190947661,3.1822923904234997
1802,2.0,173.0,532.0,11.92,2.8448025942046713,12,1,60000.0,28.95,3.2397418,2.760144705068889,2.8860330542732275
1805,2.0,258.0,324.0,12.57,6.1216488483651625,16,1,40000.0,64.38,6.189728,6.513984766238806,6.778400482105826
1807,0.0,0.0,452.0,0.0,,5,1,20000.0,2.28,0.33144256,0.30683253995723864,0.39988622525108486
1808,0.0,0.0,689.0,0.0,,4,4,20000.0,13.62,0.117394514,0.16592079064210527,0.2067594205295613
1810,0.0,0.0,580.0,0.0,,2,0,60000.0,0.9,0.15734366,0.16718486694084683,0.23301328423711265
1811,1.0,68.0,221.0,14.0,4.153326810305841,10,4,40000.0,36.54,4.8825636,4.461758892282141,4.492195383154092
1812,6.0,296.0,322.0,15.69,19.46999506237382,26,5,40000.0,98.63,16.00385,17.129656155808505,17.548674648910236
1813,2.0,147.0,562.0,13.085,2.5561180079561705,17,4,40000.0,33.84,2.5487118,2.528420173136167,2.6868585313576494
1814,0.0,0.0,66.0,0.0,,3,2,40000.0,3.76,2.8336453,2.447622245721759,2.8897118316924724
1815,0.0,0.0,224.0,0.0,,6,5,40000.0,3.42,0.99352795,1.0765600712976962,0.8309941964681888
1820,2.0,361.0,638.0,8.129999999999999,2.2699374982903255,13,4,80000.0,31.11,2.2506115,2.3667929263536487,2.0997529918212923
1821,0.0,0.0,653.0,0.0,,5,4,40000.0,21.28,-0.051335342,0.17008639468020958,0.1894112764088769
1822,0.0,0.0,493.0,0.0,,4,2,140000.0,1.46,0.27628657,0.24902692921291714,0.20367131405696437
1823,2.0,272.0,331.0,8.555,4.3647736489797655,14,2,20000.0,24.12,4.2809205,4.137944569876061,4.311994985364764
1825,2.0,198.0,423.0,16.955,5.679057410633961,13,5,40000.0,57.41,5.51688,5.852731234343696,6.196151275393211
1826,0.0,0.0,286.0,0.0,,2,0,40000.0,9.29,0.5986634,0.6407925628796387,0.6107739853670742
1829,0.0,0.0,288.0,0.0,,4,3,60000.0,22.92,0.71162015,0.6963218797765044,0.5713661526809517
1832,0.0,0.0,404.0,0.0,,3,4,20000.0,8.56,0.4685252,0.30634187119687534,0.47209231125025397
1836,3.0,300.0,329.0,5.25,3.993480339395231,13,3,40000.0,22.22,4.003916,4.119783069296246,4.116933506083927
1838,0.0,0.0,584.0,0.0,,3,3,20000.0,4.69,0.21500196,0.1535683487586071,0.21823939599447328
1839,0.0,0.0,554.0,0.0,,4,3,80000.0,26.64,0.16515632,0.09984241344643846,0.2722910268485137
1841,1.0,275.0,369.0,3.94,1.4916613307197264,6,1,60000.0,10.66,1.4221348,1.3606304942878293,1.5942629876120291
1843,2.0,48.0,237.0,11.825,5.330391995744919,14,2,60000.0,53.75,5.299642,5.089137587930763,5.292365490701762
1844,1.0,17.0,162.0,17.93,5.681214418579364,7,1,40000.0,38.03,5.691292,5.458798517758318,5.761876906568847
1845,3.0,89.0,162.0,10.826666666666666,10.778963962627511,20,2,40000.0,70.86,10.768998,10.924039561663974,11.11227305133924
1848,0.0,0.0,120.0,0.0,,3,0,60000.0,10.21,2.1873543,2.094859019183001,2.044402575796526
1849,0.0,0.0,334.0,0.0,,5,0,80000.0,14.53,0.5147621,0.5956645089831282,0.5997262541425181
1850,8.0,600.0,636.0,11.97875,11.709894364459391,37,1,140000.0,101.23,11.71829,11.795370453327934,11.322753479291277
1852,0.0,0.0,222.0,0.0,,3,0,40000.0,1.53,1.0375671,1.0322321941046284,0.8748104483189652
1853,6.0,320.0,359.0,12.193333333333333,14.100501959021699,25,4,20000.0,81.7,14.091605,14.074143225963251,13.818235369622975
1856,0.0,0.0,246.0,0.0,,5,1,40000.0,19.58,0.8243085,0.9769799828425397,0.8521922352053455
1861,1.0,9.0,27.0,23.1,16.17032668565338,7,4,60000.0,38.83,16.169487,15.331232094150192,15.701297690294462
1862,1.0,102.0,247.0,7.81,2.6262870417371214,9,3,40000.0,27.09,3.1224194,3.028107943348125,2.665111123734128
1864,0.0,0.0,248.0,0.0,,4,4,140000.0,15.29,0.93189514,0.9705550051914493,0.6786223087001382
1865,2.0,94.0,659.0,12.285,1.2752481893059602,9,2,40000.0,35.74,1.8962938,1.3033878775852343,1.4112991007076632
1866,0.0,0.0,53.0,0.0,,4,1,40000.0,10.62,3.4399228,3.3659085455163646,3.018843446227521
1869,1.0,647.0,676.0,19.43,3.055389152913869,8,4,60000.0,27.65,3.0471992,2.952642583280913,2.9962414031131956
1871,8.0,287.0,326.0,12.73875,20.360771596290583,40,0,40000.0,117.98,20.389172,20.245889742602966,20.691686379067093
1872,1.0,428.0,628.0,2.81,0.811313794938237,7,4,20000.0,9.540000000000001,0.78784275,0.7352377961340056,0.7341407982166013
1874,3.0,368.0,472.0,9.416666666666666,4.914610967853752,16,2,60000.0,35.949999999999996,4.9089427,4.936505134833262,4.525322865289919
1877,0.0,0.0,203.0,0.0,,4,0,80000.0,7.22,1.059203,1.0532368197954989,1.0040729357919904
1882,1.0,206.0,352.0,10.08,2.6419706637947744,9,5,60000.0,16.62,2.550917,2.4290713999003803,2.659688690490629
1883,0.0,0.0,322.0,0.0,,3,1,80000.0,10.66,0.6227827,0.6200709246365174,0.639012202378697
1887,0.0,0.0,106.0,0.0,,3,5,40000.0,11.91,2.5808203,2.2546878949439666,2.1406412496424156
1890,0.0,0.0,419.0,0.0,,5,4,60000.0,23.94,0.5694982,0.3350586780829733,0.49322448185975354
1891,0.0,0.0,336.0,0.0,,6,0,20000.0,36.77,0.88553035,1.089361626965679,0.6624031895380895
1893,1.0,169.0,329.0,27.19,6.059885204206901,5,2,40000.0,42.84,6.053256,6.009624039180621,6.133354694826771
1894,0.0,0.0,93.0,0.0,,5,3,20000.0,10.01,2.7119594,2.5318668853808277,2.2816459886367517
1896,1.0,370.0,483.0,4.02,1.2380589104422846,3,3,20000.0,8.149999999999999,1.2350364,1.290218887459005,1.2968783582396544
1897,2.0,535.0,688.0,10.235,2.853568806042506,10,4,140000.0,33.19,2.8832238,2.896310596010836,2.9159202657303402
1898,0.0,0.0,619.0,0.0,,3,1,80000.0,18.47,0.024029871,0.1659670398731474,0.1873422866997343
1899,0.0,0.0,501.0,0.0,,6,3,,22.56,,,
1900,1.0,26.0,740.0,6.32,0.32569587800301203,6,3,140000.0,20.32,0.31527972,0.37096784944798955,0.41459305359237764
1901,0.0,0.0,173.0,0.0,,3,2,40000.0,18.58,1.3185472,1.4626735226397602,1.3050172699195173
1904,1.0,292.0,338.0,3.4,1.5266560149655715,5,2,40000.0,8.38,1.5020065,1.4889052390845727,1.5269404061934813
1906,1.0,21.0,733.0,11.5,0.48634707499642027,9,1,60000.0,29.42,0.48369238,0.513035079832281,0.43121639301531545
1910,1.0,14.0,124.0,17.33,6.751075961098707,7,1,20000.0,26.79,7.311982,6.477955408061075,6.933344478151573
1913,0.0,0.0,374.0,0.0,,3,3,80000.0,3.35,0.49304768,0.3663274278954627,0.5044300589739299
1915,0.0,0.0,550.0,0.0,,6,1,,18.56,,,
1916,0.0,0.0,517.0,0.0,,3,3,20000.0,7.25,0.2858891,0.26393764602374364,0.21890711619082115
1917,1.0,418.0,537.0,32.54,5.4714585205626545,8,1,80000.0,50.86,5.4513526,5.273435866901549,5.443354746625921
1918,0.0,0.0,732.0,0.0,,5,0,40000.0,13.41,0.0052087707,0.14975024507914023,0.15401998700536623
1920,0.0,0.0,463.0,0.0,,5,2,,16.62,,,
1921,0.0,0.0,48.0,0.0,,5,4,40000.0,19.26,3.4027975,3.39976308789105,2.959381176258737
1922,0.0,0.0,454.0,0.0,,3,2,60000.0,13.77,0.30032936,0.28998547449263523,0.4118721042011586
1925,0.0,0.0,462.0,0.0,,1,4,80000.0,3.52,0.36139694,0.2881258425405791,0.28067953521686206
1926,0.0,0.0,269.0,0.0,,4,2,40000.0,27.43,1.1959577,0.8370431951449626,0.5869230946203681
1928,1.0,87.0,428.0,20.63,2.827433850969424,9,2,20000.0,23.82,3.0403955,3.010372565844415,2.920852776087434
1929,0.0,0.0,171.0,0.0,,3,1,40000.0,8.7,1.4297773,1.6151299082435584,1.3014463506958966
1930,6.0,209.0,264.0,12.823333333333332,17.869904913193544,26,4,20000.0,84.24000000000001,17.836761,17.986072098645597,17.35060044074131
1931,1.0,157.0,692.0,19.66,1.681841233126348,7,1,120000.0,30.27,1.9234499,1.8004866924489182,1.6103185065600245
1932,1.0,542.0,593.0,13.0,2.4174928137971046,8,2,40000.0,31.71,2.7060158,2.576658167282658,2.6060813150900795
1934,0.0,0.0,593.0,0.0,,1,2,120000.0,3.32,0.12429853,0.16152753149936755,0.18154834265735076
1935,0.0,0.0,44.0,0.0,,4,4,100000.0,26.22,3.4440522,3.9591664778667903,2.9465009759436094
1936,1.0,51.0,220.0,1.91,1.2269756284543853,9,4,20000.0,11.99,1.2313424,1.2807283648610166,1.3518648762899126
1938,1.0,36.0,672.0,6.53,0.43151231864503936,9,3,80000.0,12.72,0.39199352,0.5467295293506962,0.4289231296175915
1939,1.0,62.0,328.0,2.22,0.8658558182871983,9,5,20000.0,9.6,0.90924394,0.9355336279432463,0.9890480625781892
1940,2.0,650.0,727.0,15.040000000000001,3.9360674302470424,11,1,100000.0,40.93,3.9451575,3.8404389549551494,3.8692696462900784
1941,1.0,290.0,474.0,12.95,2.5687478230902108,10,5,140000.0,25.1,2.5747252,2.641236159236164,2.490244521474525
1942,12.0,268.0,325.0,9.008333333333333,20.7331282174412,56,2,100000.0,111.78,20.530735,21.841383740555536,19.72596275777003
1946,0.0,0.0,148.0,0.0,,3,4,60000.0,7.48,1.8404936,1.7751580580365844,1.7597121339705604
1947,2.0,32.0,344.0,9.14,2.2481810328411953,11,0,100000.0,34.81,2.2759092,2.012997502452293,2.25347306263337
1948,3.0,134.0,297.0,9.333333333333334,5.903064802694184,17,1,140000.0,53.980000000000004,5.934332,5.936744606856492,6.187906964869961
1950,1.0,24.0,652.0,7.47,0.45666212110079374,11,3,60000.0,30.73,0.42823458,0.369700478985124,0.5163019738046435
1952,0.0,0.0,247.0,0.0,,3,1,40000.0,4.86,0.9704539,0.9824393278784656,0.7111582844842879
1953,0.0,0.0,731.0,0.0,,3,1,80000.0,1.43,-0.021046173,0.17563741499015775,0.14397623540293214
1954,0.0,0.0,625.0,0.0,,5,3,80000.0,8.66,0.045795918,0.18066836701362773,0.1667040001348976
1956,0.0,0.0,98.0,0.0,,6,0,40000.0,9.88,2.6451883,2.312085316926145,2.178290325619053
1957,2.0,357.0,567.0,13.11,3.9143237175066643,15,2,140000.0,36.97,3.9727278,3.9738494656134513,3.89152043991694
1958,1.0,97.0,293.0,13.57,3.2877663022767294,9,4,,21.59,,,
1959,1.0,54.0,278.0,3.74,1.2932756002983081,9,0,40000.0,18.78,1.3264219,1.2948629841774764,1.2584728066717714
1961,0.0,0.0,76.0,0.0,,4,5,80000.0,1.98,2.8325708,2.1127815475828107,2.444865000570741
1962,0.0,0.0,223.0,0.0,,2,0,40000.0,7.49,1.0337816,1.0397382155966923,0.8748104483189652
1965,9.0,650.0,705.0,16.38111111111111,16.188755458360138,42,3,40000.0,164.59,16.209732,15.668899278987745,16.42093576568039
1966,0.0,0.0,51.0,0.0,,4,5,40000.0,5.62,3.5308168,3.340453807061711,2.9577080669930944
1972,5.0,273.0,340.0,12.236,12.284446181615237,25,2,60000.0,86.68,12.3034115,12.502461695012968,12.856199126912484
1973,0.0,0.0,170.0,0.0,,3,2,20000.0,14.26,1.2774544,1.6138210732043374,1.4033957407396915
1974,2.0,143.0,630.0,7.375,1.2452386048542787,7,1,20000.0,22.28,1.2779006,1.265120254123638,1.265151618964854
1975,1.0,3.0,111.0,18.68,7.4466224056720645,7,2,20000.0,24.18,7.426983,7.739229696213209,7.782788421307095
1976,0.0,0.0,205.0,0.0,,4,4,120000.0,19.24,1.0474175,1.089535478119844,0.966757624507224
1977,3.0,591.0,652.0,12.25,4.96305036603807,16,4,20000.0,43.83,5.0155463,5.143838549145888,4.968277465367569
1978,0.0,0.0,359.0,0.0,,5,3,120000.0,7.33,0.6953909,0.3663274278954627,0.572438300366521
1979,7.0,598.0,647.0,13.234285714285715,11.217900075284927,29,5,40000.0,102.62,11.181444,10.807734206827831,10.960026073067816
1980,0.0,0.0,306.0,0.0,,3,4,20000.0,9.24,0.53139085,0.6739244876501201,0.6670472879389777
1983,1.0,145.0,364.0,9.47,2.195934911626293,10,5,40000.0,56.269999999999996,2.1741748,2.403793552201164,1.9232529018231608
1984,0.0,0.0,627.0,0.0,,3,0,40000.0,12.71,0.060260072,0.17931940830134707,0.2036501273603415
1985,0.0,0.0,308.0,0.0,,1,2,40000.0,10.22,0.6319359,0.6571576753498423,0.6865993842931095
1987,3.0,367.0,603.0,7.566666666666666,3.0769833195522356,15,0,60000.0,32.5,3.148833,3.118070788774092,3.0404170411225997
1990,2.0,583.0,661.0,4.155,1.4950739617878834,15,2,20000.0,19.0,1.4756055,1.4243053638449485,1.5662489157848265
1991,4.0,438.0,634.0,11.4175,5.608881827940654,23,1,60000.0,49.39,5.433692,5.7019301039677615,5.51125749901428
1995,0.0,0.0,28.0,0.0,,5,5,120000.0,39.73,4.1444764,3.840964586613292,4.211805473722412
1996,1.0,160.0,224.0,14.15,4.925050420307457,9,1,40000.0,16.64,4.9407015,4.9317758198737645,4.938890097762086
1999,0.0,0.0,687.0,0.0,,3,2,40000.0,7.62,0.10971349,0.16884125099743938,0.2081248749659963
2001,1.0,32.0,57.0,42.56,23.73522740759886,13,4,40000.0,49.36,23.718803,20.859362589863167,23.58161473592917
2002,0.0,0.0,199.0,0.0,,2,3,20000.0,7.26,0.94368345,1.18958711661256,1.0099413601441638
2011,2.0,472.0,700.0,8.085,2.2186119309566488,11,3,80000.0,34.97,2.1974633,2.348689187580054,2.1533658630143773
2015,3.0,311.0,354.0,11.613333333333335,7.511670625877265,15,2,60000.0,40.160000000000004,7.4679575,7.144322856472266,7.502361966601585
2019,8.0,695.0,714.0,12.06,10.768050050247812,41,4,20000.0,126.67,10.7848,10.676493188206582,10.969812724205628
2022,2.0,75.0,154.0,10.005,7.445400439283034,9,3,60000.0,24.28,7.432567,7.49672177808716,7.374413122262143
2023,7.0,272.0,330.0,15.268571428571429,21.01571226656654,31,1,40000.0,116.71000000000001,21.026926,21.20140869289419,20.621084756712044
2024,1.0,32.0,354.0,10.51,1.667533108585819,8,2,40000.0,19.13,1.59685,1.3916996809824214,1.5394525704764908
2029,1.0,107.0,183.0,3.53,2.1425423325981665,9,1,60000.0,17.18,2.114752,2.2080293578053056,2.109533736729955
2032,3.0,734.0,736.0,13.593333333333334,5.013768035262159,18,3,20000.0,60.28,5.017309,5.248926923968705,5.1198799054268935
2034,1.0,10.0,96.0,5.16,3.281457792046254,8,5,20000.0,16.25,3.2933462,3.227536910072145,3.2929406059982846
2035,3.0,446.0,712.0,8.17,2.885770000902651,15,5,60000.0,53.51,2.832893,2.98772978398632,2.7806169722076106
2039,1.0,23.0,144.0,18.3,6.5203576196809845,7,1,40000.0,26.64,6.5962133,6.594851857392866,6.477113462547114
2041,0.0,0.0,607.0,0.0,,3,1,40000.0,3.87,0.19168259,0.1568252190573999,0.17990515318159073
2043,0.0,0.0,639.0,0.0,,3,4,120000.0,2.75,0.08705026,0.17904415842730262,0.17866348131224807
2044,0.0,0.0,336.0,0.0,,3,1,60000.0,16.92,0.48462042,0.6053715427984048,0.6103230738138583
2047,0.0,0.0,30.0,0.0,,5,3,100000.0,11.88,4.5927076,3.05652258583207,3.819618150816368
2048,1.0,21.0,302.0,12.08,2.157725187107751,10,3,20000.0,25.35,2.1822696,2.1039372591174668,2.1593048749942376
2050,0.0,0.0,140.0,0.0,,6,3,80000.0,17.76,1.8810534,1.75440165833866,1.7635829249680137
2051,0.0,0.0,47.0,0.0,,3,3,40000.0,8.91,3.469766,3.3659085455163646,3.014826668062667
2052,0.0,0.0,670.0,0.0,,3,1,40000.0,7.11,0.100150466,0.16167029142782233,0.2146533844980567
2053,0.0,0.0,567.0,0.0,,6,5,100000.0,17.76,0.09486348,0.1594417574017518,0.20278123591144936
2054,1.0,403.0,646.0,10.33,1.682379061345653,10,1,40000.0,15.01,1.6769783,1.6382491801427865,1.7156333079967672
2057,0.0,0.0,51.0,0.0,,4,2,60000.0,16.67,3.4607453,3.1869215109452274,3.054768006152238
2059,0.0,0.0,485.0,0.0,,3,1,20000.0,27.3,0.41757405,0.17446191090475688,0.28700609651503406
2060,0.0,0.0,46.0,0.0,,2,1,40000.0,1.34,3.4931474,3.3659085455163646,3.018843446227521
2061,1.0,266.0,724.0,15.9,1.7055069392671904,7,3,20000.0,26.950000000000003,1.7276838,1.542232219313643,1.6132169094901645
2063,7.0,290.0,350.0,10.581428571428571,14.18212174461443,37,2,20000.0,90.05,14.189806,14.264535617965302,14.90995254586393
2065,5.0,470.0,533.0,11.832,8.654999773170543,26,2,140000.0,64.22,8.680523,8.72159809602223,8.230129811136829
2066,1.0,2.0,99.0,20.35,8.599440897304852,13,5,60000.0,39.32,8.609163,9.191585064284231,8.748339682849664
2067,1.0,65.0,572.0,19.24,1.5532673818006528,10,3,60000.0,27.46,1.5290803,1.5045691661541825,1.5996140592397197
2068,1.0,116.0,181.0,19.18,7.060779303180016,8,3,40000.0,26.6,6.308839,7.217700426118657,6.777199340274786
2070,3.0,215.0,269.0,9.833333333333334,7.687913999785096,17,4,80000.0,34.059999999999995,7.6689625,7.455630045069239,7.486249343284983
2071,1.0,388.0,627.0,10.07,1.6883114450174435,6,2,40000.0,14.0,1.6558393,1.6268103445945545,1.7359491004906564
2075,2.0,277.0,343.0,19.31,8.668850963868032,13,1,140000.0,60.92,8.66122,8.762277108788195,9.154747169433985
2076,0.0,0.0,449.0,0.0,,5,3,60000.0,14.12,0.32700443,0.28998547449263523,0.3953722169301388
2077,2.0,461.0,518.0,29.74,9.697084525739601,11,4,80000.0,72.77,9.691548,9.51246441393118,9.502676261357303
2078,2.0,432.0,494.0,22.085,7.59203846824072,12,1,140000.0,46.410000000000004,7.5875363,7.515751182500042,7.072925811751849
2082,2.0,155.0,206.0,12.795,8.271580134639542,8,5,60000.0,32.61,8.219875,7.980368681135052,8.108045696449773
2084,2.0,207.0,438.0,11.16,3.82006287972205,12,1,40000.0,34.849999999999994,3.8805375,4.20362617010145,3.8786004078712835
2086,10.0,653.0,718.0,9.849,10.689716152173258,44,1,20000.0,124.01,10.703698,10.933675380541505,11.014798638336629
2088,0.0,0.0,117.0,0.0,,4,0,100000.0,20.59,2.1813898,2.057285123062846,2.029606654488295
2090,1.0,98.0,119.0,13.01,6.657146990320834,7,2,20000.0,38.589999999999996,6.9700055,7.00581001047738,6.739370419644424
2094,2.0,283.0,295.0,25.825,12.929207887354941,15,2,100000.0,64.21,12.926585,13.0980714769802,12.673917848356933
2095,0.0,0.0,253.0,0.0,,2,1,40000.0,4.9,0.75783175,0.7582604415916244,0.6581776361993015
2096,0.0,0.0,648.0,0.0,,5,1,40000.0,16.24,0.09853263,0.16905410585163025,0.21183549754588427
2099,8.0,339.0,366.0,9.58,14.38812013809878,34,0,40000.0,97.49000000000001,14.396301,14.637656838661718,15.026309306430074
2106,3.0,507.0,551.0,5.193333333333333,2.701471588351908,15,5,80000.0,21.96,2.575223,2.5512814304324345,2.851904205042881
2107,0.0,0.0,247.0,0.0,,5,2,80000.0,11.88,0.9566729,0.9810899554382823,0.6833864390832005
2108,0.0,0.0,253.0,0.0,,3,5,40000.0,0.6,0.770948,0.7637071789662077,0.6235828554676734
2110,0.0,0.0,614.0,0.0,,4,3,40000.0,10.8,0.152217,0.1597690279637137,0.1861938774020686
2111,1.0,57.0,129.0,5.28,3.1357086594220775,10,2,20000.0,15.420000000000002,3.0972853,3.111985821692211,2.9795041514568448
2112,1.0,45.0,333.0,15.6,2.6333666731111562,9,2,40000.0,27.84,2.651898,2.7615378261810917,2.624754436670566
2114,1.0,243.0,357.0,10.3,2.7666446846884774,8,3,40000.0,29.810000000000002,2.757491,2.7411734480539267,2.807149824046518
2115,2.0,36.0,169.0,11.935,7.23852882370589,11,1,60000.0,34.08,7.254088,7.048930671795216,7.151164810547183
2118,9.0,177.0,277.0,13.018888888888888,22.37060313208919,35,4,20000.0,134.81,22.374079,22.3233190910372,22.215776713514607
2123,1.0,204.0,289.0,14.84,4.313548910861358,8,0,60000.0,34.989999999999995,4.326168,4.426461680607156,4.590746389769541
2124,0.0,0.0,363.0,0.0,,6,3,40000.0,26.11,0.6437227,0.34695470497874986,0.6074572359408936
2127,1.0,470.0,635.0,22.53,3.397605015640629,8,4,20000.0,42.86,3.4350224,3.4098206584147213,3.293463511525266
2128,0.0,0.0,38.0,0.0,,4,3,120000.0,4.61,4.611277,3.0498394241124784,3.87746087432112
2130,5.0,308.0,343.0,13.638,13.803392654520408,23,4,140000.0,76.71000000000001,13.8183,13.98230192741404,13.95202639781613
2132,1.0,473.0,681.0,19.82,2.813183088353298,11,3,140000.0,32.3,2.811587,2.8764859512799417,2.805725886074907
2134,1.0,13.0,176.0,2.92,1.5551982855776547,7,4,,18.259999999999998,,,
2135,2.0,391.0,551.0,9.469999999999999,3.1321181864030727,5,3,120000.0,22.689999999999998,3.1358879,3.0573049057130697,3.1118936179028367
2139,6.0,233.0,274.0,11.496666666666668,15.925171194696919,27,4,20000.0,79.06,15.910243,15.806709911727147,15.77983426552253
2141,0.0,0.0,114.0,0.0,,5,0,80000.0,16.17,2.1881504,2.3587594328552703,2.038066267588504
2143,5.0,490.0,708.0,12.831999999999999,6.8216373894765745,20,3,20000.0,71.61,6.8185472,6.8295106067281734,6.892023009542603
2144,0.0,0.0,102.0,0.0,,6,4,60000.0,6.56,2.6412206,2.314857081490864,2.175528452373067
2147,1.0,504.0,677.0,5.16,1.0750221065548418,9,1,40000.0,19.27,1.0803094,1.0899786219916854,1.041197090764432
2150,0.0,0.0,401.0,0.0,,2,4,40000.0,8.56,0.48443878,0.29831386665254167,0.45442342026889193
2151,0.0,0.0,263.0,0.0,,2,2,20000.0,12.64,0.6310816,0.7729021606910749,0.5859073066488776
2153,1.0,12.0,68.0,7.85,5.187069369613276,7,4,20000.0,28.93,5.1925263,4.8848197062652305,5.5244780091497585
2156,0.0,0.0,226.0,0.0,,4,3,60000.0,13.52,1.003422,1.0680054579472755,0.875207381715434
2158,0.0,0.0,707.0,0.0,,4,3,20000.0,13.68,0.12461102,0.13783663399654547,0.1956797577134619
2162,0.0,0.0,136.0,0.0,,2,0,40000.0,5.3,1.8930199,1.760474142421664,1.720918429533869
2163,0.0,0.0,32.0,0.0,,3,1,,15.66,,,
2168,3.0,567.0,652.0,15.38,6.074417870070524,16,3,120000.0,65.19,6.3858423,6.680972960355799,6.2729603708415596
2169,1.0,13.0,59.0,11.06,7.0901346188344645,6,3,140000.0,24.09,7.099193,7.501543212326581,7.201926406411337
2171,3.0,600.0,651.0,5.603333333333333,2.515573063619666,17,1,40000.0,17.93,2.5171542,2.5798761601191034,2.6329762950224094
2175,13.0,349.0,370.0,16.485384615384614,38.1256303239206,61,5,120000.0,232.55,38.122498,37.179151425133256,37.87772826834748
2176,6.0,265.0,332.0,16.505,19.50207119247886,33,5,20000.0,133.32999999999998,19.537907,19.87403571254508,20.129095113646635
2177,2.0,322.0,343.0,14.219999999999999,6.736392032786403,9,1,20000.0,39.72,6.6748986,6.875981113084423,6.7390705911275335
2178,1.0,87.0,178.0,31.68,10.545771958475413,9,0,20000.0,35.42,10.208021,9.983550762623127,9.867614826545356
2181,0.0,0.0,169.0,0.0,,3,5,140000.0,5.69,1.3278121,1.5614320264899844,1.3402062108799129
2182,0.0,0.0,129.0,0.0,,2,3,80000.0,4.76,1.9962336,2.05952598520016,1.722465790855078
2183,0.0,0.0,384.0,0.0,,6,4,40000.0,4.18,0.5408144,0.35250487634629357,0.44504191776104207
2185,0.0,0.0,579.0,0.0,,2,2,40000.0,11.2,0.20526168,0.17452128627367214,0.21843700770017094
2187,0.0,0.0,478.0,0.0,,4,1,40000.0,21.38,0.30909553,0.2525186774571332,0.28026258711780017
2188,1.0,159.0,505.0,3.67,0.8346182926041086,6,2,120000.0,9.08,0.806871,0.8971705918700913,0.7466160895857019
2191,2.0,27.0,190.0,7.945,4.395360102443452,13,5,20000.0,30.19,3.5658422,4.284613604034696,4.327425162831393
2193,0.0,0.0,454.0,0.0,,5,3,60000.0,9.8,0.3293751,0.28998547449263523,0.4135286498521671
2194,0.0,0.0,473.0,0.0,,3,2,40000.0,9.5,0.43417856,0.29636303432358474,0.2717995235151456
2198,3.0,535.0,722.0,11.246666666666664,4.028532560988947,18,3,60000.0,51.019999999999996,4.404771,4.231934354940024,4.057087445929456
2200,1.0,126.0,277.0,17.15,4.501242682710995,10,0,60000.0,31.409999999999997,4.458907,4.6012218781338685,4.585261195126936
2201,13.0,462.0,587.0,10.476153846153846,15.6116981126336,54,2,40000.0,143.67,15.607611,15.942225798519734,15.663837060765367
2204,0.0,0.0,377.0,0.0,,7,5,80000.0,20.16,0.37712675,0.3538702054179459,0.4929207541769367
2206,0.0,0.0,316.0,0.0,,5,2,20000.0,18.56,0.3915925,0.6597263348582506,0.6482031604244964
2208,0.0,0.0,403.0,0.0,,3,5,60000.0,15.14,0.5911462,0.2960295860490788,0.4685576284478694
2211,3.0,508.0,641.0,12.946666666666667,5.15002008636306,20,5,80000.0,44.17,4.9377885,5.098173503614915,5.10611310403388
2215,4.0,573.0,638.0,17.2875,8.869950220345952,22,1,140000.0,87.15,8.922717,8.855828624863296,8.865503431309232
2217,0.0,0.0,364.0,0.0,,4,4,120000.0,12.77,0.7150607,0.36041678778039105,0.5569803385060474
2218,1.0,27.0,62.0,7.12,5.246100980153128,11,4,60000.0,18.84,5.2686725,5.543628529845881,5.432702655736147
2219,0.0,0.0,94.0,0.0,,4,3,40000.0,4.21,2.725698,2.3370934918717845,2.255947594781854
2220,1.0,4.0,334.0,6.38,1.0715939278636464,8,2,20000.0,17.73,1.1877539,1.1319098036827115,1.0608139935488197
2221,6.0,204.0,243.0,7.4316666666666675,11.395786265148633,26,1,40000.0,54.0,11.41187,11.337602886222253,11.363519362120552
2222,0.0,0.0,353.0,0.0,,5,2,40000.0,2.64,0.49135506,0.3686539795633967,0.5825345238163075
2224,7.0,425.0,497.0,14.122857142857143,14.501533889878433,33,3,100000.0,109.39,14.41845,14.326212302338899,14.090998111091007
2227,1.0,17.0,357.0,5.24,0.9413226677340267,6,2,80000.0,12.83,0.9699116,0.8513822492540449,1.0452232015911056
2228,0.0,0.0,268.0,0.0,,3,2,60000.0,5.32,0.7559995,0.760575069668512,0.5496486557199329
2229,3.0,275.0,356.0,9.213333333333333,5.942521839017762,23,4,40000.0,30.29,5.9323463,5.645600906306485,5.825777440647394
2232,0.0,0.0,205.0,0.0,,3,2,20000.0,8.69,0.9170361,1.0821659569474198,1.029291173003025
2234,2.0,275.0,282.0,13.18,7.229315568222724,13,1,40000.0,36.56,7.239596,7.152643549967242,7.235351524005674
2237,0.0,0.0,47.0,0.0,,3,4,40000.0,16.19,3.4921818,3.39976308789105,2.9592400221554853
2239,0.0,0.0,165.0,0.0,,3,2,40000.0,2.16,1.4347817,1.7152207536670516,1.4254992297926385
2242,3.0,379.0,663.0,9.073333333333332,3.2273510486192976,13,4,100000.0,57.17,2.917009,3.421756470875184,3.156235830769838
2244,1.0,130.0,215.0,19.71,6.427002443528233,12,5,80000.0,27.580000000000002,6.437127,6.522396904740167,6.511380698947857
2245,1.0,41.0,472.0,12.35,1.2957158504988,9,4,40000.0,28.46,1.1971636,1.3873153722462692,1.2569223550467372
2246,1.0,252.0,616.0,12.63,1.7334074706945475,10,3,140000.0,28.28,1.7230039,1.86790148659865,1.909446383496273
2248,0.0,0.0,342.0,0.0,,5,1,80000.0,5.83,0.60286707,0.630791276065963,0.6034528617337491
2251,3.0,651.0,709.0,5.933333333333334,2.4576865322396833,15,0,40000.0,20.48,2.7015073,2.426986106607094,2.5027034947423252
2252,0.0,0.0,246.0,0.0,,3,1,20000.0,29.33,1.0796742,1.0115658167351982,0.9333332840759168
2254,1.0,525.0,687.0,3.74,0.8953974337429653,11,1,120000.0,15.27,0.8895299,0.9258976278187688,0.8349356159694654
2255,0.0,0.0,574.0,0.0,,4,3,60000.0,10.9,0.17327677,0.16950205188189207,0.22996641998705414
2257,0.0,0.0,183.0,0.0,,5,2,40000.0,20.01,1.0975695,1.4437817250040212,1.2215871493074326
2258,1.0,60.0,126.0,10.94,5.268523524405133,7,1,20000.0,25.72,5.223586,5.325440251521017,5.093494155723923
2259,1.0,182.0,647.0,9.77,1.1489646855366864,8,3,40000.0,28.44,1.1324778,1.1624458996688825,1.163160094322123
2260,2.0,282.0,408.0,4.635,2.2429550942089875,14,4,,26.47,,,
2263,0.0,0.0,274.0,0.0,,5,0,20000.0,20.75,0.35467258,0.6803847608408534,0.6310877203656915
2269,3.0,660.0,666.0,9.94,4.093858874058039,16,0,20000.0,39.85,4.508325,4.185232013270772,4.0096234171213005
2270,1.0,543.0,681.0,15.22,2.3589342842060814,8,3,60000.0,34.33,2.3424282,2.5607854776241723,2.4561448867502835
2271,0.0,0.0,141.0,0.0,,5,4,60000.0,4.49,1.9950944,1.815874464116353,1.7488992638956162
2272,0.0,0.0,226.0,0.0,,4,1,60000.0,12.06,0.9870228,1.0650616490409617,0.8812521007041179
2273,4.0,136.0,182.0,8.3925,10.59313920851655,20,0,20000.0,58.19,10.585544,10.928449044503854,10.515602861019108
2278,1.0,153.0,441.0,7.12,1.4535833572431278,7,2,60000.0,20.92,1.4155326,1.4440256998383456,1.4679240401211064
2279,1.0,356.0,670.0,5.76,1.0286366026109328,9,0,60000.0,22.740000000000002,1.0121528,1.0723898264759457,0.9421965778514814
2280,2.0,67.0,561.0,5.57,0.7703388880380204,12,2,20000.0,15.7,0.9092426,1.0808150887941947,0.7144954580049463
2282,0.0,0.0,194.0,0.0,,3,5,140000.0,12.96,0.96965975,1.2089319710369077,0.9607756554143689
2286,1.0,47.0,130.0,7.49,3.81213430766633,9,3,20000.0,23.130000000000003,3.8599877,3.8940439319039095,3.950149123098786
2293,0.0,0.0,394.0,0.0,,4,3,40000.0,18.79,0.37262586,0.2987651617316878,0.4785586886472952
2294,0.0,0.0,73.0,0.0,,6,2,20000.0,30.62,2.9005916,2.98091360141096,3.082308878764407
2295,3.0,602.0,700.0,8.68,3.4024764735346924,14,4,80000.0,50.72,3.4155385,3.564617290321801,3.4338030953902394
2296,1.0,64.0,637.0,10.92,0.8153343697307713,9,4,60000.0,13.57,0.8106637,0.905673652787049,0.8257704588563053
2298,4.0,446.0,685.0,11.0275,4.9485160181813805,25,4,,48.67,,,
2300,1.0,34.0,148.0,23.4,8.16981921064369,9,5,20000.0,45.64,8.180434,8.53145787625535,8.619105227245656
2302,0.0,0.0,354.0,0.0,,4,3,40000.0,20.22,0.46660244,0.3631946345274712,0.5858180670911421
2304,0.0,0.0,584.0,0.0,,3,1,40000.0,25.99,0.14134951,0.10356837264496661,0.21997442160214664
2309,0.0,0.0,279.0,0.0,,5,4,40000.0,3.76,0.73324174,0.6995588762192867,0.5751901891113622
2310,5.0,291.0,350.0,17.532,17.078517521531445,26,4,20000.0,111.8,17.080355,16.997115511525756,17.531980879062935
2311,2.0,199.0,388.0,12.28,4.716764232849816,11,5,40000.0,25.9,4.6774964,4.771727044506237,4.448185129291259
2313,1.0,196.0,708.0,4.82,0.6516210242830117,9,3,20000.0,15.620000000000001,0.67158514,0.6667241160143563,0.617188570291459
2314,0.0,0.0,637.0,0.0,,3,1,20000.0,9.34,0.09809494,0.1670524654780371,0.1881793499731126
2316,1.0,28.0,174.0,5.79,2.417511384107856,6,4,20000.0,21.15,2.4221346,2.467481042093898,2.3024544151626927
2318,0.0,0.0,353.0,0.0,,5,5,20000.0,34.3,0.7899866,0.7017457414925491,0.7827175396262183
2320,0.0,0.0,357.0,0.0,,1,1,40000.0,1.56,0.44630873,0.3657101706570829,0.6140325261876045
2323,0.0,0.0,22.0,0.0,,3,3,20000.0,3.47,4.5295787,3.3857901453698576,3.8532566185546933
2324,1.0,95.0,232.0,6.38,2.397942855148368,7,4,140000.0,33.03,2.3920958,2.4775743470725544,2.4098191002484315
2327,2.0,686.0,723.0,12.809999999999999,3.4668791484489767,12,4,20000.0,36.66,3.4683914,3.4863863875709153,3.3898525594748437
2329,1.0,21.0,336.0,8.5,1.4418795585580608,8,2,120000.0,12.809999999999999,1.4410752,1.442469776726311,1.36586360950092
2330,0.0,0.0,223.0,0.0,,4,4,80000.0,4.2,1.0666322,1.0609653094412133,0.8147542012386753
2331,0.0,0.0,716.0,0.0,,3,4,100000.0,11.99,0.018748522,0.11840423946926244,0.13911717612593577
2334,0.0,0.0,151.0,0.0,,5,2,80000.0,13.94,1.8295418,1.7244874784088478,1.6975817328021243
2335,4.0,502.0,595.0,12.4925,6.825266124377814,18,2,20000.0,56.910000000000004,6.8660345,6.743434463684133,6.624326756377206
2337,0.0,0.0,156.0,0.0,,6,5,20000.0,15.91,1.663731,1.695728723307528,1.690609736971
2338,0.0,0.0,360.0,0.0,,2,0,120000.0,8.25,0.68001556,0.3625657463189254,0.5538479973096448
2341,5.0,241.0,328.0,29.014,28.33259537683241,28,5,40000.0,163.07,28.355581,28.244405551188034,28.148760374756836
2343,0.0,0.0,591.0,0.0,,5,4,20000.0,12.31,0.1897545,0.16155913430879082,0.21485787674164758
2344,1.0,5.0,668.0,3.24,0.2280781283679771,7,1,40000.0,9.25,0.20436807,0.22783162331107518,0.250284713518675
2352,1.0,208.0,259.0,10.86,3.7405623124412024,8,3,100000.0,41.18,3.6958401,3.745305832950997,3.7198567150221105
2354,1.0,3.0,205.0,1.87,1.0625347642413732,8,2,60000.0,8.67,1.0608425,1.0762628354574089,1.0134177202893664
2355,0.0,0.0,481.0,0.0,,4,2,40000.0,18.61,0.32489058,0.255462486363447,0.24219212123825873
2359,1.0,96.0,624.0,10.92,0.9893624452704413,5,2,20000.0,17.939999999999998,1.0115491,1.006261280572641,0.9737239975563661
2361,0.0,0.0,709.0,0.0,,3,3,20000.0,4.43,0.05937159,0.13783663399654547,0.1869344863303306
2362,0.0,0.0,158.0,0.0,,6,3,60000.0,15.4,1.809565,1.7301185901671619,1.6479954971047714
2366,1.0,567.0,612.0,12.35,2.271987252135957,10,4,20000.0,36.2,2.260846,2.428765276429815,2.351596918062752
2368,2.0,186.0,429.0,16.88,5.430723217413778,16,1,20000.0,52.0,5.4418917,5.317757944450921,5.9792523507679975
2371,8.0,438.0,557.0,11.64,12.021146852092109,35,1,20000.0,112.94,12.007795,12.040658854673424,12.249669735646368
2373,3.0,177.0,343.0,15.906666666666666,8.979307891615946,16,4,40000.0,56.769999999999996,9.194657,8.917565709237252,8.595237545963423
2374,1.0,16.0,349.0,6.3,1.0830292586046129,7,3,40000.0,13.77,1.088528,0.9812908132734973,1.17561118222096
2376,1.0,204.0,698.0,19.35,1.8631240401551135,8,2,40000.0,38.17,2.213157,2.0648696237808015,1.9146882598394548
2377,0.0,0.0,528.0,0.0,,5,0,40000.0,16.12,0.257366,0.16126699145163917,0.31282899800885033
2378,4.0,562.0,601.0,13.97,7.65983315316425,24,4,80000.0,75.5,7.68965,7.687959847982997,7.962750445714358
2379,0.0,0.0,107.0,0.0,,4,5,80000.0,2.85,2.5979812,2.181542282573782,2.1559784738331036
2381,3.0,569.0,595.0,15.56,6.719212029439911,18,3,40000.0,62.41,6.6852393,6.802074962889922,6.980452410943657
2384,1.0,60.0,231.0,30.1,7.4544368329987005,7,5,20000.0,37.61,7.4779954,7.904698979386572,7.321966109025436
2385,3.0,335.0,553.0,15.899999999999999,6.456442839476383,14,1,40000.0,78.56,6.464264,6.574189201338245,6.8247109952987595
2388,0.0,0.0,249.0,0.0,,3,3,40000.0,6.91,0.965612,0.9853831367847795,0.598018780926151
2389,2.0,149.0,683.0,13.100000000000001,1.7728556206086754,15,2,20000.0,48.64,1.7684683,1.7963907754660364,1.6364412921724307
2390,2.0,302.0,722.0,12.435,2.520144817390243,15,3,40000.0,35.91,2.5253513,2.4785445798764174,2.412914176446787
2391,1.0,78.0,207.0,19.43,5.9330371710858785,5,3,40000.0,26.66,5.796783,6.246377760909592,6.180714618847382
2393,0.0,0.0,159.0,0.0,,5,3,60000.0,3.28,1.8474023,1.7301185901671619,1.638611105181873
2394,0.0,0.0,144.0,0.0,,5,2,40000.0,5.38,1.8121226,1.7847632240174567,1.7587102950904896
2396,0.0,0.0,698.0,0.0,,2,1,60000.0,6.96,0.030115696,0.12484915163894113,0.19934495603013502
2397,2.0,244.0,477.0,19.725,6.085296902425954,10,2,40000.0,49.45,6.0771255,5.996111108846578,5.952712330666948
2398,5.0,569.0,711.0,8.746,5.040291102256399,23,4,60000.0,47.78,5.022842,4.885792355881399,4.929603775109969
2400,0.0,0.0,22.0,0.0,,5,3,40000.0,2.39,4.547222,3.3659085455163646,3.8113705606713983
2402,0.0,0.0,133.0,0.0,,5,1,20000.0,10.86,1.7836769,2.0949962246997424,1.7303744091774744
2404,1.0,20.0,446.0,11.59,1.181434458859925,10,2,60000.0,16.83,1.181607,1.1158099324766646,1.112302637101533
2405,2.0,199.0,632.0,24.93,4.545851781004125,14,4,60000.0,60.36,4.5405283,4.359887400840508,4.535057870697148
2408,0.0,0.0,223.0,0.0,,3,0,80000.0,4.34,1.0569859,1.0352837520879692,0.8564371177131145
2412,1.0,24.0,159.0,21.66,6.9658336033253345,9,5,80000.0,26.82,6.9743085,7.020622349788543,6.794429874438752
2414,0.0,0.0,198.0,0.0,,3,5,40000.0,4.18,1.0585313,1.213593481058816,0.9735845460594641
2420,0.0,0.0,162.0,0.0,,6,0,80000.0,30.74,1.6092154,1.627660759737673,1.523176640184305
2421,0.0,0.0,252.0,0.0,,4,1,40000.0,12.42,0.75082725,0.9824393278784656,0.6397797235187221
2422,5.0,551.0,669.0,13.894,8.259839462601864,26,1,40000.0,90.64,8.251255,8.34280054015784,8.425885399321746
2423,1.0,50.0,147.0,16.7,6.457836174832095,7,2,20000.0,24.89,6.4472,6.696238796607767,6.94583148197165
2426,3.0,573.0,661.0,13.75,5.411678554056193,15,2,100000.0,63.489999999999995,5.413793,5.952370903825586,5.630256944664514
2428,0.0,0.0,530.0,0.0,,6,3,40000.0,15.05,0.29333135,0.1635841763926844,0.2919309384768898
2429,1.0,244.0,299.0,18.56,5.237305282742474,11,0,20000.0,28.169999999999998,5.2483087,5.24240143515225,5.300804995990651
2431,1.0,57.0,570.0,6.16,0.6361811447524097,8,4,20000.0,17.73,0.6397614,0.6154294328997845,0.7106833789122229
2432,0.0,0.0,243.0,0.0,,3,4,60000.0,28.24,1.0140535,1.0392372540117907,0.8900449486644373
2433,0.0,0.0,258.0,0.0,,2,1,40000.0,8.19,0.78489035,0.7687021800361291,0.6463452748988834
2434,3.0,272.0,326.0,8.946666666666667,6.248735332172157,16,5,20000.0,50.19,6.360848,6.425001523077329,6.6419068878221665
2435,0.0,0.0,102.0,0.0,,7,5,60000.0,11.76,2.6150613,2.207244835560766,2.171699173964025
2437,0.0,0.0,322.0,0.0,,5,3,120000.0,14.12,0.6526672,0.6202880037784128,0.6204524335606916
2438,2.0,308.0,399.0,16.89,6.815835360326952,14,1,20000.0,39.56,6.8114915,6.915956793312891,6.778832817337603
2439,4.0,261.0,334.0,10.88,9.163281273698031,19,2,20000.0,52.22,9.1814165,9.335396663795738,8.87490459490875
2441,2.0,599.0,695.0,14.420000000000002,3.9064988355872776,13,5,40000.0,45.93,3.9639142,4.10579323478584,4.049544433920824
2443,3.0,535.0,678.0,9.82,3.823628681958491,15,4,40000.0,37.5,3.8487353,3.795873636916737,3.84381474559795
2444,3.0,455.0,532.0,10.853333333333333,5.180728193175145,18,0,80000.0,36.83,5.1238403,4.76199177094715,4.97110357189008
2445,0.0,0.0,330.0,0.0,,4,2,60000.0,18.03,0.42947462,0.6107776505794719,0.72718678728691
2446,7.0,281.0,343.0,13.592857142857143,18.24769527249785,29,0,20000.0,115.6,18.271713,18.28969181753805,18.266818271151898
2447,0.0,0.0,206.0,0.0,,3,3,100000.0,10.56,1.0656061,1.0848290172638144,0.9897725782442599
2448,10.0,641.0,703.0,16.250999999999998,17.71748928517045,46,1,20000.0,169.16,17.706581,17.28263645538032,17.647360567649443
2449,2.0,110.0,315.0,18.48,7.136142848086387,13,1,40000.0,44.98,7.0784187,7.180941100946009,6.787627514056251
2450,1.0,209.0,326.0,9.6,2.764314512721585,7,0,40000.0,13.19,2.769102,2.750445604343615,2.7143185906200764
2451,0.0,0.0,68.0,0.0,,4,2,100000.0,11.8,2.8424878,2.1382362860374644,2.8754867711094607
2452,0.0,0.0,74.0,0.0,,3,0,80000.0,4.05,2.938488,2.1255416564346246,2.900609403111505
2457,0.0,0.0,223.0,0.0,,6,2,120000.0,3.42,1.0190276,1.0629195176011115,0.832802605188439
2458,0.0,0.0,289.0,0.0,,2,4,100000.0,8.44,0.64003056,0.662180938886385,0.536244867779959
2459,1.0,385.0,457.0,16.7,3.554331909624829,9,4,120000.0,35.2,3.5633447,3.653478671161111,3.6795976323078725
2460,2.0,63.0,490.0,14.645,2.2312900148613175,13,5,40000.0,60.39,2.2470903,2.1356188050246168,1.7977774704596952
2462,1.0,30.0,306.0,19.56,3.2944912360958125,9,3,100000.0,24.779999999999998,3.290767,3.4348341179269473,3.2602935470033336
2463,0.0,0.0,81.0,0.0,,5,4,20000.0,14.17,2.779544,2.548737424201838,2.45905544864398
2464,1.0,12.0,289.0,15.94,2.7030583246051227,9,1,60000.0,25.52,2.6830344,2.7821546866631377,2.7199936524589035
2467,1.0,255.0,262.0,18.94,6.026690673907571,12,4,80000.0,32.400000000000006,6.667612,5.935290687486119,6.29456192035391
2468,4.0,584.0,619.0,13.28,7.1417924571351,21,4,140000.0,60.959999999999994,7.124148,6.83760346474284,7.104903559362022
2471,2.0,473.0,586.0,12.18,3.8159440970243343,10,2,20000.0,33.92,3.7708323,3.918838259552761,3.9560614162868224
2472,1.0,4.0,465.0,26.07,1.913732050446086,6,4,20000.0,34.93,1.9985904,1.9003541288566275,1.9855245021515673
2475,5.0,258.0,308.0,17.676,18.85021050650653,24,5,40000.0,92.37,18.859468,18.942019593187094,18.0321717817994
2476,0.0,0.0,43.0,0.0,,4,4,20000.0,8.37,4.522087,3.402660684190868,2.991741688115881
2478,0.0,0.0,160.0,0.0,,4,4,120000.0,9.02,1.4233932,1.708945558159972,1.5784682200602944
2479,1.0,73.0,165.0,7.57,3.42492754128168,11,4,60000.0,30.35,3.4039145,3.3424621808429213,3.619406934716817
2480,4.0,224.0,332.0,6.375,5.477660126026296,21,0,40000.0,35.09,5.4695415,5.41692282783277,5.618243069040608
2481,4.0,241.0,344.0,11.7925,9.421039478636745,21,3,60000.0,63.51,9.349773,9.565858713121457,9.290246331350197
2482,1.0,98.0,278.0,10.58,2.8757287573015624,7,4,40000.0,26.82,2.9075701,3.0147854780614862,2.8186701541800154
2483,0.0,0.0,572.0,0.0,,5,4,100000.0,40.32,0.5499888,0.09366374857695559,0.2994440127205724
2489,0.0,0.0,229.0,0.0,,5,4,40000.0,10.71,0.978118,1.0409314437108252,0.8799725427348868
2491,0.0,0.0,303.0,0.0,,3,5,20000.0,20.73,0.40328687,0.6768787111975358,0.6440221489196425
2492,1.0,34.0,321.0,7.8,1.5503196976537823,6,4,40000.0,14.66,1.5716221,1.5863539035952705,1.618863215838946
2493,3.0,271.0,410.0,22.209999999999997,11.600185342869601,16,1,120000.0,76.78999999999999,11.580362,11.522597849176721,11.483670130531834
2494,0.0,0.0,295.0,0.0,,5,1,60000.0,8.37,0.5766722,0.6577923950406134,0.5976314062020851
2496,1.0,10.0,233.0,12.31,2.820457118473746,7,2,60000.0,15.27,3.1488292,3.0108495459723836,2.9583456448514696
2500,5.0,198.0,291.0,16.072,17.036392329129328,26,0,40000.0,100.95,17.060104,17.543307207982053,17.584859969295586
2501,0.0,0.0,225.0,0.0,,2,2,40000.0,3.92,0.96385825,1.0740571428294263,0.8883423894642215
2502,1.0,13.0,44.0,19.26,12.30876711739287,10,1,20000.0,26.330000000000002,12.3100195,12.397018656028239,11.899094212313033
2506,0.0,0.0,337.0,0.0,,4,3,100000.0,17.94,0.43670055,0.6069070148318084,0.5868041407119176
2507,3.0,374.0,453.0,6.05,3.500838413457916,13,4,20000.0,27.0,3.4923463,3.3728837235329543,3.59777825860274
2510,8.0,329.0,357.0,19.85125,29.636972468621828,36,1,20000.0,171.99,28.925297,30.584876971286054,27.72944695863998
2511,3.0,378.0,477.0,22.516666666666666,10.94406963830811,18,2,40000.0,99.22,10.948641,11.055046433896498,11.119786419181995
2512,1.0,73.0,302.0,6.4,1.7188222525291306,5,2,20000.0,19.14,1.6963248,1.8119718249433825,1.7593191728573405
2513,1.0,465.0,678.0,3.2,0.8093279417963563,9,2,40000.0,14.219999999999999,0.7972265,0.7843536131493588,0.7498545571376285
2516,1.0,42.0,94.0,14.25,7.430485637433099,11,5,120000.0,25.02,7.4442906,7.534197817085359,7.163737458945457
2518,1.0,342.0,360.0,2.94,1.391933923455369,5,1,60000.0,9.13,1.4121857,1.2996070411734937,1.4626836939512762
2519,0.0,0.0,99.0,0.0,,5,1,140000.0,23.04,2.6567574,2.2063375540614425,2.155414864350387
2523,2.0,209.0,695.0,17.975,2.937483564420916,11,3,100000.0,42.43,2.964282,3.009902003694062,3.108489970444045
2524,0.0,0.0,416.0,0.0,,4,3,40000.0,28.56,0.59833187,0.26271567990261646,0.5599614870891747
2525,1.0,23.0,693.0,8.34,0.435394227135816,8,0,80000.0,23.65,0.4421217,0.42975453735670066,0.5304319088952658
2526,1.0,81.0,317.0,11.94,2.5989510305590393,7,3,40000.0,26.66,2.5509698,2.766943982089754,2.5106837162864153
2527,0.0,0.0,334.0,0.0,,5,4,40000.0,39.1,1.3451957,1.159097052976396,0.781954424623116
2528,4.0,223.0,283.0,19.845,18.137168233775903,21,1,40000.0,100.38,17.409893,19.223941728303497,17.8859384270042
2530,1.0,219.0,239.0,16.93,5.7476269722830455,10,3,20000.0,39.05,5.7785788,5.80935180308616,6.164526383596876
2531,1.0,30.0,272.0,3.78,1.204381687142798,5,3,20000.0,11.72,1.216101,1.2592428112739085,1.10741946986355
2532,1.0,4.0,256.0,26.5,4.62147737896365,7,4,40000.0,35.1,4.6148834,4.413613212276909,4.434773514304476
2533,3.0,474.0,726.0,23.77333333333333,7.708350897626105,18,1,60000.0,85.84,7.7363963,8.082698983313495,7.867820834745437
2535,1.0,387.0,527.0,21.9,3.8500851475343674,10,2,40000.0,34.25,3.8468359,3.708301417813145,3.861411725208647
2542,0.0,0.0,87.0,0.0,,5,4,20000.0,3.66,2.7073514,2.548737424201838,2.259445563306995
2544,1.0,113.0,410.0,5.37,1.2009187129107302,5,4,100000.0,11.370000000000001,1.1941185,1.161095010318939,1.1616443822794826
2547,6.0,545.0,678.0,14.496666666666668,9.905831713612343,32,3,80000.0,94.63,9.862365,9.803985567287796,9.650470661547766
2548,0.0,0.0,241.0,0.0,,4,1,80000.0,7.29,0.9800623,0.9935252291635074,0.848453689741544
2549,1.0,158.0,168.0,16.13,6.800874166342551,7,3,80000.0,26.97,6.786104,6.80763175856965,6.516658562753672
2550,1.0,6.0,191.0,7.95,2.4733777281560525,8,3,120000.0,30.63,2.5696673,2.670991392048232,2.391224463247279
2551,7.0,223.0,281.0,13.692857142857141,20.945823191628733,28,4,80000.0,102.28,20.952894,21.023146677282604,20.686735421572955
2553,15.0,623.0,659.0,14.271333333333333,24.30765292552794,64,2,60000.0,221.09,24.308447,23.504727397002792,24.80989360285619
2554,1.0,22.0,413.0,3.74,0.6489445261916096,6,0,60000.0,26.5,0.6541756,0.6692651807256851,0.7017281246499705
2555,0.0,0.0,532.0,0.0,,6,4,60000.0,15.12,0.31090146,0.17129098504768006,0.2797904985377704
2556,3.0,266.0,593.0,16.36,5.285915657221593,16,2,120000.0,65.77000000000001,5.5730166,5.3520151610577935,5.5199603878983385
2557,0.0,0.0,302.0,0.0,,2,0,20000.0,10.92,0.42209062,0.6509015105280925,0.6634280093192491
2559,0.0,0.0,30.0,0.0,,5,3,120000.0,14.8,4.568562,3.0498394241124784,3.87746087432112
2563,0.0,0.0,30.0,0.0,,4,2,40000.0,9.36,4.554568,3.3659085455163646,3.8239345966489586
2564,0.0,0.0,108.0,0.0,,5,4,80000.0,5.21,2.6674829,2.223867559849446,2.1598077522421457
2566,0.0,0.0,195.0,0.0,,4,3,60000.0,4.56,1.102828,1.1933796853199454,0.9952656762906233
2568,3.0,162.0,381.0,17.94666666666667,8.456970941050214,15,2,60000.0,59.510000000000005,8.475727,8.443957870381883,7.974168770157566
2570,10.0,604.0,666.0,13.11,15.002497362920673,47,2,80000.0,139.64,14.999511,15.246494921518233,14.94160424826076
2571,0.0,0.0,73.0,0.0,,3,2,140000.0,3.24,2.851405,2.116392965840243,2.8476222299181693
2572,0.0,0.0,326.0,0.0,,5,5,40000.0,28.08,0.76284575,0.9126225411289186,0.6411076190152647
2575,0.0,0.0,93.0,0.0,,4,1,120000.0,12.22,2.7703302,2.181863209081439,2.2366392487727573
2577,0.0,0.0,64.0,0.0,,3,1,40000.0,3.5,2.8391228,3.2622567174824777,2.8932280602313973
2581,0.0,0.0,249.0,0.0,,3,1,40000.0,10.35,0.96726304,0.9824393278784656,0.6173009643203216
2582,0.0,0.0,282.0,0.0,,7,4,20000.0,5.76,0.55841863,0.6813657504254957,0.5874108731289551
2584,0.0,0.0,66.0,0.0,,3,1,40000.0,12.18,2.7764177,2.434927616118919,2.8932280602313973
2586,0.0,0.0,166.0,0.0,,5,1,60000.0,4.2,1.4421934,1.620178648699576,1.3842314677191245
2587,9.0,445.0,564.0,11.076666666666666,12.579765643842672,40,1,80000.0,105.66999999999999,11.9775505,12.646351298014826,12.491490326093945
2588,4.0,416.0,640.0,15.6575,7.282107648837263,22,3,20000.0,79.64999999999999,7.288906,7.370228663524408,7.254084385689352
2589,0.0,0.0,320.0,0.0,,4,4,20000.0,6.86,0.5075972,0.6257100834537922,0.6539201137299768
2591,0.0,0.0,297.0,0.0,,2,1,20000.0,4.76,0.49143088,0.6768913188588781,0.6330465175373545
2592,0.0,0.0,34.0,0.0,,5,0,40000.0,7.38,4.5766006,3.3659085455163646,3.8408885973438855
2594,2.0,328.0,434.0,9.3,3.7771833178453758,16,3,80000.0,30.68,3.8121362,3.9118947254937724,3.963641086920836
2596,0.0,0.0,30.0,0.0,,5,4,80000.0,2.08,4.6311493,3.0733931246530806,3.746567233764477
2599,0.0,0.0,448.0,0.0,,2,2,60000.0,5.93,0.31097353,0.28998547449263523,0.3855196832457004
2600,1.0,232.0,344.0,15.12,3.8258453789912688,9,4,40000.0,19.14,3.839081,3.6764240466193034,3.8512735242157543
2601,0.0,0.0,105.0,0.0,,2,4,20000.0,13.35,2.4714863,2.3037868073713814,2.1687950245733205
2605,0.0,0.0,197.0,0.0,,5,2,20000.0,23.74,1.0830027,1.2268238174270831,1.0181340228111067
2612,0.0,0.0,547.0,0.0,,6,1,20000.0,4.56,0.21433192,0.1415615809103269,0.27297720186174157
2613,1.0,505.0,693.0,2.69,0.7489743048942931,7,2,40000.0,18.080000000000002,0.67968875,0.7563539199705391,0.7430304051973255
2614,3.0,428.0,623.0,17.346666666666668,6.639731569394141,15,3,20000.0,72.63,6.7157555,6.767366374256457,6.867668577718539
2618,3.0,166.0,309.0,5.436666666666667,3.821155622583829,14,5,40000.0,19.380000000000003,4.0787973,3.8271019209161796,3.6637988562937855
2619,1.0,306.0,451.0,18.0,3.6027509666894533,8,2,20000.0,23.22,3.5967932,3.4800757599609815,3.696238343443866
2621,0.0,0.0,137.0,0.0,,4,4,40000.0,5.04,1.9328586,1.8108257236603353,1.6926747672079392
2622,1.0,33.0,333.0,20.88,3.1681660424877434,8,4,80000.0,31.64,3.1812522,3.3565179013276993,3.0532260769141
2623,1.0,563.0,594.0,8.46,1.7666295977580981,9,2,40000.0,19.96,1.7299557,1.6572371516319904,1.8615966386304086
2625,2.0,343.0,686.0,6.6,1.7079988596501126,15,3,80000.0,16.79,1.7262273,1.7378888452556724,1.506937545381871
2627,1.0,13.0,238.0,20.57,4.259392650907449,9,1,20000.0,23.93,4.3057184,4.1555303218597075,4.287916129502146
2628,1.0,13.0,229.0,15.79,3.565563120226992,8,3,140000.0,46.11,3.5766158,3.2573015836466923,3.7877360893098735
2629,0.0,0.0,149.0,0.0,,5,4,80000.0,6.48,1.8343583,1.7429329285375499,1.74399143383964
2632,1.0,369.0,605.0,10.35,1.766919690764702,6,3,20000.0,17.759999999999998,1.7540349,1.7097870025842399,1.889269059836793
2634,2.0,39.0,353.0,9.895,2.4349312364803013,13,5,40000.0,23.9,2.4473279,2.3999740738155824,2.4268795494843824
2636,1.0,43.0,141.0,21.84,8.200003128619173,8,2,20000.0,33.94,8.206685,8.43867698418437,8.201841270730059
2638,2.0,327.0,381.0,12.55,5.5182222156028375,11,3,60000.0,33.62,5.2893867,5.635261660853571,5.545908520770506
2641,1.0,213.0,310.0,21.96,5.663643679367979,9,0,40000.0,40.35,5.6699247,5.579844679220098,5.695685627092784
2646,5.0,84.0,213.0,10.896,11.812138498162923,21,2,40000.0,68.43,15.242738,15.065066384255486,13.177405989020464
2647,0.0,0.0,215.0,0.0,,6,2,60000.0,8.89,1.0004399,1.0604994364552116,0.9330876932931105
2648,0.0,0.0,356.0,0.0,,4,1,40000.0,16.46,0.41058835,0.3657101706570829,0.6240699809391206
2649,1.0,64.0,266.0,20.51,4.6591525883934235,7,3,20000.0,31.82,4.6770434,4.84213810084971,4.630628919647268
2651,1.0,111.0,253.0,17.57,4.869967969103034,9,5,140000.0,43.870000000000005,4.902972,5.0003343968994125,5.003403233277119
2652,0.0,0.0,54.0,0.0,,4,1,40000.0,8.37,3.3358326,3.3659085455163646,2.9517618902243097
2654,1.0,24.0,358.0,20.08,2.6381792948582685,9,3,140000.0,28.79,2.6634626,2.6453061502185684,2.720528088139948
2656,3.0,421.0,430.0,7.933333333333334,4.715429041007111,16,2,20000.0,36.31,4.7256474,4.90185601700913,4.792288481213616
2657,0.0,0.0,49.0,0.0,,4,2,40000.0,7.56,3.482356,3.3659085455163646,3.015327217688596
2658,1.0,2.0,558.0,11.65,0.6997238198551079,11,4,40000.0,18.3,0.7058618,0.7342061404796454,0.6563802286636644
2660,0.0,0.0,195.0,0.0,,1,5,40000.0,3.54,1.0585313,1.213593481058816,0.9735845460594641
2662,1.0,265.0,631.0,8.82,1.3100352843670195,7,4,40000.0,33.1,1.2586856,1.3822982010054585,1.2918507536792916
2663,1.0,303.0,411.0,4.78,1.5271467178434786,9,1,40000.0,13.129999999999999,1.5430255,1.5093223592934835,1.485919196798843
2664,2.0,339.0,704.0,16.765,3.6312532018263797,11,3,60000.0,36.28,3.6398482,3.4560837848250117,3.6047316499119413
2665,0.0,0.0,171.0,0.0,,5,5,20000.0,6.7,1.2814517,1.5883447635402204,1.289311406198495
2667,0.0,0.0,21.0,0.0,,3,1,60000.0,4.65,4.63934,3.1699375073915523,3.8789783446757364
2668,0.0,0.0,389.0,0.0,,4,0,80000.0,10.25,0.42997184,0.35232728321689394,0.47116499703115
2670,1.0,460.0,731.0,25.01,3.127251727676112,9,0,80000.0,46.63,3.1207864,3.3052525464700966,3.1815052798598225
2672,0.0,0.0,540.0,0.0,,5,1,20000.0,26.12,0.24477594,0.09027562549901555,0.2907096279964376
2673,2.0,278.0,713.0,8.875,1.8329620119645238,9,5,60000.0,40.81,1.8221656,1.96431828474908,1.674584893251203
2674,1.0,449.0,656.0,13.59,2.1178547389253346,6,0,20000.0,27.7,2.1305902,2.2278071522883924,2.1425247828533376
2675,0.0,0.0,190.0,0.0,,3,0,120000.0,12.46,1.0805069,1.3982887665694268,0.9948735881350146
2677,3.0,447.0,499.0,13.416666666666666,6.661527784258096,16,1,60000.0,71.27000000000001,6.654648,6.644453136681616,6.8714939720074915
2678,1.0,224.0,281.0,15.25,4.619236920199948,7,1,100000.0,24.2,4.617828,4.547368593877188,4.61791414514206
2680,0.0,0.0,482.0,0.0,,3,4,80000.0,11.32,0.41725355,0.2598907903599563,0.21117381903367427
2682,3.0,352.0,683.0,6.449999999999999,2.205499958321651,14,3,40000.0,32.48,2.1401668,2.292440964650481,2.179235658080449
2684,0.0,0.0,654.0,0.0,,3,4,20000.0,4.37,0.11407377,0.16907745440260985,0.1960689632332535
2686,0.0,0.0,261.0,0.0,,4,0,20000.0,11.72,0.54388136,0.7439685434539756,0.6079368870557564
2687,0.0,0.0,157.0,0.0,,6,5,60000.0,24.3,1.8246392,1.673690324325362,1.6214234085325447
2688,3.0,286.0,524.0,13.183333333333332,5.429494733216471,16,5,60000.0,55.03,5.483811,5.393527134298996,5.399998251539603
2689,6.0,416.0,621.0,16.2,10.806135680676185,27,1,40000.0,113.78999999999999,10.722417,10.587645953157699,10.718733612497754
2690,3.0,456.0,495.0,11.520000000000001,5.857666056915022,16,0,80000.0,54.370000000000005,5.851714,5.87300573506114,5.66345917094874
2692,1.0,112.0,290.0,7.98,2.319892399249794,6,1,60000.0,11.72,2.2893496,2.4216096096264694,2.331427977280538
2693,0.0,0.0,189.0,0.0,,3,4,40000.0,10.56,1.2268614,1.4491060340978186,1.190184279609392
2694,0.0,0.0,381.0,0.0,,4,2,80000.0,12.64,0.46518314,0.3588156945578496,0.537867771068699
2695,0.0,0.0,198.0,0.0,,5,3,20000.0,3.02,0.9459403,1.18958711661256,1.0099413601441638
2697,4.0,241.0,335.0,9.34,7.799094411895599,22,1,40000.0,59.76,7.9996724,8.189200481642468,7.9216052395997645
2698,0.0,0.0,320.0,0.0,,5,2,40000.0,14.34,0.59878814,0.6235927190245301,0.6535820662730387
2699,0.0,0.0,542.0,0.0,,4,3,40000.0,13.3,0.23529653,0.15097367513016594,0.28158777666897006
2700,0.0,0.0,316.0,0.0,,6,4,40000.0,22.36,0.5396189,0.6835283441728337,0.6226203085679272
2701,0.0,0.0,344.0,0.0,,3,2,40000.0,6.38,0.5155963,0.5108738120195613,0.6152997302520911
2703,0.0,0.0,107.0,0.0,,4,2,40000.0,22.26,2.4955277,2.2816993563545687,2.177547981550979
2704,0.0,0.0,225.0,0.0,,2,1,40000.0,7.64,0.9879966,1.0711133339231125,0.8907100167441131
2705,1.0,10.0,232.0,8.01,2.0642079748431237,9,1,140000.0,42.23,2.7107477,1.545003061540006,2.2714146300830933
2706,0.0,0.0,77.0,0.0,,4,4,80000.0,15.96,2.855405,2.155106824858475,2.45807867090268
2708,0.0,0.0,8.0,0.0,,6,5,40000.0,33.12,4.630507,3.9713866295198117,3.7923379871840823
2709,1.0,242.0,474.0,20.09,3.470237996152126,7,4,40000.0,48.620000000000005,4.3490963,3.539156020448182,3.531139548920535
2711,0.0,0.0,159.0,0.0,,4,1,140000.0,9.48,1.7915777,1.663189912431882,1.6116968644871372
2712,0.0,0.0,361.0,0.0,,5,4,20000.0,28.78,0.8507866,0.5027092903665545,0.6402599604785753
2715,0.0,0.0,555.0,0.0,,4,3,20000.0,20.02,0.19268422,0.14376578728577352,0.29845388247569726
2716,1.0,406.0,519.0,19.07,3.5265678837434375,11,4,40000.0,38.44,3.483379,3.5337569740704535,3.616045517006087
2718,0.0,0.0,290.0,0.0,,4,1,60000.0,10.64,0.6227772,0.6610967619321275,0.5851060082185224
2723,3.0,325.0,349.0,10.43,6.94285041829373,16,2,80000.0,55.05,6.9169574,7.059870108211325,7.367422950584924
2725,2.0,92.0,112.0,4.16,4.666233675975705,12,2,40000.0,12.350000000000001,4.683135,5.153608963526617,5.112155968655831
2727,0.0,0.0,62.0,0.0,,3,1,60000.0,18.53,3.234092,3.0832696829113404,2.9909221290218415
2728,0.0,0.0,49.0,0.0,,5,3,,8.4,,,
2732,0.0,0.0,253.0,0.0,,2,2,20000.0,1.7,0.6053072,0.7624604222465702,0.6556282413320407
2733,0.0,0.0,61.0,0.0,,3,1,40000.0,8.32,3.337361,3.2622567174824777,2.9517618902243097
2735,2.0,99.0,333.0,5.859999999999999,2.4186262105056016,14,3,140000.0,22.37,2.3997889,2.5121328647264107,2.4009217361975375
2741,0.0,0.0,736.0,0.0,,4,3,80000.0,19.18,-0.07277004,0.1656896144297758,0.11509645022237969
2742,2.0,318.0,683.0,4.145,1.170152356772523,10,3,40000.0,26.02,0.9392251,1.1776416450458045,1.1338461549914864
2743,1.0,200.0,311.0,16.13,4.287260153120414,10,4,40000.0,30.909999999999997,4.266367,4.2754635179420895,4.332094449493091
2747,2.0,152.0,526.0,24.705,5.210318825962977,13,4,80000.0,60.33,5.175838,5.180751361422561,5.108931276763293
2749,1.0,31.0,201.0,11.0,3.3350735361988724,10,1,80000.0,16.4,3.3003085,3.3602110511178895,3.1916863966852107
2750,1.0,2.0,326.0,10.02,1.4953664546059355,8,0,20000.0,28.63,1.511018,1.6005560485710786,1.5877118311311929
2751,0.0,0.0,433.0,0.0,,4,3,40000.0,5.4,0.3494949,0.3018003036700696,0.4855862318213733
2752,1.0,68.0,152.0,9.06,4.089893165200723,8,3,140000.0,25.509999999999998,4.1157513,4.08183530139749,4.298427171146264
2756,4.0,584.0,652.0,16.16,8.16941003984934,21,1,40000.0,68.56,8.177271,7.999181544382976,7.7614851254766375
2757,0.0,0.0,537.0,0.0,,3,5,80000.0,10.88,0.25980958,0.19036816947510535,0.24347849830742607
2759,2.0,216.0,424.0,18.03,6.1730582936492855,8,4,40000.0,44.67,6.1382513,6.090417587265941,6.215169579854231
2760,0.0,0.0,277.0,0.0,,4,4,60000.0,2.24,0.7381715,0.6884879569453558,0.5642879790843454
2762,4.0,402.0,440.0,15.272499999999997,10.582245633009034,22,2,80000.0,65.33,10.5721655,10.23981576189488,10.092878990230616
2769,10.0,661.0,680.0,13.09,14.915085866409134,42,1,20000.0,159.54999999999998,14.916527,14.699017102937933,15.172114378916673
2770,1.0,63.0,417.0,20.24,2.615960355712342,9,5,40000.0,26.529999999999998,2.640567,2.6354340665481217,2.720496529983079
2771,0.0,0.0,56.0,0.0,,4,2,40000.0,1.96,3.342103,3.2622567174824777,2.9482456616853847
2775,3.0,106.0,714.0,15.839999999999998,1.1152480745492048,21,4,80000.0,51.83,1.1205081,1.4779947073050836,1.0333512113923913
2776,0.0,0.0,150.0,0.0,,2,1,100000.0,1.72,1.8287425,1.7117928488060075,1.691162640919467
2777,2.0,74.0,248.0,17.455,7.945064487648487,13,4,80000.0,46.79,7.9276066,7.829015221652005,8.25106691572489
2779,2.0,385.0,437.0,13.21,5.240130755434523,13,1,40000.0,36.22,5.2270412,5.216519445503463,5.286541206980809
2781,0.0,0.0,559.0,0.0,,5,3,20000.0,7.0,0.20299818,0.1425613821929788,0.24072997130349627
2787,6.0,498.0,662.0,12.938333333333333,8.82538291176682,34,3,40000.0,82.81,9.682941,9.18797251423169,8.437071601772464
2788,0.0,0.0,139.0,0.0,,6,3,140000.0,7.28,1.930809,1.72854044743021,1.723314695697744
2790,6.0,317.0,350.0,18.213333333333335,21.17262205645668,30,2,40000.0,120.59,21.169842,21.247390539389922,21.116884952830645
2791,0.0,0.0,6.0,0.0,,4,5,80000.0,6.43,4.594809,3.0310678473774164,3.7556029212422954
2795,1.0,9.0,304.0,4.5,1.0228150522731139,6,3,20000.0,12.45,0.97799855,1.0725610049815624,1.1034608899025837
2796,0.0,0.0,333.0,0.0,,3,3,60000.0,4.36,0.5788888,0.6083153517047185,0.5660312471731315
2797,0.0,0.0,194.0,0.0,,5,2,40000.0,7.48,1.0481145,1.1883309448639279,0.9970258132231642
2799,0.0,0.0,184.0,0.0,,4,2,100000.0,3.68,1.2041684,1.438903028315717,1.1899206563663611
2801,0.0,0.0,89.0,0.0,,3,3,40000.0,1.88,2.7272265,2.511985285527335,2.255947594781854
2802,3.0,233.0,307.0,14.729999999999999,10.069709086315305,15,5,40000.0,57.09,8.918877,9.637923714509068,9.97518496436053
2808,0.0,0.0,216.0,0.0,,3,1,40000.0,8.91,1.0517986,1.0636073124310486,0.8702660576704666
2813,1.0,508.0,568.0,18.62,3.3350057823319332,8,5,20000.0,30.5,3.3414485,3.2581287682743976,3.4016101362662674
2814,5.0,274.0,330.0,13.686000000000002,14.04586967408267,26,4,40000.0,86.31,13.978109,14.608017531927334,14.422633622292976
2815,0.0,0.0,523.0,0.0,,1,2,120000.0,2.57,0.27202374,0.2509245095802603,0.2305291875109079
2817,1.0,189.0,270.0,6.01,2.340684168200797,9,4,80000.0,25.089999999999996,2.3301373,2.1708957398142754,2.343343891929575
2818,2.0,588.0,685.0,22.395,5.897615612049645,13,2,140000.0,51.93,5.8555207,5.748338945404618,5.8917267296811735
2821,0.0,0.0,612.0,0.0,,4,1,100000.0,3.38,0.08685708,0.15858372259305376,0.16945701630950794
2825,0.0,0.0,435.0,0.0,,3,4,20000.0,30.8,0.67955637,0.30688885184813564,0.6060993090884228
2826,1.0,72.0,206.0,4.42,2.0305759246778985,10,2,20000.0,7.75,1.8598255,1.8435144098385634,2.0660706401100013
2828,0.0,0.0,261.0,0.0,,5,0,40000.0,21.87,0.6249169,0.7318677166737839,0.6006381629194255
2829,2.0,314.0,477.0,9.565,3.475021721380169,11,1,40000.0,32.11,3.5518801,3.754904392629242,3.4706287402484777
2830,0.0,0.0,56.0,0.0,,8,4,20000.0,24.450000000000003,3.2001655,3.0307821743757843,2.9663399381622764
2832,2.0,485.0,606.0,15.01,4.459165968662534,11,4,20000.0,34.64,4.165239,4.262250673625336,4.427885081471026
2834,0.0,0.0,303.0,0.0,,2,3,80000.0,5.16,0.6606987,0.6647872121099425,0.6164706516854981
2838,1.0,207.0,333.0,14.5,3.708570131182946,8,1,60000.0,19.759999999999998,3.7127044,3.8194053078133723,3.627582226952887
2840,0.0,0.0,121.0,0.0,,6,2,140000.0,10.8,2.20757,2.0606033134999464,1.8296345258449476
2842,0.0,0.0,373.0,0.0,,4,3,20000.0,6.4,0.48210365,0.3766819841077303,0.5463010799740582
2844,0.0,0.0,49.0,0.0,,4,2,,7.3,,,
2846,3.0,586.0,654.0,12.646666666666667,5.0866475221869685,17,1,60000.0,43.11,5.0921755,5.101372411325945,5.095619186109207
2848,1.0,187.0,583.0,6.86,1.0567934659089127,7,4,20000.0,25.58,0.99763316,1.0701812289639046,1.1207676266868862
2850,1.0,332.0,455.0,15.56,3.238758557915503,8,4,20000.0,29.92,3.262244,3.1912872102901866,3.2932168492710923
2852,6.0,275.0,332.0,13.945,16.718962484938295,29,0,40000.0,105.94,16.67449,15.871723830699441,16.68734792070928
2856,0.0,0.0,37.0,0.0,,4,5,140000.0,31.67,4.5691705,3.610871750319034,3.8191863020238617
2857,0.0,0.0,393.0,0.0,,3,1,40000.0,5.76,0.46107692,0.3554717075550514,0.4855141677465351
2858,1.0,276.0,327.0,31.5,7.868378136660291,7,3,80000.0,46.09,7.868397,8.034665081878572,7.836553579521457
2861,1.0,653.0,670.0,8.64,1.6379221573737788,6,5,40000.0,22.32,1.6434726,1.5958464020986405,1.6375785309764401
2862,6.0,348.0,369.0,7.165,8.45479617513859,25,1,60000.0,54.55,8.477595,8.65161360828872,8.709205246313967
2863,3.0,500.0,551.0,10.06,4.75608886388653,20,0,80000.0,47.43,4.7375574,4.754115504419084,4.900707381623629
2866,0.0,0.0,272.0,0.0,,3,2,40000.0,11.7,0.6986806,0.7135215513652462,0.5824399875874278
2868,3.0,213.0,314.0,12.533333333333333,8.345068429284554,15,1,140000.0,49.379999999999995,8.283427,8.351774182382716,8.430751666686232
2869,4.0,257.0,606.0,10.5,3.7204606360286254,22,2,20000.0,65.5,3.8427563,3.607558766374644,3.5166642197951394
2870,1.0,194.0,598.0,29.74,3.3203530536333625,6,3,20000.0,39.15,3.36639,3.4676455665319743,3.7019403307667202
2872,0.0,0.0,391.0,0.0,,3,4,40000.0,6.53,0.4977047,0.35250487634629357,0.4613984703778824
2876,0.0,0.0,435.0,0.0,,4,0,80000.0,7.8,0.3213455,0.29571207042559833,0.48497302234548023
2878,7.0,637.0,705.0,8.118571428571428,6.5316748867751135,31,4,40000.0,74.05,6.526524,6.452344789328185,6.675479675783215
2879,0.0,0.0,370.0,0.0,,2,1,140000.0,4.0,0.49723348,0.3642127683862242,0.6070842470608486
2880,0.0,0.0,110.0,0.0,,2,2,40000.0,3.69,2.5856917,2.27584099232651,2.1667799876196883
2882,0.0,0.0,510.0,0.0,,4,2,20000.0,6.27,0.29207572,0.26393764602374364,0.2284560786337302
2883,0.0,0.0,145.0,0.0,,5,0,40000.0,17.5,1.7615043,1.7671084811896554,1.7781326634428147
2885,0.0,0.0,265.0,0.0,,3,3,140000.0,7.94,0.7848107,0.7627284974641841,0.5358259753216634
2886,2.0,366.0,443.0,20.98,7.786877657220501,9,3,40000.0,55.82,7.7854624,7.582085510321329,7.463284590751611
2890,4.0,648.0,703.0,15.4,7.3724561772462724,24,4,40000.0,79.82,7.3880963,7.5091229368394,7.5569657357092215
2893,1.0,100.0,498.0,8.5,1.190173858415951,8,1,80000.0,17.98,1.1908344,1.2186098570345738,1.1163687956294401
2894,0.0,0.0,412.0,0.0,,2,5,20000.0,11.05,0.60566735,0.32364657143289904,0.4888651179643393
2896,1.0,616.0,687.0,21.25,3.19973856616172,9,5,60000.0,28.25,3.2004566,3.224349184813364,3.1142974259656797
2897,0.0,0.0,109.0,0.0,,4,1,80000.0,24.13,2.6621406,2.141211074417606,2.1899562438041595
2901,1.0,64.0,318.0,23.8,4.315057615757403,9,5,120000.0,26.130000000000003,3.8340454,4.450484091655617,4.272181171361352
2903,0.0,0.0,74.0,0.0,,3,1,140000.0,6.55,2.8639886,2.1036983362374033,2.8526302515017243
2905,2.0,318.0,340.0,14.379999999999999,6.8420478109319305,11,1,60000.0,32.26,6.843364,6.832576371083309,6.528789621021981
2907,3.0,166.0,642.0,12.17,2.149549995897016,16,3,40000.0,56.45,2.614738,2.257046593154814,2.0900379261362856
2908,5.0,497.0,537.0,19.16,13.747060107375878,26,4,40000.0,125.28,13.779956,14.268048425396755,14.338849487440967
2911,1.0,8.0,59.0,3.92,3.567705089019812,9,5,40000.0,5.14,3.5646057,3.6114569012727693,3.580303360840889
2915,1.0,30.0,532.0,7.06,0.6616955829386749,8,0,140000.0,15.370000000000001,0.6752095,0.7336111735198155,0.7715207282351377
2916,1.0,137.0,309.0,9.95,2.6802809157381104,8,5,40000.0,15.87,2.7279818,2.5865575900089928,2.4688432459260947
2918,8.0,632.0,694.0,16.9775,15.190755420195991,44,3,20000.0,150.66,15.197095,15.035919103456422,15.244447217698307
2919,3.0,56.0,133.0,12.13,12.864710455543701,17,1,100000.0,40.33,12.885754,12.84901308138068,12.482379022028322
2921,9.0,597.0,711.0,10.918888888888889,10.545822470195182,38,4,40000.0,107.86,10.534361,10.643767928130337,10.291919544198993
2924,4.0,611.0,716.0,14.995000000000001,6.977020486567899,25,5,40000.0,83.25,7.273983,7.196276711874455,6.853192967084249
2925,0.0,0.0,440.0,0.0,,4,0,40000.0,4.33,0.35180292,0.29404584938253947,0.46701945526542854
2927,2.0,265.0,600.0,27.759999999999998,6.421208590699617,14,4,40000.0,76.82,6.4387302,6.623629613357598,6.738842594407426
2929,2.0,515.0,574.0,11.5,3.769593779062161,12,4,80000.0,32.03,3.7720745,3.685816362534758,3.689321658325
2933,0.0,0.0,87.0,0.0,,4,1,100000.0,6.8,2.7790172,2.188546370801031,2.2542175707895336
2936,1.0,52.0,255.0,7.14,2.0751521140431537,10,3,80000.0,30.32,2.2906287,1.927383756913929,1.8528813261311408
2942,4.0,401.0,516.0,19.7575,11.577384606874148,19,3,40000.0,91.1,11.548328,11.77133742088208,11.48573642101611
2946,0.0,0.0,174.0,0.0,,3,2,120000.0,9.23,1.40508,1.4425449109442492,1.2584836331492477
2947,4.0,236.0,313.0,11.727500000000001,10.207275367124359,22,1,80000.0,69.18,10.223476,10.080809969501225,10.303856035419244
2951,0.0,0.0,530.0,0.0,,6,3,40000.0,20.59,0.22272635,0.1581248313567589,0.29756136998375826
2952,3.0,359.0,421.0,8.96,5.221250983835791,15,1,40000.0,41.94,5.191994,5.264338486222531,5.5100309949881145
2954,0.0,0.0,290.0,0.0,,2,3,100000.0,21.22,0.59292275,0.6626322339655312,0.5530541829266502
2957,1.0,432.0,508.0,20.41,3.885695200457782,8,3,,54.61,,,
2958,0.0,0.0,362.0,0.0,,5,1,60000.0,2.09,0.5443752,0.3593326108261334,0.5881057236591678
2961,2.0,281.0,532.0,14.905,4.354762106514942,11,4,40000.0,44.03,4.317901,4.4472274845957145,4.356842349423433
2963,2.0,486.0,508.0,9.695,3.623877988065264,13,4,100000.0,27.009999999999998,3.5932777,3.3564235480470312,3.5716585685048434
2965,0.0,0.0,352.0,0.0,,3,4,40000.0,1.17,0.50202465,0.36274333944832504,0.5842734330873176
2966,2.0,455.0,532.0,8.9,3.189663183313715,11,2,60000.0,20.310000000000002,3.180472,3.1850081775884314,3.265917454213799
2967,0.0,0.0,312.0,0.0,,3,1,40000.0,7.68,0.638586,0.6542138664435285,0.6217895235975783
2968,1.0,520.0,677.0,5.11,1.0792358118599112,6,5,40000.0,10.870000000000001,1.0697355,1.1160699619060475,1.0579632681431006
2970,0.0,0.0,263.0,0.0,,7,3,20000.0,5.67,0.65993375,0.7534528631486519,0.5809848480799884
2973,1.0,142.0,255.0,15.16,4.530428688680848,8,5,60000.0,24.130000000000003,4.472929,4.224682263150486,4.36353821788762
2974,1.0,155.0,291.0,10.92,3.153234883823568,6,1,40000.0,18.58,3.1564102,3.0513549860839864,3.123006066499582
2976,0.0,0.0,489.0,0.0,,5,4,40000.0,4.03,0.40493467,0.26858102477268614,0.27365798847541534
2977,2.0,168.0,648.0,14.325,2.3315389311349466,13,4,120000.0,38.91,2.3788078,2.4819415979577286,2.2560376087912575
2981,5.0,178.0,620.0,12.596,1.8336291571388803,23,1,120000.0,78.52,2.4577024,2.2545973588675596,2.59311455664711
2984,1.0,60.0,117.0,11.26,5.646876670286562,5,2,140000.0,17.88,5.643071,5.599757311292076,5.670975145875048
2986,3.0,72.0,351.0,17.746666666666666,5.922091195488809,17,4,60000.0,75.34,5.9318347,5.683971056529063,6.164244886504983
2988,0.0,0.0,217.0,0.0,,3,1,40000.0,10.17,1.0546483,1.0636073124310486,0.8702660576704666
2990,1.0,213.0,249.0,18.46,5.9406099489442745,9,2,40000.0,25.85,5.936258,5.895993504773713,5.87738104269505
2994,0.0,0.0,150.0,0.0,,3,1,40000.0,15.21,1.7873076,1.736242508084606,1.6887733225883688
2996,1.0,315.0,681.0,18.32,2.2543478508689323,12,4,20000.0,29.3,2.2581258,2.160663998085564,2.3153850891954453
2997,0.0,0.0,722.0,0.0,,6,4,20000.0,17.57,0.03025326,0.1091659524395588,0.14947475748169303
2998,10.0,272.0,347.0,17.212,30.875637348134752,61,4,140000.0,183.1,30.879122,32.20957625957185,30.897253774034763
3000,4.0,170.0,646.0,12.385,1.875519175915799,21,1,40000.0,61.41,1.899031,1.8457615868369728,1.9513110570591463
3001,1.0,633.0,709.0,2.08,0.7036764128608499,9,1,40000.0,46.86,0.71758556,0.7717809796535942,0.7311200308740098
3002,1.0,8.0,125.0,15.5,5.98176532446192,10,0,120000.0,23.0,5.9826026,5.6544491634489935,6.085361312759159
3003,0.0,0.0,94.0,0.0,,4,2,60000.0,18.72,2.617522,2.3216315279319817,2.295216867817872
3004,0.0,0.0,218.0,0.0,,5,1,140000.0,39.1,1.5687762,1.1757038074858266,1.217716910114338
3010,1.0,289.0,580.0,4.1,0.934418681239408,9,3,100000.0,18.21,0.9288503,0.8759727148580523,0.8491229374868627
3011,0.0,0.0,602.0,0.0,,4,2,20000.0,3.69,0.15253308,0.15330074265018845,0.21295314564076673
3012,1.0,160.0,700.0,13.8,1.245283394151521,7,4,80000.0,22.18,1.2535022,1.161864519656251,1.108647175902453
3015,0.0,0.0,564.0,0.0,,6,1,20000.0,36.89,0.28506893,0.13762188777177917,0.2427678389880068
3016,2.0,168.0,284.0,7.345,4.018974572548279,11,1,20000.0,30.71,4.0225906,3.9321272050271614,3.9900704439299917
3018,0.0,0.0,85.0,0.0,,5,3,20000.0,12.03,2.7712736,2.5318668853808277,2.4812558739737307
3019,0.0,0.0,649.0,0.0,,4,4,20000.0,8.95,0.14563379,0.16907745440260985,0.1976576684215816
3020,2.0,457.0,698.0,5.715,1.6727946244429446,12,1,40000.0,33.22,1.660595,1.7766786572228734,1.6391756012236733
3021,5.0,372.0,469.0,25.25,19.33585583054012,28,3,60000.0,136.98,19.325733,18.637828993306375,19.054486569599966
3023,1.0,79.0,220.0,7.5,2.7009277478053066,8,2,40000.0,12.21,2.891959,2.883977842456164,2.8944787604960345
3024,0.0,0.0,459.0,0.0,,3,2,100000.0,3.72,0.33718967,0.29676321242006914,0.27950772028332516
3025,4.0,346.0,377.0,6.8725,5.694338294388899,20,2,40000.0,38.620000000000005,4.693117,5.429974095398392,5.9959965222048375
3027,0.0,0.0,625.0,0.0,,5,3,40000.0,13.32,0.0997095,0.1816365932423923,0.18768365627945105
3032,3.0,152.0,317.0,17.81,10.347879227782212,18,2,40000.0,62.449999999999996,10.340555,10.09546305192328,10.057551117311819
3033,0.0,0.0,183.0,0.0,,6,2,20000.0,26.0,1.2292329,1.6293485970351285,1.2403239054336233
3034,0.0,0.0,442.0,0.0,,3,4,100000.0,2.6,0.3768169,0.2881258425405791,0.41799788702167273
3035,0.0,0.0,356.0,0.0,,2,4,60000.0,3.66,0.43729296,0.35636577961737553,0.5765431237483645
3037,1.0,581.0,641.0,17.23,2.8452670339473327,6,4,40000.0,25.53,2.8303063,2.9092003138621467,2.8195302998552156
3038,0.0,0.0,203.0,0.0,,3,2,20000.0,5.56,0.9181872,1.0821659569474198,1.0199092872006537
3039,3.0,527.0,599.0,22.986666666666668,9.518776172882465,19,3,20000.0,81.38,9.459918,9.526740625280764,9.311690313501554
3041,1.0,341.0,434.0,22.15,4.610004083599716,9,5,40000.0,27.979999999999997,4.6162796,4.497088386323074,4.582375277317976
3044,0.0,0.0,199.0,0.0,,3,3,80000.0,6.47,1.102726,1.1922501769289546,0.979544976159703
3045,1.0,35.0,359.0,2.62,0.7272468615558951,6,0,140000.0,12.809999999999999,0.93699145,0.6419483903527308,0.7653703667293241
3048,1.0,14.0,229.0,2.65,1.144930194585037,8,1,20000.0,28.49,1.1492108,1.0692590342277215,1.1019191290576096
3049,0.0,0.0,671.0,0.0,,6,3,40000.0,5.98,0.10501879,0.16461410033413612,0.21633687734644091
3052,0.0,0.0,652.0,0.0,,4,2,40000.0,13.37,0.103097215,0.17199791475794404,0.20440340483605812
3056,2.0,36.0,226.0,9.61,4.444384181165566,11,3,60000.0,24.7,4.4623356,4.369102042384172,4.2986335346680695
3060,1.0,9.0,311.0,2.89,0.792756311337671,9,5,60000.0,11.620000000000001,0.76561624,0.7913448842760985,0.7931920691646521
3065,6.0,379.0,429.0,14.530000000000001,14.61867701895791,32,3,60000.0,111.33,14.591744,14.607642373531466,14.763493353828755
3066,2.0,106.0,121.0,4.96,5.14676241200776,13,5,80000.0,19.79,4.4361377,5.255263921712716,5.493661747409915
3067,0.0,0.0,396.0,0.0,,3,1,40000.0,4.97,0.46558544,0.3012806978612995,0.4855141677465351
3068,3.0,89.0,146.0,14.15333333333333,14.816450341271326,17,4,20000.0,63.56,14.793324,14.831574000731099,14.713300429666939
3070,1.0,336.0,642.0,21.67,2.8819790592291117,9,3,40000.0,30.090000000000003,2.8566191,2.958792743964196,2.87422107088935
3075,2.0,509.0,687.0,17.65,4.566553050766304,11,3,60000.0,41.730000000000004,4.6888046,4.615039521102196,4.491924059338345
3077,1.0,175.0,306.0,11.09,3.131010373950973,8,5,40000.0,14.71,3.116189,3.0824270203253192,3.094264500229432
3080,2.0,169.0,347.0,6.725,3.0666552948219126,11,4,40000.0,18.49,3.0438085,2.9173079005534177,3.0921027230022005
3081,0.0,0.0,573.0,0.0,,2,2,100000.0,14.82,0.13339268,0.176279789809326,0.21454890105953517
3085,2.0,142.0,272.0,12.49,6.305639364085291,12,3,60000.0,27.39,6.3740563,6.103970178131718,5.798747107204228
3086,1.0,372.0,495.0,33.1,5.868494415149945,10,1,40000.0,68.98,5.694869,6.068762728145538,6.177815346270604
3087,1.0,107.0,264.0,3.69,1.5829060142858338,8,2,80000.0,12.87,1.4490484,1.5041801218561557,1.376679465745779
3090,0.0,0.0,211.0,0.0,,5,4,40000.0,9.45,1.0404911,1.060640481222291,0.9068330645651752
3092,0.0,0.0,703.0,0.0,,4,0,60000.0,37.65,0.1353359,0.08658366663447781,0.286667381191112
3097,3.0,453.0,736.0,22.49333333333333,7.045877147664214,18,1,40000.0,81.93,7.0386405,7.116312738005911,7.11594638147232
3098,0.0,0.0,592.0,0.0,,5,3,40000.0,15.81,0.18605751,0.1597690279637137,0.22996235436304335
3099,2.0,444.0,532.0,11.15,3.8443720869304325,12,4,40000.0,38.720000000000006,3.9252732,3.8519212561329885,3.893600998330088
3100,1.0,453.0,503.0,8.02,1.9157551123550862,10,3,40000.0,23.73,1.932307,2.024598199758317,1.99154072956855
3101,3.0,86.0,665.0,4.63,0.37346066296165886,17,3,80000.0,19.6,0.90590125,0.6690653077687896,0.15024095075447175
3102,1.0,347.0,398.0,11.97,3.045516725843021,6,1,20000.0,19.26,3.0336847,3.019167554710866,3.0122858345655983
3104,1.0,94.0,113.0,14.5,7.438820262904374,7,4,40000.0,22.23,7.42446,7.0294240801725785,7.33463190155652
3108,0.0,0.0,344.0,0.0,,5,1,40000.0,25.81,0.5078125,0.460299247257003,0.6306195448902656
3109,0.0,0.0,474.0,0.0,,10,4,40000.0,8.49,0.4661203,0.2622173420278903,0.28092109398483167
3111,0.0,0.0,54.0,0.0,,4,1,60000.0,8.16,3.391396,3.1699375073915523,2.981818286765053
3113,4.0,403.0,641.0,13.07,6.031156029272673,20,3,20000.0,68.52,5.599704,6.2449460929793466,6.059668912975025
3115,0.0,0.0,397.0,0.0,,3,3,20000.0,15.48,0.44433022,0.3122525113119469,0.48385994716074965
3116,1.0,321.0,381.0,13.71,3.4693895885096824,6,2,60000.0,24.65,3.4672773,3.3596632784368294,3.4901053293144617
3119,1.0,31.0,193.0,3.35,1.6403974123865743,9,1,80000.0,25.48,1.6289318,1.6059977010306128,1.545166365001366
3121,0.0,0.0,70.0,0.0,,4,4,60000.0,11.95,2.887939,2.268521746417957,2.8904444139050223
3124,3.0,314.0,647.0,25.496666666666666,7.808270563015926,17,4,60000.0,120.69,7.812756,8.100090915789979,8.04992795745506
3125,8.0,291.0,316.0,10.35625,17.167732267917323,43,5,,100.39999999999999,,,
3127,0.0,0.0,494.0,0.0,,4,2,80000.0,8.7,0.2914296,0.2509245095802603,0.2056462372347534
3130,3.0,592.0,631.0,13.913333333333334,5.761158530862974,17,5,80000.0,63.540000000000006,5.77955,5.9956929290110095,5.860747041971834
3131,1.0,156.0,391.0,7.56,1.763996350261832,12,2,20000.0,25.61,1.7082987,2.042684902066062,1.7506960805721423
3132,0.0,0.0,712.0,0.0,,6,4,80000.0,15.73,-0.012973219,0.14714864967059446,0.13934705437862327
3138,2.0,206.0,247.0,22.67,12.60088863244329,12,1,60000.0,55.02,12.573867,12.333341049172065,12.489363117575552
3139,1.0,42.0,498.0,15.64,1.4440821889665074,7,5,80000.0,21.62,1.4370493,1.424063050374407,1.2237929015636064
3140,0.0,0.0,107.0,0.0,,4,2,60000.0,20.59,2.5499282,2.260379028386707,2.2076043780917187
3143,0.0,0.0,27.0,0.0,,5,2,,4.08,,,
3146,0.0,0.0,196.0,0.0,,4,4,40000.0,16.43,1.0514691,1.2051799124754747,0.9841007455778277
3152,1.0,34.0,290.0,6.84,1.6128591591427166,10,0,60000.0,17.53,1.6285005,1.6415546849830955,1.5388582678148524
3153,4.0,299.0,704.0,11.835,3.521484076799119,21,0,80000.0,68.22,3.8835113,4.0862254275520815,3.704617287380124
3157,0.0,0.0,394.0,0.0,,3,2,60000.0,5.76,0.41893655,0.2978469469366638,0.47041613437992336
3158,0.0,0.0,609.0,0.0,,4,3,140000.0,11.28,0.06619054,0.15690322136760598,0.1713807024488574
3160,1.0,245.0,687.0,15.66,1.7470250817098036,6,1,20000.0,38.1,1.7472355,1.7654396904376493,1.6653388577495738
3161,0.0,0.0,35.0,0.0,,4,3,20000.0,28.2,4.440421,4.138942763869981,3.9455294241603083
3162,0.0,0.0,280.0,0.0,,2,1,80000.0,2.88,0.7293697,0.6982325260815475,0.58039846503506
3163,1.0,163.0,621.0,23.56,2.3659188441529695,7,0,40000.0,33.879999999999995,2.4030604,2.4026532622490966,2.4140600259791833
3164,0.0,0.0,484.0,0.0,,4,1,20000.0,15.72,0.36901507,0.2713913370330264,0.26527663508269494
3166,0.0,0.0,184.0,0.0,,4,1,40000.0,3.4,1.2243619,1.4297010847859934,1.2148613664575185
3168,1.0,127.0,250.0,35.25,9.337565831773658,13,5,20000.0,49.769999999999996,9.564108,10.680183081683259,9.532395341119294
3169,0.0,0.0,195.0,0.0,,3,3,,7.8,,,
3172,0.0,0.0,292.0,0.0,,3,1,20000.0,12.47,0.5007356,0.6734238529546904,0.6231937646731351
3174,5.0,155.0,244.0,11.894,14.166707081840729,26,5,140000.0,68.59,14.172224,14.17917729325348,14.007074453988292
3177,1.0,24.0,284.0,11.97,2.3538011959799143,7,1,60000.0,32.72,2.3034785,2.3234390268567986,2.193024311093918
3178,0.0,0.0,457.0,0.0,,4,3,40000.0,22.45,0.2421027,0.3041451044524838,0.3625799797095679
3179,0.0,0.0,92.0,0.0,,2,5,60000.0,8.73,2.7786748,2.289201183508699,2.2609758153646755
3180,1.0,96.0,374.0,22.62,3.7704168762225816,13,4,20000.0,46.620000000000005,3.8149033,3.608820025812576,3.890231997779416
3185,0.0,0.0,273.0,0.0,,5,2,40000.0,12.44,0.6960217,0.7135215513652462,0.5824399875874278
3186,5.0,125.0,244.0,17.314,18.665738814589204,26,3,80000.0,103.25,18.650223,18.877670292803305,18.9982484117206
3187,0.0,0.0,390.0,0.0,,2,3,60000.0,8.93,0.4665512,0.3520379566304157,0.4761526125873621
3188,0.0,0.0,454.0,0.0,,6,2,40000.0,5.5,0.35320356,0.29636303432358474,0.4147571532216032
3191,0.0,0.0,86.0,0.0,,4,1,,5.86,,,
3192,0.0,0.0,301.0,0.0,,4,2,40000.0,15.66,0.55627865,0.671807123220858,0.6346291708154235
3193,0.0,0.0,431.0,0.0,,3,2,20000.0,12.08,0.41460925,0.3214389621267189,0.4860239091084573
3194,0.0,0.0,208.0,0.0,,6,1,80000.0,11.4,1.0290282,1.0735115127837507,0.917706406058632
3195,1.0,118.0,269.0,7.67,2.4686905659630316,9,5,120000.0,26.21,2.4826999,2.6245352224583054,2.4468427675567623
3196,2.0,581.0,732.0,21.295,5.233690243667192,12,2,60000.0,53.39,5.252816,5.1393835397716545,5.090012324246941
3197,5.0,447.0,724.0,10.98,5.347125473632568,24,5,60000.0,89.46000000000001,5.3462315,5.042755270525841,5.422999235427576
3198,1.0,370.0,395.0,11.6,3.039063223912908,9,4,80000.0,28.020000000000003,3.0280883,3.219378530958135,2.8896853589125877
3199,0.0,0.0,496.0,0.0,,4,4,40000.0,3.19,0.31570283,0.264608699969721,0.20762764631521158
3201,1.0,569.0,617.0,6.13,1.3707109361801637,8,0,60000.0,26.13,1.3745562,1.3709911077580297,1.4233517920813155
3202,0.0,0.0,651.0,0.0,,5,4,60000.0,5.98,0.10389688,0.17052650532435504,0.18599609273826267
3204,1.0,30.0,676.0,8.06,0.4706084843664228,7,0,40000.0,15.45,0.46613383,0.4653235154599562,0.5534076509694792
3205,0.0,0.0,39.0,0.0,,4,1,140000.0,33.06,4.692633,3.661958971560854,4.013679723514536
3206,1.0,186.0,232.0,5.29,2.4575177021012213,9,4,20000.0,26.419999999999998,2.7301655,2.603231671057529,2.5601064309111585
3207,0.0,0.0,281.0,0.0,,3,5,80000.0,16.13,0.6334179,0.7037078263657052,0.5585122327378054
3208,0.0,0.0,441.0,0.0,,4,5,40000.0,4.82,0.4350383,0.2866098642080007,0.4316514066366137
3209,0.0,0.0,64.0,0.0,,4,4,20000.0,24.05,2.8118927,3.315992859710656,2.8960483868149685
3210,8.0,258.0,308.0,17.695,28.842903859523588,44,2,40000.0,158.84,28.851282,29.439294979257344,29.24542126553928
3211,1.0,444.0,665.0,14.36,2.1697330670071455,3,3,40000.0,15.6,2.1589172,2.1396142581502438,2.12053655531325
3213,2.0,211.0,595.0,12.545,2.7894197004160484,13,2,40000.0,39.519999999999996,2.8503888,2.7663741059031812,2.9431816869313416
3216,0.0,0.0,547.0,0.0,,3,1,20000.0,6.34,0.2313012,0.1415615809103269,0.27297720186174157
3218,2.0,325.0,614.0,9.075,2.503955419856721,12,2,20000.0,24.189999999999998,2.5156612,2.4352870060499785,2.543834305278027
3219,0.0,0.0,359.0,0.0,,3,4,60000.0,8.39,0.5651058,0.35636577961737553,0.5770645101557905
3222,0.0,0.0,544.0,0.0,,5,1,80000.0,15.18,0.20943572,0.14843004432033652,0.2681788692278406
3223,0.0,0.0,229.0,0.0,,6,1,20000.0,21.48,0.69895077,1.0396951016322895,0.9293387751709563
3225,6.0,304.0,337.0,9.435,11.583665649442997,33,1,,75.03999999999999,,,
3226,1.0,30.0,177.0,19.97,6.053252826684007,10,3,20000.0,35.0,6.0326977,5.76207631103438,5.964172454766257
3228,0.0,0.0,216.0,0.0,,5,0,60000.0,29.17,1.3568795,1.0052642379321488,0.9445752458268082
3229,0.0,0.0,345.0,0.0,,3,1,40000.0,1.46,0.49104008,0.5079300031132475,0.6455120254524092
3231,4.0,415.0,493.0,13.365,8.43515870889066,22,3,20000.0,74.44,8.443705,8.544854224636678,8.42797028431786
3233,3.0,223.0,422.0,11.526666666666666,5.689407247391544,23,5,40000.0,42.75,5.6954365,5.813216155184585,5.899856098669171
3234,6.0,193.0,342.0,11.891666666666666,11.834844308735715,28,2,20000.0,80.57,11.847513,11.67924734938783,12.009791888168314
3236,1.0,196.0,618.0,20.02,2.2524903174720956,12,3,80000.0,29.59,2.2984889,2.131233647300925,2.3476389328366722
3238,0.0,0.0,191.0,0.0,,5,1,20000.0,11.02,0.9534965,1.4377290893303272,1.0240612371142577
3239,6.0,677.0,697.0,14.831666666666669,10.323481119295373,33,4,60000.0,112.75,10.349108,10.297585904196392,10.44468754204554
3242,3.0,682.0,710.0,13.723333333333334,5.183229511140115,14,3,20000.0,44.8,5.1505704,5.170590851222575,5.085723736876245
3243,4.0,466.0,623.0,17.2525,8.636285194805371,21,2,20000.0,74.63,8.56234,8.523056718717285,8.282954489104027
3244,1.0,70.0,197.0,26.1,7.845069599892603,7,1,80000.0,40.59,7.84808,7.974937483969473,7.896111681113631
3245,3.0,319.0,489.0,23.27,10.509531050894067,17,2,40000.0,76.3,10.448659,10.380227084132358,10.076018202372062
3247,1.0,52.0,325.0,4.38,1.1575755124024503,3,3,20000.0,6.01,1.1695093,1.2181513016582943,1.3042883127645757
3250,2.0,339.0,627.0,15.25,3.893394704327135,13,3,20000.0,50.050000000000004,3.8396275,3.8369063957891156,3.9230890070341022
3252,0.0,0.0,652.0,0.0,,3,1,20000.0,7.26,0.100697614,0.162585820538105,0.21339435784512784
3253,2.0,134.0,585.0,10.85,1.89805684346041,12,3,80000.0,29.7,1.8882242,1.6673658524028623,2.0489555654090488
3256,0.0,0.0,202.0,0.0,,5,4,40000.0,4.95,1.0708821,1.2051799124754747,0.9852887281744849
3258,2.0,516.0,674.0,13.620000000000001,3.7077447756090303,10,3,40000.0,34.8,3.6729171,3.6570130422644684,3.710554763791354
3259,0.0,0.0,246.0,0.0,,2,0,40000.0,8.1,0.9391934,0.9510642095520451,0.8640294260867281
3267,0.0,0.0,342.0,0.0,,4,2,20000.0,5.7,0.59591675,0.6460562708631077,0.632820647347959
3268,0.0,0.0,196.0,0.0,,5,5,80000.0,22.33,0.9204918,1.254749413938366,0.9621824393368605
3269,0.0,0.0,210.0,0.0,,5,4,20000.0,8.65,0.905293,1.0990149245589667,0.9186433945231949
3271,3.0,504.0,607.0,6.82,3.080265409572096,19,2,20000.0,30.23,3.09572,3.1378238094172244,3.067961433105222
3273,0.0,0.0,568.0,0.0,,4,1,20000.0,33.76,0.37464154,0.15099442281275183,0.4650420034977314
3277,0.0,0.0,348.0,0.0,,4,4,20000.0,8.28,0.4721672,0.4342954546932138,0.6329434966430023
3278,0.0,0.0,309.0,0.0,,4,2,20000.0,11.63,0.4959767,0.6651856798941761,0.6073027954810266
3279,0.0,0.0,471.0,0.0,,4,1,40000.0,14.49,0.325388,0.29341922541727095,0.3113438032812441
3280,2.0,131.0,327.0,17.08,6.725427571841241,12,1,60000.0,62.379999999999995,6.7313895,6.637608684981608,7.007576732048623
3282,1.0,15.0,582.0,13.56,0.815340757509851,7,5,60000.0,36.1,0.80976564,0.727056388990665,0.6108782885474389
3283,0.0,0.0,476.0,0.0,,4,2,60000.0,26.28,0.39434052,0.2133134118086612,0.2748552261924173
3285,3.0,480.0,533.0,13.046666666666667,6.172632693144507,15,2,40000.0,70.7,6.1387753,5.932562206911496,6.376169881738514
3286,1.0,142.0,644.0,1.85,0.4160628614259306,5,5,20000.0,7.51,0.41627464,0.36754606353209796,0.38592777640015363
3287,0.0,0.0,619.0,0.0,,5,4,40000.0,4.66,0.18025959,0.1808700819383353,0.1853817719237858
3288,4.0,559.0,610.0,14.59,7.859645822848108,19,2,40000.0,67.11,7.755047,7.64847628611742,7.6458766014024615
3289,0.0,0.0,308.0,0.0,,3,5,140000.0,8.74,0.6169948,0.6534984050138458,0.6512017822261322
3291,1.0,23.0,53.0,12.96,8.555204650335838,9,2,40000.0,20.400000000000002,8.555792,9.41736749762879,8.832197237362852
3292,0.0,0.0,248.0,0.0,,5,2,40000.0,6.42,0.9364934,0.9853831367847795,0.7085650552541161
3293,2.0,326.0,603.0,29.8,7.472787596695419,12,2,40000.0,64.83000000000001,7.4581575,7.763791192155001,7.375476643404251
3295,2.0,242.0,270.0,15.9,8.692159680784632,10,1,60000.0,46.78,8.673373,8.697589855435828,8.720868159172303
3297,0.0,0.0,637.0,0.0,,3,0,60000.0,16.78,0.011629228,0.16912814036505083,0.18620629082870366
3300,2.0,129.0,642.0,16.275,2.194105449084795,11,3,60000.0,52.6,2.193705,2.3217117052274228,2.0279933814475797
3301,0.0,0.0,301.0,0.0,,4,1,40000.0,28.08,0.8501489,0.9494725866141792,0.6360761545815299
3302,5.0,566.0,584.0,12.288,8.468412537990694,23,2,40000.0,80.09,8.526114,8.32347579763216,8.617909363901582
3305,0.0,0.0,650.0,0.0,,5,3,40000.0,6.16,0.115290955,0.17199791475794404,0.20995421895268418
3306,0.0,0.0,280.0,0.0,,4,3,40000.0,41.36,1.4267511,1.2226948369334816,0.8628300912188944
3308,3.0,420.0,588.0,16.6,6.76705863866898,16,1,,71.33,,,
3310,6.0,594.0,697.0,9.715000000000002,6.728152477047784,27,1,20000.0,61.55,6.6888776,6.642029243824402,6.665787378309332
3311,1.0,44.0,263.0,17.78,3.88678854096852,8,2,80000.0,25.34,3.8516843,3.653149481928258,3.8285183883766645
3313,0.0,0.0,716.0,0.0,,3,0,40000.0,10.96,0.015900506,0.11350745579879071,0.15401998700536623
3316,1.0,355.0,389.0,3.75,1.4686477344918998,4,0,140000.0,9.6,1.4738419,1.4166890193156627,1.402180571452667
3317,2.0,184.0,252.0,13.725,7.721058362311532,11,3,60000.0,48.56,7.7588387,7.735683254751305,8.028607520759916
3319,1.0,2.0,29.0,20.52,14.140487078009656,12,3,20000.0,48.870000000000005,14.127888,14.5057282102499,14.199986994621483
3321,0.0,0.0,614.0,0.0,,4,3,40000.0,6.87,0.14912261,0.1597690279637137,0.1861938774020686
3322,0.0,0.0,317.0,0.0,,3,3,20000.0,28.92,0.9003397,0.919014453911213,0.7044347421612507
3324,0.0,0.0,180.0,0.0,,3,3,40000.0,14.45,1.2340975,1.4511488641220107,1.2123847049391445
3325,1.0,87.0,245.0,17.3,4.696731320056994,6,2,60000.0,23.94,4.7368536,4.906892123050578,4.894617200930075
3327,1.0,5.0,375.0,4.79,0.764177124800877,10,4,40000.0,22.68,0.779509,0.788133528200917,0.8548103726784522
3328,4.0,561.0,616.0,14.7525,7.871574907606027,24,4,20000.0,74.14,7.898214,7.709059435180588,7.942236145280947
3329,1.0,55.0,121.0,9.5,4.818655405441989,9,2,40000.0,12.56,4.829971,4.61218114044706,4.738700939052031
3330,1.0,129.0,157.0,22.2,9.031433816210185,10,1,80000.0,37.1,9.030934,9.070966507080135,8.868652107231227
3334,4.0,618.0,714.0,12.7,6.000335242475023,25,2,80000.0,62.98,5.844912,6.209777480056592,5.736110310263042
3335,1.0,221.0,342.0,16.38,4.056767316967651,10,2,60000.0,20.119999999999997,4.0692654,4.170672320076083,4.11509819375345
3336,0.0,0.0,685.0,0.0,,5,2,40000.0,2.96,0.09194849,0.16461410033413612,0.19698267872063902
3338,1.0,8.0,211.0,11.42,2.9367084445564466,8,4,40000.0,31.22,2.9267232,2.968335317382593,2.8515707265690025
3342,0.0,0.0,245.0,0.0,,5,2,20000.0,4.28,0.8049886,0.9866393085334116,0.860052593737799
3345,1.0,517.0,626.0,30.16,4.591177920964878,9,3,120000.0,50.58,4.5832634,4.651985430939743,4.6229587536329815
3349,2.0,465.0,541.0,18.005,5.842240350143431,14,1,,59.839999999999996,,,
3350,1.0,89.0,576.0,17.98,1.6280750786589557,9,4,20000.0,33.81,1.6042134,1.4497415171775305,1.5834901815664377
3352,1.0,63.0,595.0,20.16,1.4961267881955846,7,0,80000.0,29.64,1.4871083,1.4436614345160985,1.5872348746995373
3357,0.0,0.0,251.0,0.0,,6,0,20000.0,15.64,0.7075353,0.9577056912963112,0.6521772974364684
3359,0.0,0.0,156.0,0.0,,6,3,80000.0,12.67,1.8420527,1.6904381735673182,1.6984742263445147
3360,2.0,65.0,358.0,6.5649999999999995,2.0325671782802734,12,1,80000.0,21.45,2.0546227,1.8953984644363164,2.215842588072473
3361,1.0,42.0,428.0,17.49,2.006212022369716,7,1,20000.0,30.81,1.9835371,1.9983394518873245,2.320156044877592
3363,1.0,243.0,340.0,34.01,7.884630924048741,9,3,20000.0,39.4,7.875612,7.626850146068738,7.77604576881591
3365,0.0,0.0,134.0,0.0,,5,5,80000.0,16.22,1.925976,1.738707905992042,1.702956327588617
3366,10.0,280.0,316.0,9.789,19.813488891069746,46,1,80000.0,107.21000000000001,19.809143,19.522927727522504,19.504513740270834
3370,0.0,0.0,26.0,0.0,,4,3,140000.0,14.76,4.511253,3.0389036428612566,3.8676183405853215
3371,0.0,0.0,353.0,0.0,,4,1,60000.0,12.96,0.47383088,0.3593326108261334,0.583799145038828
3372,2.0,61.0,106.0,5.0600000000000005,5.331869257176936,12,1,40000.0,23.37,5.3317027,5.4001950561256375,5.591562507436275
3373,1.0,5.0,684.0,19.32,0.7359534699316206,12,5,100000.0,46.44,0.7394459,0.7206318318646463,0.5925519367203194
3377,1.0,86.0,243.0,31.14,7.862748634773562,7,4,60000.0,42.18,7.8489914,7.939292028726687,7.772154470457314
3386,1.0,62.0,733.0,5.16,0.37575080423299856,6,4,40000.0,19.939999999999998,0.37137702,0.4256116159149945,0.3953623131859878
3387,0.0,0.0,585.0,0.0,,5,1,40000.0,30.89,0.14300768,0.08301316091825961,0.2651479227500131
3388,5.0,672.0,704.0,10.356,6.180254134562743,21,4,40000.0,55.879999999999995,6.187708,6.121638180336603,5.989448649386365
3390,4.0,227.0,360.0,9.5875,7.278983377216214,17,2,40000.0,55.510000000000005,7.27915,7.451288960833808,7.226628751102282
3395,0.0,0.0,72.0,0.0,,4,4,20000.0,13.8,2.865969,2.4843743843962622,2.8850848834383025
3396,2.0,163.0,350.0,8.97,3.799429126608247,13,2,80000.0,21.880000000000003,3.8120189,3.555823621658653,3.7064827261240385
3397,5.0,465.0,644.0,14.418000000000001,8.436841379123702,23,2,40000.0,86.85,8.4293,8.386332245929923,8.235553141103699
3399,0.0,0.0,169.0,0.0,,2,1,20000.0,6.19,1.3026277,1.6112650915040592,1.3964819498189964
3401,2.0,253.0,624.0,22.869999999999997,4.941903728172024,13,0,60000.0,65.96,5.0026474,4.971474386784361,5.1569226155309185
3404,0.0,0.0,518.0,0.0,,4,2,40000.0,8.91,0.2637333,0.2505243314837759,0.21990904413578338
3406,3.0,269.0,336.0,7.333333333333333,5.106202211970347,13,2,80000.0,37.44,5.147889,5.369213152685485,5.161788435526667
3408,0.0,0.0,198.0,0.0,,4,2,80000.0,31.02,1.414072,1.128399309630677,1.0665876375905565
3409,1.0,37.0,568.0,3.19,0.392823275481997,4,3,,8.85,,,
3410,1.0,9.0,142.0,15.05,5.312785958120991,6,0,140000.0,25.85,5.3095183,5.248905007794469,5.496716432903319
3411,0.0,0.0,276.0,0.0,,2,4,20000.0,10.38,0.59294754,0.7008150479679187,0.5780156213160952
3412,1.0,613.0,708.0,9.52,1.6271958021838913,9,5,40000.0,26.31,1.7051197,1.6015682309724746,1.6322465841497316
3413,0.0,0.0,196.0,0.0,,4,4,20000.0,3.32,0.93737525,1.2064360842241069,0.9877409348144104
3414,0.0,0.0,563.0,0.0,,3,0,100000.0,10.89,0.11417514,0.14847098610111267,0.23891895534153562
3415,0.0,0.0,693.0,0.0,,2,5,40000.0,5.24,0.13166435,0.17238907595563052,0.19116343929183177
3416,0.0,0.0,360.0,0.0,,4,3,120000.0,20.18,0.74309945,0.3608680828595372,0.5320386264244652
3417,0.0,0.0,317.0,0.0,,2,5,80000.0,2.85,0.60155946,0.655395985381189,0.6000957190821685
3418,2.0,252.0,635.0,29.63,6.1211128821272744,13,3,100000.0,76.66,6.1045256,5.908558447814431,6.157643650637723
3419,1.0,2.0,238.0,13.73,2.8618406650317936,10,3,60000.0,38.370000000000005,2.9188187,2.91955772579035,3.0532382009423515
3422,4.0,334.0,381.0,12.67,9.809904639647842,24,1,40000.0,57.68,9.779295,9.868422173821399,9.596597692030247
3423,0.0,0.0,397.0,0.0,,4,2,60000.0,7.8,0.41363448,0.2978469469366638,0.47041613437992336
3424,1.0,42.0,263.0,3.47,1.2648192522835318,7,0,40000.0,5.5600000000000005,1.2828372,1.2361461852810252,1.169897421053479
3425,0.0,0.0,312.0,0.0,,3,4,,7.33,,,
3426,0.0,0.0,552.0,0.0,,5,1,80000.0,6.84,0.20759977,0.15314978682539487,0.27894441424378424
3434,0.0,0.0,526.0,0.0,,6,5,40000.0,41.69,0.62272906,0.17143623790913254,0.40034191227513816
3435,1.0,288.0,361.0,22.51,5.380046024842774,11,3,20000.0,31.480000000000004,5.408958,5.3577508301320345,5.393532627785923
3436,0.0,0.0,274.0,0.0,,5,2,40000.0,6.72,0.6969892,0.7135215513652462,0.585064700589732
3437,1.0,248.0,433.0,6.35,1.621315383933892,9,3,60000.0,14.99,1.8255545,1.6230609466626351,1.6296406112407578
3438,0.0,0.0,570.0,0.0,,5,3,20000.0,6.44,0.19385399,0.1680530009601469,0.22609050089066507
3439,1.0,84.0,166.0,6.65,3.1978365268994313,5,2,80000.0,13.48,3.1889966,3.1820663913324285,3.028241003339104
3440,5.0,189.0,276.0,11.152,12.51985107056937,25,4,20000.0,72.02,12.515362,12.605367331542794,12.789701857930432
3441,1.0,60.0,253.0,5.34,1.7884277934955648,5,2,120000.0,18.46,1.7855725,1.7019506904811696,1.722162863671282
3442,1.0,224.0,415.0,11.03,2.4278167714048156,8,2,40000.0,45.88,2.4253447,2.09187178730631,2.3635187927232075
3446,2.0,524.0,707.0,11.105,2.954867358638256,9,4,40000.0,35.27,3.3710463,3.0914908736528433,3.0437702805707034
3448,2.0,84.0,112.0,11.1,10.05351554850395,14,2,40000.0,35.88,9.617319,10.220123796395411,10.420834995759495
3449,0.0,0.0,105.0,0.0,,5,2,40000.0,7.26,2.5776715,2.27584099232651,2.1667799876196883
3450,0.0,0.0,185.0,0.0,,4,1,60000.0,3.08,1.2342166,1.434749825242011,1.2122087359825882
3452,0.0,0.0,644.0,0.0,,3,3,60000.0,12.56,0.09165858,0.16697868036616398,0.20129913657018772
3454,0.0,0.0,194.0,0.0,,4,0,60000.0,22.41,0.92470264,1.1962974589017346,1.0161482782865034
3455,0.0,0.0,348.0,0.0,,3,4,40000.0,8.0,0.4917801,0.42626745014888023,0.6174706834159762
3457,0.0,0.0,90.0,0.0,,5,1,40000.0,21.49,2.6231048,2.5051490199525537,2.2603092115699086
3458,0.0,0.0,734.0,0.0,,5,5,20000.0,6.66,0.09809681,0.1704118687570413,0.14783154464372394
3462,1.0,58.0,616.0,5.38,0.51495766246094,8,4,40000.0,9.870000000000001,0.51775575,0.5852783079648655,0.6028038194192753
3463,4.0,637.0,703.0,14.3325,6.868884583133231,19,0,20000.0,62.37,6.244312,6.307960885574077,6.499863651238669
3466,0.0,0.0,457.0,0.0,,3,1,40000.0,17.7,0.27047116,0.28795988038134546,0.36702077811106637
3468,2.0,278.0,318.0,15.69,7.669833062790607,11,1,20000.0,47.84,7.7458076,7.729175506523438,7.697224664854902
3469,2.0,332.0,587.0,10.855,3.109588941383552,10,4,60000.0,26.46,2.7447708,3.0462150207954326,3.2062912898117912
3470,1.0,523.0,670.0,16.01,2.47613492699697,11,2,60000.0,20.6,2.4597335,2.338004061543809,2.399427687960301
3471,0.0,0.0,493.0,0.0,,5,4,100000.0,24.19,0.4578419,0.24397582821858838,0.19796636720994787
3473,0.0,0.0,532.0,0.0,,3,3,60000.0,12.16,0.27260348,0.15720661656173487,0.2986801649776156
3476,5.0,486.0,651.0,20.808,12.059195875497554,30,4,40000.0,109.82,12.03595,12.106106530838861,11.949436604912112
3478,0.0,0.0,409.0,0.0,,5,4,60000.0,29.43,0.7452694,0.2734316623567887,0.5573498635922647
3480,1.0,264.0,701.0,5.06,0.786216227079201,8,2,20000.0,29.5,0.78895485,0.7638223185610437,0.7527490856462196
3485,0.0,0.0,111.0,0.0,,5,3,80000.0,3.84,2.6669216,2.2026953799563254,2.182008177571894
3486,0.0,0.0,69.0,0.0,,5,2,40000.0,7.45,2.8283315,2.447622245721759,2.8897118316924724
3487,1.0,53.0,354.0,21.2,3.258730028254189,9,3,40000.0,28.43,3.1461983,2.720528210086139,3.4302911220805767
3489,0.0,0.0,170.0,0.0,,5,4,40000.0,4.1,1.4321474,1.6345348575553835,1.3642196182921262
3490,1.0,305.0,726.0,16.19,1.8384731033875934,8,1,20000.0,39.32,1.8264518,1.7350941630394736,1.6796055231311309
3491,6.0,508.0,676.0,9.943333333333333,6.747237209801417,28,3,80000.0,73.29,6.73749,6.965967521194735,6.893936372303756
3495,8.0,246.0,288.0,18.475,31.62273564972591,49,4,20000.0,151.7,31.60835,31.68582352661276,31.366772085155
3497,6.0,636.0,698.0,12.211666666666666,8.473102972671676,27,2,60000.0,78.31,8.44899,8.294199474266334,8.39339924119003
3499,0.0,0.0,388.0,0.0,,4,1,140000.0,26.57,0.5363394,0.3559222777000578,0.4510673013002542
3500,0.0,0.0,125.0,0.0,,5,0,100000.0,16.37,2.2430975,2.050057317172704,1.8728176617168302
3501,3.0,122.0,305.0,13.823333333333332,7.860475281818767,18,4,40000.0,59.76,7.9477057,7.704225726558831,8.136121119412902
3503,3.0,531.0,698.0,8.159999999999998,3.1381996017416616,20,2,60000.0,38.64,3.1703773,3.355348358299584,3.3013143420158273
3504,3.0,548.0,622.0,7.0566666666666675,3.1458094863828454,10,4,60000.0,25.8,2.8690338,2.9736003304301244,2.9306306623977614
3508,0.0,0.0,401.0,0.0,,4,1,20000.0,9.18,0.43899316,0.30930870240563313,0.4833822432405457
3512,0.0,0.0,437.0,0.0,,5,1,40000.0,18.81,0.2783118,0.28795988038134546,0.4581841704862164
3513,2.0,584.0,604.0,3.535,1.4636136434066052,12,1,120000.0,19.77,1.490597,1.4526156855225907,1.4713314375141362
3516,0.0,0.0,40.0,0.0,,4,1,60000.0,7.74,4.6295295,3.1699375073915523,3.8789783446757364
3517,1.0,49.0,180.0,4.61,2.1984754154629247,6,3,60000.0,18.080000000000002,2.1311123,2.191160486564304,2.18182761874544
3518,3.0,186.0,262.0,16.453333333333333,12.273660269924783,14,3,40000.0,54.22,12.220031,12.249609149085597,12.019279665693986
3524,2.0,255.0,601.0,5.715,1.591145493013205,12,1,40000.0,18.15,1.6970489,1.5818275813891374,1.3947463536187055
3525,0.0,0.0,97.0,0.0,,4,1,40000.0,9.83,2.6972861,2.3243988622689447,2.2480505056868267
3526,0.0,0.0,231.0,0.0,,3,0,40000.0,6.82,0.9470331,1.0125231565931627,0.9192544989177485
3527,1.0,225.0,451.0,13.2,2.541452976111518,11,5,20000.0,23.06,2.7759323,2.4763853791323194,2.553899733844586
3528,6.0,581.0,663.0,9.768333333333333,7.096134055144956,32,4,40000.0,70.4,7.0983815,6.993326645575041,6.81825446643872
3529,0.0,0.0,228.0,0.0,,6,2,60000.0,32.02,1.0896997,1.180563046575939,0.96445826269591
3532,1.0,172.0,191.0,13.2,5.352889137608318,11,4,20000.0,33.58,5.3716283,5.4004334781259375,5.76642964593914
3533,4.0,677.0,726.0,11.45,5.446708440890801,25,1,40000.0,54.94,5.4540215,5.358763394686612,5.375125484732007
3537,1.0,37.0,131.0,17.28,6.976014120724358,10,2,80000.0,25.47,6.955431,6.900236089577049,6.943685189409548
3538,0.0,0.0,383.0,0.0,,4,0,20000.0,20.3,0.35371593,0.35988107462445174,0.5889147722393284
3539,4.0,573.0,635.0,14.5075,7.547738906065874,17,2,100000.0,73.15,7.487351,7.783480742149635,7.4710360909311015
3541,0.0,0.0,298.0,0.0,,5,2,60000.0,26.52,0.6397755,0.7682006506617332,0.5943364877479231
3542,0.0,0.0,217.0,0.0,,3,0,60000.0,16.22,0.99921966,1.0261805092224776,0.8904355912744375
3543,0.0,0.0,124.0,0.0,,6,4,60000.0,9.02,2.2664232,2.132523449495604,1.8600804666869095
3548,3.0,290.0,549.0,22.436666666666667,8.436130959446624,15,1,100000.0,74.00999999999999,8.444841,8.292625239389679,8.228418978859576
3549,2.0,250.0,565.0,3.295,1.1624551001444576,6,2,20000.0,10.75,1.2056062,1.2616988060329049,1.078411437134573
3551,0.0,0.0,355.0,0.0,,4,2,40000.0,8.69,0.48531446,0.3686539795633967,0.602472604670055
3552,5.0,616.0,688.0,8.46,5.1634551615319175,28,4,20000.0,46.65,5.1526594,5.33248808123966,5.126039097886143
3553,2.0,130.0,230.0,15.265,8.603163894083224,11,3,40000.0,48.010000000000005,8.532484,8.688044496347652,8.658943154708675
3558,0.0,0.0,124.0,0.0,,5,0,80000.0,29.68,2.4644163,2.2562187251416344,1.9195536265599582
3559,0.0,0.0,420.0,0.0,,4,3,40000.0,4.37,0.48921755,0.3150655690909312,0.5028857519690284
3560,2.0,152.0,338.0,18.205,7.192984118889106,13,5,100000.0,44.81,7.2252307,7.427633460806953,7.092258591965466
3561,0.0,0.0,253.0,0.0,,5,1,60000.0,11.93,0.77804935,0.7471895223176935,0.6487197201593062
3563,0.0,0.0,516.0,0.0,,3,0,60000.0,1.02,0.21830468,0.24182958671178115,0.22603730250612575
3564,1.0,377.0,555.0,8.55,1.7118472594029348,5,4,60000.0,20.130000000000003,1.7189578,1.6758430871183299,1.7793011647957675
3567,14.0,691.0,712.0,8.947857142857142,13.590692892559648,60,1,80000.0,141.88,13.587691,13.531943425392747,13.553523349397105
3571,1.0,43.0,100.0,11.34,6.014835017798917,10,3,40000.0,15.28,5.9939895,5.8564756435885075,5.802519226480018
3577,1.0,523.0,588.0,7.96,1.6794791053884475,8,4,80000.0,25.95,1.6708573,1.7346324738439527,1.810255250384004
3580,0.0,0.0,248.0,0.0,,3,1,60000.0,10.73,0.9727927,0.9713684086045344,0.7017003684442926
3583,0.0,0.0,162.0,0.0,,2,2,40000.0,4.28,1.4235843,1.7152207536670516,1.4254992297926385
3584,5.0,252.0,326.0,12.922,13.21540024802744,21,2,40000.0,66.42999999999999,13.131678,13.40378407093255,12.648613752152873
3585,0.0,0.0,34.0,0.0,,3,4,40000.0,6.26,4.5696497,3.382779084337375,3.7301510123123913
3586,1.0,358.0,659.0,22.43,2.944317636784754,9,3,40000.0,38.53,2.8805327,3.2402676516775197,2.9641963986326356
3587,2.0,180.0,468.0,8.915,2.735802423235767,11,3,20000.0,22.61,2.7577243,2.926312112591108,2.860893322078712
3588,0.0,0.0,74.0,0.0,,4,0,20000.0,4.56,2.8501298,2.454809215972412,2.93260806532152
3589,3.0,493.0,521.0,20.233333333333334,9.532565939973528,18,5,20000.0,67.0,8.428813,8.917378412762456,8.778857200063618
3592,0.0,0.0,237.0,0.0,,2,3,120000.0,11.8,0.879739,1.0396608905527551,0.8361604602940353
3593,3.0,623.0,717.0,7.863333333333333,3.0650901867016525,21,2,,33.53,,,
3594,0.0,0.0,64.0,0.0,,4,1,20000.0,27.66,2.7452435,4.106160248237127,2.9540082242830046
3596,0.0,0.0,336.0,0.0,,5,3,80000.0,9.29,0.5305185,0.6123663598677339,0.5769721768089386
3598,0.0,0.0,252.0,0.0,,4,1,120000.0,11.09,0.806863,0.9781461465319683,0.6061058926592544
3599,2.0,439.0,701.0,4.42,1.357373187952865,12,2,40000.0,13.67,1.510208,1.2020050909027142,1.3377582910730856
3600,1.0,2.0,198.0,5.36,1.8058965208122304,7,1,20000.0,17.6,1.7414358,1.7492142923339506,1.599570108987037
3601,4.0,249.0,271.0,5.762499999999999,6.120080993943809,17,2,40000.0,40.33,6.121051,6.515965083830897,6.363158261965201
3602,8.0,296.0,317.0,12.712499999999999,20.909431061828407,36,4,40000.0,122.22999999999999,20.920622,21.180509934409432,21.32391450608312
3604,0.0,0.0,307.0,0.0,,3,4,60000.0,5.59,0.6735682,0.6401761159608397,0.6615788073373574
3605,0.0,0.0,596.0,0.0,,1,3,40000.0,6.57,0.14722423,0.1597690279637137,0.22065318980256166
3608,4.0,175.0,246.0,14.905,14.86331089605557,19,0,120000.0,69.78999999999999,14.860091,14.912935579229869,14.70867882119319
3610,0.0,0.0,284.0,0.0,,3,1,100000.0,28.55,0.9298203,0.885509736780238,0.634111518314187
3611,0.0,0.0,536.0,0.0,,4,1,20000.0,10.95,0.27780235,0.15841291306476332,0.27599821297253957
3612,0.0,0.0,641.0,0.0,,5,0,20000.0,9.96,0.010988674,0.16321244450337355,0.2082031338402146
3613,1.0,331.0,348.0,20.29,5.257506729731384,9,1,20000.0,28.299999999999997,5.2508855,5.042326596146163,5.368577126153985
3615,0.0,0.0,350.0,0.0,,4,1,60000.0,13.1,0.4355799,0.4228567215266886,0.583778609257017
3616,0.0,0.0,182.0,0.0,,6,4,60000.0,22.56,1.1048186,1.4730741283734714,1.1976265870451392
3620,0.0,0.0,506.0,0.0,,4,0,80000.0,20.52,0.19267647,0.24314797960328952,0.23156870522478457
3625,0.0,0.0,220.0,0.0,,3,0,40000.0,15.18,0.9782207,1.0322321941046284,0.8837038298264694
3626,0.0,0.0,70.0,0.0,,4,2,60000.0,14.58,2.8338587,2.2516512075969466,2.919768228233216
3627,0.0,0.0,474.0,0.0,,5,1,80000.0,27.08,0.4254926,0.19638453440895406,0.2529036731452372
3630,2.0,39.0,51.0,14.045,16.337473959723077,12,0,,36.849999999999994,,,
3633,0.0,0.0,54.0,0.0,,4,3,40000.0,11.35,3.3161383,3.3659085455163646,2.9477451120594558
3634,0.0,0.0,220.0,0.0,,4,5,80000.0,13.94,0.99403626,1.0618728565324906,0.8225157751507153
3636,0.0,0.0,324.0,0.0,,1,4,100000.0,4.35,0.5974085,0.6143773636633411,0.6221080638450749
3639,0.0,0.0,364.0,0.0,,5,2,40000.0,7.13,0.586536,0.3686539795633967,0.604173692666059
3640,0.0,0.0,422.0,0.0,,5,2,140000.0,3.04,0.43051785,0.3135681668200725,0.4881815932857858
3642,0.0,0.0,155.0,0.0,,4,2,,27.24,,,
3643,2.0,175.0,236.0,6.395,4.251713716428871,7,2,140000.0,32.17,4.252547,3.9907468311325234,4.152583738644436
3644,1.0,211.0,311.0,15.97,4.308869196026488,9,4,40000.0,31.55,4.2951646,4.271421960980867,4.307585127978806
3645,0.0,0.0,192.0,0.0,,2,3,40000.0,4.41,1.1113394,1.4322570664862717,1.0047179127165524
3648,0.0,0.0,73.0,0.0,,4,2,20000.0,20.22,2.7061973,2.4733622096033105,2.9266175680032585
3650,0.0,0.0,663.0,0.0,,3,2,20000.0,9.28,0.10218662,0.15814581502061087,0.19546471551089795
3652,0.0,0.0,395.0,0.0,,3,3,20000.0,14.08,0.44433022,0.3122525113119469,0.47447555523785123
3654,0.0,0.0,38.0,0.0,,5,3,40000.0,18.56,4.408907,3.3828925490700397,3.8208961066975484
3655,0.0,0.0,312.0,0.0,,6,3,40000.0,7.95,0.64064956,0.6571576753498423,0.6097532522342384
3656,4.0,259.0,259.0,11.125,11.49292529834846,20,3,60000.0,49.480000000000004,11.49299,11.62049744769439,11.425730543566093
3658,0.0,0.0,22.0,0.0,,5,5,40000.0,5.35,4.5993114,3.340453807061711,3.739186699790209
3661,7.0,313.0,372.0,11.48857142857143,14.735053152950268,35,1,120000.0,89.1,15.255832,14.708879485995723,15.111890680186026
3663,0.0,0.0,413.0,0.0,,2,2,40000.0,23.08,0.53515106,0.35765304594221264,0.5110906486782412
3664,0.0,0.0,290.0,0.0,,2,5,20000.0,1.7,0.5537656,0.6788705903292737,0.5764640371084919
3665,0.0,0.0,28.0,0.0,,3,1,20000.0,2.18,4.567252,3.3857901453698576,3.869580722150402
3667,1.0,450.0,704.0,15.05,2.1143802881159,11,2,60000.0,22.89,2.1203687,2.1987374116969978,2.115001406001751
3673,1.0,632.0,704.0,10.21,1.7385093422697724,5,1,40000.0,27.01,1.7127411,1.6266590522906152,1.8550242368139997
3676,1.0,445.0,639.0,24.86,3.6117061280221288,10,4,40000.0,32.57,3.5907829,3.711158929282829,3.6589998998769357
3679,0.0,0.0,523.0,0.0,,5,0,100000.0,22.14,0.15189439,0.24314797960328952,0.27042640407674323
3680,1.0,477.0,576.0,15.1,2.7173260407965643,12,3,20000.0,25.810000000000002,2.7570517,2.5844864319812295,2.6656482457923647
3681,2.0,238.0,512.0,23.65,6.523712040970039,14,2,20000.0,53.96,6.5652843,6.683913260954955,6.482309244516467
3682,0.0,0.0,521.0,0.0,,6,4,40000.0,17.12,0.33142886,0.2591493549337955,0.21366973002138234
3683,1.0,74.0,165.0,12.79,5.048345242055848,9,1,80000.0,23.369999999999997,5.06708,5.185774146768989,5.2475270456294405
3688,0.0,0.0,547.0,0.0,,5,3,60000.0,13.35,0.21901779,0.1445961152992164,0.27230388623407364
3689,0.0,0.0,257.0,0.0,,4,4,20000.0,20.22,0.54192907,0.7615321755400777,0.638544176723606
3691,4.0,542.0,666.0,9.862499999999999,4.958581493591758,24,3,140000.0,46.169999999999995,5.013512,4.6975422130136115,4.889287517684394
3692,8.0,598.0,668.0,12.365,11.48228302311185,36,0,80000.0,104.14,11.466098,11.44202430896233,11.159888345357645
3693,3.0,593.0,625.0,9.423333333333334,4.08492864963143,20,0,40000.0,49.75,4.0735655,4.106148623205108,4.21494711471216
3695,1.0,142.0,252.0,12.34,3.888481153086053,9,5,60000.0,29.72,3.9131067,4.074875864367882,3.743301577782532
3700,0.0,0.0,673.0,0.0,,3,4,20000.0,16.41,0.10998487,0.161693639978802,0.19215111077923286
3701,0.0,0.0,105.0,0.0,,3,1,120000.0,6.1,2.6655178,2.1860443183983125,2.15344129654898
3702,0.0,0.0,140.0,0.0,,4,1,120000.0,8.21,1.9940485,1.7262259382628968,1.7252048519315615
3703,0.0,0.0,220.0,0.0,,1,2,60000.0,6.77,1.022581,1.0604994364552116,0.8652457999156447
3706,5.0,513.0,638.0,4.706,3.1620244704910347,19,2,80000.0,28.71,3.4792304,3.5046805526064535,3.446285289948801
3709,1.0,317.0,420.0,4.75,1.5062470748162156,7,1,20000.0,25.99,1.5296799,1.6582562996410708,1.6006788592172914
3711,0.0,0.0,78.0,0.0,,3,2,120000.0,10.42,2.812471,2.1315531243178727,2.4438115720045346
3713,0.0,0.0,189.0,0.0,,3,4,40000.0,6.0,1.2255439,1.4491060340978186,1.190184279609392
3714,3.0,308.0,319.0,10.096666666666666,7.2101923205394405,16,3,140000.0,39.02,7.8251753,7.365510881453107,7.133400114377372
3716,3.0,305.0,630.0,22.616666666666664,7.129795132732026,16,4,80000.0,89.07,7.0774784,7.199866004413918,7.116821773756364
3718,0.0,0.0,413.0,0.0,,5,2,100000.0,15.66,0.44603574,0.3257719151006338,0.499057754102993
3719,5.0,89.0,548.0,8.364,0.4483661837323334,24,3,20000.0,49.72,0.49526373,0.6015789702536559,0.37799163652389556
3721,0.0,0.0,346.0,0.0,,1,1,20000.0,1.97,0.47210157,0.5239862652963707,0.6619823346313716
3724,0.0,0.0,60.0,0.0,,4,1,20000.0,5.93,3.3961236,3.2821383173359706,2.9894142465128457
3725,3.0,356.0,449.0,17.05333333333333,8.8223910334853,15,4,120000.0,65.38,8.846332,8.797028847645162,8.689921663345576
3727,0.0,0.0,360.0,0.0,,4,4,40000.0,8.8,0.579856,0.36274333944832504,0.5439831461518114
3728,3.0,620.0,642.0,16.41,6.649952228509958,18,4,40000.0,58.599999999999994,6.6257787,6.58889695549934,6.6533141533406805
3729,0.0,0.0,299.0,0.0,,4,4,20000.0,19.08,0.4121254,0.6684651426141947,0.6210179329890009
3730,1.0,24.0,326.0,5.32,1.1242139197159438,9,3,20000.0,12.280000000000001,1.1537917,1.2050244835189095,1.2330581589369833
3731,0.0,0.0,44.0,0.0,,3,5,20000.0,11.4,3.479323,3.360335406915204,2.9995941248763884
3735,0.0,0.0,624.0,0.0,,4,2,20000.0,21.78,-0.13957636,0.16970896289294155,0.2219113940628059
3738,0.0,0.0,467.0,0.0,,4,4,60000.0,24.26,0.4123214,0.2617961894913998,0.3004601223077996
3739,0.0,0.0,207.0,0.0,,3,4,40000.0,3.59,1.083127,1.0977587528103345,0.9891437079449013
3742,1.0,26.0,433.0,9.52,1.1120366033789548,5,2,20000.0,22.32,1.1151797,1.0524990970949974,1.0560533170663087
3744,1.0,349.0,512.0,8.86,1.8764660549081524,8,1,80000.0,17.89,1.850272,1.921241030425978,1.9786948664310247
3746,1.0,144.0,267.0,26.52,7.002049830633544,7,3,20000.0,46.230000000000004,7.0031986,6.853545815905333,7.017459677376469
3747,3.0,190.0,274.0,21.213333333333335,15.056979445157369,21,4,80000.0,101.53999999999999,15.047781,15.539888604044323,15.986967218111895
3748,2.0,163.0,254.0,14.82,8.035619514977666,18,4,40000.0,56.44,8.024363,8.080776332229172,8.225869467901436
3749,3.0,454.0,632.0,17.006666666666664,6.532430017910476,16,1,40000.0,59.84,6.526635,6.406217376405306,6.501683455766617
3750,0.0,0.0,669.0,0.0,,6,2,60000.0,26.1,0.016106755,0.0974378266480853,0.2062773868601555
3751,0.0,0.0,410.0,0.0,,3,1,20000.0,14.62,0.4280209,0.3304559326421692,0.5184363945641115
3753,7.0,296.0,351.0,18.87,24.837068930743754,43,4,40000.0,143.01,24.844782,24.614913249654936,25.02370966597575
3755,4.0,457.0,698.0,21.3,9.093817845581308,22,3,40000.0,103.6,9.09096,9.01994779388325,9.294913071770603
3756,1.0,17.0,77.0,8.3,5.154706117585754,6,3,60000.0,19.64,5.1409883,4.992554041924362,4.825336572035126
3757,0.0,0.0,154.0,0.0,,1,2,60000.0,6.99,1.81415,1.7539858781434639,1.7133024329330446
3758,1.0,17.0,606.0,8.82,0.5558880347758237,9,3,80000.0,11.99,0.5676369,0.5053966973667182,0.5997643496841691
3759,1.0,374.0,496.0,13.79,2.7719650569955316,6,2,40000.0,30.09,2.7749467,2.8959952680185803,2.743169599100493
3760,1.0,174.0,292.0,18.6,4.954895810075048,8,4,80000.0,52.53,6.726265,6.555700043473828,5.893281102382342
3761,4.0,136.0,215.0,18.0525,18.973445134490568,18,4,60000.0,75.81,18.982136,18.791090934734243,18.393830251406783
3762,4.0,309.0,349.0,9.48,7.999129564591843,25,4,60000.0,58.62,8.164391,8.377144481968976,8.365543768851172
3763,0.0,0.0,550.0,0.0,,6,4,60000.0,18.11,0.20872532,0.15322113874923593,0.258719495728136
3768,1.0,441.0,578.0,15.31,2.677142591038212,9,2,40000.0,30.48,2.7124524,2.8260889452998335,2.8380604280055683
3771,1.0,167.0,257.0,4.7,2.0528283394947175,10,5,80000.0,8.76,2.0462413,1.8820250319497047,2.0042166858726977
3773,2.0,154.0,708.0,24.09,2.93571080825511,16,1,120000.0,57.19,2.9590948,3.1783875383963904,3.4054718555966113
3776,5.0,669.0,711.0,7.8759999999999994,4.7450312350471595,19,4,40000.0,46.08,4.739259,4.695985281839597,4.7001327768718175
3777,0.0,0.0,42.0,0.0,,5,0,100000.0,21.42,4.475766,3.073506589385745,3.027925036313675
3780,0.0,0.0,41.0,0.0,,5,3,120000.0,31.35,4.691394,3.654695017276576,3.930580656704607
3782,0.0,0.0,626.0,0.0,,3,2,40000.0,3.8,0.09886452,0.1816365932423923,0.182132842162825
3784,0.0,0.0,166.0,0.0,,4,1,40000.0,21.06,1.5104291,1.626654566761308,1.3887086970694718
3787,3.0,422.0,575.0,14.946666666666667,6.299604081323454,16,5,20000.0,50.96,6.245849,6.254413045810479,6.170706644728041
3790,0.0,0.0,577.0,0.0,,2,1,60000.0,3.28,0.1623561,0.16655824297557828,0.2195755120811098
3794,0.0,0.0,52.0,0.0,,3,0,40000.0,20.52,3.3175397,3.3828925490700397,3.042150096896686
3795,2.0,79.0,105.0,11.52,10.68336966722174,16,2,60000.0,39.6,10.675427,11.338976741995733,11.09401386866491
3796,0.0,0.0,174.0,0.0,,5,3,20000.0,3.72,1.3055153,1.4591768686663444,1.315592512977628
3797,2.0,53.0,292.0,5.88,2.3563387462504246,12,5,60000.0,36.31,2.34943,2.3820667785524403,2.3859299009278376
3799,2.0,52.0,727.0,13.47,0.7245491669170212,14,2,40000.0,41.81,0.72645783,0.8200614752028278,0.8230580406445691
3801,0.0,0.0,635.0,0.0,,3,2,40000.0,8.74,0.09039367,0.1816365932423923,0.17755814905949663
3802,0.0,0.0,165.0,0.0,,5,4,120000.0,15.91,1.4203498,1.708945558159972,1.3802494109158072
3804,0.0,0.0,511.0,0.0,,6,4,80000.0,8.4,0.31966943,0.262282148301787,0.19797396106205767
3805,1.0,5.0,104.0,3.07,2.32659064545856,7,5,100000.0,17.78,2.337169,2.288497643869767,2.332306235664154
3807,0.0,0.0,177.0,0.0,,3,2,40000.0,11.15,1.4216235,1.4511488641220107,1.3003003436403704
3808,7.0,288.0,336.0,22.455714285714286,30.46417302382344,39,4,120000.0,183.10999999999999,30.477385,30.30147411682774,30.722802053567033
3809,0.0,0.0,441.0,0.0,,2,3,60000.0,7.33,0.3552648,0.28998547449263523,0.4475373564415577
3810,0.0,0.0,150.0,0.0,,2,0,120000.0,1.76,1.8078991,1.6886249153437052,1.6870220910586946
3816,2.0,109.0,580.0,15.42,2.2885710085629816,14,2,80000.0,39.26,2.0166178,2.2823659800551646,2.3352769545348524
3817,1.0,4.0,159.0,4.29,1.9834454588330408,7,4,60000.0,8.99,2.0197794,2.0721286716406198,2.0382021935660832
3819,2.0,144.0,412.0,14.785,4.579119908500881,10,3,60000.0,45.47,4.700701,4.722708838935075,4.522574562353585
3821,0.0,0.0,56.0,0.0,,3,1,40000.0,5.06,3.349109,3.2622567174824777,2.9517618902243097
3823,2.0,45.0,260.0,12.02,4.752642621264179,13,2,20000.0,28.090000000000003,4.7315173,4.675170512200678,4.570607243736376
3825,0.0,0.0,564.0,0.0,,5,5,40000.0,12.78,0.25761387,0.16311403599244909,0.20492915447578053
3826,8.0,636.0,646.0,11.71875,11.38765163405859,37,2,60000.0,107.49,11.385335,11.335802921002175,11.366951905327685
3827,0.0,0.0,385.0,0.0,,5,2,80000.0,8.28,0.4564402,0.3588156945578496,0.44510628767325944
3828,1.0,410.0,441.0,3.77,1.34806785436905,8,5,40000.0,29.69,1.3646294,1.4405689167198572,1.4737379504486574
3829,0.0,0.0,37.0,0.0,,4,4,20000.0,14.66,4.491081,3.402660684190868,3.7720370701956853
3833,0.0,0.0,264.0,0.0,,6,0,40000.0,14.26,0.7242585,0.7373270617097094,0.5988843355582816
3838,0.0,0.0,513.0,0.0,,4,5,20000.0,9.28,0.3361289,0.28605206720818777,0.21241449383557232
3840,1.0,20.0,525.0,30.54,2.02986408215355,9,0,140000.0,46.08,2.0510197,1.974504448872994,2.1341653143318142
3841,1.0,23.0,171.0,18.1,5.593935053779057,10,2,40000.0,27.400000000000002,5.5229883,5.816840398786657,5.344688826095743
3847,0.0,0.0,78.0,0.0,,3,1,20000.0,11.72,2.7274323,2.454809215972412,2.4837450327156607
3848,0.0,0.0,112.0,0.0,,3,1,20000.0,2.57,2.4719203,2.403698340382309,2.1894208890641433
3849,0.0,0.0,721.0,0.0,,6,4,40000.0,24.9,-0.074940264,0.093416496271595,0.1456680905802692
3852,0.0,0.0,215.0,0.0,,5,1,60000.0,16.24,1.0276483,1.0575556275488978,0.9448397124959005
3854,2.0,289.0,567.0,12.3,3.429609227076056,13,1,100000.0,37.2,3.4460492,3.529830293480421,3.489822993637957
3855,0.0,0.0,182.0,0.0,,4,2,40000.0,21.28,1.0784177,1.4437817250040212,1.2215871493074326
3856,0.0,0.0,113.0,0.0,,3,1,60000.0,2.74,2.6444185,2.4073587556822096,2.1949089500037893
3857,2.0,136.0,218.0,9.065,5.76633424077582,14,2,20000.0,34.45,5.7850327,5.77444727176466,6.127192589626006
3858,8.0,221.0,243.0,10.85375,21.29980429223798,37,1,20000.0,104.69,21.270607,20.84752307898747,21.223748596591474
3859,3.0,177.0,322.0,4.89,3.4214370225675266,16,4,20000.0,21.28,3.4177778,3.6187791288235807,3.496542827476627
3861,1.0,19.0,716.0,5.8,0.31074361662420313,3,4,40000.0,12.95,0.31769457,0.30830609199134734,0.3940910473762891
3864,8.0,192.0,246.0,15.85375,29.601377872542994,37,3,80000.0,135.9,24.868063,25.1943941815759,25.034474161584505
3869,0.0,0.0,495.0,0.0,,5,3,60000.0,22.12,0.20711659,0.23868742661690093,0.2302642230223526
3870,5.0,319.0,333.0,17.856,18.390903661615898,29,1,60000.0,102.3,18.417244,18.441957904684777,18.385072403711906
3871,0.0,0.0,301.0,0.0,,2,1,80000.0,5.52,0.6338121,0.6645701329680471,0.6115936455845663
3873,1.0,14.0,454.0,17.8,1.551660786419253,8,4,20000.0,25.46,1.577263,1.5230810584306578,1.5812157637211834
3875,1.0,11.0,408.0,15.71,1.623883405809251,9,1,20000.0,38.96,1.5867542,1.5482834469351794,1.60220575892044
3878,7.0,419.0,529.0,14.265714285714285,13.613099989084795,33,2,80000.0,109.18,13.63959,13.776535255712307,13.405925596892295
3879,1.0,119.0,218.0,10.05,3.6440281779454695,7,5,40000.0,12.71,3.6325665,3.6859593341716073,3.6104685955736313
3880,2.0,212.0,279.0,11.535,6.2402655389619195,10,1,40000.0,51.97,6.2598634,5.909062085256043,6.420632458536055
3881,1.0,207.0,307.0,11.83,3.419628699103793,7,1,40000.0,17.02,3.4077797,3.321031281589331,3.40945782245457
3882,3.0,584.0,672.0,8.823333333333332,3.577867629661699,16,3,80000.0,32.93,3.582243,3.4338108588505816,3.608030356662141
3888,0.0,0.0,103.0,0.0,,2,1,80000.0,12.8,2.6590707,2.192727480117904,2.17918824987287
3889,2.0,43.0,376.0,12.524999999999999,2.7559500188787744,13,4,140000.0,27.39,2.7199876,2.8325494795448023,2.941449013500448
3890,0.0,0.0,219.0,0.0,,5,5,20000.0,5.52,0.9087046,1.0703102215542644,0.8516979079337137
3892,0.0,0.0,399.0,0.0,,2,4,120000.0,8.06,0.48348707,0.2959873149846077,0.42133139206046
3893,0.0,0.0,221.0,0.0,,3,5,20000.0,16.28,0.8627618,1.0703102215542644,0.8610822998566121
3897,1.0,332.0,510.0,20.25,3.563562065574078,7,4,20000.0,31.41,3.5687714,3.4325416246253972,3.6639141074824257
3898,0.0,0.0,129.0,0.0,,4,5,20000.0,20.64,1.7548313,2.0980624154377883,1.7195947534453806
3900,0.0,0.0,79.0,0.0,,3,4,40000.0,15.18,2.768001,2.4644927845427693,2.433357054789085
3901,2.0,109.0,222.0,12.49,7.173110161086512,13,3,80000.0,36.5,7.1806197,7.514146991795889,6.9933338170218775
3902,1.0,20.0,303.0,9.22,1.744642074639716,8,3,60000.0,16.37,1.7083626,1.7187174939278322,1.6777984686139797
3903,3.0,263.0,429.0,11.763333333333334,6.050224329437813,16,1,40000.0,41.67,5.992282,6.119890361917146,5.961856484828625
3904,3.0,252.0,260.0,10.416666666666666,8.49149008167325,16,2,20000.0,53.010000000000005,8.864874,7.999565736070368,9.167529739339844
3906,0.0,0.0,64.0,0.0,,5,2,40000.0,14.12,2.7737987,3.2622567174824777,2.8897118316924724
3909,4.0,304.0,336.0,13.31,11.28786279502879,19,4,40000.0,67.28,11.363827,11.45129548225095,11.16163762874845
3911,1.0,112.0,420.0,2.58,0.7961617655762258,8,3,40000.0,11.69,0.80187833,0.7093777590756577,0.7960390448998496
3912,0.0,0.0,114.0,0.0,,4,3,60000.0,24.89,2.2250507,2.3190453484705666,2.0428781414693535
3916,1.0,3.0,38.0,24.44,15.393505472536077,11,4,40000.0,43.34,15.395482,15.357828501389394,15.498230464975304
3917,0.0,0.0,249.0,0.0,,2,0,20000.0,4.42,0.7362751,0.9577056912963112,0.6427929055135699
3918,0.0,0.0,628.0,0.0,,5,5,80000.0,24.15,-0.053910494,0.1686651645626127,0.16231082788023432
3921,4.0,585.0,647.0,16.4525,8.376003331109558,16,1,40000.0,71.69,8.383153,8.486306521030755,8.230381901651324
3922,6.0,345.0,455.0,12.583333333333334,11.698914851846522,25,3,40000.0,87.69,9.66553,10.762399498631703,11.553543577039559
3925,1.0,521.0,651.0,7.74,1.4727483244728465,9,1,40000.0,22.200000000000003,1.5581644,1.5327910854404545,1.550926196644757
3928,1.0,126.0,383.0,23.9,4.179431950494857,10,0,40000.0,30.409999999999997,4.1739,4.224321089162007,4.097242313083314
3929,1.0,4.0,569.0,12.96,0.7467147296171331,10,2,60000.0,23.62,0.73424906,0.7188874430996525,0.7614596533349518
3930,1.0,249.0,687.0,9.89,1.2306842391455537,7,1,40000.0,13.88,1.2276963,1.1546354951863118,1.2425753037685423
3932,4.0,605.0,647.0,11.932500000000001,6.225833922632994,25,2,40000.0,52.84,6.2440515,6.2489800604988135,6.239125478802152
3933,1.0,37.0,177.0,18.65,5.85656756911402,7,3,40000.0,40.12,5.870661,5.539601844108709,6.037163550616683
3935,2.0,293.0,667.0,6.595,1.642736971751356,11,1,20000.0,24.89,1.6404245,1.720074557690527,1.4929293372993175
3936,2.0,469.0,550.0,6.59,2.4321086618998082,12,4,40000.0,35.81,2.4335325,2.4324325963616027,2.4048469008628337
3937,1.0,363.0,585.0,6.43,1.3115081366277603,7,2,120000.0,11.129999999999999,1.3575172,1.2887847867147801,1.3418254360892705
3938,2.0,682.0,716.0,9.375,2.6727098643529095,14,4,40000.0,33.29,2.6547909,2.7829893312461356,2.719995292544885
3939,0.0,0.0,65.0,0.0,,5,1,40000.0,11.7,2.7778375,2.434927616118919,2.8932280602313973
3941,3.0,271.0,333.0,11.32,7.568791269450445,13,1,60000.0,52.98,7.570948,7.719921116123269,7.606156210309518
3942,1.0,68.0,650.0,26.68,1.6827619128485733,10,3,20000.0,45.3,1.0173459,1.6789717187230675,1.6368645402892312
3945,0.0,0.0,527.0,0.0,,6,1,40000.0,12.31,0.28881112,0.24758052257746216,0.2812118801916599
3946,1.0,260.0,483.0,4.26,1.145877577502825,7,3,120000.0,16.79,1.1453626,1.22193611250814,1.0251327807410604
3949,0.0,0.0,314.0,0.0,,2,5,40000.0,8.96,0.66243535,0.6596606038181118,0.5697545634827303
3950,0.0,0.0,288.0,0.0,,4,5,40000.0,19.34,0.53473157,0.6721550735447162,0.5662542884250925
3951,3.0,253.0,444.0,15.816666666666668,7.525535317844602,17,4,120000.0,49.54,7.545407,7.477756143222021,7.106185995103809
3952,0.0,0.0,226.0,0.0,,3,1,40000.0,27.75,1.2114018,1.1715096805260956,0.890977022695858
3953,0.0,0.0,257.0,0.0,,2,4,20000.0,2.5,0.6687963,0.7669915205760032,0.6307043873743705
3957,2.0,52.0,124.0,17.09,13.215441351198391,12,4,40000.0,57.94,13.229359,13.933742337535723,13.529553325548676
3961,6.0,163.0,285.0,18.491666666666664,21.281064022895393,30,3,40000.0,120.99,21.286364,21.20603754888755,21.33110598345114
3964,0.0,0.0,197.0,0.0,,4,3,60000.0,4.1,1.102828,1.1933796853199454,0.9952656762906233
3965,1.0,38.0,468.0,8.26,0.9576590080302632,11,0,40000.0,19.4,0.8055749,1.0232467591903307,0.9999394285020964
3966,4.0,349.0,381.0,6.9675,5.718831178418334,20,2,20000.0,34.53,4.940171,4.787878210958823,5.747464784395396
3968,1.0,17.0,217.0,8.89,2.4792558789095254,7,1,40000.0,16.810000000000002,2.4717662,2.5612554544330592,2.570712725558146
3969,2.0,295.0,441.0,22.33,7.896224321228514,16,3,20000.0,49.97,7.9315596,7.863086120737812,7.579009086662932
3970,0.0,0.0,296.0,0.0,,5,2,40000.0,4.33,0.57475495,0.671807123220858,0.6083010592666334
3974,1.0,33.0,248.0,21.15,4.590243020068019,8,2,40000.0,33.71,4.590673,4.587267972804447,4.71003516288391
3976,3.0,374.0,687.0,17.463333333333335,5.540388784293578,17,2,40000.0,65.19,5.2974005,6.001211834446372,5.755027344389982
3977,2.0,542.0,630.0,16.19,4.69623462760725,10,2,40000.0,45.99,4.6926794,4.468818298932513,4.735136344155035
3978,1.0,1.0,349.0,11.72,1.5141683077698738,10,4,40000.0,34.81,1.4970984,1.4677042563187903,1.5124369817317227
3979,5.0,346.0,520.0,11.028,7.529388637340244,27,1,40000.0,58.09,7.5190234,7.406589018905221,7.6316925422093895
3980,1.0,17.0,87.0,20.74,9.927195015338173,8,2,20000.0,53.620000000000005,9.921185,10.468667450097318,9.836574978868516
3981,1.0,518.0,603.0,12.14,2.2245119762089947,8,4,20000.0,20.240000000000002,2.2516482,2.3607211989635295,2.325856487883481
3982,5.0,280.0,331.0,7.9159999999999995,8.424323270020318,25,3,40000.0,54.1,9.0677805,8.804301428784242,8.658659827697404
3985,0.0,0.0,36.0,0.0,,6,3,20000.0,2.86,4.535347,3.3857901453698576,3.8532566185546933
3986,0.0,0.0,52.0,0.0,,2,2,20000.0,13.78,3.4145393,3.3857901453698576,3.0574571146511147
3987,0.0,0.0,585.0,0.0,,4,4,40000.0,6.44,0.22528483,0.1682950257307347,0.1973784282023736
3989,1.0,42.0,60.0,2.74,3.221303329167803,10,4,20000.0,6.43,3.3459723,3.529316916101732,3.5682461236570644
3993,0.0,0.0,420.0,0.0,,3,1,100000.0,4.22,0.4457823,0.3125219382811018,0.4986568634537809
3994,0.0,0.0,243.0,0.0,,4,1,100000.0,12.6,0.9915142,0.9935252291635074,0.8314688458032267
3996,0.0,0.0,63.0,0.0,,3,2,20000.0,2.49,2.8914552,3.2821383173359706,2.9156540646265925
4001,1.0,121.0,193.0,16.63,6.00638357311817,8,1,20000.0,20.66,6.0184965,5.945614840988961,6.062703377035777
4003,5.0,203.0,288.0,19.354,20.73055210248133,29,4,40000.0,108.11,20.751883,20.802223197748074,20.973592531183918
4004,4.0,34.0,400.0,17.875,1.8223053674678562,23,3,20000.0,79.56,1.8262312,2.581711931033388,2.31993009480888
4005,0.0,0.0,188.0,0.0,,5,0,60000.0,11.07,1.2023957,1.4033747069155909,1.225646508138591
4006,1.0,254.0,518.0,6.86,1.3951530833340542,9,2,20000.0,18.78,1.56681,1.5544799987793596,1.3410094040585756
4007,0.0,0.0,562.0,0.0,,4,4,60000.0,18.64,0.15823448,0.1526354565647435,0.22408921114505898
4009,3.0,321.0,356.0,18.323333333333334,11.452162000346778,16,3,60000.0,62.69,11.452269,11.633729573062496,11.17367831995428
4010,0.0,0.0,339.0,0.0,,3,3,80000.0,21.75,0.4301463,0.6069070148318084,0.5840146075567345
4011,1.0,296.0,610.0,15.54,2.213847251670515,7,2,100000.0,20.24,2.0493968,2.0897010260805358,2.1546617371127335
4015,0.0,0.0,219.0,0.0,,3,3,60000.0,10.18,1.0649718,1.0604994364552116,0.8615687082068524
4016,1.0,198.0,708.0,21.22,1.943228094801448,10,5,80000.0,26.46,1.9342861,1.872718618286125,1.9547407753900892
4018,1.0,192.0,422.0,10.13,2.1267950488353273,7,4,100000.0,17.51,2.1447742,2.050320511140976,2.27519352860301
4019,1.0,359.0,554.0,13.73,2.4136248044790753,10,4,40000.0,38.89,2.576468,2.451140594433102,2.5390514041645647
4020,0.0,0.0,39.0,0.0,,5,2,140000.0,6.46,4.5867753,3.0389036428612566,3.8791808487820094
4021,10.0,517.0,718.0,15.118,13.767821103465069,46,3,40000.0,155.86,13.769359,13.601059594794249,13.949601239150581
4023,0.0,0.0,96.0,0.0,,5,4,40000.0,9.5,2.7172177,2.3361774094587258,2.233747169452106
4026,11.0,329.0,356.0,18.274545454545457,36.90223172073446,61,5,100000.0,239.44,36.91424,34.997381265527785,37.021521384495074
4027,0.0,0.0,386.0,0.0,,2,2,100000.0,6.74,0.46712255,0.3588156945578496,0.4452377083486798
4028,0.0,0.0,309.0,0.0,,4,1,40000.0,10.88,0.63649726,0.6542138664435285,0.6079399156772585
4029,11.0,279.0,460.0,12.623636363636365,12.606740104984635,58,3,20000.0,151.97,12.602567,14.044071923754405,12.966375698531523
4030,1.0,37.0,452.0,19.97,2.0052552173983207,10,0,40000.0,44.17,1.5026554,2.009267910800038,1.7964805627486706
4032,1.0,438.0,470.0,22.62,4.610456006399907,11,3,40000.0,41.25,4.4243493,4.58903721206843,4.496985445088093
4033,0.0,0.0,84.0,0.0,,4,5,80000.0,20.22,2.7466617,2.1816446259772757,2.4571237064538227
4039,0.0,0.0,635.0,0.0,,5,0,80000.0,5.62,-0.00085771154,0.18107791183700092,0.17742079777221065
4040,1.0,211.0,345.0,7.74,2.2473583826705164,8,0,,19.67,,,
4041,3.0,239.0,671.0,18.146666666666665,4.205470361730799,20,3,80000.0,66.65,4.2162905,3.9139251675887876,4.344194028035305
4043,3.0,181.0,314.0,32.266666666666666,19.514549199515166,17,4,40000.0,119.55,19.51816,19.730958047454155,19.28635307315875
4044,0.0,0.0,269.0,0.0,,6,2,120000.0,23.92,0.8383396,0.7996341165340085,0.5414115861764985
4045,0.0,0.0,200.0,0.0,,5,5,20000.0,22.57,0.81691104,1.2520863536219713,1.0050212910877363
4048,1.0,10.0,154.0,9.05,3.375533391893117,6,4,40000.0,16.0,3.7096715,4.13880843636989,3.6724299962030242
4049,10.0,234.0,287.0,14.555000000000001,30.45633635662393,47,4,80000.0,179.07,30.47939,30.24235608032107,30.84261127382913
4051,2.0,270.0,361.0,8.855,4.148767785833847,12,5,20000.0,25.450000000000003,4.1441493,4.143441735238766,4.035076790563986
4056,2.0,331.0,643.0,11.385,2.8830827929809564,14,3,40000.0,38.79,2.9968739,2.883472681989457,2.833231940242188
4058,0.0,0.0,249.0,0.0,,5,3,80000.0,8.62,0.9754486,0.9783632256738638,0.5738416925361074
4061,4.0,511.0,577.0,4.984999999999999,3.097436309888679,21,4,40000.0,31.580000000000002,3.5839937,3.407886721117495,3.306764980418214
4063,0.0,0.0,450.0,0.0,,6,4,40000.0,14.96,0.39151117,0.2904523942085131,0.3818166381775905
4065,1.0,71.0,468.0,5.73,0.8921193787544732,9,1,140000.0,26.16,0.8899056,0.9798969796250927,0.8239903653576173
4066,1.0,15.0,710.0,5.18,0.2850083814179283,6,3,140000.0,12.11,0.2430764,0.3454284549262137,0.42748622497526156
4067,0.0,0.0,486.0,0.0,,2,3,40000.0,17.38,0.39102802,0.24903731125081563,0.29730102434110073
4068,7.0,274.0,347.0,19.82857142857143,25.843075594722308,32,4,40000.0,155.43,25.863457,25.596919056029456,25.686880451655618
4069,3.0,262.0,364.0,16.113333333333333,9.586777227729076,18,1,120000.0,65.98,9.588581,10.018918333525772,9.657826155804916
4070,4.0,480.0,701.0,12.455,5.562597995206637,22,2,20000.0,81.4,7.1724334,6.612254297637233,6.15894803879766
4071,0.0,0.0,265.0,0.0,,5,5,40000.0,11.26,0.7870366,0.7741489174107123,0.5568635383242801
4072,0.0,0.0,146.0,0.0,,4,2,40000.0,5.61,1.8121226,1.7847632240174567,1.7587102950904896
4075,4.0,398.0,420.0,10.04,7.444634651854934,20,2,80000.0,61.620000000000005,7.4291563,7.303068777238028,7.685714108091659
4076,0.0,0.0,385.0,0.0,,1,1,20000.0,8.85,0.46579063,0.36349971209938503,0.4740007407326967
4078,3.0,429.0,631.0,14.093333333333334,5.396114681329584,17,2,80000.0,58.79,5.3924294,5.670243688805032,5.340728487222236
4079,0.0,0.0,452.0,0.0,,3,1,20000.0,3.16,0.33297104,0.30683253995723864,0.39988622525108486
4080,2.0,266.0,318.0,9.835,5.060255793416495,9,4,80000.0,41.11,5.0958962,5.056019786239752,5.054420690855195
4081,1.0,292.0,698.0,15.36,1.823183554680282,7,1,40000.0,27.35,1.827517,1.6710779341887558,1.7611617700252742
4082,0.0,0.0,426.0,0.0,,4,3,40000.0,19.99,0.4200504,0.3096062240550057,0.5123602415072783
4084,0.0,0.0,87.0,0.0,,3,1,40000.0,10.61,2.6988146,2.499290655924495,2.2480505056868267
4085,1.0,5.0,413.0,17.95,1.6999272175672266,11,3,20000.0,23.95,1.8278068,1.9686075671923964,1.8461790358931403
4088,0.0,0.0,386.0,0.0,,4,4,40000.0,7.65,0.52661127,0.35250487634629357,0.44504191776104207
4094,13.0,602.0,608.0,12.834615384615384,20.55438843724408,55,2,20000.0,178.59,20.541414,20.165868572123024,20.756218437560822
4096,2.0,548.0,655.0,6.915000000000001,2.185666052722883,16,2,20000.0,36.18,2.198336,2.165137629488083,2.138353250125224
4099,8.0,299.0,666.0,18.36,4.35363491567813,39,3,80000.0,154.52,4.3452935,6.7334745018576445,4.951158075623423
4100,0.0,0.0,604.0,0.0,,3,0,20000.0,15.23,0.05389335,0.1509835577091432,0.21721637982896969
4101,3.0,183.0,338.0,8.323333333333332,5.136581073886367,15,4,20000.0,28.79,5.0975266,5.142965002045463,4.950342100881676
4103,0.0,0.0,659.0,0.0,,3,3,40000.0,13.69,0.10349632,0.16413434778162986,0.1916231571001843
4104,0.0,0.0,225.0,0.0,,6,3,60000.0,20.16,0.87294257,1.06254611291135,0.8799628266163486
4105,2.0,688.0,694.0,12.16,3.451166772906928,12,2,40000.0,35.93,3.5694473,3.6091828176958543,3.4116861207930653
4106,0.0,0.0,52.0,0.0,,4,0,100000.0,44.16,4.6924453,4.81087006460695,3.742019035315686
4111,2.0,80.0,186.0,17.314999999999998,10.542490771327682,11,5,40000.0,43.39,10.586848,10.545670976522704,10.648580972156239
4114,0.0,0.0,175.0,0.0,,3,0,100000.0,8.2,1.4089255,1.4152969726371425,1.2923110400406337
4115,1.0,149.0,401.0,4.38,1.2023923487051291,8,4,40000.0,15.879999999999999,1.1207802,1.081953858245101,1.1554377077070344
4116,2.0,20.0,608.0,9.965,0.6003393194208073,17,5,60000.0,45.31,0.56002045,0.30368570266992473,0.21065924213398812
4117,1.0,6.0,431.0,16.02,1.4560374078538945,4,4,40000.0,21.93,1.4643571,1.5995801254045268,1.4964775035153073
4118,8.0,489.0,561.0,9.4275,10.127950710391815,36,1,60000.0,85.5,10.135603,10.157204561253115,10.075799625807552
4120,1.0,131.0,273.0,15.36,4.210735447182618,9,3,60000.0,34.370000000000005,4.233589,4.1916521229757,4.343694461337817
4121,0.0,0.0,627.0,0.0,,4,1,80000.0,8.97,0.02703902,0.18045128787173237,0.1682311712789133
4122,1.0,64.0,397.0,5.98,1.1252627947838416,9,3,140000.0,14.780000000000001,1.0975631,1.0679689546080877,1.0522675296775894
4125,0.0,0.0,555.0,0.0,,6,3,40000.0,13.33,0.2721912,0.1556934176352243,0.2877678051682526
4126,1.0,2.0,204.0,11.19,2.89936005147778,9,1,20000.0,18.83,2.8927414,2.9949230873992514,2.7867753116142047
4127,3.0,425.0,442.0,13.726666666666667,7.540807301954953,16,3,40000.0,46.91,7.506527,7.275798155601321,7.018011083957815
4131,0.0,0.0,381.0,0.0,,2,3,60000.0,5.15,0.48612696,0.3520379566304157,0.5525575433659613
4133,1.0,81.0,470.0,2.05,0.5572152006425402,6,1,20000.0,11.02,0.5676361,0.6214850281876804,0.4769794376817469
4135,1.0,143.0,319.0,17.0,3.9948621583159794,10,0,20000.0,21.33,3.982455,4.104270022895027,4.139501717778567
4137,0.0,0.0,237.0,0.0,,4,2,120000.0,31.59,0.98070544,1.1047169246598363,0.9069021431844293
4138,0.0,0.0,45.0,0.0,,4,4,20000.0,30.45,3.2962272,3.9826378454125733,3.1490852386570487
4143,1.0,499.0,553.0,29.07,5.0261566350141695,6,2,20000.0,36.97,5.0330954,4.9063154831649145,4.978018014981512
4147,0.0,0.0,146.0,0.0,,6,2,40000.0,16.8,1.7496995,1.8017472275711317,1.768094687013388
4149,0.0,0.0,665.0,0.0,,3,2,,14.78,,,
4150,0.0,0.0,213.0,0.0,,3,3,40000.0,7.06,1.0446416,1.0665511213373624,0.9310617042783766
4151,1.0,10.0,613.0,5.35,0.36888698250752416,7,4,80000.0,20.740000000000002,0.37193227,0.411478313276878,0.45422214105974223
4152,1.0,16.0,35.0,16.61,11.691401181898453,9,4,20000.0,26.61,11.698053,11.796211207353345,11.705038325125571
4153,2.0,574.0,603.0,20.509999999999998,6.149442959745432,10,4,60000.0,48.239999999999995,6.179336,6.101028698345585,5.95917720436371
4154,0.0,0.0,196.0,0.0,,1,4,40000.0,6.34,1.0695934,1.2051799124754747,0.9747163536549293
4157,0.0,0.0,277.0,0.0,,3,3,140000.0,6.86,0.72383326,0.6965520248560997,0.5661729249675895
4162,2.0,81.0,658.0,9.98,0.9618040343704247,11,2,80000.0,37.99,0.9675369,0.7637961517551579,0.9055209142055745
4163,0.0,0.0,621.0,0.0,,1,1,20000.0,1.32,0.14827196,0.16319959605989381,0.2032303281210215
4165,4.0,617.0,685.0,14.065000000000001,6.887068704240333,22,4,40000.0,59.92,6.246387,6.480737322978174,6.498308445057902
4166,0.0,0.0,255.0,0.0,,4,3,40000.0,7.72,0.8128885,0.7612042504979382,0.6330748471583432
4169,1.0,1.0,479.0,10.13,0.8182163587254334,6,1,20000.0,20.11,0.80939823,0.72044345864418,0.7753664175044834
4170,0.0,0.0,257.0,0.0,,5,5,20000.0,40.04,1.4639579,1.261860106961005,0.9098186374382315
4174,8.0,319.0,357.0,18.80375,27.96459257268787,43,4,60000.0,157.39,27.92719,28.032999004736507,27.30368572938875
4175,6.0,399.0,533.0,9.281666666666668,7.688940095509383,24,5,140000.0,70.19,6.8385406,6.350492870517984,7.511372123102632
4176,2.0,189.0,229.0,16.39,9.800777280589465,13,3,120000.0,44.72,9.781008,9.47338276668573,9.839388291793995
4179,2.0,497.0,702.0,13.79,3.5475073847299354,10,0,60000.0,34.06,3.5208864,3.6019823614233806,3.6568774226851932
4180,1.0,344.0,527.0,10.01,1.9766523602828685,9,3,20000.0,29.310000000000002,1.8574283,2.057737489665493,2.109158566858728
4185,0.0,0.0,418.0,0.0,,3,2,100000.0,21.94,0.37769565,0.3100064021514901,0.4953037936869631
4186,0.0,0.0,640.0,0.0,,4,1,20000.0,10.94,0.08316232,0.162585820538105,0.2101856580462389
4187,2.0,182.0,340.0,12.605,5.419785037689957,10,5,40000.0,34.13,5.48122,5.650648750087347,5.309945898466319
4188,2.0,492.0,594.0,5.9,2.0854142259212765,10,1,60000.0,31.96,2.0281172,2.0987409769324086,2.199646064442886
4191,1.0,127.0,559.0,15.39,1.7338662355170036,9,1,40000.0,30.020000000000003,1.8287662,1.7582166422943382,1.5149547657064435
4193,0.0,0.0,604.0,0.0,,3,3,40000.0,19.08,0.092403844,0.15430968292778818,0.20809005916521794
4195,1.0,304.0,354.0,11.54,3.2117715161035836,6,1,20000.0,33.41,3.493697,3.6130792265320983,3.4442025091664603
4197,0.0,0.0,662.0,0.0,,5,3,20000.0,15.44,0.089273244,0.1576660624681046,0.19899421449783627
4198,8.0,277.0,324.0,13.63875,21.717256546246333,46,5,80000.0,113.37,23.347412,21.121857488131266,22.36762827728755
4202,2.0,275.0,291.0,16.33,8.538655987200858,10,4,40000.0,50.68,8.520715,8.446031386542991,8.742319679193624
4204,4.0,295.0,458.0,13.620000000000001,8.408112921349911,25,5,40000.0,80.38,8.3972845,8.388706570486626,8.559844237421764
4205,4.0,381.0,672.0,11.08,4.649228184757096,23,0,60000.0,67.84,4.6122828,4.793710263936552,4.644090694540432
4208,0.0,0.0,43.0,0.0,,3,1,80000.0,6.59,4.6487207,3.05652258583207,3.0127870169516258
4209,0.0,0.0,561.0,0.0,,3,4,60000.0,6.37,0.22046018,0.15809480160066902,0.21948672376826828
4210,0.0,0.0,472.0,0.0,,4,5,60000.0,11.84,0.46619472,0.28816811360505024,0.25377742442262097
4211,2.0,237.0,498.0,16.455,4.837340244642102,17,5,40000.0,39.67,4.8039594,5.192267728420481,4.605639240721649
4215,0.0,0.0,33.0,0.0,,4,3,60000.0,5.9,4.5863743,3.1699375073915523,3.8638996079401227
4216,0.0,0.0,231.0,0.0,,3,5,20000.0,9.92,0.83897066,1.0506011840427987,0.8870229750747125
4217,0.0,0.0,700.0,0.0,,4,5,140000.0,15.4,-0.00833682,0.14822516054171744,0.19919072867146514
4218,0.0,0.0,72.0,0.0,,3,4,60000.0,5.12,2.9117,2.268521746417957,2.8904444139050223
4219,0.0,0.0,47.0,0.0,,6,2,80000.0,26.66,3.4666026,3.9248502543550536,3.0430140946666855
4220,0.0,0.0,250.0,0.0,,4,5,40000.0,4.61,1.0249642,0.9878860652530493,0.5827061835886935
4221,4.0,239.0,441.0,6.5175,4.068168793133939,19,1,40000.0,31.03,4.047935,4.0804131281010125,4.048272014454934
4223,0.0,0.0,313.0,0.0,,4,4,100000.0,4.27,0.65730304,0.6442271241238551,0.5674456904179976
4224,1.0,1.0,170.0,8.98,2.9412355383420006,9,4,40000.0,15.06,2.9332967,3.325215069779543,3.0230196703451298
4225,11.0,294.0,352.0,10.614545454545453,21.32377732619258,39,1,120000.0,125.81,21.32043,21.10354141248666,20.94192666870145
4226,6.0,121.0,184.0,19.008333333333333,31.43057242367815,49,5,80000.0,117.37,31.425726,30.844670805949065,31.393725084541202
4228,1.0,25.0,121.0,4.79,2.842104623080737,5,4,40000.0,7.09,2.821823,2.9122069410650395,2.7212550590589353
4230,0.0,0.0,617.0,0.0,,2,2,20000.0,6.25,0.15146367,0.1494457534213958,0.1962724074057789
4231,5.0,596.0,626.0,11.354000000000001,7.4147934443956975,26,3,40000.0,71.26,7.484921,7.600153380382819,7.374821861580099
4232,1.0,36.0,542.0,15.48,1.198237941526023,7,2,40000.0,19.19,1.2386227,1.2792922429605789,1.0204150253749669
4234,5.0,602.0,637.0,13.446000000000002,8.569980798032521,25,4,60000.0,77.65,8.562627,8.50787710290479,8.370383935217607
4235,2.0,103.0,368.0,9.905000000000001,3.2837959520628814,9,0,60000.0,55.36,3.2602952,3.3255297486532256,3.035422150687673
4239,10.0,694.0,729.0,16.081,17.160558775257293,49,4,60000.0,163.2,17.162819,16.61164267119548,17.06450193849462
4240,0.0,0.0,504.0,0.0,,5,3,20000.0,9.97,0.30292243,0.26393764602374364,0.2255677925988362
4241,0.0,0.0,650.0,0.0,,2,2,40000.0,7.35,0.11215207,0.17199791475794404,0.20440340483605812
4243,0.0,0.0,109.0,0.0,,3,3,40000.0,9.43,2.5960853,2.27584099232651,2.1666709533812067
4244,1.0,40.0,341.0,18.53,2.874260119235522,12,4,40000.0,41.22,2.9008188,2.9320884402115235,3.05577326393004
4246,0.0,0.0,103.0,0.0,,5,4,60000.0,18.14,2.5470362,2.281551208279828,2.1797931558982793
4247,2.0,609.0,691.0,14.95,4.072055279435828,11,3,80000.0,46.28,4.0805173,4.2743905765582015,4.198270077173303
4249,0.0,0.0,621.0,0.0,,5,3,20000.0,10.37,0.1617484,0.1661434049662076,0.20601499125348433
4250,8.0,250.0,321.0,11.52625,18.111017459585383,35,0,140000.0,104.81,18.153612,18.88304024001303,18.436613805609376
4252,0.0,0.0,197.0,0.0,,3,1,40000.0,9.62,1.0638992,1.185387135957614,0.9993934405030558
4253,3.0,310.0,598.0,18.413333333333334,6.419389065187051,12,2,40000.0,61.32,6.392883,6.248533934332127,6.47939673159443
4255,0.0,0.0,578.0,0.0,,4,0,20000.0,18.84,0.026612587,0.16027647098317613,0.24429906401770474
4256,8.0,255.0,335.0,9.945,15.112734334212082,35,2,20000.0,85.27,15.098802,14.714274717095167,14.7750548483425
4257,3.0,245.0,521.0,8.466666666666667,3.385108173769354,11,2,40000.0,36.56,3.1560495,3.273288842318243,3.3209846296146988
4258,0.0,0.0,653.0,0.0,,5,4,60000.0,37.58,0.18132716,0.1657538655279473,0.22913881313135498
4259,1.0,300.0,516.0,13.44,2.4275716743552693,9,1,20000.0,23.35,2.377867,2.411962811890654,2.4213714489348575
4260,1.0,41.0,329.0,14.4,2.460388833219777,7,5,140000.0,19.740000000000002,2.4549916,2.61888402434172,2.6133455571155264
4261,1.0,122.0,545.0,14.48,1.6858054875552506,5,2,20000.0,28.9,1.8834783,1.6984846486769138,1.484669251744716
4263,0.0,0.0,359.0,0.0,,3,4,40000.0,11.48,0.5830796,0.36274333944832504,0.5870113454985653
4268,1.0,21.0,695.0,15.12,0.6696312486119591,10,0,120000.0,25.7,0.6381884,0.7315460818475203,0.6164598000908974
4271,1.0,100.0,212.0,32.89,9.672745656198305,7,0,60000.0,50.41,9.678758,10.158924738918866,10.129261140706824
4273,0.0,0.0,613.0,0.0,,3,5,40000.0,13.25,0.21499367,0.16802741962231607,0.1706130725039623
4274,1.0,578.0,602.0,4.84,1.2234041133270275,10,0,40000.0,16.88,1.2154304,1.2276577260326476,1.2841111359645367
4277,0.0,0.0,78.0,0.0,,4,0,40000.0,3.64,2.8164322,2.434927616118919,2.471240571937543
4279,1.0,129.0,727.0,11.71,0.9242740234531093,10,1,60000.0,20.94,1.3610158,1.0323494227722767,0.7190737042942956
4282,2.0,221.0,635.0,11.190000000000001,2.338028802584126,12,3,20000.0,39.01,2.4185796,2.2889412991233686,2.3278047421560744
4283,0.0,0.0,685.0,0.0,,3,5,40000.0,15.66,0.12462039,0.16816192529232726,0.19089284592084077
4284,7.0,341.0,372.0,17.852857142857143,22.922622844401495,34,4,40000.0,158.35,22.93748,23.071734961737906,23.9601699588189
4285,5.0,276.0,329.0,9.414,9.915688003937428,24,1,40000.0,54.459999999999994,9.936992,9.840197060866767,9.816339770327794
4287,2.0,589.0,702.0,10.68,2.961734755112925,13,4,40000.0,34.24,2.9724178,3.0548838632929782,3.1774907345908443
4288,0.0,0.0,593.0,0.0,,3,4,60000.0,5.34,0.15624979,0.163008185230536,0.20104625341575666
4291,0.0,0.0,528.0,0.0,,4,4,60000.0,11.6,0.30063683,0.17129098504768006,0.27115775079747184
4292,0.0,0.0,471.0,0.0,,5,1,80000.0,15.94,0.3053028,0.29381940351375535,0.30430353613571803
4295,1.0,90.0,245.0,30.11,7.643327737887834,7,5,40000.0,53.31,7.621381,7.659751310457922,8.17847270798769
4296,0.0,0.0,531.0,0.0,,6,4,60000.0,13.22,0.31886822,0.17129098504768006,0.2797904985377704
4300,0.0,0.0,251.0,0.0,,4,4,120000.0,19.26,1.0080186,0.9669932405228668,0.552322583941466
4301,0.0,0.0,282.0,0.0,,3,1,20000.0,13.62,0.55112714,0.7037818791766767,0.6192054106733131
4303,0.0,0.0,263.0,0.0,,3,1,80000.0,18.93,0.73295027,0.7589496536537065,0.5429844798713583
4307,0.0,0.0,574.0,0.0,,4,1,80000.0,6.76,0.14495726,0.1733359809030122,0.2169397922890539
4311,0.0,0.0,648.0,0.0,,3,5,20000.0,0.67,0.15963191,0.16907745440260985,0.19645211004858343
4315,8.0,535.0,719.0,14.85875,11.865183517003224,38,2,40000.0,130.19,11.810763,11.62794647203077,11.950050697264759
4317,1.0,250.0,303.0,7.31,2.5514912265017635,8,2,40000.0,17.61,2.577839,2.6629845865422603,2.497077402656291
4319,4.0,228.0,257.0,9.95,10.280630033882323,24,3,60000.0,56.22,10.305539,10.283649390344605,10.595604670447148
4320,0.0,0.0,419.0,0.0,,4,5,100000.0,4.71,0.4515496,0.3057411399814059,0.47356043678658644
4321,0.0,0.0,184.0,0.0,,6,5,20000.0,14.48,1.0622953,1.4377509810227314,1.202726421960116
4323,0.0,0.0,328.0,0.0,,4,2,20000.0,9.86,0.5456294,0.6353359194336621,0.6744105835331533
4324,0.0,0.0,658.0,0.0,,5,3,60000.0,16.42,0.054674625,0.16327264649280288,0.1783393836886571
4325,12.0,292.0,326.0,15.195833333333333,35.3360456279092,57,0,80000.0,200.01,35.339222,36.191435491082345,35.322267552713576
4327,0.0,0.0,657.0,0.0,,5,1,100000.0,4.08,0.043718763,0.167106575513923,0.17135328511812276
4330,1.0,230.0,298.0,9.67,3.096695287296951,11,4,40000.0,21.97,3.0814383,2.9366893323708005,3.0270591832251026
4334,1.0,46.0,128.0,7.36,3.7979984255048036,6,2,40000.0,14.22,3.8718722,4.051179864467002,3.9588840213478167
4337,3.0,599.0,699.0,12.353333333333333,4.673216411758415,18,5,40000.0,43.33,4.7205296,4.711122471084191,4.754152511886173
4340,6.0,479.0,621.0,12.228333333333333,8.916703537525066,28,2,40000.0,86.02,8.931146,8.786922529536909,9.135410720017283
4342,4.0,585.0,640.0,8.7175,4.68787255105546,28,4,20000.0,49.129999999999995,4.9882503,5.022186581788328,5.08454163539306
4343,0.0,0.0,170.0,0.0,,5,0,140000.0,30.78,1.7254593,1.5259029190695799,1.4714303296643907
4344,1.0,148.0,492.0,3.41,0.8103758252878581,6,1,100000.0,6.61,0.7747426,0.8294205043153979,0.7112091703741701
4346,1.0,23.0,212.0,18.14,4.56068928195197,9,1,40000.0,38.11,4.57861,4.563705641405366,4.6236485028866205
4349,1.0,92.0,347.0,40.48,6.875504558761495,10,3,40000.0,59.72,6.8818455,6.893581366710688,6.924317929499181
4350,2.0,64.0,349.0,13.92,3.961289189648675,18,2,60000.0,43.94,4.0010943,4.279103489580677,4.409440294417095
4351,2.0,256.0,686.0,12.87,2.550459306428255,19,5,20000.0,74.99,2.5284185,2.313485991818777,2.1315742111173313
4352,0.0,0.0,314.0,0.0,,5,0,40000.0,22.72,0.6810858,0.655120057055172,0.6131697297442287
4355,3.0,243.0,310.0,15.979999999999999,10.852286259205009,19,0,40000.0,57.589999999999996,10.794061,10.726620091155128,10.653201139983349
4357,2.0,346.0,651.0,16.515,4.019249601079896,17,2,40000.0,69.16,3.98035,4.212061464823217,4.120997278621866
4359,0.0,0.0,428.0,0.0,,2,4,40000.0,4.32,0.50295293,0.30915492897585956,0.4936820202008505
4360,0.0,0.0,238.0,0.0,,4,4,60000.0,13.07,0.89120877,0.9837806600273158,0.8461421893137828
4361,0.0,0.0,38.0,0.0,,5,2,40000.0,6.34,4.5796676,3.3659085455163646,3.8239345966489586
4362,1.0,190.0,346.0,7.19,2.070987651466931,8,1,40000.0,22.04,2.070187,2.1849983754236786,2.149473604065542
4364,6.0,496.0,550.0,12.676666666666668,10.630541239432668,29,4,60000.0,85.37,11.080741,10.1443664083683,10.426069053473523
4367,0.0,0.0,515.0,0.0,,3,0,60000.0,2.75,0.21830468,0.24182958671178115,0.22603730250612575
4368,0.0,0.0,364.0,0.0,,3,3,80000.0,6.68,0.64857566,0.3663274278954627,0.5782257292015327
4370,1.0,44.0,488.0,7.39,0.8595168160131403,8,2,,20.73,,,
4372,1.0,31.0,256.0,17.7,3.7755514762749876,7,1,60000.0,30.71,3.7560496,3.841006523740211,3.6219193316974994
4373,5.0,532.0,644.0,9.246,5.814204859963388,25,0,60000.0,52.37,5.814556,5.8575292946678745,5.733140129477021
4374,5.0,234.0,261.0,10.392,12.83403744532943,23,3,140000.0,61.2,11.9150715,12.616885948266592,12.494164737365614
4375,1.0,475.0,511.0,11.34,2.4559463223370144,9,1,40000.0,13.0,2.4712238,2.5712401354985626,2.467227890719389
4376,0.0,0.0,649.0,0.0,,4,4,40000.0,7.45,0.15068136,0.1755457397161351,0.19731661497387343
4377,4.0,199.0,232.0,12.935,13.925163832935983,20,0,40000.0,62.18,13.924192,13.860219069405284,13.732481695135196
4379,0.0,0.0,144.0,0.0,,3,2,60000.0,10.22,1.8103858,1.7898119644734742,1.7810200657579234
4384,2.0,178.0,305.0,10.35,5.063852213376196,11,3,100000.0,37.82,5.073703,5.10203687862522,5.282112344514607
4385,2.0,415.0,663.0,14.445,3.7330273733944654,8,3,20000.0,45.870000000000005,3.7307785,3.659011511682957,3.6411518753348617
4386,4.0,171.0,296.0,20.645,16.83254927546536,26,5,20000.0,93.5,16.816715,16.137843939762515,16.52268857088862
4391,9.0,601.0,633.0,9.224444444444444,10.192031842360965,41,3,40000.0,95.55,10.208132,10.373906732941585,10.055523705574837
4392,0.0,0.0,307.0,0.0,,4,0,20000.0,29.17,0.80201167,0.8900808366741134,0.792865569845028
4394,0.0,0.0,448.0,0.0,,1,2,20000.0,10.41,0.3324145,0.30977634886355243,0.3891679253127167
4396,3.0,590.0,721.0,13.976666666666667,5.049844925530363,18,3,140000.0,67.2,5.03479,5.039971762357985,5.204957243563082
4397,19.0,607.0,657.0,11.91157894736842,25.392277671399448,80,2,40000.0,239.66,22.2245,22.758928322019898,22.18056587281179
4399,0.0,0.0,222.0,0.0,,3,2,60000.0,13.68,1.0295497,1.0604994364552116,0.8563524184081404
4401,1.0,177.0,690.0,19.72,1.7969751686860511,7,1,140000.0,26.49,1.7556762,1.7071073395769298,1.6911436958496084
4402,0.0,0.0,82.0,0.0,,2,1,120000.0,10.3,2.8299735,2.181863209081439,2.446391542867473
4404,0.0,0.0,332.0,0.0,,5,0,40000.0,22.46,0.42421037,0.6401606431783673,0.6177302062871641
4405,1.0,361.0,651.0,9.42,1.4954549871852527,10,1,60000.0,21.95,1.6130002,1.4703115457602465,1.5119957214440882
4407,0.0,0.0,160.0,0.0,,3,3,40000.0,17.47,1.4216866,1.7267454121848012,1.641197332495107
4408,2.0,248.0,319.0,5.375,3.0678015074299605,14,3,20000.0,12.83,3.0694637,3.2324432956635825,3.218429106519175
4409,1.0,175.0,270.0,16.56,4.847353423387443,11,3,80000.0,62.28,8.813345,8.002701567994519,6.333947894383594
4410,0.0,0.0,586.0,0.0,,5,4,60000.0,9.41,0.20760375,0.163008185230536,0.1969961484592453
4411,0.0,0.0,184.0,0.0,,4,1,100000.0,13.28,1.2444023,1.4363470466154387,1.1922882836462527
4412,0.0,0.0,381.0,0.0,,2,3,40000.0,8.56,0.49636474,0.3584155164613652,0.554441064605534
4413,4.0,285.0,539.0,13.25,6.393344937640716,18,3,20000.0,63.160000000000004,6.4018226,6.331589479653175,6.087524364922367
4417,6.0,379.0,694.0,10.031666666666666,4.869953631640059,30,2,80000.0,70.05,4.8671603,4.8694939374350135,5.081731985142763
4419,9.0,300.0,345.0,11.614444444444445,19.878294221449597,38,1,40000.0,114.78999999999999,19.930378,19.956843628703556,19.610039150222356
4420,0.0,0.0,305.0,0.0,,3,3,60000.0,6.13,0.6649057,0.6607362039469271,0.6562975656987868
4422,1.0,7.0,371.0,11.68,1.4418834247407268,5,3,40000.0,17.14,1.4222723,1.4220122105558755,1.4273832239999784
4423,2.0,492.0,649.0,17.305,4.7308997744336265,9,3,40000.0,50.32,4.738019,4.767311118117791,4.67240252767121
4425,0.0,0.0,230.0,0.0,,2,1,120000.0,8.99,0.9889688,1.0394438114108597,0.8768807729634958
4426,2.0,367.0,402.0,16.325000000000003,6.77527909386815,17,5,20000.0,51.980000000000004,6.320804,6.594654242054273,7.02999205530853
4429,0.0,0.0,325.0,0.0,,3,4,40000.0,9.86,0.58286256,0.6213972747742565,0.6502348359193224
4431,3.0,455.0,694.0,14.213333333333333,4.950610873595863,20,4,140000.0,53.870000000000005,4.5772223,5.257867183078859,5.037621572038386
4434,0.0,0.0,384.0,0.0,,3,1,20000.0,13.74,0.4532899,0.36349971209938503,0.4740007407326967
4436,5.0,384.0,423.0,13.223999999999998,11.536248613694289,21,1,40000.0,73.03999999999999,11.597421,11.430246811696167,11.660438153017946
4437,3.0,234.0,340.0,11.520000000000001,7.322491949418893,19,2,80000.0,58.29,7.4173107,7.825767853081188,7.608462904961529
4438,0.0,0.0,368.0,0.0,,4,3,20000.0,7.02,0.7129181,0.3766819841077303,0.6267024702196782
4440,0.0,0.0,489.0,0.0,,3,1,60000.0,17.53,0.3497159,0.2397159425135523,0.2924918707737163
4443,3.0,572.0,702.0,12.479999999999999,4.649016388945275,13,0,140000.0,45.809999999999995,4.6376348,4.704450746322343,4.674465164963393
4444,0.0,0.0,303.0,0.0,,5,1,40000.0,11.46,0.63793415,0.6688633143145443,0.6541139456816198
4445,8.0,605.0,711.0,13.2725,11.51292960771111,33,2,60000.0,129.5,11.538897,11.819195500331944,11.839951231592025
4447,0.0,0.0,170.0,0.0,,6,4,20000.0,31.78,1.5055999,1.610208858884236,1.455753859749433
4451,0.0,0.0,400.0,0.0,,6,4,100000.0,38.64,0.6865957,0.5019155051947698,0.6553925475989306
4453,3.0,376.0,600.0,14.366666666666667,5.560648874875123,14,1,80000.0,56.52,5.554159,5.648271809827986,5.508031388192738
4454,0.0,0.0,122.0,0.0,,4,2,80000.0,24.29,2.2899742,2.036484449981925,1.8747611084731597
4455,0.0,0.0,148.0,0.0,,3,4,40000.0,5.94,1.8235117,1.7701093175805669,1.7364008355222547
4457,1.0,40.0,706.0,7.54,0.44522042418339675,5,2,40000.0,12.879999999999999,0.4261707,0.5278595294072225,0.5613286984023507
4459,0.0,0.0,80.0,0.0,,4,1,40000.0,15.28,2.7203364,2.434927616118919,2.467187191704439
4460,3.0,261.0,447.0,12.21,5.9508693698016195,17,0,60000.0,61.7,5.955082,6.032224497575998,5.976602568290565
4461,2.0,417.0,696.0,10.315,2.626750179461232,13,1,40000.0,23.57,2.5973012,2.465377173458558,2.7002171020740016
4462,0.0,0.0,330.0,0.0,,4,0,80000.0,8.82,0.5251045,0.603586152893807,0.7309996952539377
4463,2.0,40.0,426.0,12.14,2.059280796955743,11,5,120000.0,34.58,2.0870767,2.091687448514562,2.263559855468981
4465,0.0,0.0,625.0,0.0,,3,5,80000.0,18.97,-0.021673601,0.18151213960988608,0.155725682613582
4466,0.0,0.0,454.0,0.0,,4,0,20000.0,20.84,0.21305175,0.3019998188865817,0.4411742845902742
4467,3.0,533.0,623.0,14.51,5.953904069016678,12,0,40000.0,49.24,6.0153813,6.0854282199506216,5.823780350137413
4470,0.0,0.0,518.0,0.0,,5,2,40000.0,9.24,0.2637333,0.2505243314837759,0.21990904413578338
4471,0.0,0.0,488.0,0.0,,4,3,40000.0,22.52,0.28537273,0.26227872641564015,0.29472751997440394
4475,0.0,0.0,345.0,0.0,,3,2,20000.0,9.05,0.51781005,0.5189018165638951,0.6485373885251837
4476,0.0,0.0,405.0,0.0,,6,5,60000.0,17.02,0.5788587,0.2905702410131533,0.47306001248850116
4477,4.0,186.0,320.0,9.0025,7.30034111389398,18,2,60000.0,46.57,7.279726,7.475300502030542,7.146656329271165
4479,0.0,0.0,523.0,0.0,,4,1,40000.0,7.1,0.27012828,0.24758052257746216,0.2652266418483693
4483,0.0,0.0,259.0,0.0,,2,0,40000.0,4.73,0.7634558,0.7373270617097094,0.6283175200770312
4484,1.0,13.0,238.0,20.79,4.298295734808367,8,3,60000.0,33.65,3.9982378,4.159209772509159,4.592504520575991
4485,3.0,238.0,307.0,14.853333333333333,10.187550293299353,14,3,80000.0,62.78,10.152095,10.022604302046329,10.356410076570207
4486,4.0,309.0,369.0,20.62,15.807570865394396,24,1,120000.0,92.02,15.78705,15.78140974605955,15.79856876515386
4487,1.0,219.0,588.0,9.25,1.3750550680691216,5,2,40000.0,19.79,1.4042035,1.4121794378943426,1.4835301739235716
4488,0.0,0.0,175.0,0.0,,3,1,80000.0,28.78,1.6738014,1.517197063679635,1.3465177465247713
4490,7.0,549.0,596.0,19.944285714285716,17.835010182180486,36,4,20000.0,147.13,17.8412,17.248239266454128,17.663946716026956
4491,1.0,130.0,483.0,8.51,1.373089821160378,9,1,20000.0,19.740000000000002,1.3843827,1.2753297656930822,1.262961215115249
4494,0.0,0.0,201.0,0.0,,1,2,20000.0,1.58,0.9181872,1.18958711661256,1.0199092872006537
4495,7.0,116.0,334.0,14.775714285714287,7.079533256451034,37,5,40000.0,106.17,7.0770044,8.4525175577406,7.508742259817963
4497,9.0,592.0,647.0,12.527777777777779,13.361568336963835,41,3,40000.0,128.38,13.363314,13.546286458833583,13.154822380831362
4498,6.0,348.0,505.0,12.936666666666667,10.57459915026695,26,2,80000.0,90.45,10.581466,10.598612823153434,10.61458074937505
4499,2.0,134.0,214.0,9.875,6.274913116705275,12,4,140000.0,41.95,6.4494267,6.754488575088062,6.617351311604422
4501,0.0,0.0,362.0,0.0,,3,4,40000.0,19.49,0.507484,0.35728399441239955,0.5724590381323518
4503,1.0,17.0,497.0,5.83,0.5983947677654731,11,1,60000.0,15.48,0.62448776,0.6588561913764491,0.6427165400490615
4504,0.0,0.0,166.0,0.0,,5,4,40000.0,13.2,1.4635222,1.6345348575553835,1.3642196182921262
4507,4.0,466.0,615.0,13.5525,6.975645961594784,22,4,60000.0,68.34,6.9538074,7.027527846517381,7.036609013230203
4508,2.0,238.0,319.0,17.34,8.151043452039314,13,0,40000.0,47.53,8.205812,8.43326909461253,8.150337748872683
4510,2.0,459.0,465.0,15.47,5.860976011484719,13,2,40000.0,36.02,5.8513217,6.007812114722026,5.627801482534457
4514,2.0,34.0,86.0,16.939999999999998,15.565791120238748,12,4,20000.0,45.54,15.560898,15.320861466489347,15.262053725037475
4515,0.0,0.0,581.0,0.0,,3,1,40000.0,20.45,0.12250769,0.16611813233143283,0.22658975111197854
4516,0.0,0.0,345.0,0.0,,3,0,40000.0,16.45,0.42689207,0.5043854006786057,0.6683341895313104
4518,4.0,397.0,652.0,10.602500000000001,4.80405683478378,18,4,60000.0,61.64,4.7216077,4.9453220478489754,5.0160693896629684
4520,2.0,34.0,112.0,7.25,6.464169519698372,13,4,80000.0,19.79,5.235039,6.801647275118524,6.410959696995155
4522,2.0,477.0,575.0,24.159999999999997,7.247009209496639,15,1,40000.0,75.92,7.966626,7.146499401718336,7.755300409594629
4524,1.0,77.0,242.0,6.24,2.170866138563294,9,1,40000.0,16.009999999999998,2.1584742,2.0131396401031694,2.124410785144936
4525,3.0,188.0,615.0,25.046666666666667,5.4054108464873005,21,5,40000.0,88.56,6.257751,5.7542733048558885,6.032997977721284
4527,6.0,613.0,623.0,11.508333333333333,8.890188961768306,33,0,20000.0,80.85,8.870695,9.03378665442922,8.904436453543088
4528,1.0,399.0,657.0,8.3,1.4017256263373217,10,2,80000.0,25.18,1.574523,1.5085431674499288,1.3363169207404075
4531,1.0,94.0,342.0,7.76,1.8043095629850003,9,1,100000.0,18.0,1.8164477,1.9780687999950903,1.7655321386830423
4534,3.0,242.0,657.0,8.92,2.325182381675744,17,2,40000.0,40.62,2.3031323,2.290422247238835,2.4696994318602874
4537,0.0,0.0,546.0,0.0,,4,4,120000.0,12.85,0.27032423,0.16273149194817696,0.2251379441014345
4538,0.0,0.0,88.0,0.0,,3,3,40000.0,13.72,2.697692,2.511985285527335,2.255947594781854
4540,0.0,0.0,643.0,0.0,,2,4,40000.0,8.78,0.17754589,0.1755457397161351,0.19680464445033152
4541,7.0,487.0,594.0,17.53857142857143,15.330905428731715,32,1,60000.0,133.19,15.341999,15.459781531185577,15.158299487166603
4543,3.0,486.0,733.0,12.486666666666666,4.211345382511578,16,4,20000.0,41.67,4.1874433,4.027491468055922,4.270978753800847
4544,2.0,392.0,719.0,9.185,2.2286957189193575,11,4,80000.0,31.15,2.2247365,2.1992645240940902,2.2342896006479993
4545,2.0,348.0,445.0,11.92,4.617190649109094,11,0,20000.0,32.65,4.6072106,4.660081279931485,4.604399239583731
4547,3.0,533.0,652.0,8.43,3.478881422703089,15,4,40000.0,33.3,3.5386903,3.452362098170422,3.494115880102131
4548,0.0,0.0,359.0,0.0,,3,2,40000.0,22.54,0.4314693,0.4009352885014597,0.6056225164821791
4552,2.0,305.0,712.0,8.575,1.8848263235318858,12,2,20000.0,39.53,1.9250611,1.9448595139928393,1.7162350226429917
4553,0.0,0.0,347.0,0.0,,3,1,20000.0,10.49,0.46891066,0.5239862652963707,0.6618612705346187
4555,0.0,0.0,317.0,0.0,,2,1,40000.0,8.85,0.63348216,0.6542138664435285,0.6507319931727542
4556,4.0,570.0,631.0,16.674999999999997,8.656938764963776,20,2,40000.0,72.44,8.656762,8.705384185256799,8.377203404906771
4557,0.0,0.0,379.0,0.0,,2,5,60000.0,7.38,0.6404676,0.3604590588448622,0.5347880723214438
4558,1.0,104.0,136.0,7.92,4.277196203458966,9,3,80000.0,48.52,4.274468,3.9940415749513103,4.308612810544306
4561,1.0,14.0,252.0,32.84,6.049902634994504,7,2,40000.0,41.39,6.037821,5.937769317162917,5.638916364438993
4562,5.0,478.0,542.0,12.308,8.865995048887669,27,1,40000.0,66.46000000000001,8.828865,8.514992505579464,8.758380194669183
4564,4.0,373.0,717.0,12.595,4.595564226239627,15,4,20000.0,53.24,4.7337546,4.319779975788642,4.412774131968458
4566,1.0,7.0,386.0,20.38,2.1351784827544265,11,1,40000.0,46.15,2.0932732,1.8850250604163954,2.1867539107196317
4567,1.0,104.0,580.0,3.0,0.5196806589801265,9,5,60000.0,25.74,0.49658138,0.3602070697283148,0.466150273635904
4568,2.0,515.0,644.0,12.285,3.552744911554175,14,2,140000.0,36.37,3.53445,3.5449559627151266,3.553812975534457
4570,0.0,0.0,427.0,0.0,,2,5,120000.0,17.9,0.47729442,0.3002817949454804,0.4638160126175963
4571,7.0,299.0,364.0,12.51142857142857,16.15245208346019,36,5,40000.0,97.07,15.633899,16.004926274714805,16.115533172544502
4573,0.0,0.0,21.0,0.0,,4,5,60000.0,9.36,4.6366687,3.1444827689368986,3.7917157470589333
4576,0.0,0.0,330.0,0.0,,2,1,80000.0,14.33,0.5523679,0.6200709246365174,0.7175619230979349
4579,14.0,318.0,364.0,13.917857142857143,34.39996811556769,67,2,60000.0,209.05,34.416233,34.72539131752164,34.469010693848745
4582,2.0,429.0,507.0,10.96,3.9443015813184408,10,2,,39.8,,,
4583,2.0,139.0,258.0,13.31,6.972650176581963,11,5,40000.0,48.019999999999996,6.9681087,7.240495260042466,6.966772353377275
4584,2.0,355.0,597.0,3.9450000000000003,1.4111499282058877,10,1,140000.0,12.07,1.3950245,1.3115608805116552,1.3935564871488006
4586,2.0,104.0,166.0,11.375,8.246796268288564,13,3,20000.0,29.28,8.261254,8.036000151238667,8.18622370405178
4587,0.0,0.0,557.0,0.0,,4,5,20000.0,23.31,0.21043019,0.16840014561078817,0.24531202384101736
4589,4.0,155.0,613.0,16.2075,2.466001674485855,18,3,20000.0,97.83,2.4519157,2.655831736449684,2.194848760023665
4592,5.0,295.0,378.0,8.632,8.154520274423561,28,1,120000.0,62.82,9.145933,9.352898736709163,9.052830693045818
4595,1.0,263.0,455.0,8.5,1.9029789587427182,9,5,40000.0,19.310000000000002,1.9051002,1.8329087866415432,1.8890227061994826
4597,4.0,478.0,669.0,14.795000000000002,6.923250787366978,18,2,60000.0,69.65,6.9262495,6.725532832389309,6.675954812391201
4598,3.0,298.0,319.0,14.530000000000001,10.005646166306839,17,2,40000.0,56.47,9.998897,9.816046722832876,9.917271154533942
4599,2.0,49.0,571.0,12.045,1.173789157355608,16,3,40000.0,48.03,1.1347688,1.1915388244824525,1.0616743915843267
4600,0.0,0.0,233.0,0.0,,3,3,20000.0,3.64,0.8158617,1.0480982555745288,0.9103552079999302
4606,2.0,235.0,637.0,15.49,3.2156079796636026,12,1,40000.0,37.730000000000004,3.1483583,3.0606835944975375,3.121319208443639
4607,0.0,0.0,266.0,0.0,,4,0,20000.0,10.29,0.54089624,0.7439685434539756,0.6058002849542401
4608,1.0,273.0,588.0,5.88,1.1081246904493842,9,0,40000.0,27.259999999999998,1.0962062,0.9332414982642397,1.0977594666158526
4609,4.0,308.0,498.0,17.357499999999998,9.698323572104094,16,2,60000.0,75.19,9.653554,9.595908899344497,9.360994269447868
4610,4.0,410.0,683.0,7.13,3.188166381527921,18,1,40000.0,52.06,3.1875362,3.1204575470770486,3.2048844582404024
4614,3.0,411.0,453.0,7.609999999999999,4.327107128547346,15,2,40000.0,57.839999999999996,4.9719296,4.4988071797153575,4.564020336995694
4615,2.0,554.0,671.0,17.115,4.648994120176193,13,2,120000.0,52.25,4.646294,4.690918959548933,4.765069977597318
4616,0.0,0.0,75.0,0.0,,5,1,40000.0,15.11,2.759991,2.434927616118919,2.4578027997815406
4617,0.0,0.0,646.0,0.0,,2,4,120000.0,3.44,0.0961073,0.16731483157215596,0.18660576206272506
4618,4.0,573.0,637.0,11.135,5.875114547304558,22,3,60000.0,62.43,5.9141216,5.942197911544991,5.8573520467804165
4619,2.0,306.0,442.0,4.195,1.9650204940657026,11,4,60000.0,26.47,1.929139,1.978427721492673,2.0641689006323833
4620,11.0,204.0,303.0,9.313636363636364,18.043259194928435,46,1,40000.0,113.11999999999999,18.045208,18.910022311480507,18.168329743082626
4621,0.0,0.0,666.0,0.0,,4,3,20000.0,41.04,0.12223071,0.0042830717276759476,0.2618368787254868
4622,0.0,0.0,221.0,0.0,,1,1,20000.0,5.83,0.9150228,1.0648634841796807,0.8823202267077113
4623,1.0,348.0,659.0,2.63,0.6898785868455117,8,3,100000.0,13.190000000000001,0.6972684,0.6260444385439721,0.5841775481800022
4626,1.0,399.0,667.0,34.83,4.465501473249422,9,1,120000.0,45.64,4.443014,4.743569280636066,4.581783396160573
4627,0.0,0.0,75.0,0.0,,5,4,80000.0,18.93,2.805214,2.1609651888865336,2.45779812123657
4628,0.0,0.0,96.0,0.0,,4,0,20000.0,6.72,2.5984836,2.3307517733617287,2.287430510776951
4630,0.0,0.0,484.0,0.0,,5,2,60000.0,9.41,0.3636718,0.25454427156842296,0.248742610881874
4633,4.0,433.0,583.0,9.6925,5.306065796383339,19,1,60000.0,56.84,5.3105154,5.546416709144885,5.433228156156181
4634,0.0,0.0,366.0,0.0,,4,4,20000.0,18.29,0.7048553,0.3653119989567332,0.6105742500409583
4635,0.0,0.0,213.0,0.0,,5,4,40000.0,24.15,1.1251754,1.070054964131292,0.9136167238495387
4637,0.0,0.0,272.0,0.0,,4,4,40000.0,21.66,0.60709697,0.702151566214249,0.568336023256685
4642,2.0,386.0,628.0,9.83,2.7784309982286803,10,5,60000.0,29.259999999999998,2.813417,2.6925797271829213,2.7819708100632097
4643,1.0,125.0,429.0,2.71,0.8212205757376716,5,2,80000.0,8.32,0.82038885,0.7321910648200527,0.7812630829696436
4644,0.0,0.0,502.0,0.0,,2,3,140000.0,3.29,0.27065068,0.24630019944849874,0.20779784091656595
4646,0.0,0.0,60.0,0.0,,6,3,40000.0,20.83,3.1683419,3.2792407210361527,2.9600038179425376
4647,2.0,235.0,269.0,15.655000000000001,8.560852047583428,13,1,80000.0,35.04,8.497442,8.162124851843059,8.151751444086319
4649,1.0,158.0,696.0,8.71,0.8818645061835755,8,3,20000.0,29.060000000000002,0.8717488,0.828744399415198,0.9200711890239344
4651,2.0,547.0,636.0,2.605,1.1328785018992398,6,3,140000.0,7.25,1.1421895,1.2701540669753013,1.1847098592318925
4652,0.0,0.0,28.0,0.0,,6,3,40000.0,27.32,4.332893,4.189930476417521,3.845113866925383
4653,0.0,0.0,65.0,0.0,,5,3,60000.0,8.19,2.8685188,2.2516512075969466,2.920269206388159
4655,9.0,250.0,359.0,10.181111111111111,15.357048292463514,36,4,60000.0,108.15,15.384179,15.177119511700834,15.606537154037856
4657,3.0,456.0,512.0,13.25,6.448949972504749,14,2,80000.0,49.54,6.8826556,6.407641117025394,6.332783637327389
4658,0.0,0.0,77.0,0.0,,6,2,40000.0,10.42,2.7220066,2.447622245721759,2.455666514357319
4659,3.0,41.0,660.0,8.036666666666667,0.2967114895294043,18,3,40000.0,46.01,0.2939039,0.3612283723805587,-0.0918098287418454
4660,0.0,0.0,47.0,0.0,,2,2,60000.0,4.52,3.5358284,3.1699375073915523,3.0453836142293396
4661,0.0,0.0,214.0,0.0,,6,3,40000.0,13.61,1.0312082,1.0665511213373624,0.9310617042783766
4662,0.0,0.0,171.0,0.0,,4,1,140000.0,8.16,1.3958603,1.5870790842182416,1.274991312745862
4663,0.0,0.0,97.0,0.0,,3,2,60000.0,5.95,2.753826,2.315773163903923,2.2861130255610838
4664,1.0,198.0,422.0,18.14,3.4094042510408933,7,2,40000.0,31.28,3.5324216,3.4736955796507356,3.7384149178547346
4666,2.0,53.0,160.0,20.17,12.833434140567787,11,3,100000.0,54.300000000000004,12.835024,12.876383613916204,12.87235250369417
4667,0.0,0.0,246.0,0.0,,5,5,140000.0,20.2,0.8744951,0.9762645214128579,0.8120386895256964
4670,7.0,693.0,707.0,13.502857142857144,10.727801989050477,34,1,40000.0,105.99000000000001,10.382363,10.630761891749723,10.755608257316325
4671,0.0,0.0,108.0,0.0,,4,4,40000.0,19.73,2.4712133,2.3028715362476895,2.1520836583564567
4676,15.0,486.0,524.0,13.198666666666666,26.935635294821274,63,0,40000.0,202.16,26.934301,26.95783291936558,26.587128449137825
4677,2.0,10.0,620.0,5.155,0.29042696026502224,9,1,20000.0,25.49,0.2868371,0.4363258768067932,0.20859647248746604
4678,1.0,38.0,696.0,6.26,0.3987682775785205,8,0,60000.0,12.52,0.3923097,0.46753659184069357,0.4901524873084071
4680,0.0,0.0,597.0,0.0,,5,5,60000.0,16.12,0.18728507,0.17094399445853506,0.21407449708422543
4681,0.0,0.0,364.0,0.0,,2,0,40000.0,5.32,0.58212376,0.362165568222441,0.629824449168229
4682,0.0,0.0,672.0,0.0,,4,4,40000.0,18.1,0.046671897,0.16270258025640175,0.20472133275368254
4686,3.0,575.0,730.0,14.159999999999998,5.011276690772373,19,2,60000.0,54.379999999999995,5.034244,5.101912475065855,5.055605173303647
4687,0.0,0.0,454.0,0.0,,6,3,40000.0,23.68,0.44879234,0.3041451044524838,0.42104260259860826
4689,0.0,0.0,91.0,0.0,,5,3,80000.0,24.7,2.7435067,2.1144560439908116,2.283543524855635
4690,0.0,0.0,34.0,0.0,,4,4,40000.0,15.05,4.544217,3.382779084337375,3.7301510123123913
4691,4.0,444.0,539.0,20.8975,11.968392385763838,22,2,100000.0,99.33,11.917278,11.94875757371125,11.851016936230955
4692,0.0,0.0,607.0,0.0,,6,3,120000.0,15.22,0.14337325,0.15880080173494912,0.15206289627744596
4693,5.0,364.0,623.0,8.645999999999999,4.6873472982059745,26,2,40000.0,81.83,4.652347,4.552249339282273,4.842108735128818
4695,0.0,0.0,619.0,0.0,,4,3,20000.0,7.98,0.16400371,0.1661434049662076,0.20157938244317997
4697,0.0,0.0,442.0,0.0,,4,3,40000.0,4.14,0.37178448,0.29636303432358474,0.44942087768113037
4698,2.0,109.0,114.0,7.180000000000001,7.0867655962147555,11,2,60000.0,23.04,7.045133,7.33671606921829,6.775406768502621
4699,0.0,0.0,546.0,0.0,,3,3,120000.0,22.91,0.26196223,0.1604015183940961,0.24965804204814823
4700,5.0,579.0,608.0,8.315999999999999,5.6789369218346515,25,4,20000.0,72.2,6.573188,5.735672258268743,5.830739026609117
4707,2.0,166.0,477.0,7.01,2.1061974281747857,9,2,80000.0,22.17,2.0814502,1.9684002199039556,2.0512682522731325
4709,0.0,0.0,243.0,0.0,,2,4,100000.0,4.06,0.9832769,0.9878316681903312,0.8110177351222703
4711,1.0,3.0,573.0,20.7,1.0737320467596787,6,3,40000.0,27.299999999999997,1.0984579,1.12395694783012,1.070489063824728
4712,0.0,0.0,438.0,0.0,,5,5,40000.0,22.97,0.5183674,0.2943919343368998,0.43957534953697497
4714,0.0,0.0,248.0,0.0,,2,3,40000.0,1.8,0.9701205,0.9853831367847795,0.7038864357644519
4718,0.0,0.0,266.0,0.0,,5,1,40000.0,20.82,0.6424065,0.7632428350002036,0.5850637886619063
4719,1.0,462.0,533.0,21.17,3.879942143886213,8,0,20000.0,33.21,3.8984907,3.8101970070833775,3.8722846561752085
4720,0.0,0.0,335.0,0.0,,3,2,40000.0,28.8,0.75981665,0.8669542670973096,0.6525023996448613
4722,1.0,537.0,641.0,31.02,4.636612981107146,6,1,40000.0,57.65,4.639927,4.56008073317683,4.577728184454118
4724,1.0,271.0,319.0,5.15,1.9842183184536268,6,2,60000.0,12.45,1.9991903,1.9015270040904682,1.9359214672687513
4726,0.0,0.0,654.0,0.0,,4,3,20000.0,6.84,0.10461331,0.1655296294444188,0.21029527240039325
4727,15.0,651.0,712.0,10.210666666666667,16.278243522819906,73,4,,178.81,,,
4730,1.0,23.0,528.0,9.71,0.7980199124482259,7,4,20000.0,14.18,0.7853139,0.7954590040049683,0.737481418506575
4731,13.0,299.0,359.0,14.133076923076924,32.31744921807718,61,3,20000.0,187.34,32.317284,34.69654483800008,32.239849540712555
4732,5.0,265.0,298.0,11.822,13.262366174410054,28,1,60000.0,89.4,14.677354,14.832847004145021,15.494917261261056
4736,0.0,0.0,185.0,0.0,,5,3,20000.0,21.23,0.970488,1.451809729548355,1.2399710321159159
4738,0.0,0.0,153.0,0.0,,3,3,60000.0,12.49,1.8570086,1.7539858781434639,1.714194926475435
4739,1.0,52.0,585.0,37.24,2.490886712191309,10,2,100000.0,45.64,2.483368,2.704504944744878,2.887802722498559
4742,5.0,271.0,337.0,15.595999999999998,15.577102790416436,23,3,20000.0,84.07,15.580205,15.544755602873012,14.923662007939454
4743,0.0,0.0,669.0,0.0,,4,4,40000.0,15.21,0.11245796,0.16816192529232726,0.20846446176365419
4745,0.0,0.0,102.0,0.0,,5,2,20000.0,13.75,2.4314463,2.355759948307368,2.1913483232207795
4747,0.0,0.0,327.0,0.0,,5,1,140000.0,8.19,0.5916713,0.6181733442691741,0.6553203082691343
4748,0.0,0.0,141.0,0.0,,4,2,60000.0,13.23,1.9662812,1.7947022842232323,1.7702071956829792
4750,3.0,314.0,534.0,13.71,5.725772582438416,16,5,140000.0,46.1,5.6938014,5.439360432340161,5.508105217347548
4753,0.0,0.0,310.0,0.0,,5,1,40000.0,16.68,0.6066508,0.6542138664435285,0.6173243076001569
4756,0.0,0.0,363.0,0.0,,4,3,40000.0,13.82,0.5558257,0.3686539795633967,0.6048287105361956
4761,8.0,303.0,337.0,13.2675,20.769930118306455,34,2,20000.0,112.94,21.173197,19.18273110621,19.308139270100142
4763,0.0,0.0,699.0,0.0,,4,5,60000.0,8.4,0.09336354,0.13927659473144505,0.19014859027911069
4766,3.0,284.0,329.0,13.346666666666666,8.956741002036779,16,2,40000.0,51.53,8.9856,8.926299816474591,9.217264198761582
4767,9.0,495.0,639.0,18.301111111111112,18.268213857725854,51,3,140000.0,169.2,18.258226,18.27593117390424,17.887479203320268
4768,0.0,0.0,300.0,0.0,,5,3,40000.0,11.88,0.62476975,0.671807123220858,0.6187034670500324
4771,11.0,318.0,366.0,12.236363636363636,24.1027231748372,51,2,40000.0,139.23,24.077932,23.6665652009311,23.551787707404408
4774,1.0,561.0,648.0,9.26,1.7156526860694568,9,5,20000.0,19.23,1.7024763,1.6513344689991833,1.722894280973697
4775,2.0,254.0,302.0,17.09,8.5305233016695,10,2,80000.0,44.55,8.476656,8.406422801908358,8.424369439105448
4776,1.0,104.0,586.0,6.55,0.7897920810103596,7,4,20000.0,18.23,0.85504043,0.7710856633913944,0.8216038626758824
4778,3.0,204.0,405.0,8.523333333333333,4.404614433411432,19,1,20000.0,35.51,4.424453,4.708810944262208,4.391032072011143
4779,2.0,461.0,690.0,23.34,5.709966066302966,15,4,140000.0,61.629999999999995,5.757734,5.797172054278248,5.837307839778803
4780,7.0,242.0,271.0,8.17,13.408910521113999,32,3,60000.0,65.56,13.406459,13.305278089088825,13.389803957904245
4783,3.0,367.0,673.0,7.22,2.5442068075010815,17,3,20000.0,27.54,2.5451026,2.477227588901641,2.3653914684594985
4784,1.0,326.0,480.0,15.12,2.9717738711859076,8,5,20000.0,31.619999999999997,2.9832442,3.1244787719481084,2.8817493581679314
4785,0.0,0.0,145.0,0.0,,4,3,60000.0,16.95,1.8259268,1.8067959680271493,1.7901164951738782
4789,1.0,12.0,97.0,8.73,4.634049047435415,7,1,40000.0,23.96,4.6322665,4.624712422747587,4.675477563712533
4791,0.0,0.0,392.0,0.0,,5,2,80000.0,26.38,0.49419263,0.33487792286366236,0.46709327179696825
4792,0.0,0.0,464.0,0.0,,4,4,80000.0,19.99,0.3213788,0.2826664975046536,0.28630996672373055
4796,1.0,33.0,258.0,21.28,4.413419832956101,9,4,40000.0,30.64,4.412427,4.224404167182443,4.241523851991968
4797,1.0,129.0,277.0,3.65,1.5700575856160297,8,2,40000.0,34.06,1.5741957,1.729286356135991,1.6206292323878078
4798,0.0,0.0,446.0,0.0,,2,1,40000.0,4.81,0.3519942,0.29341922541727095,0.39092704417108326
4803,2.0,164.0,350.0,17.455000000000002,6.817228503980623,15,2,60000.0,42.97,6.766074,6.600639212140415,6.828460182712635
4804,0.0,0.0,292.0,0.0,,7,4,80000.0,25.81,0.7100153,0.7777706807191979,0.5568765278148913
4807,6.0,272.0,285.0,10.03,13.852068924146554,27,3,80000.0,62.489999999999995,13.833043,14.078570843354074,13.234891732857921
4808,0.0,0.0,653.0,0.0,,2,3,40000.0,11.66,0.121709555,0.17199791475794404,0.20995421895268418
4810,2.0,323.0,611.0,15.115,3.914638292928405,13,5,20000.0,32.5,3.6716413,3.767564971827069,3.954865607674112
4813,1.0,365.0,705.0,10.31,1.450531958090829,6,1,80000.0,36.81,1.4479417,1.4689317307411913,1.3900485053135263
4815,1.0,11.0,99.0,7.8,4.21483346245198,8,0,40000.0,13.71,4.230047,4.4239818440669225,4.191911590429356
4819,2.0,422.0,523.0,7.3149999999999995,2.719857122956767,14,1,20000.0,26.07,2.6754322,2.6675377745851967,2.685657056230681
4821,1.0,389.0,426.0,5.96,1.7916165717565242,7,0,120000.0,8.8,1.7720654,1.6830323065745112,1.870156492736502
4822,1.0,8.0,10.0,7.45,7.611930822734327,6,3,20000.0,17.12,7.5721827,6.024450697962744,7.1589450300881605
4823,2.0,121.0,273.0,13.245,6.362433968806911,19,3,40000.0,44.37,6.3667183,6.567843007274202,6.486561911818892
4824,0.0,0.0,65.0,0.0,,6,5,40000.0,10.44,2.8345118,2.422167507267105,2.8555572111743666
4825,1.0,340.0,698.0,21.6,2.592110127458847,9,3,120000.0,35.28,2.5805528,2.6114021074759575,2.646651612655048
4826,2.0,101.0,228.0,10.045,5.710899869475808,12,5,60000.0,40.379999999999995,6.213218,6.281044821149136,5.681136092218043
4828,1.0,305.0,692.0,6.86,1.0339529522675548,9,4,80000.0,11.74,1.2364899,1.0450511823021609,0.89559697869809
4829,1.0,4.0,235.0,13.61,2.919645034213041,9,0,20000.0,20.2,2.914569,3.0088888204092474,2.9275458472078646
4831,0.0,0.0,118.0,0.0,,4,0,40000.0,6.34,2.1339304,2.0898102787269837,2.014346179255786
4832,0.0,0.0,218.0,0.0,,3,2,40000.0,17.63,0.9588262,1.061091776301437,0.8761023662641403
4836,1.0,34.0,593.0,6.14,0.5138082486166657,7,5,60000.0,13.91,0.53739595,0.5331093275655429,0.5689632479933433
4838,1.0,419.0,460.0,14.36,3.1880757144325984,10,4,120000.0,22.03,3.1687176,2.857236285812456,3.117503652142435
4841,0.0,0.0,494.0,0.0,,5,5,60000.0,10.62,0.3624488,0.27419700206526954,0.20438962934467142
4843,1.0,336.0,363.0,3.74,1.5464015992455638,5,4,40000.0,11.790000000000001,1.5543668,1.4244864643983852,1.5496039846308642
4844,1.0,38.0,514.0,9.57,0.9140984252220239,8,3,40000.0,21.43,0.91823584,0.9745415336277465,0.9323867543521294
4846,7.0,444.0,542.0,14.540000000000001,13.760316235227869,34,3,40000.0,121.3,13.733418,13.660629046051055,14.027068012985993
4847,1.0,455.0,516.0,7.2,1.7353813972989232,10,3,40000.0,10.05,1.7362347,1.8259897925562611,1.7659232355218055
4848,0.0,0.0,210.0,0.0,,3,4,40000.0,5.54,1.0480604,1.0977587528103345,0.9068330645651752
4850,0.0,0.0,591.0,0.0,,4,4,120000.0,20.58,0.057732813,0.161599848357626,0.18985845146033942
4851,0.0,0.0,110.0,0.0,,4,4,60000.0,19.4,2.56841,2.281551208279828,2.1831415826780622
4853,7.0,289.0,338.0,11.958571428571428,16.45791855952561,36,0,40000.0,89.16,16.477362,16.200037638723757,16.024756391864486
4855,0.0,0.0,363.0,0.0,,4,1,100000.0,29.16,1.0789384,0.510746309614438,0.6502789652065193
4856,0.0,0.0,31.0,0.0,,4,1,40000.0,8.27,4.5779057,3.3659085455163646,3.8274508251878836
4858,3.0,338.0,494.0,4.76,2.568066140504669,14,1,40000.0,20.29,2.5802598,2.4070491970926655,2.55355784193944
4861,3.0,542.0,604.0,14.133333333333333,6.0113148226356365,14,2,60000.0,47.5,5.998551,5.862049725818364,5.809602578157179
4864,0.0,0.0,164.0,0.0,,4,5,60000.0,7.89,1.4375983,1.694793184458952,1.4047267973353534
4868,15.0,641.0,645.0,13.891333333333334,24.27478442998206,65,3,140000.0,231.25,23.944572,24.009197172409245,24.304447536748008
4870,2.0,151.0,241.0,13.155000000000001,7.451538339358355,14,3,40000.0,44.31,7.3996615,7.453141005138958,7.791055362406639
4871,2.0,241.0,321.0,5.654999999999999,3.153925960374318,9,2,80000.0,21.22,3.1090221,3.1550018062471867,3.086630621246318
4873,2.0,343.0,587.0,9.955,2.9218410365233702,11,0,40000.0,37.61,2.9130445,2.8877048839982162,3.03833329489833
4875,2.0,405.0,552.0,13.114999999999998,4.1783245834382505,13,4,80000.0,46.98,4.47154,4.453983159613484,4.357115718343063
4876,1.0,14.0,647.0,25.9,1.1437402203041105,10,2,20000.0,34.4,1.1397045,1.3150325955026978,1.2425745096133571
4877,3.0,578.0,606.0,7.363333333333333,3.376358369300979,22,4,40000.0,33.35,3.3885326,3.3615060038769737,3.3822842729722638
4878,3.0,114.0,290.0,8.093333333333334,5.038402517778177,12,2,40000.0,37.33,5.010313,4.823229364479883,4.954051368974219
4879,0.0,0.0,415.0,0.0,,4,3,100000.0,13.05,0.47493827,0.3127390174229972,0.4913299078311031
4881,3.0,340.0,381.0,12.016666666666666,7.368224922763608,19,3,60000.0,43.3,7.3866587,7.223874985705234,7.233963821000392
4882,0.0,0.0,154.0,0.0,,3,0,20000.0,3.34,1.5974407,1.7212782295980302,1.7190777576237029
4884,0.0,0.0,169.0,0.0,,3,4,80000.0,14.96,1.4367418,1.6180938561563487,1.3541166267215372
4888,0.0,0.0,324.0,0.0,,6,3,20000.0,11.02,0.43838003,0.6353359194336621,0.6726295700181897
4890,1.0,26.0,104.0,4.34,2.9759438252183172,5,0,40000.0,7.85,2.9719772,2.9863997247852065,2.978867502517069
4891,0.0,0.0,26.0,0.0,,3,0,60000.0,4.0,4.641974,3.1699375073915523,3.8924161168317384
4892,7.0,424.0,689.0,20.752857142857145,12.63148251933362,38,5,40000.0,161.82999999999998,13.490824,12.495692131163759,14.184020390069499
4898,0.0,0.0,462.0,0.0,,4,0,40000.0,15.84,0.31019723,0.29404584938253947,0.33684177014632777
4900,0.0,0.0,664.0,0.0,,4,4,40000.0,8.96,0.122339666,0.16816192529232726,0.19284656848011839
4901,1.0,4.0,312.0,7.82,1.3503939375007472,6,3,100000.0,20.060000000000002,1.3768378,1.4728798956219118,1.3629065468759443
4903,5.0,398.0,453.0,13.501999999999999,11.115310339048785,24,2,60000.0,77.16,11.083762,11.19105951776205,11.014747803130822
4906,0.0,0.0,376.0,0.0,,3,0,20000.0,9.4,0.37238315,0.3755788827624087,0.5577103816299465
4907,2.0,164.0,190.0,14.73,10.00668981509079,14,4,20000.0,41.31,9.996552,10.257095461941692,9.72360764987235
4909,1.0,300.0,686.0,7.46,1.0987294535953365,9,2,20000.0,18.61,1.1226707,1.1412662448948128,0.9823495601657841
4912,0.0,0.0,256.0,0.0,,3,3,40000.0,10.69,0.79911333,0.7716459889424429,0.6330748471583432
4913,6.0,260.0,298.0,17.261666666666667,22.335304984046783,29,1,100000.0,120.43,21.693207,22.50192970045976,23.436957521635712
4914,7.0,253.0,363.0,10.352857142857143,12.69494047460578,32,1,60000.0,75.59,12.668098,12.53476449496762,12.560254296705285
4915,0.0,0.0,407.0,0.0,,2,2,40000.0,9.08,0.46077564,0.3253717370041494,0.4838540510288887
4916,2.0,593.0,647.0,18.075,5.139792165845783,14,1,80000.0,56.98,5.142628,5.150078825502797,5.280395415179656
4917,0.0,0.0,610.0,0.0,,3,4,60000.0,12.67,0.1545706,0.163008185230536,0.17047748247663908
4921,0.0,0.0,318.0,0.0,,3,1,60000.0,11.62,0.60961264,0.609733360909257,0.6540431505139663
4925,13.0,537.0,722.0,12.464615384615383,14.00727929565316,58,0,60000.0,197.3,14.002913,17.92768141187641,14.429164953560955
4928,0.0,0.0,636.0,0.0,,3,4,120000.0,15.29,0.0753745,0.17904415842730262,0.15409450027848326
4929,0.0,0.0,142.0,0.0,,3,0,80000.0,19.71,1.7243752,1.7230586670077694,1.7663592448132661
4932,5.0,246.0,371.0,10.522,9.43586934192545,29,0,60000.0,55.78,9.179735,9.403710793694524,9.583487830166181
4936,0.0,0.0,213.0,0.0,,3,2,80000.0,2.14,1.0423099,1.0620966578286393,0.9173669931621902
4937,0.0,0.0,177.0,0.0,,3,1,20000.0,6.01,1.2996651,1.4566208869660662,1.3195346337995923
4938,4.0,329.0,624.0,13.805,5.78553947909507,27,4,40000.0,64.79,5.7767863,5.745284569411857,6.099122199784599
4940,0.0,0.0,139.0,0.0,,3,2,40000.0,6.4,1.9053252,1.7896535437672147,1.7478974250155455
4941,2.0,143.0,325.0,22.715000000000003,9.040202955788462,14,3,20000.0,58.83,9.002493,9.039821203648787,8.811866958130913
4942,0.0,0.0,446.0,0.0,,3,2,40000.0,13.32,0.3451276,0.29636303432358474,0.388404732266145
4943,0.0,0.0,348.0,0.0,,6,4,80000.0,7.75,0.49432522,0.42394089848094624,0.5910422786673495
4946,2.0,183.0,518.0,6.96,1.9468413404261011,10,0,40000.0,37.02,1.9392154,2.100672465315396,1.903036661174271
4947,5.0,181.0,245.0,13.95,17.08535763015395,27,4,20000.0,82.08,16.534729,17.241861002601645,17.43501889349487
4948,1.0,246.0,563.0,12.6,1.9284707144029665,8,5,20000.0,25.91,1.7868533,2.1467362614081913,1.973572081296699
4951,0.0,0.0,566.0,0.0,,3,5,40000.0,18.96,0.19610624,0.15765469095652357,0.20953164185257123
4953,9.0,211.0,325.0,13.976666666666667,21.286496814674795,40,5,20000.0,135.81,20.475883,20.43065067395022,21.425642814754227
4954,1.0,191.0,659.0,4.01,0.647821762489057,8,4,40000.0,11.73,0.64978117,0.643438493632691,0.6801334692350842
4956,4.0,265.0,321.0,21.26,17.92355147172132,24,4,20000.0,107.95,17.942272,18.049976107349504,17.88556918633828
4958,5.0,271.0,390.0,8.879999999999999,7.893230204151495,23,1,100000.0,47.47,7.8488464,7.959575132308647,7.753228420592068
4960,3.0,141.0,280.0,10.01,6.827775082929276,18,0,20000.0,34.4,6.8096747,6.611891280131554,6.660007717537416
4961,3.0,452.0,478.0,10.493333333333332,5.5517329516533165,15,4,40000.0,45.98,5.9274154,5.701137637114156,5.528813958611338
4962,0.0,0.0,636.0,0.0,,5,1,40000.0,9.51,0.08036219,0.17352075079156234,0.18596420954163317
4964,0.0,0.0,384.0,0.0,,2,2,40000.0,6.36,0.47396737,0.3584155164613652,0.4610245633399579
4965,0.0,0.0,110.0,0.0,,3,4,40000.0,13.96,2.5996723,2.2970131722196307,2.1444705280514587
4972,0.0,0.0,255.0,0.0,,6,5,80000.0,8.65,0.76405644,0.7594425605292849,0.5777027303359867
4973,1.0,183.0,378.0,2.22,0.9981046371341108,9,1,60000.0,10.59,1.0185229,0.9504218613817179,1.1201626917755139
4977,0.0,0.0,150.0,0.0,,3,0,140000.0,8.6,1.7660711,1.6809715246725965,1.6782276649288095
4978,0.0,0.0,89.0,0.0,,2,1,100000.0,11.41,2.7725918,2.188546370801031,2.2542175707895336
4979,0.0,0.0,333.0,0.0,,1,1,20000.0,8.66,0.56034714,0.6244704666166695,0.6050128480543995
4981,2.0,124.0,315.0,9.255,4.033482653161602,8,1,20000.0,22.430000000000003,4.066883,3.9360492529517233,3.8020023530685036
4983,2.0,174.0,295.0,21.335,9.916831445132646,16,2,20000.0,59.13,9.939048,10.481519372628226,10.33329561902543
4984,0.0,0.0,44.0,0.0,,5,3,20000.0,5.1,3.4595559,3.3857901453698576,3.056712725945962
4985,2.0,146.0,237.0,16.025,8.955713068186032,15,3,80000.0,43.21,8.960932,8.98061672941803,8.80332293090672
4987,0.0,0.0,36.0,0.0,,4,3,20000.0,11.4,4.5130906,3.3857901453698576,3.8532566185546933
4995,1.0,185.0,696.0,3.84,0.5737237638299962,10,2,60000.0,15.94,0.57287943,0.6226762011994806,0.5769134242712228
4998,6.0,361.0,469.0,8.843333333333334,8.223689325049872,24,3,60000.0,62.56,8.1987705,7.929933724172071,7.984097313960699
5000,1.0,252.0,598.0,22.39,2.893301972265001,6,0,40000.0,27.9,2.8975549,2.8569479903054575,2.9294715546064682
5001,1.0,304.0,377.0,27.32,6.192452003349792,12,5,40000.0,52.379999999999995,6.2218356,6.335549358441893,6.651039516722976
5002,3.0,539.0,660.0,13.11,5.1215259027202995,19,2,120000.0,66.5,5.129266,5.432991126450605,5.495122195990662
5005,0.0,0.0,732.0,0.0,,2,2,40000.0,4.49,0.054252297,0.15206743002018547,0.15490972899746325
5007,0.0,0.0,225.0,0.0,,6,3,40000.0,23.98,1.0653757,1.1112938436439497,0.8884192148754719
5008,4.0,287.0,322.0,14.430000000000001,12.517465367618517,23,1,40000.0,82.06,12.574869,12.646837742366479,12.874382282614466
5009,1.0,30.0,536.0,9.77,0.8206395070239456,7,1,20000.0,17.75,0.81848186,0.7941176408715211,0.8396643406994793
5013,2.0,27.0,389.0,12.940000000000001,2.3019487357307518,14,2,20000.0,33.24,2.2980433,2.030047937015033,2.363186033481622
5014,3.0,380.0,474.0,12.916666666666666,6.556954456513125,15,5,40000.0,48.09,6.53478,6.443583668097789,6.19419123633822
5015,0.0,0.0,684.0,0.0,,3,1,40000.0,4.98,0.0901505,0.16167029142782233,0.20084999998887998
5016,0.0,0.0,708.0,0.0,,3,5,80000.0,13.86,0.066876695,0.14842466729558043,0.1612011063827543
5017,0.0,0.0,297.0,0.0,,4,1,80000.0,9.26,0.62174624,0.6645701329680471,0.5946499259586746
5018,0.0,0.0,582.0,0.0,,4,3,60000.0,30.58,0.26880884,0.10220978386880367,0.3031521558591095
5019,3.0,564.0,589.0,16.363333333333333,7.100505129320052,11,4,60000.0,53.91,7.0766945,6.786272226418922,6.796607189877151
5020,1.0,21.0,253.0,11.22,2.533116690663517,13,4,60000.0,17.880000000000003,2.0010772,2.1994382325413437,2.3635519779317655
5022,0.0,0.0,394.0,0.0,,2,2,20000.0,7.63,0.43515646,0.3122525113119469,0.47406437644693966
5023,1.0,1.0,286.0,5.63,1.1996814897937158,11,3,40000.0,36.67,1.282205,1.5843221710207245,0.9603868798553714
5024,0.0,0.0,69.0,0.0,,3,3,60000.0,7.7,2.8825064,2.2516512075969466,2.920269206388159
5025,0.0,0.0,249.0,0.0,,4,3,120000.0,10.92,0.99499935,0.9783632256738638,0.564902792408839
5026,5.0,316.0,711.0,7.031999999999999,2.3365888877943135,20,5,40000.0,38.18,2.3285244,2.257121903448273,2.3595139310005644
5029,1.0,206.0,294.0,9.72,3.0684391956401944,9,3,80000.0,21.14,3.0809987,2.9976956087702193,2.9777206201286135
5031,0.0,0.0,313.0,0.0,,2,2,40000.0,2.77,0.6329567,0.6571576753498423,0.6090982343641018
5032,0.0,0.0,43.0,0.0,,4,4,60000.0,13.44,4.6210647,3.1868080462125628,2.980913554554202
5036,1.0,78.0,120.0,17.73,8.26207565209461,10,1,40000.0,29.57,8.261735,8.218619459976386,8.438295441563968
5037,0.0,0.0,653.0,0.0,,3,0,20000.0,3.14,0.009059508,0.16321244450337355,0.20943761316026777
5038,5.0,589.0,701.0,15.338,8.776639060373887,22,2,20000.0,86.65,8.874888,8.836678118570152,8.691775376315828
5040,1.0,447.0,563.0,2.62,0.9017063815320551,6,3,40000.0,23.540000000000003,0.8754449,0.9881984594880914,0.9913142922630032
5045,0.0,0.0,235.0,0.0,,1,1,40000.0,1.92,0.95955545,1.0438982749195829,0.8765482975311834
5046,0.0,0.0,577.0,0.0,,2,1,60000.0,3.18,0.1623561,0.16655824297557828,0.2195755120811098
5050,6.0,350.0,355.0,12.635,14.899759455973765,27,3,20000.0,86.68,14.880589,14.723818317102966,14.810954072155392
5052,0.0,0.0,575.0,0.0,,3,5,40000.0,4.75,0.24182679,0.18860565475961724,0.21010453755937064
5053,7.0,247.0,318.0,11.502857142857142,16.16555262674018,29,2,60000.0,89.02,16.149185,16.194817166205258,15.965249206041339
5054,0.0,0.0,59.0,0.0,,4,2,120000.0,15.84,3.3599703,2.9461875960785915,2.925382985569778
5055,1.0,128.0,251.0,17.54,5.06205923510054,14,5,40000.0,25.979999999999997,5.0423346,5.192593929349293,5.244782918621372
5056,0.0,0.0,553.0,0.0,,5,5,20000.0,28.0,0.32337594,0.10667209100790849,0.2721713021082559
5057,0.0,0.0,645.0,0.0,,1,1,40000.0,3.93,0.11443564,0.16905410585163025,0.21388619998298086
5060,4.0,533.0,631.0,6.4,3.543306158178168,16,3,20000.0,30.28,3.5235612,3.413907257196256,3.455710414172389
5062,0.0,0.0,233.0,0.0,,6,4,40000.0,19.38,0.83088,1.0354720986748998,0.8779450339867774
5063,2.0,154.0,595.0,10.745000000000001,2.0015578800626237,9,3,40000.0,28.549999999999997,2.1202419,2.0461886906213884,2.3186593362946257
5065,0.0,0.0,332.0,0.0,,4,1,60000.0,2.04,0.54953945,0.6132931867090836,0.5894337037339143
5067,5.0,319.0,622.0,15.457999999999998,7.0718123082448345,27,2,60000.0,79.41,7.134655,6.899836594769666,7.524125126804414
5068,0.0,0.0,35.0,0.0,,3,3,80000.0,15.88,4.608883,3.05652258583207,3.837171174046383
5069,0.0,0.0,295.0,0.0,,4,0,60000.0,18.23,0.49312058,0.6209579316782682,0.6124450468803557
5070,2.0,40.0,320.0,20.125,5.42586444982873,12,3,40000.0,66.52,5.38394,5.1916163030862865,5.718473006736387
5071,5.0,310.0,314.0,14.030000000000001,15.250453198464177,21,1,40000.0,77.97,15.244179,15.25317962889958,15.16294910031672
5073,0.0,0.0,238.0,0.0,,2,0,60000.0,6.95,0.9131723,0.955372372909653,0.880031072150742
5077,0.0,0.0,102.0,0.0,,2,1,40000.0,5.43,2.5884628,2.3243988622689447,2.164852553463054
5078,0.0,0.0,329.0,0.0,,4,4,60000.0,8.11,0.56731886,0.6103263555003257,0.6511230836579793
5079,0.0,0.0,702.0,0.0,,3,3,20000.0,10.69,0.122073695,0.12755905304141932,0.20389785073298494
5081,1.0,197.0,264.0,8.75,3.1029387078336095,7,3,80000.0,15.27,3.163187,3.1433816925495526,3.1396230047985494
5083,0.0,0.0,170.0,0.0,,4,0,40000.0,18.74,1.3054981,1.6101697950185974,1.3989916055991811
5084,0.0,0.0,169.0,0.0,,3,5,20000.0,7.34,1.2991784,1.5883447635402204,1.376761760642851
5086,0.0,0.0,524.0,0.0,,5,3,60000.0,11.04,0.25347224,0.24414677165282642,0.2652672251557373
5088,6.0,467.0,550.0,12.848333333333334,10.632478865960094,25,2,20000.0,90.61,10.65673,10.632488366875762,10.474257450054797
5089,0.0,0.0,233.0,0.0,,5,2,40000.0,17.21,0.86681414,1.0413827387899712,0.9114274334051391
5090,0.0,0.0,76.0,0.0,,4,4,40000.0,5.26,2.810457,2.4644927845427693,2.433357054789085
5092,3.0,336.0,441.0,10.153333333333334,5.510211032014746,17,3,40000.0,40.17,5.4911346,5.56212914847513,5.43323026657861
5094,0.0,0.0,656.0,0.0,,3,1,140000.0,8.51,0.0034366264,0.1766663063621392,0.19494741489994905
5095,3.0,462.0,499.0,11.266666666666666,5.70955703859442,19,4,40000.0,72.3,5.6823535,5.72048560445429,5.8444621623470105
5096,0.0,0.0,425.0,0.0,,3,1,80000.0,24.01,0.5520555,0.34480324721916505,0.5079999323166104
5099,10.0,321.0,359.0,8.863,16.491725355878447,42,1,60000.0,104.0,16.487045,16.297836231241597,16.51512342100473
5101,1.0,510.0,640.0,11.59,2.0018732253321376,11,4,40000.0,34.69,2.0077076,2.2715435258599945,1.98688543878911
5102,8.0,226.0,341.0,15.68,21.417240625629315,34,0,80000.0,133.98,21.417213,20.673576591281197,21.20288562097116
5103,0.0,0.0,245.0,0.0,,4,5,40000.0,23.3,1.0064999,1.025122766067573,0.8327626527743455
5106,0.0,0.0,235.0,0.0,,5,0,20000.0,7.96,0.71271574,1.0191646383374289,0.9020402387244317
5107,0.0,0.0,612.0,0.0,,5,0,20000.0,11.42,0.026930744,0.1509835577091432,0.19881828777786392
5108,0.0,0.0,236.0,0.0,,5,3,60000.0,24.62,1.0523167,1.0479663847432064,0.8655755054531387
5109,1.0,170.0,634.0,6.12,0.832202594056574,7,0,60000.0,26.93,0.74999833,0.7668927995718802,0.7330561207149486
5110,0.0,0.0,270.0,0.0,,3,2,20000.0,6.93,0.63703877,0.7729021606910749,0.5987102577058687
5113,1.0,21.0,226.0,13.44,3.307341233991555,8,3,40000.0,21.54,3.3039594,3.2994448241710566,3.3460695141909294
5114,9.0,228.0,250.0,13.743333333333332,29.302356692270056,47,3,40000.0,139.62,24.168268,26.6669209328421,27.20860369143167
5115,0.0,0.0,338.0,0.0,,3,0,60000.0,1.82,0.5050194,0.5888867710556944,0.6199708154393937
5116,0.0,0.0,373.0,0.0,,2,3,40000.0,14.15,0.4864463,0.3686539795633967,0.5457817260067115
5118,0.0,0.0,612.0,0.0,,4,2,80000.0,26.7,-0.053149894,0.08724027255768868,0.16180978052272632
5119,0.0,0.0,165.0,0.0,,3,0,80000.0,9.67,1.4285917,1.6824657285894464,1.4256131429199392
5124,7.0,287.0,344.0,12.111428571428572,16.366778944343125,33,3,60000.0,95.47,16.37655,16.357005186901535,16.490461119043125
5125,3.0,515.0,727.0,12.683333333333332,4.4056511552480195,18,2,40000.0,48.26,4.4143467,4.355769175897876,4.584439005691521
5126,0.0,0.0,164.0,0.0,,5,2,60000.0,9.04,1.4142938,1.7202694941230692,1.430115410572098
5129,8.0,266.0,348.0,16.72625,24.333225355189782,40,2,60000.0,155.19,24.33123,23.92285661622578,24.155090111173642
5130,0.0,0.0,249.0,0.0,,3,1,140000.0,3.93,0.99067754,0.9762485661646254,0.5973235003388595
5133,0.0,0.0,58.0,0.0,,5,1,60000.0,14.15,3.3493223,3.0662856793576654,2.981818286765053
5134,1.0,119.0,179.0,34.35,11.934128218451752,10,4,40000.0,43.46,11.925261,12.155914993633594,12.01781040519646
5136,1.0,9.0,60.0,3.52,3.3620889048495215,6,3,40000.0,9.86,3.3707023,3.8486821126541177,3.403870985308164
5140,1.0,3.0,78.0,15.12,7.730912939037209,7,1,80000.0,28.95,7.720417,8.690935497367446,7.487077054137541
5143,2.0,647.0,704.0,5.824999999999999,1.8344788430714427,15,1,20000.0,21.169999999999998,1.683976,1.8111029667881833,1.96643198483702
5144,1.0,159.0,442.0,17.64,2.922424096497694,10,4,80000.0,30.86,2.9228876,3.178848784950797,3.057592166328303
5147,1.0,78.0,489.0,6.65,0.9472095953731794,9,1,40000.0,14.350000000000001,0.9450544,1.105101521555682,0.9231573358842091
5148,10.0,252.0,359.0,12.015,19.633276913828634,40,0,40000.0,126.74,18.827644,18.841568476494732,19.025552905302995
5150,1.0,462.0,517.0,16.2,3.1986124406173104,7,4,60000.0,18.86,3.2056437,2.915023918701519,3.099446921548313
5151,0.0,0.0,282.0,0.0,,3,4,20000.0,5.33,0.57679445,0.7008150479679187,0.5874108731289551
5153,0.0,0.0,374.0,0.0,,2,2,60000.0,5.15,0.44871408,0.3622764197324472,0.5194296593148096
5155,0.0,0.0,267.0,0.0,,4,4,40000.0,13.28,0.78798705,0.7657353488273712,0.5528571262784601
5158,4.0,270.0,662.0,9.8575,3.0229054828101902,23,3,40000.0,51.95,3.0145998,2.9279023099324673,2.9201043118043177
5159,1.0,288.0,297.0,9.53,3.2241256894081456,9,1,140000.0,14.209999999999999,3.1131492,3.0696229200598655,3.195387819826417
5162,2.0,364.0,698.0,4.3,1.2424750692805988,5,5,140000.0,20.91,1.2402453,1.194394697323357,1.2117492815879176
5163,5.0,597.0,676.0,10.262,6.252405619045227,21,3,40000.0,58.49,6.20499,6.25327597333436,5.95645004391187
5166,0.0,0.0,48.0,0.0,,4,4,40000.0,11.51,3.4917579,3.382779084337375,2.949855630232587
5167,4.0,499.0,651.0,15.93,7.778467129710885,22,3,20000.0,79.82,7.8545856,7.860181972493132,7.892382245254007
5170,0.0,0.0,258.0,0.0,,6,2,40000.0,7.64,0.7545225,0.7716459889424429,0.6377534666480074
5171,3.0,144.0,441.0,5.833333333333333,2.2748095192199598,17,3,20000.0,24.09,2.2870412,2.260490509596529,2.4309274212653555
5172,6.0,256.0,297.0,13.844999999999999,18.064724480361544,29,2,40000.0,105.61000000000001,18.12386,18.529766581896187,18.48938137248446
5174,11.0,588.0,659.0,15.56090909090909,19.46459696360163,56,4,40000.0,174.74,18.211922,19.26380743823321,18.668889518619036
5181,2.0,42.0,179.0,11.665000000000001,6.886099055794199,11,3,120000.0,34.19,6.8507686,6.736149540473951,6.9026014670490135
5182,1.0,305.0,593.0,11.44,1.8217262795808153,6,3,40000.0,18.89,1.8463907,1.997413263200635,1.874582039397695
5183,0.0,0.0,618.0,0.0,,4,3,20000.0,12.41,0.15665212,0.1494457534213958,0.20157938244317997
5185,0.0,0.0,65.0,0.0,,7,5,80000.0,38.18,2.6514418,2.973211639885642,3.2867609463197804
5188,0.0,0.0,541.0,0.0,,3,5,40000.0,3.82,0.28423715,0.17308809631461006,0.2614596539858951
5192,0.0,0.0,464.0,0.0,,4,3,100000.0,15.37,0.3418699,0.29403648265565074,0.30563444780730187
5195,1.0,23.0,142.0,5.3,2.6641892833001046,6,0,40000.0,8.18,2.6573603,2.7682837257129056,2.611862365269145
5196,2.0,138.0,632.0,29.174999999999997,4.084155397954311,18,3,60000.0,73.95,4.0888534,4.034135724957765,3.9604074013674193
5199,0.0,0.0,559.0,0.0,,5,4,,4.58,,,
5203,2.0,452.0,593.0,18.48,5.415670638380227,15,5,60000.0,45.379999999999995,5.40461,5.496271464800295,5.464918194027414
5204,1.0,145.0,447.0,7.99,1.5163163351809392,8,1,80000.0,17.310000000000002,1.5052354,1.4010424291906027,1.4949352890285859
5206,3.0,235.0,411.0,9.176666666666668,4.887679253201614,18,1,20000.0,38.68,4.907379,5.150764027823194,5.013795882896854
5207,2.0,25.0,306.0,11.515,3.1467662725192755,10,0,60000.0,36.28,3.1293535,3.0652680525197527,3.037897691777843
5208,2.0,164.0,259.0,9.42,5.334016961425845,15,4,100000.0,45.550000000000004,5.3138385,5.448063590303151,5.456716780993593
5210,1.0,400.0,559.0,22.11,3.6730532661190063,9,1,40000.0,50.3,3.7308745,3.991222437885751,3.7824904246953768
5214,0.0,0.0,493.0,0.0,,3,3,140000.0,20.83,0.33172897,0.24084085441257325,0.2147496897965837
5215,0.0,0.0,423.0,0.0,,3,4,40000.0,4.54,0.50295293,0.30915492897585956,0.49009214655135747
5216,3.0,441.0,534.0,10.290000000000001,4.889722252448946,20,2,40000.0,45.49,4.867607,4.867666124906306,4.90584930683518
5219,3.0,471.0,662.0,11.6,4.402148643710557,16,4,40000.0,42.53,4.0172744,4.199180289182102,4.3485724016223735
5221,1.0,119.0,224.0,3.53,1.8485307476280166,7,1,40000.0,19.650000000000002,1.8547928,1.9280325247790056,1.8044427880219018
5222,1.0,178.0,328.0,9.63,2.639691540016462,10,2,60000.0,34.27,2.7542646,2.807027578043721,2.8143890308969706
5223,6.0,245.0,347.0,11.218333333333334,12.55903421382559,22,0,40000.0,77.77,12.543036,12.732323674456195,12.410351501292865
5226,2.0,117.0,336.0,11.07,4.270601473475562,11,0,140000.0,28.86,4.497108,4.598534601443014,3.964972945937333
5230,2.0,347.0,735.0,11.975,2.56203820589701,15,3,40000.0,36.37,2.5749886,2.6002413926607986,2.478595818438966
5231,0.0,0.0,303.0,0.0,,3,2,60000.0,5.76,0.61673576,0.6607362039469271,0.6291924514555944
5233,0.0,0.0,575.0,0.0,,4,2,80000.0,4.58,0.16215801,0.176279789809326,0.2144174803841148
5235,0.0,0.0,272.0,0.0,,4,3,20000.0,19.72,0.4887034,0.7093183780779527,0.5942566237787252
5237,0.0,0.0,375.0,0.0,,3,3,60000.0,6.26,0.48161846,0.3622764197324472,0.521086204965818
5238,1.0,529.0,712.0,4.28,0.9253483858829372,5,3,20000.0,15.5,0.8790471,0.785153776509192,0.8635602768550834
5240,0.0,0.0,251.0,0.0,,3,0,40000.0,3.67,0.9889521,0.9510642095520451,0.6307387364763244
5241,0.0,0.0,653.0,0.0,,5,5,120000.0,17.76,0.05406206,0.16461077921022324,0.1764860314071246
5242,0.0,0.0,172.0,0.0,,5,4,60000.0,10.8,1.4490421,1.4730465721895751,1.2751181611537126
5244,0.0,0.0,508.0,0.0,,5,5,80000.0,23.81,0.41628143,0.284821888606143,0.20081240322578164
5249,2.0,160.0,233.0,26.16,14.492675449418917,11,4,80000.0,73.08000000000001,14.465539,14.382606461732054,14.530277210500834
5250,2.0,385.0,407.0,12.53,5.334518012824245,14,3,40000.0,38.339999999999996,5.293617,5.38779413312578,5.5652652296739
5252,0.0,0.0,140.0,0.0,,6,4,40000.0,26.55,2.0234,1.766064438799659,1.7301929366279474
5256,5.0,452.0,482.0,17.327999999999996,13.597743737241057,30,3,20000.0,94.91999999999999,13.585711,13.521915941615713,13.352438951616872
5258,0.0,0.0,221.0,0.0,,4,0,20000.0,20.72,0.67459893,1.033414330812969,0.9035977882129496
5261,0.0,0.0,159.0,0.0,,5,0,40000.0,14.3,1.7910506,1.6929466394592796,1.644320863338784
5264,0.0,0.0,92.0,0.0,,6,1,20000.0,18.37,2.555725,2.5250306198060466,2.281801378371322
5265,0.0,0.0,273.0,0.0,,3,1,20000.0,11.17,0.57086843,0.7118339142075645,0.6030859648755484
5271,0.0,0.0,210.0,0.0,,2,1,60000.0,2.52,1.0633689,1.071914291410323,0.9334271061895523
5276,0.0,0.0,39.0,0.0,,4,4,60000.0,34.13,4.602175,3.800295183979938,3.8992738789527297
5277,0.0,0.0,206.0,0.0,,3,5,100000.0,1.85,0.998206,1.1100915534587026,0.9664403453190422
5279,0.0,0.0,86.0,0.0,,4,3,,13.02,,,
5280,1.0,276.0,369.0,11.33,2.9726113651348305,7,5,20000.0,15.29,2.9672656,2.942541661212064,2.9160197210940617
5281,1.0,13.0,51.0,3.03,3.366389888471395,12,5,20000.0,19.41,3.3607872,3.367302783897453,3.3718600114153165
5282,0.0,0.0,330.0,0.0,,2,2,80000.0,5.12,0.5582986,0.6230147335428311,0.7048706338644584
5283,0.0,0.0,268.0,0.0,,6,3,140000.0,13.3,0.74668944,0.7627284974641841,0.5306877556803782
5284,1.0,51.0,76.0,37.8,19.570184642819818,10,3,60000.0,76.19999999999999,19.568289,19.995770771236746,19.963619160206342
5289,1.0,29.0,429.0,12.47,1.4099636580897736,10,5,80000.0,23.97,1.5135803,1.4147041459306455,1.367648957838334
5290,2.0,98.0,291.0,16.395,6.776122488614281,10,1,40000.0,34.56,6.7495933,6.659962936253332,6.558244785418892
5293,0.0,0.0,656.0,0.0,,4,2,120000.0,3.22,0.044341937,0.16649373637838333,0.17003249446367796
5294,9.0,286.0,317.0,10.972222222222221,20.103884530804784,42,4,20000.0,101.52,20.084858,19.561659333953774,19.37453874807559
5295,11.0,551.0,675.0,14.97181818181818,17.64287341768118,55,3,40000.0,183.95,17.64501,18.98034819048091,18.028395696054524
5297,0.0,0.0,614.0,0.0,,4,1,40000.0,5.28,0.13901982,0.1568252190573999,0.18316537519038167
5298,0.0,0.0,512.0,0.0,,3,2,80000.0,16.13,0.2894238,0.2509245095802603,0.22080007519205047
5301,2.0,554.0,567.0,18.7,5.958914383265137,13,2,80000.0,46.48,5.951922,5.862944481860605,5.973091546165344
5303,5.0,548.0,598.0,8.704,5.967419862660952,22,3,120000.0,61.22,5.9609632,5.855026777173991,6.033168236136839
5305,0.0,0.0,338.0,0.0,,4,4,40000.0,4.27,0.58637106,0.6134756308635777,0.5905269181172903
5307,0.0,0.0,517.0,0.0,,4,3,20000.0,9.47,0.27915502,0.26393764602374364,0.21890711619082115
5310,2.0,157.0,424.0,6.61,2.3112123540277745,11,4,80000.0,35.06,2.3530343,2.742655629354558,2.402229939625853
5311,0.0,0.0,38.0,0.0,,3,2,40000.0,11.8,4.55126,3.3659085455163646,3.8239345966489586
5313,4.0,625.0,654.0,18.8175,9.518773214191615,22,3,40000.0,85.96,9.514246,9.415062173465234,9.532200665200875
5314,0.0,0.0,241.0,0.0,,2,3,40000.0,1.6,0.9701205,1.0007622194163184,0.8663604571926244
5315,2.0,303.0,336.0,15.155000000000001,7.190841199346284,13,2,20000.0,44.46,7.1817613,7.518723235294064,7.3114700097392245
5317,0.0,0.0,144.0,0.0,,2,3,40000.0,10.89,1.8389152,1.7847632240174567,1.7586012608520072
5318,4.0,79.0,113.0,8.9,14.167531807062986,20,3,60000.0,44.4,14.186845,13.700296524520152,14.112806119487626
5320,0.0,0.0,164.0,0.0,,3,2,80000.0,6.26,1.4370716,1.7015064820324353,1.4143947104411785
5321,0.0,0.0,48.0,0.0,,4,1,120000.0,24.02,3.4080918,3.0668234276661535,2.996908942140896
5324,1.0,57.0,307.0,18.21,3.4867320901172585,8,2,,32.74,,,
5329,0.0,0.0,604.0,0.0,,3,1,40000.0,9.23,0.15544127,0.1568252190573999,0.20156346724148744
5331,0.0,0.0,395.0,0.0,,4,2,100000.0,10.09,0.4412025,0.3046246848640977,0.4575143284090899
5333,0.0,0.0,155.0,0.0,,5,2,80000.0,8.27,1.8218127,1.6931649033317366,1.6975817328021243
5335,1.0,130.0,476.0,6.97,1.221467236477584,7,5,20000.0,17.41,1.2132486,1.2307512346489784,1.148273427177064
5339,2.0,31.0,671.0,22.98,1.1298539106043164,16,2,100000.0,79.84,1.1401839,0.977922996691141,0.6978652522526838
5340,0.0,0.0,83.0,0.0,,4,2,60000.0,37.63,3.1319156,3.201265783132579,2.9678209243661002
5341,6.0,615.0,696.0,15.208333333333334,10.417594424974338,30,2,20000.0,102.95,10.389375,10.627846388898988,10.529558975292774
5342,1.0,3.0,194.0,22.1,5.352032642357642,10,0,20000.0,32.99,5.345258,4.767772278249414,5.2510640664555375
5343,2.0,238.0,306.0,13.145,6.597285598282285,13,4,40000.0,57.25,6.611597,6.45666906000016,7.066271890294632
5345,0.0,0.0,133.0,0.0,,5,0,20000.0,15.84,1.6710567,2.0838967629526666,1.7531965732563757
5346,4.0,589.0,631.0,9.190000000000001,4.992422555986911,17,2,100000.0,60.040000000000006,5.0042834,4.93972006747614,5.161603611299132
5347,0.0,0.0,631.0,0.0,,6,3,,26.33,,,
5348,10.0,276.0,338.0,13.155000000000001,24.615784085975665,48,3,20000.0,137.54,24.576567,23.66700404923967,24.2369981432029
5349,0.0,0.0,58.0,0.0,,4,1,60000.0,8.35,3.391396,3.0662856793576654,2.981818286765053
5350,1.0,95.0,265.0,13.4,3.5990829775110673,8,2,60000.0,14.6,3.4851794,3.4910000151409846,3.5235374582454764
5351,0.0,0.0,128.0,0.0,,3,5,40000.0,14.49,2.2249608,2.0851494317639223,1.8300757383790005
5353,2.0,208.0,662.0,16.785,3.000935416964913,16,3,40000.0,35.4,3.007018,2.833421357718594,3.1336902330881444
5355,0.0,0.0,455.0,0.0,,5,2,,11.42,,,
5358,6.0,661.0,705.0,12.923333333333334,8.91458391372813,28,1,,84.58,,,
5360,0.0,0.0,597.0,0.0,,5,2,40000.0,21.12,-0.056095734,0.15430968292778818,0.2218372048575512
5362,0.0,0.0,437.0,0.0,,5,2,40000.0,12.22,0.36839414,0.29636303432358474,0.45105937120448747
5363,0.0,0.0,300.0,0.0,,3,3,40000.0,7.48,0.6312732,0.671807123220858,0.6187034670500324
5365,0.0,0.0,419.0,0.0,,3,2,40000.0,2.56,0.4668163,0.3150655690909312,0.5054602171713727
5366,0.0,0.0,54.0,0.0,,2,2,40000.0,5.18,3.3436315,3.3659085455163646,2.9482456616853847
5368,1.0,338.0,420.0,4.84,1.5482391265612023,9,4,20000.0,19.27,1.46605,1.4904603521596982,1.5781809514831728
5374,11.0,466.0,574.0,10.173636363636364,13.813006007303226,49,3,40000.0,135.01,13.817103,14.379282922180673,14.023861974283179
5376,3.0,231.0,379.0,20.816666666666666,11.3131153852714,16,1,60000.0,75.5,11.330465,11.449806085575563,10.989092186918402
5379,5.0,626.0,698.0,9.852,5.879120814106033,25,1,60000.0,60.09,5.923173,5.975920899946073,5.896347826611635
5381,0.0,0.0,366.0,0.0,,5,3,120000.0,8.34,0.79022384,0.3663274278954627,0.5760681787112985
5387,2.0,368.0,615.0,17.38,4.627580792581812,13,1,40000.0,39.1,4.6402965,4.549840918159591,4.61667497126236
5388,2.0,398.0,712.0,6.445,1.7029418924124804,9,4,80000.0,28.22,1.7228074,1.74192666114082,1.5706634271917856
5389,0.0,0.0,698.0,0.0,,3,1,40000.0,11.0,0.084455855,0.12986838603072118,0.20136133282372803
5393,0.0,0.0,492.0,0.0,,5,0,60000.0,5.4,0.2523268,0.24182958671178115,0.23514593134367434
5394,0.0,0.0,457.0,0.0,,4,4,40000.0,6.34,0.38090515,0.2904523942085131,0.3415104482105784
5396,0.0,0.0,629.0,0.0,,4,3,20000.0,6.48,0.093345985,0.17516830792886706,0.16378205670734935
5397,0.0,0.0,667.0,0.0,,2,2,40000.0,6.16,0.098609276,0.16461410033413612,0.21515484831401732
5398,3.0,238.0,361.0,13.729999999999999,8.137800985533579,15,5,40000.0,49.78,8.172867,8.425407672393781,8.213413095837433
5400,0.0,0.0,637.0,0.0,,5,1,100000.0,13.65,0.049156263,0.1752792543272162,0.1641144462916282
5401,1.0,3.0,266.0,12.5,2.336830948084633,10,4,40000.0,40.2,2.3279648,2.3705409921094143,2.194147210693046
5405,4.0,270.0,682.0,16.220000000000002,4.460165973326551,22,1,80000.0,100.86,4.432894,4.492208173318212,4.489020521746249
5406,4.0,288.0,329.0,11.1675,9.67872947140496,19,4,40000.0,47.59,9.64105,9.70053866212173,9.265054865991626
5407,1.0,27.0,578.0,19.13,1.2002820743740408,9,4,60000.0,36.8,1.2343812,1.2918570766155755,0.9298515633756343
5409,1.0,1.0,174.0,19.79,5.365549502806642,11,2,120000.0,27.15,5.3838086,5.1115843323024,5.25935866049673
5410,5.0,467.0,661.0,14.795999999999998,8.374335791692552,25,2,40000.0,77.56,8.355408,8.233032173453406,8.042570033019672
5412,0.0,0.0,323.0,0.0,,4,1,40000.0,15.96,0.58776,0.6243641059830145,0.6722913725274484
5418,0.0,0.0,274.0,0.0,,5,3,20000.0,16.63,0.5553304,0.7147777231138782,0.6015808029809859
5419,7.0,583.0,629.0,12.402857142857142,10.78901121662352,31,1,80000.0,96.56,10.812774,10.972925785528831,10.882907874166563
5423,0.0,0.0,495.0,0.0,,2,4,20000.0,7.01,0.3368852,0.2780220145096887,0.2091260785885254
5424,1.0,23.0,232.0,19.26,4.359000821095777,9,4,40000.0,33.06,4.346435,4.466600808850635,4.451461463215249
5427,0.0,0.0,271.0,0.0,,5,3,100000.0,25.23,0.85835975,0.7046265363477028,0.5382575413083632
5428,0.0,0.0,310.0,0.0,,5,2,140000.0,21.52,0.66147035,0.6455075686000764,0.5766579633435995
5429,0.0,0.0,182.0,0.0,,4,3,100000.0,28.66,1.4357128,1.5170263156154948,1.2542578763434742
5430,2.0,233.0,320.0,9.585,4.808094429226346,10,4,20000.0,39.87,4.790018,4.5370293070660175,4.825959819639624
5431,0.0,0.0,624.0,0.0,,6,2,60000.0,6.51,0.037665434,0.17661735885061225,0.2044265855852716
5432,11.0,667.0,680.0,13.635454545454547,16.989573306721347,53,3,20000.0,163.1,16.9701,16.471950843890696,16.91402122475882
5433,3.0,511.0,655.0,7.743333333333333,3.1822354546315683,16,2,140000.0,26.419999999999998,3.171937,3.125913691594011,3.0773923229459825
5435,2.0,151.0,478.0,22.63,5.570893017623727,17,5,40000.0,67.38,5.580854,5.335019794313039,5.546448131803359
5436,0.0,0.0,219.0,0.0,,4,2,20000.0,16.26,0.8497077,1.0678072930859945,0.889336991350719
5438,0.0,0.0,474.0,0.0,,6,1,40000.0,21.7,0.35185072,0.2597248282007227,0.2799522669269523
5448,0.0,0.0,112.0,0.0,,5,5,80000.0,26.1,2.5963895,2.843356245131378,2.166746467764395
5449,0.0,0.0,115.0,0.0,,4,3,40000.0,8.02,2.1846783,2.415004644829032,2.002726807017936
5450,0.0,0.0,54.0,0.0,,5,4,60000.0,11.9,3.3979251,3.1868080462125628,2.9489782438979346
5452,5.0,563.0,684.0,12.166,7.148062853790616,23,2,100000.0,71.32,7.3122296,7.225406634665746,6.875014674247299
5453,0.0,0.0,177.0,0.0,,2,3,40000.0,11.57,1.454083,1.4511488641220107,1.300191309401888
5456,0.0,0.0,696.0,0.0,,3,2,140000.0,1.06,0.024845557,0.18067782873435642,0.20813899869379515
5457,1.0,18.0,167.0,21.33,6.434934915375235,8,3,40000.0,26.159999999999997,6.3686275,6.036714836313594,6.150522084162958
5461,0.0,0.0,515.0,0.0,,2,5,,3.24,,,
5462,0.0,0.0,679.0,0.0,,2,1,80000.0,7.0,0.07113475,0.16342879496347618,0.19112404620465728
5464,1.0,95.0,322.0,38.52,7.239849297466433,11,4,40000.0,79.91,7.221689,7.2251205301443315,7.28258918629706
5465,2.0,153.0,270.0,5.17,3.1398956610226687,11,1,40000.0,12.35,3.0947766,3.0170081121226295,3.0176441376653598
5466,12.0,257.0,342.0,17.103333333333335,35.27477445009996,67,4,40000.0,222.53,36.60518,36.55893836056603,37.337283406704756
5471,1.0,278.0,392.0,31.43,6.597403241347346,7,4,20000.0,33.25,6.5621457,6.3815444334468525,6.263658370375376
5473,0.0,0.0,292.0,0.0,,5,1,20000.0,21.6,0.38435277,0.6679645079187649,0.6289066345261549
5476,1.0,581.0,704.0,19.84,2.8893853460818706,11,4,60000.0,39.36,2.889501,3.0837637017080377,2.9733733592112404
5478,8.0,165.0,341.0,14.2575,12.660014173600512,40,3,40000.0,138.99,12.672836,13.714918543432054,13.28923919081593
5481,8.0,280.0,379.0,10.387500000000001,14.173590635062247,33,4,40000.0,97.01,14.188359,14.167450724135328,14.053593170431913
5486,0.0,0.0,286.0,0.0,,3,3,20000.0,9.29,0.5002341,0.6763676618610042,0.5917766344459503
5488,1.0,107.0,167.0,28.8,10.534362948559867,9,4,60000.0,44.56,10.578142,10.522609735243302,10.639121389905636
5489,1.0,287.0,483.0,8.15,1.7759214567242552,7,2,80000.0,22.5,1.7201438,1.7636620704057189,1.756161042137557
5493,1.0,129.0,238.0,27.64,7.877852150425818,6,3,80000.0,33.21,6.529962,6.939337505584365,7.635310974753153
5494,2.0,97.0,346.0,19.535,6.376812414967232,13,3,20000.0,50.49,6.3563347,6.318662237650617,6.620118266618193
5498,1.0,397.0,556.0,5.04,1.2310389782876374,9,0,120000.0,15.2,1.2600354,1.2354710564410267,1.256197318603042
5499,3.0,618.0,717.0,10.299999999999999,3.88540596501783,16,4,80000.0,45.66,3.8925023,3.932388406758439,3.815724107513989
5500,0.0,0.0,156.0,0.0,,4,1,20000.0,19.22,1.5820847,1.7170912529802405,1.7134486252180725
5501,4.0,250.0,618.0,23.79,7.442824471117971,25,4,40000.0,105.09,7.4069834,7.308962996666382,7.367421902042035
5502,0.0,0.0,554.0,0.0,,3,3,140000.0,9.04,0.21239303,0.1514692855999471,0.2753096068771468
5503,2.0,464.0,681.0,19.83,4.996507660078397,12,3,60000.0,44.989999999999995,4.745021,4.734774116148234,4.837279634531996
5508,0.0,0.0,335.0,0.0,,4,4,100000.0,18.79,0.44086733,0.6009963747167367,0.5595868219745652
5509,0.0,0.0,216.0,0.0,,4,5,140000.0,2.31,0.9509381,1.0532921144455556,0.827078687330598
5512,10.0,302.0,364.0,11.812000000000001,21.125900156289678,50,5,40000.0,126.75999999999999,21.123112,21.813228516284283,21.116169313765447
5514,0.0,0.0,420.0,0.0,,4,2,80000.0,10.27,0.44501984,0.3154657471874156,0.4863124584321934
5518,0.0,0.0,268.0,0.0,,5,5,20000.0,6.57,0.63639873,0.7754050891593444,0.5635356486410146
5519,0.0,0.0,106.0,0.0,,5,2,20000.0,2.23,2.4669662,2.2826146274782606,2.1913483232207795
5526,0.0,0.0,681.0,0.0,,5,4,40000.0,2.94,0.11069527,0.16816192529232726,0.19466107725447745
5528,3.0,611.0,686.0,7.81,3.175614417287079,14,2,20000.0,36.14,3.1728284,3.3080701403584682,3.0864821143193866
5530,1.0,81.0,156.0,11.76,5.004987197401093,7,4,40000.0,44.28,4.988858,4.888724517480451,5.135074320620955
5531,1.0,276.0,577.0,30.97,4.183582890180432,8,4,40000.0,47.42,4.193893,4.139864882939006,4.337049689200118
5532,2.0,616.0,629.0,6.609999999999999,2.24402268804404,12,0,120000.0,19.84,2.22588,2.169236425437759,2.1981061757295492
5533,2.0,645.0,693.0,10.375,2.98037219953222,12,1,20000.0,36.14,3.0049024,3.0035230029626465,2.9971375885690206
5535,0.0,0.0,451.0,0.0,,3,3,20000.0,12.1,0.3366654,0.30977634886355243,0.3977750921370582
5536,6.0,292.0,368.0,13.703333333333333,15.116437433474319,27,0,60000.0,85.97999999999999,15.111984,14.94918071394127,14.639687683442013
5537,4.0,343.0,563.0,10.475,5.400560208971166,22,0,40000.0,48.58,5.3996444,5.342098317124449,5.356190393540587
5538,0.0,0.0,56.0,0.0,,4,2,60000.0,17.47,3.2913737,3.0832696829113404,2.987996706051484
5539,0.0,0.0,662.0,0.0,,6,4,60000.0,10.04,0.098689124,0.16266293834804094,0.19644125017817515
5541,1.0,161.0,311.0,1.17,0.967343284802421,5,1,60000.0,19.5,1.2227678,1.1321515792098464,1.245774633732342
5542,10.0,604.0,654.0,15.487,17.98967605962105,47,2,40000.0,158.04,17.978365,17.631910447699227,17.39014056326067
5543,2.0,337.0,540.0,17.85,5.359483497921435,18,5,80000.0,49.81,5.239152,5.559600119374209,5.428163156397251
5545,0.0,0.0,555.0,0.0,,5,3,100000.0,7.38,0.24159604,0.15336686596729024,0.2774159507303562
5547,0.0,0.0,516.0,0.0,,4,2,20000.0,29.25,0.49638388,0.19022518576151567,0.25073969681475994
5548,0.0,0.0,632.0,0.0,,6,3,80000.0,14.96,0.037019715,0.18066836701362773,0.16212930703156925
5549,0.0,0.0,15.0,0.0,,1,3,40000.0,2.24,4.5487504,3.3659085455163646,3.8113705606713983
5553,2.0,304.0,698.0,12.57,2.687649852509229,12,3,40000.0,38.33,2.6562033,2.63444981298717,2.7390378883816764
5555,4.0,510.0,574.0,6.0825,3.694623716074031,17,4,20000.0,34.24,3.692477,3.589195309290916,3.8359024662174757
5556,1.0,1.0,618.0,13.57,0.6454127736540911,8,1,60000.0,21.34,0.65078545,0.6420619903966616,0.6383676708849588
5557,1.0,156.0,289.0,9.2,2.800918906289706,10,4,20000.0,27.9,2.94344,2.886184552369951,2.868902385940091
5558,3.0,132.0,245.0,3.0233333333333334,2.8773137997571876,16,3,20000.0,21.65,2.8832862,3.2723454258293985,3.256730523724074
5559,2.0,198.0,356.0,18.94,7.619185605594772,12,4,140000.0,51.56,7.705566,8.003999966199538,7.874921044167369
5560,0.0,0.0,256.0,0.0,,3,1,40000.0,25.94,0.84671056,0.900991318528171,0.6511007197997971
5566,0.0,0.0,325.0,0.0,,5,4,60000.0,11.0,0.58522975,0.6103263555003257,0.6390061587076454
5567,0.0,0.0,487.0,0.0,,4,2,60000.0,7.08,0.34256577,0.24811909645579155,0.2817656229952119
5568,4.0,531.0,675.0,10.29,5.053207636200946,20,2,40000.0,53.13,5.0336895,5.173978641007483,5.082305176986269
5571,0.0,0.0,75.0,0.0,,3,2,120000.0,10.44,2.8525357,2.1315531243178727,2.4438115720045346
5572,2.0,42.0,123.0,9.42,7.703293608644477,13,5,20000.0,35.760000000000005,7.663565,7.769352225049922,7.7210334109808185
5574,0.0,0.0,384.0,0.0,,2,3,40000.0,5.85,0.49789688,0.3584155164613652,0.46167958121009445
5576,0.0,0.0,103.0,0.0,,5,3,20000.0,22.23,2.452178,2.2884729915063193,2.2019589532797337
5577,1.0,202.0,311.0,28.73,7.054160621648234,8,1,140000.0,33.47,7.0105505,6.760833917800382,6.783029517152948
5578,2.0,129.0,208.0,6.6899999999999995,4.631537439907734,11,5,40000.0,52.900000000000006,4.621462,4.440262170945789,4.622744001069464
5580,2.0,365.0,486.0,11.52,4.1502786672923255,10,3,80000.0,31.44,4.1432605,4.1735352365646845,3.9782721098187923
5581,0.0,0.0,205.0,0.0,,4,1,80000.0,16.82,1.0474993,1.084611938121919,1.0094014413612573
5584,1.0,488.0,673.0,20.7,2.990128341403345,10,0,80000.0,49.769999999999996,3.020126,3.432296229723441,3.1679946023360075
5585,0.0,0.0,258.0,0.0,,2,0,100000.0,3.52,0.80246955,0.7330338803632123,0.6145222475837002
5587,0.0,0.0,488.0,0.0,,4,1,20000.0,7.94,0.3742328,0.264966161920395,0.28891525527313444
5588,1.0,138.0,228.0,19.91,6.241343832020622,8,2,40000.0,25.84,6.2685733,6.394189560036736,6.138140952254212
5589,1.0,194.0,266.0,8.58,3.0294642321936145,8,1,40000.0,17.65,2.9870367,2.9615894070045083,3.002739896680821
5590,7.0,685.0,724.0,9.485714285714286,7.46408631732512,38,5,120000.0,72.68,7.458729,7.2132203533053225,7.254535569720251
5592,11.0,459.0,522.0,10.296363636363637,15.630911256151009,54,1,20000.0,130.89,15.6292305,14.936167446763292,15.51358710786429
5593,0.0,0.0,211.0,0.0,,6,4,40000.0,8.58,1.0259078,1.060640481222291,0.9068330645651752
5594,4.0,166.0,306.0,8.74,7.160398883965868,17,1,20000.0,37.96,5.6640525,5.495808187263871,6.298733718725452
5596,0.0,0.0,384.0,0.0,,3,1,80000.0,12.37,0.46560195,0.3558718856515358,0.45731927201942657
5597,1.0,69.0,356.0,8.6,1.6942650673324204,10,2,120000.0,32.2,1.6930424,1.7366127193809893,1.697127550658637
5598,0.0,0.0,587.0,0.0,,5,4,40000.0,28.64,0.097390644,0.06808018383356669,0.23169607644331247
5602,1.0,89.0,284.0,9.07,2.4518644470118014,11,0,,23.66,,,
5605,7.0,335.0,360.0,7.312857142857143,10.013355538596333,31,4,20000.0,58.47,10.000468,9.951844154489565,9.922611168664819
5606,0.0,0.0,245.0,0.0,,5,0,140000.0,2.25,0.93904376,0.9448734478382048,0.8440519621052669
5608,1.0,333.0,420.0,3.14,1.2286084336714926,8,2,60000.0,11.72,1.171406,1.1907023515361093,1.3490999197654467
5610,3.0,531.0,560.0,13.146666666666668,6.026968942787051,21,4,120000.0,52.28,5.8905144,5.908984832089295,6.092531103043595
5611,0.0,0.0,354.0,0.0,,3,2,80000.0,11.78,0.53838044,0.3690541576598811,0.5549300147007727
5612,0.0,0.0,403.0,0.0,,4,2,60000.0,4.05,0.41741982,0.2978469469366638,0.4846705538413776
5614,0.0,0.0,532.0,0.0,,4,2,60000.0,16.22,0.25093955,0.15720661656173487,0.3026166126677632
5615,0.0,0.0,251.0,0.0,,5,1,40000.0,27.65,1.0216539,1.073175695153456,0.6175679702720656
5616,7.0,476.0,563.0,17.584285714285713,16.201539418528956,35,3,20000.0,135.57,16.203184,16.247723371814864,15.775185977647931
5617,1.0,27.0,332.0,12.32,1.9992512945376266,10,1,40000.0,28.88,2.3434143,2.3555744573234207,1.8949588185026371
5618,0.0,0.0,159.0,0.0,,4,3,80000.0,9.07,1.8397428,1.6904381735673182,1.6228904050509527
5623,1.0,433.0,565.0,10.63,2.0517215751889237,7,4,40000.0,23.270000000000003,2.0742903,2.2888902491111605,2.1377790734737543
5624,0.0,0.0,52.0,0.0,,6,4,40000.0,39.84,3.4013715,4.194093754265974,3.382181203787166
5625,0.0,0.0,634.0,0.0,,4,4,40000.0,11.84,0.12157847,0.18518441820058337,0.16888265400898383
5626,0.0,0.0,254.0,0.0,,5,4,60000.0,34.22,1.3750466,1.1367189884394606,0.7977557258156684
5627,0.0,0.0,140.0,0.0,,3,1,140000.0,10.17,1.9602315,1.7185725475917881,1.7164104258016764
5628,0.0,0.0,452.0,0.0,,3,3,40000.0,3.25,0.35952365,0.29636303432358474,0.3972557381697115
5630,0.0,0.0,464.0,0.0,,6,2,40000.0,17.28,0.35257903,0.29090368928765925,0.31970123003605355
5631,4.0,277.0,399.0,11.655,8.31779421102301,23,5,120000.0,51.78,8.324022,8.106874229853059,7.875244141653141
5633,0.0,0.0,287.0,0.0,,6,4,20000.0,5.47,0.5093349,0.6704570217459325,0.5775958447039571
5636,0.0,0.0,310.0,0.0,,2,0,20000.0,14.67,0.3616908,0.6362520626570768,0.633431856870506
5639,1.0,172.0,516.0,17.47,2.442031398832169,8,4,40000.0,25.2,2.2299235,2.402211720389101,2.3665528007347527
5642,8.0,280.0,317.0,15.1525,24.576191791915683,45,4,40000.0,126.75,24.571741,24.48434978294411,24.49988448169949
5643,2.0,132.0,182.0,20.92,13.789144537908484,11,4,40000.0,53.6,13.820324,13.90514908125863,13.430391801657848
5644,7.0,443.0,600.0,10.684285714285712,8.993918920851973,27,2,120000.0,82.47,8.5723095,9.1834280921695,9.112418209411965
5645,0.0,0.0,164.0,0.0,,4,4,80000.0,6.85,1.4420596,1.7156287198795637,1.3930867786538155
5647,2.0,245.0,697.0,10.125,1.9626899067121912,9,3,40000.0,35.76,1.9779993,2.0195180896020473,2.0355246798487956
5649,0.0,0.0,717.0,0.0,,4,3,20000.0,9.68,0.048923455,0.11057149884422031,0.1605132495994832
5650,0.0,0.0,615.0,0.0,,1,3,40000.0,1.68,0.1607205,0.1597690279637137,0.1861938774020686
5652,1.0,111.0,300.0,8.36,2.306646456547763,7,2,140000.0,25.22,2.3307996,2.377589199246484,2.260006201913148
5654,2.0,226.0,331.0,15.705,7.131935601541741,8,4,120000.0,39.089999999999996,7.136144,7.122477123126745,6.835278062828639
5655,0.0,0.0,179.0,0.0,,4,2,80000.0,10.7,1.2297343,1.449228072663841,1.2819270130345197
5656,0.0,0.0,462.0,0.0,,4,0,140000.0,15.48,0.27083778,0.29254844711168076,0.3181401451733432
5657,1.0,41.0,73.0,33.12,17.34577207958329,11,3,20000.0,36.03,17.340124,16.972665050775447,17.198920013755465
5659,1.0,27.0,367.0,31.02,3.7941174330665213,10,0,80000.0,35.86,3.7848754,3.5491357306458386,3.8833143655501314
5660,1.0,15.0,264.0,13.76,2.734720201084194,8,5,120000.0,38.06,2.6948488,2.6681363827289384,2.599538328492822
5663,0.0,0.0,155.0,0.0,,5,1,60000.0,21.84,1.7824974,1.7260048101757572,1.7201765033856082
5664,2.0,277.0,506.0,10.88,3.4907076147743825,17,4,60000.0,36.06,3.4673572,3.4784326449335663,3.4836461324630092
5665,4.0,363.0,370.0,12.842500000000001,10.30267493457186,20,4,80000.0,59.64,10.261772,10.44646899640919,10.218467613642702
5666,3.0,103.0,222.0,19.696666666666665,14.771366857476899,15,4,20000.0,62.98,13.90525,14.459963691438146,13.85730514376981
5667,0.0,0.0,333.0,0.0,,2,1,20000.0,5.06,0.56638783,0.6244704666166695,0.6050128480543995
5669,3.0,153.0,250.0,8.703333333333333,6.883539906701103,14,5,20000.0,47.230000000000004,6.8530045,6.700443624902949,7.008503862886169
5672,7.0,273.0,349.0,13.587142857142856,17.784488228084804,31,1,120000.0,101.66,17.79884,17.596424258388137,17.578034060703263
5673,0.0,0.0,342.0,0.0,,3,1,60000.0,7.26,0.6003363,0.6240135381385292,0.6175650792826355
5674,1.0,15.0,551.0,2.48,0.31599932901172306,8,3,60000.0,13.01,0.2914526,0.1690677866674557,0.3895863975408389
5676,0.0,0.0,95.0,0.0,,2,1,40000.0,4.09,2.7105625,2.3243988622689447,2.2480505056868267
5681,0.0,0.0,255.0,0.0,,6,1,100000.0,27.32,1.2964252,0.8375097385341163,0.6013514813794414
5682,3.0,308.0,608.0,22.743333333333336,7.619294441630389,21,2,40000.0,76.08,7.619419,7.728541414676233,7.6685514847674465
5685,1.0,40.0,605.0,26.8,1.620864473843159,10,2,100000.0,30.42,1.6392777,1.6620080420113517,1.7990032914841922
5686,5.0,547.0,699.0,8.174000000000001,4.768936435517395,18,3,80000.0,43.68,4.7613115,4.8821931889871575,4.569427206250647
5687,0.0,0.0,93.0,0.0,,5,4,60000.0,6.27,2.7866929,2.3315264607843633,2.2648050937737194
5690,1.0,328.0,401.0,9.72,2.5489752723597263,7,4,40000.0,24.21,2.514427,2.4571365851870204,2.429062764498399
5691,2.0,113.0,182.0,7.445,5.472719930378258,9,1,140000.0,19.16,5.46708,5.488215613431276,5.282735623495116
5693,0.0,0.0,190.0,0.0,,4,3,40000.0,22.44,0.96145916,1.451176420305907,1.0106876088189276
5694,0.0,0.0,538.0,0.0,,5,2,80000.0,13.97,0.22212978,0.16822518538108674,0.2582747162454879
5696,0.0,0.0,377.0,0.0,,4,1,80000.0,2.36,0.46706316,0.3661103487535673,0.518618138511914
5700,3.0,273.0,305.0,9.546666666666667,7.002322027898513,19,3,40000.0,36.21,7.0149193,6.712979665370206,6.786788607516218
5702,1.0,478.0,531.0,9.52,2.0749694078284313,5,3,140000.0,20.25,2.0251927,1.982713566641161,2.1019359454388065
5707,3.0,367.0,660.0,16.040000000000003,5.36647676854322,19,5,60000.0,56.47,5.3191614,5.016396062418601,5.343458001047661
5709,0.0,0.0,669.0,0.0,,3,3,20000.0,3.72,0.10648109,0.15814581502061087,0.21638958383183482
5711,0.0,0.0,251.0,0.0,,3,4,40000.0,2.07,1.0202487,0.9794724966697077,0.5838379911841587
5712,6.0,344.0,355.0,10.701666666666666,12.697150579209843,25,2,80000.0,65.74,10.623544,11.674899979488817,11.353111607556034
5714,0.0,0.0,147.0,0.0,,5,2,140000.0,14.2,1.7706181,1.7263768574448703,1.7332350722302987
5715,2.0,161.0,193.0,7.619999999999999,5.616839676393548,13,0,60000.0,40.08,5.6104546,5.535719352971682,5.8714495476597355
5716,1.0,149.0,217.0,8.93,3.5121048824998695,8,1,20000.0,32.230000000000004,3.1781633,3.6623337722586196,3.6529936814002966
5717,1.0,450.0,734.0,6.43,1.0761665939760194,5,0,40000.0,15.17,1.0828655,0.9735790353087799,0.9848174820693965
5718,0.0,0.0,20.0,0.0,,5,2,60000.0,9.88,4.5982294,3.1699375073915523,3.8754621161368115
5720,2.0,339.0,606.0,6.18,1.8966443646299256,6,5,40000.0,15.79,1.8828021,1.7994285592785153,1.8001098559133775
5722,0.0,0.0,174.0,0.0,,5,5,100000.0,12.67,1.3640894,1.4439672528915484,1.2511170273679957
5723,0.0,0.0,137.0,0.0,,4,3,80000.0,24.95,1.9993451,1.641868963006427,1.7315592009848828
5724,2.0,139.0,637.0,15.165,2.2107686186421787,15,4,80000.0,44.67,2.1972353,1.990077194569286,2.220801307680527
5726,1.0,249.0,527.0,9.53,1.704895147871989,7,1,40000.0,13.919999999999998,1.693113,1.8387726081840177,1.725986108318196
5727,1.0,33.0,145.0,12.1,4.800911626418953,6,2,20000.0,21.33,5.169017,4.919772164142495,5.022133067400981
5728,0.0,0.0,95.0,0.0,,4,1,,13.93,,,
5731,1.0,31.0,554.0,3.12,0.3898748218456427,9,3,60000.0,8.969999999999999,0.41447982,0.37992102345497675,0.38253881034835135
5733,2.0,315.0,669.0,17.28,3.867483318507973,11,2,20000.0,40.53,3.9549212,3.836759166371531,3.8739149239964994
5734,2.0,403.0,707.0,8.565,2.173478073224203,13,3,40000.0,23.53,2.2073224,2.2488603122771256,2.198091971994139
5735,0.0,0.0,508.0,0.0,,3,1,60000.0,1.86,0.2734644,0.24120296274651262,0.22491357655350885
5738,3.0,315.0,486.0,7.253333333333333,3.6331159802455915,15,1,20000.0,33.519999999999996,3.4566164,3.473811069805365,3.5092054185809984
5739,1.0,331.0,360.0,15.72,4.117366512304408,7,3,20000.0,25.21,4.09415,3.8718855759770876,4.202572416196622
5740,5.0,245.0,277.0,10.524000000000001,12.471043615183973,30,3,140000.0,61.23,12.475366,12.65184462188122,12.715088117616887
5742,5.0,388.0,508.0,17.098,12.320297113128648,21,4,80000.0,93.69999999999999,11.847072,10.835591471805657,11.766476830892824
5744,3.0,446.0,482.0,11.469999999999999,5.9592897262014874,15,0,20000.0,39.08,5.970347,6.113998262209002,5.614299572771721
5745,1.0,1.0,183.0,9.09,2.7631630730419583,8,3,60000.0,18.13,2.7704406,2.826220528690874,2.815299436917079
5746,3.0,164.0,331.0,12.700000000000001,7.392933037236157,22,4,80000.0,54.54,7.4060497,7.657669579043034,7.23785085120306
5748,1.0,89.0,582.0,9.54,0.9724810487264821,8,3,60000.0,15.7,0.95919263,0.8566379890139548,0.9648178843204631
5754,1.0,17.0,345.0,10.32,1.5615156031497968,4,2,40000.0,20.53,1.5257412,1.4041551347375107,1.5455167960001885
5755,1.0,33.0,206.0,10.47,3.1616359206111433,5,1,20000.0,28.97,3.3984604,3.2981129293365976,3.259554420881596
5757,5.0,201.0,351.0,18.65,15.838773782176471,24,1,40000.0,108.71,15.850315,15.689960051629225,15.83644374986465
5760,1.0,137.0,530.0,14.24,1.8164141442410582,8,5,40000.0,30.979999999999997,2.1079133,2.133485904335537,1.5733078883397429
5765,2.0,341.0,597.0,10.455,2.9786824931118825,12,2,40000.0,36.83,2.9544082,2.8551201544399527,2.9574217335755795
5766,6.0,300.0,391.0,7.738333333333333,8.338752159280512,29,5,80000.0,49.78,8.344738,7.865392621039901,8.10347590880681
5767,1.0,88.0,326.0,16.63,3.350482785451975,12,3,40000.0,57.230000000000004,5.485869,4.258040554733943,3.994371740285083
5768,0.0,0.0,36.0,0.0,,3,2,20000.0,31.51,4.7075477,3.9906457385339538,3.89409788630745
5769,0.0,0.0,69.0,0.0,,4,1,60000.0,3.65,2.8931577,2.2389565779941067,2.9232844567721408
5773,0.0,0.0,347.0,0.0,,2,4,40000.0,5.65,0.5789641,0.5129914295432789,0.6174706834159762
5774,0.0,0.0,502.0,0.0,,3,2,40000.0,30.06,0.5640603,0.23470624582774666,0.2323308091382934
5777,0.0,0.0,538.0,0.0,,3,1,60000.0,4.91,0.21469152,0.15850363854733904,0.27089802352061465
5778,0.0,0.0,318.0,0.0,,5,0,40000.0,9.29,0.5856998,0.6043195084404775,0.6797111276625181
5781,0.0,0.0,652.0,0.0,,4,2,40000.0,18.58,0.0375973,0.16653856972201853,0.1970588273293119
5782,2.0,242.0,631.0,17.41,3.6893103518830554,11,5,60000.0,78.67,3.690638,3.337488897225439,3.4119569524974116
5786,0.0,0.0,157.0,0.0,,6,4,20000.0,29.79,1.9519604,1.725663447268012,1.6629279316275367
5787,0.0,0.0,294.0,0.0,,3,4,40000.0,20.72,0.4624045,0.663741504961375,0.5809394381341981
5789,0.0,0.0,669.0,0.0,,4,0,80000.0,20.81,-0.17003012,0.1585960738928192,0.1946540526523055
5790,7.0,499.0,620.0,17.05142857142857,14.30776387259797,34,2,80000.0,127.65,14.326182,14.212664253553077,14.24336870967474
5791,1.0,39.0,371.0,5.04,0.9893577309906737,7,3,60000.0,30.009999999999998,1.0049869,0.8245281874946688,1.0968662738179997
5792,0.0,0.0,676.0,0.0,,5,5,80000.0,6.32,0.026156953,0.16994899173755548,0.1847310928781285
5799,1.0,490.0,550.0,5.19,1.3444004980212827,7,4,120000.0,6.78,1.3465291,1.35780499296259,1.3927449271373034
5801,0.0,0.0,732.0,0.0,,5,2,60000.0,3.42,-0.00079356343,0.1470481956284054,0.15289335220387112
5802,0.0,0.0,613.0,0.0,,3,3,60000.0,3.5,0.12629822,0.15474979357193364,0.18470379164377793
5803,0.0,0.0,248.0,0.0,,6,3,40000.0,6.99,0.9517446,0.9853831367847795,0.7038864357644519
5804,0.0,0.0,148.0,0.0,,2,2,40000.0,3.87,1.8136511,1.7489371376874463,1.7587102950904896
5805,0.0,0.0,475.0,0.0,,4,1,40000.0,7.2,0.43904513,0.26518417323664817,0.2743218354200838
5806,1.0,14.0,163.0,2.24,1.4977724445945855,7,2,80000.0,25.25,1.5046506,1.6977818983027402,1.6567342356832926
5809,3.0,378.0,555.0,11.943333333333333,5.1596892297166095,11,1,20000.0,52.17,5.079566,5.1888636975277524,5.074839969263124
5810,0.0,0.0,216.0,0.0,,5,2,40000.0,31.95,1.2065973,1.1813472070755664,0.9349630215721776
5813,3.0,335.0,563.0,15.196666666666667,6.052199064987741,19,4,40000.0,57.12,6.0546784,6.140715678259081,5.948501395335071
5814,0.0,0.0,661.0,0.0,,6,4,20000.0,23.76,-0.010662128,0.16632005523861534,0.19232061231505515
5819,0.0,0.0,585.0,0.0,,2,2,60000.0,5.98,0.15448366,0.15501739968035227,0.2104378706663388
5820,3.0,181.0,301.0,14.700000000000001,9.669035895434924,15,1,20000.0,50.29,9.609997,9.54607603823666,9.559187681506797
5821,0.0,0.0,566.0,0.0,,6,4,80000.0,21.51,0.14378169,0.15668646472775902,0.20143080660029966
5822,0.0,0.0,386.0,0.0,,1,5,80000.0,3.15,0.5759961,0.3490910873518399,0.4289933622797504
5823,0.0,0.0,235.0,0.0,,4,3,60000.0,4.56,0.97220963,1.040790398943746,0.8608200605522249
5824,0.0,0.0,639.0,0.0,,5,3,40000.0,11.16,0.1088681,0.17646455969787614,0.205115271249249
5826,2.0,518.0,566.0,17.085,5.436936593218351,16,4,20000.0,51.08,5.715314,5.445446826321224,5.525940956437663
5827,2.0,345.0,577.0,5.8,1.9282199024608353,10,3,40000.0,17.56,1.9284669,2.03336596561204,1.9632346348430367
5828,0.0,0.0,327.0,0.0,,2,1,20000.0,6.64,0.5521147,0.6323921105273483,0.6871018727666298
5829,0.0,0.0,32.0,0.0,,4,5,20000.0,15.55,4.533819,3.360335406915204,3.7904571495964015
5830,0.0,0.0,68.0,0.0,,2,4,100000.0,9.62,2.8882656,2.155106824858475,2.846162956781267
5831,3.0,655.0,702.0,13.793333333333331,5.232853280949826,17,3,40000.0,52.14,5.397077,5.466197466689619,5.448235993942033
5833,1.0,115.0,160.0,12.77,5.541710429668784,11,2,80000.0,20.71,5.536438,5.68956043170832,5.678977136607227
5834,3.0,504.0,607.0,8.04,3.5504525519121906,15,0,20000.0,35.76,3.5391252,3.505770206429671,3.547325222014342
5835,0.0,0.0,435.0,0.0,,5,2,20000.0,17.58,0.3486709,0.3043689631784777,0.49507879892070683
5838,0.0,0.0,240.0,0.0,,2,3,40000.0,5.05,0.8811814,1.0007622194163184,0.8663604571926244
5839,0.0,0.0,375.0,0.0,,3,5,120000.0,10.89,0.486576,0.3593295504538714,0.48179662667955103
5840,0.0,0.0,232.0,0.0,,3,2,40000.0,24.19,1.045418,1.0562565667348978,0.9079789424324876
5844,3.0,70.0,213.0,12.666666666666666,9.192680430607957,16,4,40000.0,48.3,9.214457,9.297738378417145,9.443543564039643
5847,4.0,394.0,652.0,14.535,6.420518338634634,16,5,20000.0,63.870000000000005,6.433484,6.428495638162842,6.197420073344341
5848,1.0,12.0,237.0,22.4,4.580110519167369,10,2,80000.0,38.55,4.6147895,4.800294921009254,4.738762248246859
5851,5.0,144.0,330.0,9.422,7.193986094403077,25,1,40000.0,64.92,7.2014327,6.942444703996322,7.139032216208218
5852,3.0,48.0,335.0,15.519999999999998,4.541089075575605,16,0,40000.0,60.019999999999996,4.578512,4.956191027150155,4.946209120293908
5855,2.0,23.0,602.0,18.79,1.125151539971881,11,2,60000.0,42.68,1.1346772,1.3125932392435211,1.3911729967500364
5857,1.0,449.0,628.0,9.46,1.689942976767521,8,4,120000.0,40.88,1.7643281,1.7056104629668414,1.4727030796783547
5858,1.0,378.0,474.0,13.06,2.793471374949841,8,0,40000.0,27.35,3.197161,2.772925364309792,2.7924411897451815
5859,0.0,0.0,330.0,0.0,,3,1,20000.0,8.06,0.56240433,0.6323921105273483,0.7596209979456203
5863,0.0,0.0,172.0,0.0,,2,3,40000.0,7.69,1.436807,1.4511488641220107,1.2989696891775226
5865,0.0,0.0,241.0,0.0,,3,1,20000.0,10.26,0.8264916,0.9990745822586365,0.8856864749497051
5867,0.0,0.0,584.0,0.0,,4,3,40000.0,6.61,0.19143587,0.16003663407213234,0.21626809464221797
5868,0.0,0.0,579.0,0.0,,5,2,100000.0,9.4,0.16136503,0.176279789809326,0.20708362548140258
5869,5.0,146.0,252.0,12.953999999999999,14.545816732740265,24,1,140000.0,75.00999999999999,14.557761,14.579351721593339,14.726811590490414
5871,1.0,79.0,140.0,13.05,5.839066766497132,6,2,40000.0,19.450000000000003,5.8424673,6.064419157166524,5.888586434003723
5872,3.0,284.0,352.0,37.56333333333333,22.528809145110166,20,4,80000.0,121.25,22.511356,22.183604329392914,22.349442227041624
5875,0.0,0.0,576.0,0.0,,4,2,20000.0,16.92,0.18927802,0.1680530009601469,0.23003654005454965
5876,1.0,10.0,331.0,35.73,4.486152056974246,7,1,20000.0,53.39,4.4937663,4.73639919579318,4.594263238664969
5877,10.0,418.0,564.0,12.391,14.579052076844569,49,3,20000.0,140.29,14.6483965,13.991930715175009,14.764735348100713
5881,2.0,170.0,322.0,11.695,5.271262583750962,14,4,80000.0,39.900000000000006,4.8730345,5.180299304973466,5.322572952891975
5882,1.0,82.0,484.0,9.14,1.2180872242232197,7,4,140000.0,26.02,1.2342361,1.1886201000905696,1.0795628762306757
5887,2.0,188.0,672.0,14.25,2.34975910647012,10,3,40000.0,33.12,2.4393232,2.393917678457375,2.564042997501332
5890,0.0,0.0,174.0,0.0,,5,3,40000.0,8.88,1.4330232,1.4511488641220107,1.2989696891775226
5891,0.0,0.0,185.0,0.0,,5,3,60000.0,25.66,1.3702128,1.6241308358372717,1.2198270123748918
5894,0.0,0.0,273.0,0.0,,4,4,20000.0,17.33,0.5442086,0.703407737962881,0.5847753002366893
5895,6.0,430.0,617.0,9.799999999999999,6.90532842235949,24,0,40000.0,62.8,6.9205523,7.048017552666681,6.689033890944883
5896,2.0,248.0,332.0,8.200000000000001,4.133058206166327,13,5,100000.0,36.12,4.1544647,4.100854668737791,4.045041279189735
5898,4.0,438.0,713.0,14.895,6.129248262890183,15,2,20000.0,71.72999999999999,6.133867,6.284452632933292,6.064532453982693
5899,1.0,228.0,684.0,31.47,3.1003682338058223,11,2,40000.0,62.09,2.50854,2.7913219189737934,3.2011115974773965
5900,1.0,103.0,244.0,25.4,6.7984155184073565,9,5,40000.0,37.43,6.777858,6.826261273168563,6.870471978282774
5902,0.0,0.0,412.0,0.0,,2,0,20000.0,6.02,0.34864625,0.3322966402031614,0.5318741667201143
5903,0.0,0.0,638.0,0.0,,3,1,120000.0,33.5,0.11870034,0.15274891422885195,0.39580486101808976
5905,1.0,469.0,488.0,10.96,2.4993777204313488,9,1,60000.0,21.310000000000002,2.4846504,2.483630463181594,2.4741590478529187
5906,0.0,0.0,668.0,0.0,,5,3,60000.0,16.0,0.04955387,0.15959486594235606,0.21658368917368342
5908,0.0,0.0,295.0,0.0,,6,2,20000.0,20.06,0.3347397,0.6743757827292663,0.6149373608514219
5909,5.0,235.0,373.0,14.819999999999999,12.707606501059832,28,1,40000.0,80.82,12.6403475,12.775965832157913,12.605758219415844
5910,0.0,0.0,633.0,0.0,,7,4,80000.0,7.2,0.07848279,0.1842161919718188,0.1479029978644304
5912,0.0,0.0,468.0,0.0,,5,1,80000.0,21.69,0.2353436,0.28836005847782986,0.3005495757196881
5913,1.0,219.0,274.0,7.74,2.8194486965310723,9,5,20000.0,13.79,2.7826235,2.7684072216480575,2.7730374925851318
5914,0.0,0.0,633.0,0.0,,3,2,40000.0,9.31,0.09039367,0.1816365932423923,0.17755814905949663
5916,0.0,0.0,48.0,0.0,,2,2,40000.0,1.76,3.48767,3.3659085455163646,3.015327217688596
5918,2.0,179.0,615.0,7.92,1.612997572033629,12,0,20000.0,29.869999999999997,1.623079,1.6684644044068195,1.637984538039606
5920,3.0,650.0,666.0,17.473333333333333,6.8546238000536,21,3,40000.0,66.93,6.845094,6.76567588836189,6.8229799080189055
5921,0.0,0.0,299.0,0.0,,4,3,40000.0,4.92,0.63353,0.671807123220858,0.6187034670500324
5923,0.0,0.0,452.0,0.0,,5,0,140000.0,6.68,0.26927876,0.29254844711168076,0.3949761083253467
5924,3.0,315.0,622.0,6.366666666666667,2.3519592927039428,15,5,40000.0,26.2,2.331947,2.2887576165169428,2.3333224884973145
5925,0.0,0.0,692.0,0.0,,5,3,40000.0,5.31,0.10686805,0.16884125099743938,0.20384514424759193
5926,1.0,3.0,319.0,3.42,0.7957148030610912,9,5,40000.0,11.56,0.7986069,0.7886558244803836,0.7941015223772814
5927,2.0,241.0,336.0,7.324999999999999,3.707848365746191,12,2,40000.0,23.33,3.73368,3.7884826813551307,3.5548252075877724
5929,0.0,0.0,632.0,0.0,,3,4,20000.0,12.64,0.12898555,0.17871613288705812,0.17085395536123826
5933,1.0,283.0,328.0,39.31,9.650168648177411,9,0,20000.0,48.81,9.648337,9.544049253009034,9.218419477992256
5935,1.0,479.0,624.0,13.61,2.291827624727614,7,1,140000.0,22.36,2.2643588,2.246568907698466,2.319318006321291
5938,0.0,0.0,192.0,0.0,,5,5,20000.0,18.63,0.8417508,1.4492756395404809,1.002693429314382
5941,0.0,0.0,600.0,0.0,,4,5,60000.0,22.15,0.0047679767,0.16548464942260954,0.20958972201981219
5942,1.0,46.0,604.0,16.76,1.1301429323193315,7,1,60000.0,22.28,1.1331846,1.184907429209636,1.2117781381152932
5944,12.0,649.0,694.0,13.483333333333333,17.795032854997466,58,2,40000.0,167.35999999999999,17.533758,17.079571120740656,15.870942190206296
5948,1.0,617.0,653.0,11.34,2.028441578443111,8,2,40000.0,21.22,2.0611408,2.1122984820600927,2.0402494616587656
5950,1.0,178.0,319.0,17.04,4.245892395645081,7,3,20000.0,36.7,4.2038727,4.499521992163486,4.511402157003378
5951,2.0,289.0,300.0,16.505000000000003,8.469829125416634,12,2,40000.0,56.18000000000001,8.494669,8.547506098616442,8.898705519996163
5952,2.0,208.0,335.0,21.07,9.046284688405454,13,2,20000.0,54.06,8.660779,9.300446160906082,8.756595382582475
5953,0.0,0.0,307.0,0.0,,4,3,120000.0,5.12,0.6873667,0.6501377642389268,0.6541223542949259
5954,3.0,612.0,685.0,8.293333333333333,3.352407822382614,15,2,40000.0,31.939999999999998,3.384077,3.2682580715230496,3.356595668665951
5956,3.0,246.0,358.0,8.03,5.110123411037056,12,4,40000.0,32.28,5.123508,5.265986230106434,4.86488403137616
5957,1.0,514.0,659.0,15.96,2.5033692767670317,6,4,20000.0,24.12,2.4937541,2.453201776993047,2.4859445030700518
5958,5.0,442.0,606.0,7.862,5.050433987335721,22,3,100000.0,42.33,5.017232,4.745966406830106,4.983354337976568
5959,1.0,34.0,209.0,22.93,5.916276047585522,7,3,20000.0,41.08,5.915225,5.528957397826716,5.937564767942543
5960,1.0,3.0,673.0,7.31,0.3534684649398196,8,3,60000.0,18.3,0.35078266,0.4059959369313135,0.414965903942381
5962,3.0,365.0,434.0,12.660000000000002,6.950074751603192,20,5,60000.0,61.83,6.8840065,6.670447942418135,7.393543566362042
5965,0.0,0.0,28.0,0.0,,5,3,60000.0,30.38,4.5717225,3.819547468023287,3.877210516224956
5967,0.0,0.0,368.0,0.0,,3,2,60000.0,6.82,0.6750201,0.3622764197324472,0.5996262759988689
5968,0.0,0.0,205.0,0.0,,3,0,20000.0,12.1,0.83081335,1.0532323397103198,1.0450965724389194
5970,1.0,187.0,299.0,14.85,4.094112100251074,8,4,40000.0,28.43,4.056078,4.2352899899792344,4.2901938699939715
5971,4.0,191.0,227.0,11.0825,12.1894459999416,24,2,40000.0,48.87,12.17516,12.37757287027725,12.13953502233332
5973,7.0,485.0,715.0,18.65857142857143,12.386859597688897,38,2,100000.0,161.74,12.394069,12.00847511963783,12.19580931760969
5974,1.0,10.0,294.0,42.24,6.140502752062796,7,4,40000.0,43.52,6.1401734,5.986753024669322,6.024219381192109
5975,2.0,148.0,189.0,6.125,4.7394618645471125,14,3,20000.0,18.37,4.8153806,4.70310572310355,4.905194052652341
5976,0.0,0.0,192.0,0.0,,3,5,100000.0,20.88,0.9212353,1.445166867061174,0.965783820863316
5977,1.0,78.0,116.0,14.28,7.0644231980378445,9,1,80000.0,22.11,7.052822,6.857165487139808,7.031522005638938
5978,0.0,0.0,427.0,0.0,,6,5,80000.0,10.2,0.4635924,0.3057411399814059,0.4740435910700658
5981,4.0,194.0,349.0,10.625,7.795223929508447,18,0,80000.0,50.9,7.861552,7.794014765780328,7.958979567309841
5982,1.0,160.0,393.0,2.93,1.0288998573618557,9,2,40000.0,6.91,1.0501591,0.905735420083486,0.9439612106417803
5984,5.0,489.0,697.0,19.188,10.234379023063097,29,1,140000.0,99.5,10.241114,10.353934240675953,10.463508911194925
5985,4.0,325.0,332.0,15.275,13.085990535962797,28,4,140000.0,93.74,13.077711,13.349088845468744,13.658763253226526
5986,0.0,0.0,329.0,0.0,,5,4,80000.0,10.55,0.5717557,0.6143773636633411,0.637010866109093
5989,2.0,171.0,377.0,18.8,6.7938344109509,15,2,120000.0,54.34,6.912154,6.852679319758314,7.007950884654304
5990,0.0,0.0,580.0,0.0,,4,4,40000.0,4.59,0.23097415,0.18860565475961724,0.20399375771220551
5991,4.0,628.0,709.0,10.875,5.24842950526911,16,1,60000.0,60.96,5.245415,5.341963597194094,5.383428424927521
5992,0.0,0.0,489.0,0.0,,4,3,40000.0,8.05,0.3898225,0.25449665628674106,0.28909708846753546
5994,0.0,0.0,73.0,0.0,,3,1,20000.0,6.54,2.887666,2.454809215972412,2.9191702931655175
5999,1.0,34.0,455.0,5.7,0.7648842077902474,5,2,40000.0,15.3,0.8497485,0.8256949981665027,0.8217031305165348
6001,9.0,538.0,692.0,10.273333333333333,9.761996803290447,40,2,100000.0,96.44,9.754756,9.983257252760911,9.733370799757477
6002,0.0,0.0,200.0,0.0,,5,3,140000.0,14.36,1.0423731,1.1836694348420196,0.9949364968625707
6003,5.0,391.0,626.0,17.308,9.480747334160188,22,0,20000.0,91.08,9.417419,9.291385860396838,9.404410205698337
6004,2.0,101.0,201.0,11.09,6.939764834421027,10,4,80000.0,45.989999999999995,6.926667,6.661591518454225,7.104171482966153
6006,0.0,0.0,342.0,0.0,,4,5,40000.0,20.64,0.54669976,0.6350718497511179,0.6026180672720258
6008,0.0,0.0,93.0,0.0,,6,3,80000.0,15.03,2.703787,2.2012410004038707,2.2712848189725516
6009,2.0,122.0,251.0,10.75,5.768494282828457,9,2,80000.0,31.990000000000002,5.8062105,5.769209822656538,5.3590341433092625
6010,3.0,208.0,327.0,21.06,12.939797805800236,19,1,60000.0,72.62,12.8778305,12.784780150365973,12.709237372406406
6012,2.0,160.0,522.0,20.195,4.505772613470483,14,3,,58.53,,,
6013,0.0,0.0,212.0,0.0,,3,1,20000.0,5.63,0.9195313,1.0648634841796807,0.950162120085178
6014,1.0,2.0,512.0,19.26,1.2265752510210608,10,1,60000.0,65.22,1.2249166,1.1725166734230124,1.0475263467015985
6018,1.0,104.0,332.0,6.96,1.7859267030359058,6,3,40000.0,10.46,1.798441,2.026670496615758,1.697105842197197
6019,0.0,0.0,147.0,0.0,,4,1,,15.9,,,
6021,4.0,311.0,722.0,10.3425,3.0781339876359874,22,4,60000.0,49.72,3.0647488,3.016863497290648,3.104268226440857
6024,0.0,0.0,591.0,0.0,,4,2,20000.0,12.31,0.14588493,0.15330074265018845,0.22954496580883887
6025,0.0,0.0,280.0,0.0,,4,1,40000.0,9.92,0.7119683,0.7025257074280447,0.6067408875764952
6027,1.0,152.0,296.0,28.44,6.829106112838325,9,1,60000.0,38.28,6.804789,7.015272123670971,6.817493693152535
6030,1.0,51.0,142.0,5.8,3.061150053977479,8,2,40000.0,9.36,3.0404246,2.7847528255657417,3.0771337396155065
6032,2.0,204.0,298.0,12.45,6.253838086750213,11,3,80000.0,42.09,6.278357,6.328397119694976,6.460309583172581
6033,4.0,179.0,270.0,20.7575,18.837043598392476,23,3,140000.0,109.02000000000001,18.87314,18.63648956302842,19.216590925975936
6034,8.0,218.0,299.0,10.838750000000001,17.50843706791527,32,3,40000.0,90.79,17.502415,17.57674842320289,17.242468918431655
6038,0.0,0.0,530.0,0.0,,3,3,40000.0,17.64,0.30207375,0.1581248313567589,0.30013487435045505
6041,0.0,0.0,99.0,0.0,,3,2,20000.0,13.45,2.4657006,2.355759948307368,2.1913483232207795
6042,0.0,0.0,127.0,0.0,,6,4,40000.0,18.16,2.1208124,2.1389993675573358,1.8393592879623357
6044,1.0,167.0,320.0,10.75,2.8879699542127657,8,5,80000.0,20.189999999999998,2.882854,2.736221617183083,2.8456292027205228
6047,9.0,523.0,567.0,12.241111111111111,14.556177267756924,42,3,20000.0,120.78999999999999,14.513205,14.525840623691009,14.570008241585095
6048,2.0,167.0,262.0,14.43,7.674614234877595,14,5,80000.0,76.44,7.67242,7.908288266732472,7.83555644175757
6051,1.0,49.0,650.0,6.91,0.5195548126338428,11,3,40000.0,13.469999999999999,0.46272925,0.6484310086810859,0.5859150669613689
6052,0.0,0.0,113.0,0.0,,4,4,140000.0,12.14,2.6197004,2.3750637283851472,2.1237745797437437
6055,0.0,0.0,287.0,0.0,,4,0,60000.0,13.83,0.5823909,0.6297216436057078,0.5985437803745253
6056,0.0,0.0,538.0,0.0,,4,2,80000.0,4.38,0.23151334,0.16822518538108674,0.2582747162454879
6057,0.0,0.0,605.0,0.0,,4,4,60000.0,8.39,0.17535593,0.163008185230536,0.1877711768629977
6061,2.0,283.0,554.0,5.6899999999999995,1.855716666582018,11,1,40000.0,12.98,1.8362377,1.9771697593175717,1.8596342461212387
6065,0.0,0.0,378.0,0.0,,4,1,40000.0,10.71,0.486135,0.3657101706570829,0.5435094164273719
6066,0.0,0.0,73.0,0.0,,4,2,60000.0,23.32,2.8184958,2.250006111893966,2.9320269341162977
6069,0.0,0.0,158.0,0.0,,5,4,60000.0,33.26,1.9774307,1.8198016101732473,1.7900686639610663
6071,0.0,0.0,221.0,0.0,,5,0,60000.0,19.01,0.91619426,1.0207211641865521,0.8826517806261593
6072,0.0,0.0,507.0,0.0,,4,2,40000.0,21.8,0.21646619,0.24506498644785046,0.23090674517588372
6074,2.0,357.0,480.0,3.29,1.589786698649534,6,1,40000.0,7.52,1.5870402,1.5603297809805046,1.6374066512777317
6075,6.0,228.0,318.0,10.395,12.527973873473474,22,3,80000.0,73.1,12.497098,11.976095403819697,12.256719077795813
6076,2.0,59.0,246.0,11.93,5.39916453609158,12,2,40000.0,51.46,5.489824,5.547701865258799,5.433844502029022
6077,0.0,0.0,572.0,0.0,,6,4,40000.0,9.94,0.23690778,0.18860565475961724,0.2114590332903381
6079,5.0,512.0,710.0,8.67,4.810700700287741,22,3,80000.0,48.339999999999996,4.816908,4.748936941081353,4.819458104996796
6080,2.0,118.0,255.0,8.82,4.769026893767545,13,3,20000.0,28.560000000000002,4.752859,4.9390241750408945,4.689077258281959
6081,4.0,209.0,338.0,19.65,14.877574284874761,23,4,40000.0,86.42,14.839195,14.568692655918223,14.192707314062778
6082,1.0,150.0,369.0,22.21,4.327424294281746,9,4,20000.0,33.67,4.2580295,4.4768740401524365,4.672145034795139
6083,1.0,638.0,699.0,13.69,2.201833960245614,7,3,,42.589999999999996,,,
6084,1.0,23.0,400.0,14.97,1.7467847813133452,7,1,40000.0,33.480000000000004,1.769895,1.6566508479671387,1.6764545256903016
6086,0.0,0.0,46.0,0.0,,3,4,40000.0,7.02,3.501156,3.382779084337375,2.949855630232587
6087,3.0,577.0,654.0,11.256666666666666,4.562184444366945,16,4,40000.0,41.510000000000005,4.5557823,4.552639013681335,4.5650289649109315
6092,0.0,0.0,454.0,0.0,,2,1,40000.0,15.7,0.33423096,0.29341922541727095,0.42666385704944076
6093,1.0,195.0,206.0,3.78,2.2565369162336104,6,3,20000.0,5.06,2.2579288,2.2920302528323258,2.5169489684103175
6094,0.0,0.0,283.0,0.0,,2,1,40000.0,9.8,0.6941528,0.6805589710019078,0.6055469318552058
6095,0.0,0.0,264.0,0.0,,6,2,80000.0,10.3,0.7918269,0.7673528075959457,0.5357937078856319
6096,1.0,215.0,239.0,11.55,4.220489820175218,6,2,40000.0,18.53,3.622308,4.323148903179794,4.19556516650313
6097,0.0,0.0,61.0,0.0,,3,2,80000.0,3.82,3.4189115,2.952870757798183,2.9421892324094894
6098,0.0,0.0,220.0,0.0,,5,1,40000.0,15.12,1.0066497,1.0636073124310486,0.8702660576704666
6099,0.0,0.0,143.0,0.0,,3,3,100000.0,11.52,1.8257326,1.7379866800711523,1.7511792368890342
6100,5.0,251.0,311.0,9.524,10.347649762495585,24,4,40000.0,57.65,10.269202,10.362005404496637,10.117549768372248
6101,0.0,0.0,93.0,0.0,,3,3,40000.0,7.18,2.7234411,2.511985285527335,2.255947594781854
6105,6.0,528.0,558.0,12.626666666666667,10.552131000874141,28,0,40000.0,83.56,9.110659,9.912188917852388,10.28805671448228
6106,1.0,426.0,655.0,5.48,1.0961806768734814,9,4,20000.0,32.19,1.2716035,1.3128988160161852,1.100119433919322
6107,2.0,355.0,564.0,13.31,3.984053529124872,11,5,60000.0,38.07,4.0182037,3.9570407900801574,3.975845387484817
6111,3.0,263.0,363.0,7.016666666666667,4.557662800049463,17,4,60000.0,35.43,4.586499,4.551260856504789,4.79998644145131
6113,12.0,664.0,670.0,10.5525,14.552368452390784,57,0,140000.0,135.98,14.549542,14.187333397492056,14.291496776208188
6114,6.0,587.0,642.0,8.673333333333334,6.570592570988247,27,2,40000.0,58.86,6.568092,6.321388140235992,6.312233728329753
6120,1.0,78.0,95.0,8.8,5.4654202366557385,7,0,60000.0,28.720000000000002,5.485176,5.345049830950472,5.415629225406616
6123,2.0,385.0,429.0,18.314999999999998,7.1476293112769085,15,1,40000.0,44.980000000000004,7.172376,7.117689005403284,7.197117080392692
6126,1.0,36.0,88.0,5.76,3.9660013657222493,9,3,60000.0,40.36,3.9467244,3.938029012664487,3.74256299543378
6127,0.0,0.0,101.0,0.0,,4,2,80000.0,16.69,2.598856,2.2444943755805986,2.1905000759524036
6129,1.0,399.0,528.0,5.92,1.4392687168371758,8,0,60000.0,26.78,1.4683214,1.4242086247997425,1.4788180527102304
6130,0.0,0.0,44.0,0.0,,3,2,20000.0,3.14,3.468498,3.3857901453698576,3.0574571146511147
6132,1.0,67.0,240.0,9.12,2.755150671136027,8,0,40000.0,19.1,2.7694805,2.9075146467036728,2.9157227239201684
6133,0.0,0.0,643.0,0.0,,3,2,60000.0,22.78,-0.017571438,0.1787330752980281,0.1884301612960213
6134,0.0,0.0,74.0,0.0,,6,2,120000.0,29.27,2.989003,2.7072270608868125,2.964616876158718
6135,0.0,0.0,85.0,0.0,,6,3,40000.0,30.89,2.7627065,2.8681386677516962,2.597984357375707
6136,0.0,0.0,646.0,0.0,,6,3,80000.0,6.98,0.0760719,0.17102968852917946,0.19207789585517254
6138,4.0,560.0,661.0,9.5025,4.867786434155571,20,5,80000.0,62.37,4.8562217,4.888551131315257,4.994465953575177
6141,0.0,0.0,226.0,0.0,,3,3,40000.0,4.59,0.9914491,1.0740571428294263,0.8836637699745573
6142,0.0,0.0,334.0,0.0,,3,3,80000.0,9.92,0.5515822,0.6123663598677339,0.5752537384040473
6145,2.0,331.0,619.0,14.489999999999998,3.7445303694230914,10,5,80000.0,34.42,3.6728146,3.5302982897453754,3.793833257019347
6148,0.0,0.0,679.0,0.0,,4,2,100000.0,5.63,0.07348255,0.16637260386978997,0.1873881456118367
6151,5.0,133.0,167.0,15.139999999999997,23.528281759037807,21,0,40000.0,97.22999999999999,23.52555,22.934723567088565,23.36194417157827
6152,2.0,15.0,156.0,21.655,12.133925561765578,13,0,60000.0,55.84,12.10833,12.335009767514041,12.181189822938332
6153,3.0,615.0,615.0,7.923333333333333,3.578939104995371,14,4,60000.0,27.93,3.4853601,3.4999484351427106,3.542984847459602
6155,0.0,0.0,523.0,0.0,,4,3,40000.0,7.81,0.27765778,0.2505243314837759,0.26715074639531
6157,0.0,0.0,347.0,0.0,,3,2,140000.0,2.85,0.5259826,0.5127113079445103,0.6111466305019482
6159,0.0,0.0,125.0,0.0,,4,1,20000.0,6.94,2.1063094,2.0949962246997424,1.874468810208139
6161,5.0,676.0,735.0,12.053999999999998,6.838108863695133,29,1,20000.0,77.92,6.8456635,6.883770596827233,7.102664479188957
6162,5.0,512.0,643.0,13.512,8.232321382930765,22,4,40000.0,100.96000000000001,8.253299,8.383680701586213,8.554407508730646
6163,1.0,248.0,620.0,23.14,2.8174650105132844,9,2,60000.0,32.13,2.7198212,2.9198767282565337,2.9504598873101435
6167,0.0,0.0,122.0,0.0,,3,0,100000.0,29.55,2.471729,2.268905876067702,1.911384995252841
6168,5.0,417.0,494.0,6.884,5.511000750566735,25,4,100000.0,84.59,5.509839,5.786152406224722,5.752498037131272
6169,2.0,398.0,489.0,15.125,5.34392104495393,15,2,20000.0,71.07,5.372292,5.374271833673428,5.506948667709938
6171,0.0,0.0,280.0,0.0,,4,4,40000.0,3.32,0.73324174,0.6995588762192867,0.5751901891113622
6172,1.0,229.0,653.0,4.18,0.7307181935619997,10,3,60000.0,12.81,0.7151881,0.819932843200616,0.6513504804271415
6174,1.0,172.0,394.0,22.15,4.179700089748442,8,0,20000.0,34.06,4.196461,4.216437298235381,4.089084433397524
6175,0.0,0.0,100.0,0.0,,2,5,40000.0,11.86,2.5808203,2.2938521321830616,2.1406412496424156
6180,1.0,11.0,681.0,21.58,0.8615557067977104,10,5,40000.0,31.08,0.85044986,0.9192758755661095,0.8617860380528573
6181,1.0,154.0,224.0,6.89,2.8789583397338285,9,4,40000.0,34.19,2.845869,2.7476714828070916,2.84877046587689
6182,2.0,548.0,639.0,6.215,2.060970787558792,12,5,40000.0,18.87,1.8498223,1.9562073034761833,1.9439050462868703
6184,0.0,0.0,615.0,0.0,,5,2,120000.0,11.66,0.08591823,0.16152753149936755,0.14862800340654303
6186,0.0,0.0,584.0,0.0,,3,4,60000.0,1.38,0.20009783,0.16327579133895465,0.1969961484592453
6187,4.0,193.0,239.0,10.7425,11.401347755201808,14,3,60000.0,51.67,11.379025,11.224061924772972,11.22377971257697
6190,0.0,0.0,642.0,0.0,,4,2,20000.0,14.72,0.09595311,0.1655296294444188,0.20769527993232462
6193,5.0,245.0,345.0,21.5,20.20251878211689,30,5,100000.0,123.44,22.880726,21.713795016056114,21.95939480034844
6194,1.0,3.0,587.0,22.27,1.0932875317811834,7,5,20000.0,31.35,1.0933361,1.134600607919503,1.1442040314305988
6196,0.0,0.0,96.0,0.0,,5,4,80000.0,16.07,2.7430089,2.223867559849446,2.2584687855656975
6203,1.0,265.0,298.0,9.32,3.1093495450497195,9,2,80000.0,24.98,3.0730743,3.025881394013935,3.1001878742332627
6204,3.0,679.0,701.0,13.65,5.218829132366336,16,5,120000.0,46.68,5.213821,5.158260601987856,5.087557687707308
6205,0.0,0.0,146.0,0.0,,5,4,20000.0,31.97,1.8116624,1.696103253933403,1.831068053986967
6207,0.0,0.0,730.0,0.0,,5,1,40000.0,13.16,0.040896058,0.1738789114545039,0.1579767316902254
6208,2.0,83.0,434.0,16.82,3.662091654396058,12,1,20000.0,38.75,3.162388,3.493605850656076,3.9843392004986837
6209,1.0,41.0,320.0,16.22,2.808950859323074,8,3,20000.0,40.989999999999995,2.8001096,2.699000599570305,2.8601180341159953
6214,1.0,19.0,476.0,10.26,0.9621954466091613,8,4,100000.0,18.04,0.9473036,0.879185318727626,0.969646635804593
6216,0.0,0.0,207.0,0.0,,2,3,80000.0,7.71,1.0978253,1.073728591925646,0.993972330449675
6217,0.0,0.0,99.0,0.0,,6,2,60000.0,35.1,2.6834595,2.572756083259994,2.3727500638864516
6218,0.0,0.0,496.0,0.0,,4,0,100000.0,28.96,0.5541519,0.17265636726744651,0.2560553902120537
6219,0.0,0.0,243.0,0.0,,6,3,40000.0,9.65,0.9479678,1.0007622194163184,0.8535753654597213
6220,0.0,0.0,90.0,0.0,,3,1,80000.0,9.2,2.765953,2.188546370801031,2.2623862020966516
6222,2.0,66.0,171.0,19.92,12.432951471981497,11,1,100000.0,49.8,12.431171,12.905915047016535,12.119795919549734
6223,0.0,0.0,271.0,0.0,,2,2,60000.0,3.5,0.7780532,0.760575069668512,0.5603721077972441
6224,0.0,0.0,220.0,0.0,,3,1,20000.0,9.58,0.9134907,1.0648634841796807,0.8823202267077113
6227,7.0,284.0,346.0,13.035714285714286,17.425835649025387,35,3,60000.0,93.47,17.357714,16.99724110278841,16.89357652880903
6228,0.0,0.0,152.0,0.0,,4,3,20000.0,15.71,1.6765375,1.745072320947947,1.716890843750134
6230,1.0,203.0,258.0,19.28,5.920826234100773,8,4,120000.0,23.310000000000002,5.9170213,5.600169053475446,5.982132232835331
6232,0.0,0.0,193.0,0.0,,5,1,120000.0,9.86,1.0773453,1.1853499360674675,0.9814358159790117
6233,0.0,0.0,699.0,0.0,,6,3,20000.0,11.26,0.060674645,0.12755905304141932,0.20389785073298494
6236,0.0,0.0,575.0,0.0,,3,1,80000.0,10.46,0.15702723,0.1733359809030122,0.2169397922890539
6237,0.0,0.0,123.0,0.0,,5,3,20000.0,6.6,2.1277316,2.1076908543025823,1.8816195062887386
6239,0.0,0.0,327.0,0.0,,5,1,40000.0,18.6,0.4769854,0.618904760947089,0.6766482850040054
6240,4.0,213.0,334.0,10.08,8.097760750617478,18,4,40000.0,66.32,8.225611,8.544159492967161,8.148063947259493
6245,0.0,0.0,35.0,0.0,,6,3,60000.0,21.16,4.4045353,3.1869215109452274,3.8737684864532858
6248,0.0,0.0,509.0,0.0,,6,3,20000.0,21.11,0.23252217,0.25847830098781815,0.24137343196157435
6251,1.0,316.0,319.0,19.95,5.5502515122692175,10,4,60000.0,28.77,5.524164,5.411499043537216,5.417146516239484
6253,1.0,212.0,729.0,23.9,2.1309546562810633,9,4,40000.0,39.5,2.151712,2.388295087434905,2.167646407832157
6254,2.0,471.0,642.0,10.74,3.103337645807737,16,3,80000.0,50.1,2.7028913,3.2180655192250414,2.983539972134721
6256,0.0,0.0,406.0,0.0,,5,1,40000.0,26.1,0.5544012,0.30072865351318867,0.5016974668819243
6259,2.0,21.0,263.0,14.85,4.821555806175736,13,5,20000.0,50.65,4.8115244,4.51721433808444,4.625856548955666
6260,1.0,1.0,299.0,29.33,4.060056749795429,10,4,140000.0,72.11,4.061514,4.061219811370703,4.4551842661374295
6261,0.0,0.0,509.0,0.0,,5,5,60000.0,31.9,0.6261888,0.25728245593587745,0.2324040081099641
6262,2.0,272.0,547.0,18.655,5.086514241940078,13,4,120000.0,43.19,5.0675745,5.019494921797198,4.969023070403926
6263,0.0,0.0,332.0,0.0,,6,0,100000.0,12.66,0.49997738,0.603586152893807,0.5859733810273466
6265,2.0,437.0,650.0,11.735,3.234798420099801,14,2,20000.0,45.980000000000004,3.228827,3.217510456494212,3.336815523494018
6266,0.0,0.0,607.0,0.0,,4,1,40000.0,25.75,0.061057188,0.103300766536548,0.1855355846884592
6271,0.0,0.0,416.0,0.0,,4,0,140000.0,12.77,0.37939253,0.3070797554791168,0.5135262776383733
6272,1.0,20.0,211.0,10.25,2.8738096909013646,5,0,120000.0,15.629999999999999,3.0367546,2.7582020022596145,2.84866841283224
6273,0.0,0.0,699.0,0.0,,11,2,60000.0,37.62,0.025689228,0.08890085157552306,0.2454944157228045
6274,0.0,0.0,83.0,0.0,,4,1,40000.0,18.31,2.6289673,2.5051490199525537,2.463558215258546
6283,0.0,0.0,32.0,0.0,,6,4,20000.0,26.28,4.350672,4.288434037404574,3.781595692806391
6284,1.0,197.0,538.0,8.72,1.4217511971757748,11,5,20000.0,17.29,1.4357522,1.3630801118280134,1.501426815138256
6287,0.0,0.0,371.0,0.0,,4,3,40000.0,11.48,0.49579826,0.3686539795633967,0.5457817260067115
6288,6.0,578.0,617.0,20.328333333333333,15.389376352009846,29,1,20000.0,133.96,15.376958,15.547913203118174,15.120841746525032
6289,3.0,257.0,286.0,4.446666666666666,3.8344411782675363,14,1,60000.0,20.07,3.8564212,3.86122689493497,3.8663319791384545
6291,5.0,467.0,659.0,8.124,4.788746288966678,21,0,40000.0,60.92,4.837265,4.813182172881864,4.883059786065619
6297,0.0,0.0,126.0,0.0,,2,2,40000.0,5.28,2.2176719,2.1063025291464657,1.8590786278068423
6299,2.0,576.0,615.0,18.84,5.583454244382036,14,5,60000.0,50.11,5.562945,5.634632431019255,5.7021741964263235
6301,2.0,650.0,684.0,11.26,3.24412105083053,13,1,120000.0,25.8,3.2591536,3.1340414769605505,3.203573769820023
6304,3.0,364.0,616.0,13.799999999999999,5.109521064943068,13,1,,44.94,,,
6305,2.0,12.0,282.0,7.855,2.3184574783391647,11,0,120000.0,30.96,2.3068707,2.372024978047717,2.3339899196397624
6306,1.0,402.0,513.0,20.5,3.786304348812742,7,2,40000.0,42.55,3.7150195,3.6004728459198803,3.9417144246370492
6307,7.0,650.0,659.0,15.935714285714285,13.35051580022272,43,4,20000.0,135.39,13.365145,14.070435333958292,13.559959931705404
6309,2.0,86.0,576.0,12.09,1.6010015079128919,8,3,20000.0,35.15,1.6218433,1.3827389146869347,1.809976203810515
6311,3.0,183.0,291.0,13.549999999999999,9.293908045377686,17,2,80000.0,50.7,9.288475,9.18839492030442,9.627906051337586
6313,6.0,437.0,611.0,11.456666666666665,8.196985218907441,28,0,80000.0,71.64,8.196484,8.084480536035128,8.151619428748475
6315,0.0,0.0,301.0,0.0,,4,5,40000.0,7.68,0.64052236,0.6743100516891275,0.6103210715529848
6317,0.0,0.0,348.0,0.0,,5,4,80000.0,9.77,0.5129094,0.42394089848094624,0.5910422786673495
6318,0.0,0.0,267.0,0.0,,4,1,60000.0,16.56,0.7496035,0.7576312607621982,0.5676248558937074
6319,1.0,28.0,686.0,5.93,0.36785591464402934,7,0,120000.0,8.01,0.36257595,0.424427549407194,0.4688433753696435
6320,0.0,0.0,467.0,0.0,,3,2,20000.0,11.49,0.33017206,0.30977634886355243,0.3132395655150271
6321,0.0,0.0,484.0,0.0,,3,5,40000.0,6.38,0.449006,0.27024739472638937,0.23928048063110996
6324,5.0,574.0,669.0,12.138,7.339829307681482,26,3,40000.0,83.06,7.336306,7.488253479653493,7.355331820235685
6328,0.0,0.0,44.0,0.0,,6,4,80000.0,31.47,3.37365,3.6533702858747863,3.023859593221619
6334,0.0,0.0,117.0,0.0,,4,1,60000.0,2.81,2.2205524,2.111343790925711,2.030964803640523
6339,2.0,145.0,223.0,18.095,10.500295150573269,13,0,120000.0,55.45,10.495883,10.770281970285131,10.780064711169372
6341,0.0,0.0,350.0,0.0,,6,2,100000.0,10.08,0.47644156,0.4325782683604363,0.5550408995943821
6344,0.0,0.0,104.0,0.0,,6,1,40000.0,7.0,2.5600479,2.26314636272367,2.164852553463054
6346,0.0,0.0,169.0,0.0,,3,3,20000.0,9.45,1.3276516,1.6138210732043374,1.4030428674219841
6347,4.0,429.0,517.0,12.1525,7.413680553965001,18,5,40000.0,56.61,7.4839025,7.311938654183586,7.121758840786386
6348,10.0,689.0,718.0,13.911000000000001,15.102983752928102,45,2,20000.0,143.72,15.104224,15.17625445587479,14.725749149084152
6350,1.0,233.0,352.0,4.03,1.5159000493562051,5,2,80000.0,16.77,1.5985953,1.3447421972719888,1.5603099512393133
6352,2.0,475.0,660.0,16.740000000000002,4.465534256176299,10,3,40000.0,51.370000000000005,4.4863796,4.53911303694607,4.531395943689896
6353,1.0,212.0,573.0,18.08,2.3762948452794035,11,3,40000.0,33.019999999999996,2.3642926,2.5582879767436526,2.464006021352246
6354,0.0,0.0,8.0,0.0,,3,2,40000.0,5.36,4.5857043,3.3659085455163646,3.8239345966489586
6355,0.0,0.0,397.0,0.0,,4,4,60000.0,5.81,0.46366698,0.29193630682159216,0.45543501658188035
6358,7.0,279.0,330.0,13.56,18.844999774099378,35,3,20000.0,103.72,18.865477,18.814002016444338,18.3555884977999
6359,0.0,0.0,697.0,0.0,,6,2,80000.0,13.57,0.008048581,0.13457069847268882,0.1831844661742874
6361,1.0,126.0,141.0,3.52,2.6445762711537744,10,2,20000.0,31.96,2.6553643,2.206715803422764,2.6892455854627744
6362,0.0,0.0,596.0,0.0,,4,4,60000.0,2.39,0.14243181,0.163008185230536,0.20604460089229448
6367,7.0,467.0,641.0,17.25,13.383473877485063,32,1,60000.0,133.95,13.36946,13.551653186334699,13.526113115709439
6369,0.0,0.0,339.0,0.0,,5,2,60000.0,9.42,0.50267965,0.6083153517047185,0.5938417540499143
6372,2.0,236.0,319.0,12.16,5.930749536719621,15,0,100000.0,52.83,5.8677034,5.974108318065742,6.148273779135235
6375,0.0,0.0,306.0,0.0,,4,2,40000.0,11.68,0.6285196,0.671807123220858,0.6690288577250332
6382,3.0,201.0,313.0,10.526666666666666,7.046439075845823,13,0,,42.92,,,
6383,0.0,0.0,97.0,0.0,,1,4,60000.0,1.33,2.7972264,2.314857081490864,2.2648050937737194
6387,6.0,234.0,279.0,18.825,25.21917006725944,33,5,60000.0,132.05,25.216711,25.48206245088835,25.48404112257375
6388,0.0,0.0,371.0,0.0,,5,2,20000.0,15.48,0.44662192,0.3766819841077303,0.555274293106045
6394,4.0,242.0,290.0,11.765,10.99216601491328,20,3,20000.0,92.66,11.01231,11.510887427123265,11.73825292452765
6395,0.0,0.0,16.0,0.0,,3,0,20000.0,1.72,4.492052,3.3857901453698576,3.883018494306405
6398,0.0,0.0,617.0,0.0,,5,1,20000.0,6.0,0.13667408,0.146501944515082,0.19879471931071713
6399,0.0,0.0,144.0,0.0,,4,3,40000.0,14.56,1.838092,1.7847632240174567,1.7586012608520072
6400,1.0,111.0,625.0,16.04,1.422622769166694,8,3,40000.0,22.939999999999998,1.3787794,1.302259546546816,1.2149570446968259
6402,0.0,0.0,65.0,0.0,,6,3,20000.0,47.28,3.793827,4.416471303307167,3.9253168403166474
6406,8.0,214.0,300.0,12.969999999999999,20.559791310422334,36,2,20000.0,120.56,20.5749,20.448705159687407,20.967194680805086
6408,0.0,0.0,454.0,0.0,,3,1,60000.0,2.69,0.3184124,0.28704166558632144,0.41439441610609773
6414,1.0,383.0,524.0,12.1,2.373194194980335,7,1,40000.0,17.14,2.3914633,2.489394283521313,2.4225745509310657
6415,1.0,18.0,262.0,6.36,1.603920436550881,7,2,40000.0,20.63,1.6447968,1.482977292438441,1.330873830268243
6417,4.0,564.0,624.0,13.0375,6.926218840247008,19,2,20000.0,65.83,6.8898406,6.873030721428155,6.957374176891332
6421,2.0,275.0,589.0,18.48,4.596280176400045,10,3,40000.0,38.5,4.1109185,4.628208370643807,4.405274452883628
6423,3.0,579.0,654.0,15.376666666666667,6.078334008148184,19,4,120000.0,54.97,6.0749855,6.083958068169377,6.142734947026419
6424,0.0,0.0,642.0,0.0,,5,5,80000.0,21.6,-0.10616657,0.1718734611254378,0.16743400881283588
6425,0.0,0.0,590.0,0.0,,1,3,140000.0,7.56,0.0982233,0.15690322136760598,0.21931804353813167
6428,1.0,9.0,203.0,7.96,2.3627098464327485,6,4,60000.0,23.75,2.59135,2.6310491403571374,2.430100248441594
6429,2.0,414.0,563.0,7.36,2.5225657261725405,10,5,40000.0,26.64,2.4879167,2.6461223840340593,2.4905992059507884
6432,0.0,0.0,576.0,0.0,,3,1,60000.0,3.65,0.1623561,0.16655824297557828,0.2195755120811098
6433,0.0,0.0,320.0,0.0,,4,1,20000.0,6.38,0.48787358,0.6286769146625502,0.6783275245437599
6434,0.0,0.0,155.0,0.0,,4,5,60000.0,8.61,1.8276417,1.7046422805030448,1.687913819696301
6439,0.0,0.0,712.0,0.0,,6,3,40000.0,29.3,-0.016539793,0.02588948234259773,0.17893001562222022
6440,3.0,157.0,232.0,17.656666666666666,14.071252795590777,15,0,20000.0,63.49,14.068334,13.933289975962694,13.8470837252762
6442,0.0,0.0,683.0,0.0,,5,2,60000.0,12.47,0.022064202,0.15959486594235606,0.1987906357276481
6444,1.0,123.0,268.0,19.32,5.108751606390219,10,5,20000.0,29.880000000000003,5.0903487,5.082984840227246,5.029055776450768
6446,0.0,0.0,329.0,0.0,,5,5,40000.0,8.52,0.6076371,0.6298108433575977,0.6612199532741911
6452,1.0,127.0,477.0,34.78,4.409039964185201,6,3,20000.0,47.0,4.401837,4.538163494056543,4.272682281068784
6454,1.0,215.0,541.0,8.81,1.4723968862326446,6,1,60000.0,10.950000000000001,1.472692,1.5979443203422896,1.5590637853127243
6457,0.0,0.0,69.0,0.0,,3,2,40000.0,4.14,2.8336453,2.447622245721759,2.8897118316924724
6459,0.0,0.0,498.0,0.0,,5,4,20000.0,17.5,0.340339,0.27256266947376323,0.2185104705114238
6460,0.0,0.0,723.0,0.0,,4,2,20000.0,21.47,-0.15932682,0.12507662888320664,0.15197398563373454
6461,3.0,258.0,354.0,11.67,7.289369533276869,17,1,60000.0,51.33,7.3104143,7.5129257188417355,7.469068381536217
6462,1.0,40.0,305.0,14.44,2.702571422589245,11,0,80000.0,25.16,2.6905572,2.7407634122996436,2.861455131468981
6464,6.0,185.0,242.0,12.638333333333334,18.513624695138855,27,3,20000.0,91.69,18.515808,18.52742261094657,18.653598997330334
6465,0.0,0.0,103.0,0.0,,4,4,20000.0,7.02,2.4682434,2.3037868073713814,2.1687950245733205
6466,0.0,0.0,183.0,0.0,,4,3,20000.0,16.66,1.0782052,1.4572690745842805,1.2383919206621483
6468,1.0,605.0,677.0,2.54,0.7913538301777889,6,5,40000.0,19.13,0.79386497,0.7959682955128141,0.8281301260463394
6469,1.0,279.0,388.0,35.67,7.482470866317623,8,0,60000.0,46.96,7.490553,7.37183415416543,7.193712531270509
6471,1.0,117.0,470.0,24.01,3.137438092556107,7,0,20000.0,37.120000000000005,2.7324135,2.888026275323646,3.064630343500449
6472,0.0,0.0,325.0,0.0,,4,0,40000.0,21.06,0.49608597,0.6024199892043787,0.6889218089842108
6478,0.0,0.0,385.0,0.0,,3,1,20000.0,2.95,0.47183135,0.36349971209938503,0.4740007407326967
6480,0.0,0.0,598.0,0.0,,2,0,140000.0,8.5,0.065668255,0.15731276619097914,0.2124504015267048
6484,0.0,0.0,189.0,0.0,,3,3,20000.0,8.1,1.0996349,1.4402850710306054,1.22900752873925
6488,2.0,291.0,485.0,19.435000000000002,6.247399222588495,16,1,20000.0,54.83,6.2617393,6.176597127639748,6.222498407906012
6490,1.0,410.0,435.0,7.56,2.0768594813406382,10,4,60000.0,24.41,2.105759,2.117104694628521,2.2433559898842503
6494,0.0,0.0,211.0,0.0,,4,1,40000.0,19.87,0.90667015,1.058147967395123,0.9408351815653964
6495,0.0,0.0,157.0,0.0,,2,2,120000.0,7.97,1.8089026,1.686481741612145,1.5997761518476565
6496,3.0,555.0,583.0,15.88,6.955533837681649,17,5,40000.0,62.76,6.994735,7.009600933682413,6.984002876391247
6499,3.0,343.0,456.0,10.596666666666666,5.564037035197162,14,3,80000.0,41.58,5.546994,5.5270748451258,5.501536597080666
6501,3.0,632.0,703.0,13.18,4.980816864527877,14,5,40000.0,43.1,4.9755096,4.93569258462797,4.955217116933902
6504,0.0,0.0,498.0,0.0,,1,1,20000.0,2.31,0.29913834,0.26099383711742985,0.22633547956065492
6505,0.0,0.0,93.0,0.0,,4,2,40000.0,4.45,2.7035565,2.511985285527335,2.2560566290203363
6507,1.0,12.0,44.0,6.33,5.30856031991306,4,1,40000.0,8.25,5.307878,4.971933428069935,5.201256408313294
6508,0.0,0.0,209.0,0.0,,5,0,80000.0,9.51,1.0377166,1.0421363944573305,0.9311441782146348
6510,3.0,558.0,730.0,9.503333333333334,3.461566847371082,17,0,60000.0,35.74,3.3524306,3.228375825494436,3.4310825845572555
6511,1.0,25.0,608.0,27.14,1.4613702504708987,8,5,40000.0,40.3,1.4355519,1.4341766652901102,1.4150165616164587
6516,0.0,0.0,633.0,0.0,,5,2,40000.0,8.53,0.08591484,0.1816365932423923,0.17755814905949663
6518,0.0,0.0,713.0,0.0,,5,3,40000.0,4.97,0.053319357,0.14456905094116795,0.1604605431140893
6520,0.0,0.0,137.0,0.0,,3,0,120000.0,1.89,1.9745835,1.7097411665201863,1.705729425848193
6522,3.0,443.0,649.0,12.833333333333334,4.841695706411125,16,2,60000.0,55.010000000000005,4.816216,4.973403411001722,5.061646346656474
6523,0.0,0.0,63.0,0.0,,4,1,60000.0,7.32,2.8893723,3.0662856793576654,2.9232844567721408
6524,1.0,160.0,279.0,8.84,2.833210351413995,9,3,40000.0,25.04,2.834076,2.905879864217519,2.7562157188253718
6525,0.0,0.0,160.0,0.0,,2,1,40000.0,9.77,1.428205,1.7126647719667734,1.630883091182782
6527,4.0,121.0,318.0,19.1025,11.858169632569858,28,5,100000.0,80.99,11.628901,12.70859174764282,11.539217774046108
6528,2.0,294.0,473.0,10.285,3.6611760547170356,15,5,20000.0,68.82,3.6455956,3.579316160437771,3.3935685170945544
6529,0.0,0.0,196.0,0.0,,3,1,40000.0,4.66,1.06994,1.185387135957614,0.9993934405030558
6530,1.0,36.0,560.0,20.25,1.417268521723229,7,0,120000.0,48.22,1.3757087,1.3980119847818395,1.1083727617629116
6531,3.0,557.0,591.0,11.68,5.177823148314783,17,1,120000.0,50.53,5.163484,5.2411921029481325,5.278893911913837
6533,1.0,59.0,299.0,11.22,2.459415990839663,9,4,40000.0,22.5,2.433155,2.5770607626340403,2.3957006780628474
6534,0.0,0.0,320.0,0.0,,6,2,40000.0,5.54,0.6175995,0.6235927190245301,0.6535820662730387
6536,0.0,0.0,143.0,0.0,,5,2,40000.0,8.24,1.8060818,1.7847632240174567,1.7478974250155455
6537,1.0,573.0,649.0,2.69,0.8368453884888358,7,1,20000.0,21.46,0.59398663,0.771853951821773,0.8307450284796198
6541,1.0,41.0,366.0,9.5,1.5495626914259475,8,1,40000.0,14.99,1.5735811,1.4675466203897807,1.5012491602116311
6542,0.0,0.0,172.0,0.0,,5,4,60000.0,21.23,1.5346097,1.4845712307073247,1.2842115712835183
6544,3.0,299.0,380.0,9.296666666666667,5.733300070589659,14,0,20000.0,32.58,5.6913943,5.4199885460124335,5.50879796835692
6547,0.0,0.0,177.0,0.0,,4,2,140000.0,6.76,1.3782728,1.4348915202731405,1.2723535126457062
6551,1.0,545.0,660.0,13.34,2.2003652200617694,10,4,100000.0,18.08,2.1904318,2.151278108072288,2.172152959353099
6553,0.0,0.0,509.0,0.0,,6,4,40000.0,12.19,0.33103675,0.264608699969721,0.21227055729322597
6554,1.0,8.0,637.0,10.2,0.521459642731056,8,1,80000.0,26.58,0.563926,0.5216154102440181,0.5930920580098284
6557,1.0,353.0,372.0,7.92,2.407934787148938,5,1,40000.0,16.9,2.3977237,2.4057823248142554,2.447742825496557
6558,0.0,0.0,181.0,0.0,,5,2,40000.0,11.48,1.2027717,1.4322570664862717,1.212493739177627
6559,8.0,563.0,691.0,10.79875,9.507282694997258,39,3,80000.0,96.95,9.496986,9.473391536208277,9.599653243801743
6560,9.0,316.0,530.0,15.101111111111111,12.35357150595522,48,5,80000.0,144.51999999999998,12.36658,12.70325160428812,12.96226215374029
6563,3.0,209.0,369.0,19.656666666666666,10.682212809910641,17,4,60000.0,75.29,10.697146,10.86369839939117,11.248762424082223
6564,3.0,502.0,665.0,14.63,5.521611163304021,14,3,80000.0,52.540000000000006,5.523237,5.558682232078255,5.45856844380725
6565,2.0,531.0,650.0,16.245,4.5417612557340705,12,0,20000.0,36.489999999999995,4.545595,4.509843875873509,4.314277963549171
6566,1.0,135.0,467.0,13.82,2.1014371990382754,7,1,20000.0,16.0,2.2234063,1.9787751970715326,1.9338045966864446
6567,0.0,0.0,450.0,0.0,,4,4,60000.0,23.49,0.43906504,0.2918569045064627,0.3855635484448863
6569,3.0,240.0,293.0,19.543333333333333,13.723020464721895,15,2,40000.0,63.49,13.820859,13.44788127237253,13.284703378071466
6570,0.0,0.0,445.0,0.0,,4,3,20000.0,19.28,0.27813905,0.30431700382762694,0.3972659359287407
6571,0.0,0.0,145.0,0.0,,5,1,40000.0,4.59,1.8227841,1.7720685944146164,1.7564909554132484
6572,0.0,0.0,252.0,0.0,,3,0,60000.0,4.91,0.7608629,0.9399932902781146,0.6437595796347297
6573,0.0,0.0,34.0,0.0,,3,5,40000.0,10.58,4.5903497,3.340453807061711,3.739186699790209
6574,0.0,0.0,467.0,0.0,,4,1,60000.0,25.03,0.37497413,0.27231539162386165,0.3167649885538504
6581,1.0,2.0,200.0,15.42,3.812142534648573,6,2,60000.0,22.490000000000002,3.8053176,3.6210136806774313,3.8962908066151405
6582,1.0,97.0,216.0,22.05,6.6408781190709885,10,2,20000.0,29.330000000000002,6.6103992,6.583823805509932,6.420958576577136
6584,0.0,0.0,536.0,0.0,,3,4,40000.0,8.59,0.32756746,0.18190937577054755,0.2568175106481547
6587,0.0,0.0,126.0,0.0,,3,5,40000.0,4.08,2.2320907,2.0851494317639223,1.8300757383790005
6589,2.0,586.0,627.0,24.23,6.932775615349408,16,1,20000.0,74.65,6.9145074,6.856067836478205,7.248204561458026
6590,1.0,41.0,492.0,18.86,1.7100189242552717,6,1,80000.0,36.739999999999995,1.7321521,1.7517556222311532,1.549947287867095
6592,2.0,590.0,625.0,11.350000000000001,3.5119495578863944,12,4,80000.0,32.88,3.4756799,3.399301720717188,3.5390983266404765
6593,0.0,0.0,369.0,0.0,,3,2,40000.0,26.36,0.4987643,0.34695470497874986,0.6132031645272136
6595,0.0,0.0,398.0,0.0,,3,0,40000.0,4.47,0.4381102,0.29773609542665763,0.49605682234997683
6597,1.0,145.0,205.0,1.3,1.4160697190251137,8,2,20000.0,18.580000000000002,1.4263306,1.6007761254525088,1.7320139464388538
6598,0.0,0.0,63.0,0.0,,4,2,140000.0,18.38,2.8101304,2.9522358183810447,2.8567260721749577
6600,1.0,22.0,31.0,12.72,9.831868688680371,9,1,80000.0,30.189999999999998,9.820753,9.840492485571582,9.78312557226397
6603,6.0,278.0,351.0,10.465000000000002,12.094088630863855,28,5,40000.0,73.28,12.159922,12.318097731144528,12.315690602678764
6604,1.0,37.0,199.0,3.35,1.6296166150337417,8,1,40000.0,35.45,1.6381946,1.609459474783859,1.668544824808408
6607,5.0,297.0,522.0,8.937999999999999,5.559435915431784,21,2,40000.0,61.38,5.574271,5.610524272480796,5.782559422062174
6608,2.0,150.0,278.0,4.77,2.866110642171064,12,2,40000.0,13.75,2.844164,2.9140437305266484,2.652945033443131
6609,0.0,0.0,471.0,0.0,,6,2,,6.96,,,
6615,1.0,2.0,20.0,12.58,10.167379200251906,10,2,120000.0,27.43,10.161711,9.839355496319763,9.791823094362861
6616,0.0,0.0,694.0,0.0,,6,4,60000.0,12.12,0.07371591,0.16736984156385046,0.19435447607771916
6617,1.0,112.0,564.0,18.3,1.8734904237228978,9,2,20000.0,36.78,1.8744113,1.738498954020374,1.6401168438971503
6618,3.0,238.0,371.0,15.093333333333334,8.636701717988124,18,4,20000.0,70.84,8.692396,8.823116673163154,9.031464858218332
6621,1.0,327.0,677.0,32.51,3.807820329905116,7,5,40000.0,57.11,3.8069794,3.8108075617227772,4.030922001017828
6628,0.0,0.0,603.0,0.0,,4,2,40000.0,11.57,0.1303672,0.1597690279637137,0.21073800520928643
6629,2.0,262.0,323.0,3.395,2.213671386092906,7,4,20000.0,15.790000000000001,2.2585716,2.292326513948528,2.4155022962130386
6630,0.0,0.0,538.0,0.0,,3,1,40000.0,7.2,0.24268402,0.16488119837828857,0.27378307254105927
6631,2.0,225.0,239.0,15.5,9.239059451896438,13,3,20000.0,49.21,9.62757,9.477988949371191,9.938238729094373
6632,3.0,168.0,297.0,17.65666666666667,11.389260257105656,18,0,80000.0,58.21,11.383599,11.416033680310623,11.211447598929453
6634,0.0,0.0,349.0,0.0,,3,2,100000.0,10.03,0.4963996,0.4325782683604363,0.6027477834953849
6635,2.0,633.0,700.0,11.77,3.278173114059621,15,1,40000.0,29.049999999999997,3.530899,3.083959872901945,3.389220330339212
6640,0.0,0.0,389.0,0.0,,5,1,60000.0,23.71,0.545434,0.38137545666216494,0.4763908830282695
6641,1.0,9.0,573.0,17.78,0.9952810452576131,5,0,40000.0,21.96,1.0029868,1.150219308652268,0.955857945423463
6642,0.0,0.0,613.0,0.0,,5,2,120000.0,33.97,-0.08134722,0.13899719140100347,0.37192281160252794
6644,1.0,32.0,136.0,3.36,2.212101195480521,4,0,40000.0,19.0,2.2145379,2.2467037458807977,2.31853921760082
6645,0.0,0.0,168.0,0.0,,3,2,20000.0,18.87,1.1910485,1.625345731722087,1.411204380490064
6646,0.0,0.0,221.0,0.0,,3,2,20000.0,7.94,0.88422495,1.0678072930859945,0.8799525994278197
6647,5.0,692.0,713.0,12.142,7.1198103737244285,27,3,40000.0,79.83,7.112279,7.267422891917087,7.175776432278685
6651,1.0,401.0,735.0,3.11,0.6844181880770284,10,0,40000.0,16.17,0.6722238,0.5925898643461163,0.5292231146435427
6652,17.0,239.0,348.0,15.06529411764706,29.810660105909886,82,3,80000.0,270.78,29.814657,33.690762754765544,30.084256947851962
6654,0.0,0.0,352.0,0.0,,4,1,40000.0,18.85,0.3479914,0.3602508256211574,0.6140696442870208
6655,1.0,30.0,702.0,22.44,0.982065739146733,7,4,140000.0,31.650000000000002,0.9940472,1.0535032627078744,0.9286039791193481
6659,0.0,0.0,129.0,0.0,,4,5,20000.0,33.9,1.9295981,2.357985193175428,2.013983712683796
6665,1.0,3.0,84.0,15.96,7.763658524117419,9,5,80000.0,33.620000000000005,7.7647433,7.6283598896179665,7.715772007678208
6666,2.0,463.0,660.0,26.705,6.82187790806353,14,3,80000.0,59.339999999999996,6.7943482,6.751991501632057,6.433933501835343
6669,6.0,240.0,365.0,11.993333333333334,12.468973674228838,28,4,60000.0,85.82000000000001,12.473371,12.362256243177983,12.56671617044972
6670,0.0,0.0,309.0,0.0,,4,2,80000.0,32.59,1.0105896,1.0038708199904618,0.719596870902687
6675,3.0,41.0,699.0,10.823333333333332,0.31311000682126366,15,5,100000.0,36.22,0.3770489,0.8292393679331979,0.3081771194545322
6677,3.0,212.0,347.0,13.866666666666667,8.282454957662761,15,4,140000.0,45.38,8.2842455,8.290260116164488,8.080077404860425
6679,5.0,184.0,243.0,15.45,19.031036475882132,24,0,,87.14999999999999,,,
6681,7.0,414.0,626.0,16.419999999999998,12.029732676722304,33,3,100000.0,119.94,12.07898,12.031612512876602,12.232759249795672
6683,5.0,267.0,535.0,10.959999999999999,5.766719145232817,24,5,60000.0,78.6,5.7835555,5.623416270096376,5.840099336352203
6684,2.0,262.0,366.0,5.720000000000001,2.8678825529061833,6,4,40000.0,14.36,2.8595953,2.622741407766888,2.8540582260429552
6685,0.0,0.0,246.0,0.0,,6,0,20000.0,8.45,0.7040836,0.9577056912963112,0.8760835951239736
6687,0.0,0.0,24.0,0.0,,4,3,20000.0,9.28,4.5175605,3.3857901453698576,3.8532566185546933
6689,1.0,26.0,82.0,3.1,2.864348655813666,9,1,40000.0,10.06,2.8771741,2.910463627874507,2.828736507933583
6690,7.0,546.0,630.0,17.15285714285714,14.534710694236189,39,2,40000.0,144.22,14.565045,14.323132978239284,14.480502295223971
6692,1.0,31.0,632.0,8.11,0.5397325011467264,8,4,40000.0,27.15,0.51420623,0.5037551264251497,0.5773591401267639
6693,1.0,212.0,292.0,9.56,3.0709406894511515,4,2,60000.0,18.39,3.0453143,2.9854086138298106,3.0347654213508926
6695,0.0,0.0,564.0,0.0,,4,1,120000.0,8.57,0.1445178,0.14784436213584412,0.1940328143215746
6696,0.0,0.0,740.0,0.0,,3,3,20000.0,4.37,0.055689707,0.16686404379885025,0.13198376874008932
6698,0.0,0.0,252.0,0.0,,2,0,20000.0,5.13,0.52365303,0.9577056912963112,0.6652716647119705
6702,0.0,0.0,42.0,0.0,,5,0,80000.0,11.51,4.647843,3.05652258583207,3.0262247891076286
6703,0.0,0.0,503.0,0.0,,3,5,40000.0,2.96,0.34495515,0.27263875266822,0.20382519815471056
6708,2.0,479.0,665.0,13.905,3.758287065757319,14,4,80000.0,47.94,3.833152,4.017630182949955,3.809344162535587
6709,2.0,548.0,600.0,28.205,8.248625630569553,11,0,20000.0,61.269999999999996,8.243015,8.020054069772094,7.893337862785201
6710,1.0,266.0,545.0,14.98,2.3763457340380825,10,1,60000.0,34.519999999999996,2.3953695,2.4626551803284475,2.4927145252381004
6712,7.0,580.0,668.0,9.64,7.961550145180854,37,3,120000.0,77.66,7.644136,7.662246579144223,7.892412599571914
6713,5.0,587.0,717.0,14.351999999999999,8.027651923081914,24,2,40000.0,91.42,8.23997,8.221779007612477,7.945612116579713
6714,2.0,267.0,316.0,24.895,11.703465841118689,12,3,60000.0,73.36,11.724694,11.810379902988684,12.132154647267942
6715,0.0,0.0,50.0,0.0,,5,5,60000.0,7.06,3.5741565,3.1444827689368986,2.9887659913147093
6717,3.0,413.0,420.0,12.453333333333333,7.184209455095686,15,1,20000.0,55.599999999999994,7.190251,7.0470474139808745,7.362075399627694
6720,0.0,0.0,380.0,0.0,,4,3,40000.0,3.67,0.5008769,0.3686539795633967,0.554441064605534
6722,1.0,215.0,294.0,15.39,4.426521672443151,8,1,80000.0,23.130000000000003,4.286719,4.342362392723772,4.513176100515171
6726,0.0,0.0,264.0,0.0,,5,3,20000.0,11.8,0.65312576,0.7729021606910749,0.5839864656197582
6729,3.0,394.0,428.0,14.9,8.281873206583558,16,0,40000.0,47.37,8.216234,8.11851058381757,8.221923323334138
6730,0.0,0.0,281.0,0.0,,4,2,40000.0,14.28,0.6654256,0.7054695163343584,0.594459952402592
6732,0.0,0.0,104.0,0.0,,3,0,40000.0,21.14,2.476766,2.256691181408929,2.1890583195503437
6733,0.0,0.0,37.0,0.0,,5,1,40000.0,7.77,4.5858684,3.3659085455163646,3.8274508251878836
6736,1.0,378.0,551.0,3.45,0.9973031196534431,8,0,100000.0,19.41,0.95821345,0.9390239189065945,1.0671660246216081
6739,0.0,0.0,608.0,0.0,,4,2,140000.0,6.37,0.062207356,0.15962995113202438,0.1648283605513594
6741,0.0,0.0,638.0,0.0,,6,5,60000.0,4.29,0.13607319,0.1829289594922862,0.15789666815059444
6744,2.0,435.0,530.0,10.265,3.5792445619463016,11,4,140000.0,38.46,3.4634326,3.6133684332913805,3.6011264138921497
6746,1.0,32.0,159.0,16.04,5.5669548460142995,7,4,40000.0,19.799999999999997,5.586121,5.54800294648696,5.776713705912159
6749,0.0,0.0,112.0,0.0,,2,4,100000.0,8.8,2.6589038,2.389400280775847,2.1516391209350303
6750,3.0,210.0,297.0,16.54,11.317138798447452,18,1,120000.0,51.339999999999996,11.288475,11.131985995116281,11.11480612707433
6751,0.0,0.0,268.0,0.0,,1,2,60000.0,5.61,0.7559995,0.760575069668512,0.5496486557199329
6754,0.0,0.0,558.0,0.0,,4,0,100000.0,31.33,0.36065438,0.07439132185355382,0.30114926002164033
6757,1.0,231.0,473.0,9.77,1.9270527266490325,8,1,20000.0,16.15,1.9529332,1.931579794279238,1.9802608981913217
6759,1.0,115.0,612.0,5.24,0.6691734228995123,5,0,140000.0,7.33,0.67561203,0.7001039764663094,0.6561809407420984
6760,3.0,292.0,715.0,10.4,2.681077270724755,15,2,60000.0,45.46,2.4728491,2.7752303233617113,2.777393835730873
6761,1.0,564.0,668.0,13.4,2.2001639085889306,8,4,140000.0,24.700000000000003,2.1841838,2.2973352018790703,2.1550069923136776
6762,1.0,66.0,233.0,18.759999999999998,4.988048254316306,12,1,120000.0,43.8,6.911508,5.904424412658509,5.933048650707092
6766,0.0,0.0,417.0,0.0,,4,2,120000.0,33.12,0.5591807,0.4568624055188399,0.723365136984425
6769,0.0,0.0,169.0,0.0,,3,2,120000.0,5.25,1.4265958,1.5972884565896286,1.3532027988479935
6771,0.0,0.0,37.0,0.0,,5,3,40000.0,22.92,4.3896284,3.3828925490700397,3.8212394391845614
6772,1.0,250.0,557.0,2.93,0.7870605491524436,6,2,40000.0,21.22,0.6841467,0.7960608275327689,0.7582201278042167
6774,0.0,0.0,191.0,0.0,,4,3,60000.0,8.93,1.127108,1.4373058069422893,1.003066810022494
6775,1.0,519.0,585.0,4.61,1.1933616200629311,7,4,40000.0,16.71,1.1732886,1.101329085718939,1.2484939834570268
6779,2.0,301.0,354.0,29.615,12.736010707281793,15,0,80000.0,70.85,12.731459,12.681857817130984,12.5444014100052
6780,2.0,94.0,261.0,18.22,8.314460715861848,12,3,100000.0,49.1,8.353536,8.407628652668482,8.121222257949567
6782,0.0,0.0,4.0,0.0,,5,5,80000.0,5.47,4.5993176,3.0310678473774164,3.7556029212422954
6785,1.0,20.0,330.0,21.46,3.053551663621062,9,0,60000.0,25.54,3.0516422,3.0975934274705375,3.1765830373022053
6787,1.0,32.0,261.0,13.28,2.9368715280174946,11,3,60000.0,35.2,2.9220972,2.935158625214483,2.8629904686689267
6788,2.0,109.0,407.0,21.145,5.705510695521582,14,0,40000.0,78.99000000000001,5.7044125,5.210479546476708,5.4789482102369504
6791,1.0,28.0,237.0,16.02,3.738127778160476,7,0,60000.0,21.85,3.7197266,3.81185968805283,3.5779885302232644
6792,2.0,98.0,698.0,17.915,1.6092903632031519,16,4,40000.0,50.08,1.6077055,1.8281180235424657,1.737667372945059
6793,0.0,0.0,346.0,0.0,,5,3,80000.0,17.94,0.43225905,0.5064228135115096,0.6160049420867191
6799,3.0,305.0,644.0,21.52,6.564195340123431,18,2,140000.0,72.31,6.571168,6.75044675149022,6.637103418284602
6800,0.0,0.0,469.0,0.0,,4,1,40000.0,13.03,0.33660448,0.29341922541727095,0.3113438032812441
6804,3.0,152.0,345.0,12.513333333333334,6.71970495980991,16,2,40000.0,62.4,6.761243,6.718420118816424,6.624160472025606
6805,0.0,0.0,96.0,0.0,,5,1,,15.98,,,
6806,0.0,0.0,583.0,0.0,,5,4,40000.0,20.22,0.1589258,0.1628356806948092,0.2030088597092421
6807,1.0,32.0,252.0,7.62,2.0266894000678186,9,4,80000.0,18.23,1.9869565,2.277436606989326,1.9397012698107083
6808,1.0,30.0,278.0,29.93,5.378190176788622,8,3,40000.0,42.19,5.398809,5.222633423699424,5.5343830100816325
6810,0.0,0.0,165.0,0.0,,4,2,80000.0,10.85,1.4395568,1.7015064820324353,1.4143947104411785
6812,8.0,295.0,309.0,12.965,21.745134588427117,28,3,100000.0,105.46,21.735924,21.494165308880934,21.247851943669176
6814,0.0,0.0,65.0,0.0,,2,0,80000.0,7.61,2.9347026,2.1255416564346246,2.900609403111505
6816,1.0,262.0,448.0,13.91,2.8046350023466475,10,3,40000.0,27.71,2.7548823,2.6885874955559252,2.7981033306947793
6818,0.0,0.0,68.0,0.0,,4,5,40000.0,3.55,2.8767922,2.422167507267105,2.8555572111743666
6821,1.0,176.0,327.0,41.28,8.995084619703208,13,3,60000.0,81.75999999999999,9.00232,10.410713755461186,9.112610626982153
6822,2.0,16.0,310.0,13.43,3.2469448544286923,17,5,20000.0,45.26,3.2609262,3.1775225176808872,3.3146210099669133
6824,0.0,0.0,154.0,0.0,,3,4,60000.0,4.99,1.846511,1.7751580580365844,1.6919945011456825
6825,0.0,0.0,222.0,0.0,,4,3,60000.0,6.88,1.0648321,1.0604994364552116,0.8526753266993481
6829,1.0,9.0,215.0,8.51,2.329869951189255,6,0,40000.0,16.07,2.5182052,2.401233462265155,2.32982264077524
6832,1.0,127.0,613.0,11.36,1.1845367731353607,9,2,20000.0,36.71,1.1188468,1.0869662774878723,0.9157541603380475
6835,5.0,636.0,701.0,13.616000000000003,7.9643511992307525,22,2,80000.0,86.93,7.9674673,8.162598711535816,7.982621116281435
6836,0.0,0.0,520.0,0.0,,6,0,40000.0,4.44,0.250356,0.24820714654273068,0.23586912819672445
6837,3.0,194.0,239.0,14.303333333333335,11.69267419633068,12,2,40000.0,63.21,11.695413,12.054804751645058,11.903130569238321
6838,0.0,0.0,445.0,0.0,,4,2,40000.0,13.88,0.3316139,0.29636303432358474,0.388404732266145
6841,2.0,374.0,650.0,26.56,6.437765139443744,12,5,20000.0,76.0,6.435945,6.682649354282206,6.433173991950105
6842,1.0,31.0,636.0,33.67,1.7063116901876187,12,4,100000.0,51.81,1.7025634,1.7879499605678668,1.6321812826199755
6843,1.0,378.0,700.0,9.07,1.3515520852238965,8,3,,45.99,,,
6844,0.0,0.0,234.0,0.0,,3,2,100000.0,19.49,0.82273704,1.036928275281248,0.846177281199302
6845,1.0,171.0,371.0,33.96,6.521186359695847,8,4,100000.0,42.36,6.5232496,6.420579726880818,6.493411545103157
6846,0.0,0.0,473.0,0.0,,3,4,40000.0,15.69,0.45212793,0.2904523942085131,0.26639983331605954
6847,5.0,61.0,109.0,10.916,20.45173674911978,26,2,60000.0,59.410000000000004,20.444277,19.339638480151326,19.75295094828688
6849,3.0,114.0,184.0,10.776666666666666,10.153507928193363,15,3,,42.489999999999995,,,
6850,0.0,0.0,681.0,0.0,,3,4,40000.0,18.92,0.055127464,0.16270258025640175,0.18731649974773124
6851,0.0,0.0,258.0,0.0,,3,2,20000.0,14.5,0.61986506,0.7729021606910749,0.649807635685252
6854,3.0,378.0,695.0,18.19333333333333,5.6944491453177,16,3,100000.0,65.82,5.53894,5.998770526330893,5.742789036308812
6855,2.0,202.0,360.0,7.11,3.244503530119645,14,3,60000.0,26.05,3.2902427,3.325406838208152,3.3338618378601863
6861,0.0,0.0,253.0,0.0,,7,5,40000.0,12.18,0.7495897,0.7637071789662077,0.6235828554676734
6863,0.0,0.0,117.0,0.0,,6,2,80000.0,7.98,2.196373,2.0749398658906464,2.017171537666239
6864,3.0,192.0,240.0,7.626666666666666,6.616567004896311,21,1,20000.0,36.4,6.596005,6.430718839853913,6.802598046150854
6865,1.0,128.0,289.0,4.29,1.6357263437030933,6,1,60000.0,24.49,1.6525146,1.5889583562496605,1.5466608963780581
6866,2.0,303.0,706.0,7.05,1.6213519425934924,12,5,20000.0,23.23,1.6233355,1.525628062691298,1.3736114773118855
6870,0.0,0.0,219.0,0.0,,4,5,40000.0,15.37,0.99853927,1.0690540498056322,0.8492719698985924
6876,0.0,0.0,249.0,0.0,,3,5,40000.0,1.95,0.9716453,0.9878860652530493,0.5827061835886935
6877,3.0,405.0,462.0,10.056666666666667,5.420320700115206,15,0,40000.0,44.87,5.486411,5.55003246358832,5.32934965623476
6880,0.0,0.0,644.0,0.0,,3,3,20000.0,4.72,0.13051386,0.1655296294444188,0.2130022549697257
6882,2.0,89.0,248.0,12.59,6.21272759703075,10,0,120000.0,29.550000000000004,6.243635,6.233940027364061,5.89395932214622
6886,1.0,94.0,331.0,10.77,2.3761596670708856,8,5,80000.0,23.73,2.4333503,2.4259918529658666,2.2287732333685764
6888,3.0,467.0,626.0,8.176666666666668,3.4233570508703304,18,4,40000.0,36.33,3.3869169,3.528108711479812,3.3122345178177923
6890,0.0,0.0,97.0,0.0,,3,1,60000.0,1.26,2.7638118,2.303078534301083,2.278106902227573
6892,1.0,74.0,528.0,5.38,0.7231334840076581,12,4,20000.0,10.809999999999999,0.7523339,0.7279523078695279,0.7068630794791426
6893,2.0,386.0,476.0,12.99,4.763025709085351,14,3,40000.0,34.72,4.772851,4.8148413794856415,4.791717872886364
6895,1.0,12.0,72.0,9.86,5.943564933132567,12,4,60000.0,31.57,5.961057,6.269252192659063,6.264914732572212
6896,0.0,0.0,185.0,0.0,,5,0,60000.0,9.36,1.2007005,1.4033747069155909,1.225646508138591
6897,2.0,524.0,552.0,12.45,4.207677664064649,8,2,,31.59,,,
6902,1.0,194.0,600.0,6.31,0.9765049641991521,5,0,60000.0,11.29,1.0224304,1.0151654467029336,1.0187733301243433
6904,1.0,1.0,511.0,9.48,0.6961757336386042,9,2,40000.0,27.02,0.9132724,0.6024767386900542,0.6561386590602254
6905,1.0,236.0,515.0,4.7,1.0830663709864548,5,1,40000.0,27.38,1.1625777,1.1366318286057753,1.0099789685627139
6909,0.0,0.0,55.0,0.0,,4,2,40000.0,18.77,3.1664693,3.2792407210361527,2.957349503942173
6910,1.0,65.0,194.0,7.85,3.0127038921874036,8,2,140000.0,26.380000000000003,2.9417515,3.1463431950840346,3.0098761859594907
6912,8.0,556.0,630.0,17.465,16.787592371441757,53,5,20000.0,171.49,20.06137,18.79151142626335,18.169453727714444
6914,0.0,0.0,107.0,0.0,,3,0,40000.0,9.08,2.5492396,2.2508328173808705,2.178290325619053
6915,2.0,69.0,176.0,10.105,6.693995921631218,11,0,80000.0,23.11,6.685642,6.664332591002857,6.653049347172171
6916,2.0,215.0,392.0,18.46,6.87731348790908,15,4,120000.0,47.599999999999994,5.836229,6.632780360745628,6.842962936097707
6922,0.0,0.0,459.0,0.0,,4,4,,10.62,,,
6923,1.0,273.0,340.0,17.52,4.546537695283387,8,5,60000.0,30.03,4.58559,4.657140683328207,4.5894086935758045
6924,0.0,0.0,22.0,0.0,,3,2,60000.0,13.11,4.61579,3.1699375073915523,3.8754621161368115
6925,0.0,0.0,337.0,0.0,,3,4,20000.0,15.37,0.517346,0.6215036354079115,0.6153841232672148
6927,2.0,159.0,482.0,12.84,3.3800798880806964,10,3,40000.0,41.64,3.4028175,3.700019568992983,3.313042930186194
6929,0.0,0.0,666.0,0.0,,3,3,,11.66,,,
6930,0.0,0.0,534.0,0.0,,4,3,140000.0,29.34,0.47833985,0.08446289561099589,0.28783198778328334
6931,2.0,31.0,67.0,20.634999999999998,20.752309612537722,14,1,60000.0,52.34,20.758717,19.47850002659889,20.451169018112758
6932,1.0,474.0,594.0,4.87,1.181756444910142,4,2,40000.0,12.21,1.2014332,1.1633085352869745,1.2078680497134302
6933,0.0,0.0,278.0,0.0,,5,1,60000.0,23.4,0.76439977,0.7237360970921766,0.5995925946695202
6934,8.0,257.0,292.0,14.91875,25.582997789393744,31,4,80000.0,130.15,25.589464,25.322191429404857,25.1122164734984
6936,1.0,383.0,459.0,10.53,2.4553764072263053,6,1,40000.0,22.46,2.4671197,2.561919221717969,2.47521954175009
6937,1.0,3.0,51.0,18.6,11.06638067561036,8,4,60000.0,26.43,11.054587,11.301543227872656,11.179664209017249
6938,0.0,0.0,332.0,0.0,,4,1,40000.0,3.32,0.583798,0.6243641059830145,0.6016639087264632
6940,0.0,0.0,103.0,0.0,,2,4,40000.0,9.11,2.5966465,2.2970131722196307,2.1444705280514587
6941,0.0,0.0,417.0,0.0,,4,4,20000.0,12.23,0.49320006,0.3171829335201932,0.48999692555980445
6944,4.0,56.0,194.0,10.0575,9.23079295781384,20,0,80000.0,51.599999999999994,9.234551,9.883445323612115,9.497406718888513
6945,2.0,339.0,466.0,13.614999999999998,4.9285614843621985,15,5,60000.0,38.73,5.538623,5.244214396897373,4.982825691969118
6947,1.0,5.0,374.0,10.07,1.254944751988667,11,2,80000.0,19.57,1.259618,1.2201720942652148,1.2487044763113024
6948,2.0,165.0,209.0,17.375,10.85499605717171,15,4,20000.0,73.63,10.8566885,11.34116083577643,11.437846826337324
6949,0.0,0.0,677.0,0.0,,4,3,40000.0,8.34,0.13036065,0.16461410033413612,0.20253349283726507
6950,1.0,111.0,322.0,8.58,2.1741073091978067,10,4,40000.0,23.45,2.2026398,2.2892293521071716,2.1493161559772584
6951,0.0,0.0,111.0,0.0,,3,2,60000.0,11.23,2.6260386,2.2545206643586484,2.1968363841604255
6956,0.0,0.0,117.0,0.0,,4,4,40000.0,17.98,2.092927,2.1516865184834035,1.9887303175617497
6957,16.0,695.0,713.0,12.504375,21.389949837310535,59,2,40000.0,211.41,21.389925,20.548731298585416,21.139801790094495
6958,0.0,0.0,253.0,0.0,,5,4,40000.0,9.81,0.7654954,0.7552936103828665,0.6247146630631386
6960,6.0,679.0,728.0,17.098333333333333,11.352934990750292,32,3,,118.96000000000001,,,
6961,1.0,164.0,206.0,30.96,10.332803024011609,9,1,100000.0,34.55,10.341504,10.22245887705743,9.991020930276463
6962,1.0,104.0,219.0,13.49,4.425878072760666,7,2,60000.0,24.82,4.4855843,4.552623227560963,4.5060075786338905
6964,2.0,533.0,591.0,14.940000000000001,4.6424558597695915,10,1,80000.0,37.7,4.6881547,4.723359482166678,4.754178650961283
6966,1.0,36.0,485.0,13.38,1.281985775403151,7,3,20000.0,16.7,1.27643,1.312842457819555,1.1118566903437364
6968,2.0,22.0,223.0,11.03,4.6791217191745,13,2,20000.0,28.259999999999998,4.6853285,4.458017299977074,4.765973313277022
6970,1.0,10.0,149.0,2.74,1.7282880836177683,7,2,40000.0,17.73,1.7805761,1.8498828746996134,1.9744494708859124
6971,1.0,132.0,205.0,14.12,5.092016176373873,6,4,60000.0,23.89,5.112913,5.0735531496777835,5.203457195525271
6972,0.0,0.0,144.0,0.0,,5,2,20000.0,22.07,1.6719861,1.7976762076913226,1.7865404613464877
6974,0.0,0.0,406.0,0.0,,2,0,,8.82,,,
6975,0.0,0.0,103.0,0.0,,2,3,80000.0,6.86,2.665732,2.2026953799563254,2.182008177571894
6977,1.0,41.0,358.0,2.42,0.7285387763580636,11,1,20000.0,9.08,0.7294567,0.6026481301431036,0.812767227748525
6982,3.0,484.0,556.0,9.83,4.592275378678987,13,1,80000.0,38.53,4.563155,4.500415336815328,4.524016975591272
6992,0.0,0.0,163.0,0.0,,9,3,40000.0,27.619999999999997,1.5640664,1.7267053329803999,1.4195297102176596
6995,1.0,91.0,138.0,4.76,3.0069363576720622,5,4,20000.0,14.34,3.0115974,2.918839025309528,2.8824412898221783
6997,4.0,401.0,684.0,12.415000000000001,5.204797349197573,15,4,140000.0,57.56,5.193999,5.071258908359659,5.232655628761639
6998,0.0,0.0,370.0,0.0,,6,1,60000.0,29.54,0.7413752,0.31968073612479403,0.6566688621309327
6999,1.0,25.0,325.0,37.0,5.204872047264955,10,5,20000.0,46.66,4.8441052,6.1497830166260155,4.832561511159209
7000,0.0,0.0,105.0,0.0,,4,3,60000.0,18.46,2.5371075,2.260379028386707,2.205342008007812
7001,0.0,0.0,555.0,0.0,,4,5,40000.0,6.84,0.3156609,0.1778078388196685,0.2675236429974399
7002,0.0,0.0,344.0,0.0,,5,3,60000.0,16.74,0.4956958,0.4998028927456303,0.6153923047023513
7003,2.0,342.0,592.0,23.134999999999998,6.13996465462141,14,4,40000.0,58.849999999999994,6.1905417,6.313919102042085,6.2257918421822
7006,0.0,0.0,242.0,0.0,,5,1,20000.0,22.64,0.7033204,1.03631128307316,0.8807411725660383
7011,0.0,0.0,19.0,0.0,,4,4,40000.0,9.39,4.56214,3.382779084337375,3.7301510123123913
7012,0.0,0.0,231.0,0.0,,4,3,20000.0,11.18,0.83667886,1.0480982555745288,0.9103552079999302
7013,3.0,158.0,175.0,9.636666666666667,9.9369341738654,14,1,20000.0,39.6,9.942862,9.60638452042927,9.53149915752003
7014,1.0,257.0,399.0,4.7,1.4905486587656929,8,2,40000.0,15.79,1.4990228,1.4546300854151077,1.4285408806598845
7015,0.0,0.0,284.0,0.0,,3,5,20000.0,8.7,0.50936335,0.687261880125123,0.5846747557526273
7016,10.0,230.0,296.0,15.343,30.82988029270905,42,1,40000.0,158.79,30.820896,30.468522572074768,30.256574670861546
7018,0.0,0.0,317.0,0.0,,7,5,60000.0,14.52,0.6544998,0.6565254937721798,0.6142079366310549
7031,0.0,0.0,516.0,0.0,,5,4,40000.0,27.6,0.33464268,0.17807677375704803,0.19352551427124087
7032,2.0,38.0,471.0,9.775,1.3582417020978195,8,1,60000.0,23.580000000000002,1.366205,1.7736843335066554,1.5853771044311342
7033,2.0,99.0,309.0,6.975,3.045930886968753,14,1,60000.0,38.06,3.0944235,3.162541569840799,3.0793851566612065
7035,2.0,319.0,584.0,11.754999999999999,3.302656660766738,11,3,60000.0,48.63,2.8841364,3.5056695305622485,3.41751126291873
7039,3.0,187.0,246.0,10.01,8.212117256148858,13,2,40000.0,37.51,8.241441,8.45852280241827,8.073627062491434
7046,0.0,0.0,511.0,0.0,,3,2,40000.0,15.37,0.28229347,0.2505243314837759,0.2360981992040907
7051,14.0,651.0,659.0,15.249285714285714,24.462893555490133,73,4,40000.0,219.07999999999998,24.46043,25.334304787683667,24.146376832497126
7052,1.0,259.0,588.0,15.54,2.2004075603881628,6,0,100000.0,25.6,2.1616895,2.2681696843282433,2.2157430177170383
7055,4.0,66.0,315.0,15.665,6.1615082908046865,20,3,140000.0,70.16,7.2492695,7.134875533715832,7.690840612991895
7056,7.0,492.0,697.0,12.9,9.183316343000103,35,1,20000.0,104.28,9.249677,9.265608622555668,9.67192937369536
7059,5.0,518.0,646.0,13.502,8.212059484269112,27,2,120000.0,86.78,8.21846,8.087354503998988,8.559931614822737
7060,1.0,396.0,698.0,2.19,0.6263544011770672,7,3,60000.0,17.67,0.6253094,0.6007562923668864,0.5683973442868817
7061,0.0,0.0,232.0,0.0,,4,2,40000.0,9.54,0.94352424,1.0468420838258967,0.9032234975315738
7063,9.0,275.0,365.0,12.963333333333331,20.163989550084583,44,4,120000.0,137.19,20.168934,20.216928551777308,20.613112094805313
7065,6.0,510.0,644.0,14.030000000000001,9.967052817333522,31,4,120000.0,99.86,10.016341,10.222163970576498,10.067543414682861
7066,0.0,0.0,647.0,0.0,,3,1,60000.0,2.21,0.06297896,0.16403487145985018,0.2058993039223882
7068,0.0,0.0,315.0,0.0,,4,2,60000.0,15.31,0.5721326,0.6460867560759114,0.6286182525946593
7069,4.0,182.0,254.0,13.2525,13.049423082831696,20,3,140000.0,61.769999999999996,13.053723,13.390906989840778,12.958050615171175
7072,11.0,484.0,603.0,13.076363636363636,16.799811264511174,53,2,100000.0,153.7,16.802647,16.927254770359585,16.697220540914323
7074,2.0,151.0,305.0,8.51,4.12107643609751,10,1,80000.0,20.240000000000002,4.081487,3.8764290250417073,3.9848737012114923
7075,2.0,418.0,715.0,18.275,4.21827866173361,12,3,100000.0,58.08,4.2168064,4.124433991606679,4.154953800425407
7076,0.0,0.0,589.0,0.0,,5,3,20000.0,33.23,0.1180947,0.13077040255182437,0.41890863057898553
7079,0.0,0.0,117.0,0.0,,4,4,40000.0,5.38,2.1917312,2.1401618599656542,1.9805263816881862
7081,0.0,0.0,589.0,0.0,,3,2,60000.0,9.18,0.124012485,0.15474979357193364,0.22594601785335833
7085,1.0,308.0,355.0,8.9,2.649533114356111,8,3,40000.0,15.68,2.6609077,2.5528322864712343,2.7608592991750855
7087,0.0,0.0,76.0,0.0,,4,4,20000.0,4.96,2.788843,2.4843743843962622,2.45905544864398
7095,0.0,0.0,460.0,0.0,,2,3,60000.0,12.05,0.33341393,0.28998547449263523,0.2940660719051671
7097,1.0,3.0,232.0,25.83,5.047126979048114,8,4,40000.0,30.869999999999997,5.2822776,5.186953291998238,4.949532939477599
7099,1.0,403.0,561.0,12.44,2.2831710237506613,7,5,140000.0,17.42,2.2963433,2.364050711314396,2.3175996851945517
7101,0.0,0.0,13.0,0.0,,6,1,60000.0,9.58,4.5790844,3.1699375073915523,3.8789783446757364
7103,1.0,150.0,528.0,10.05,1.4476555833143872,7,3,120000.0,17.34,1.4472833,1.320100192300666,1.3690940231479738
7104,2.0,235.0,259.0,3.5250000000000004,2.676002588374451,10,4,40000.0,25.77,2.6482563,2.7828140823861642,2.854781295149672
7105,0.0,0.0,651.0,0.0,,5,0,40000.0,24.64,-0.021882562,0.14472618261415524,0.20253608725666616
7106,1.0,31.0,464.0,8.88,0.9788351609082147,7,0,40000.0,29.4,0.96721107,0.8796085103606879,0.93459664295853
7107,2.0,145.0,269.0,23.73,11.453257719971198,13,4,40000.0,53.14,11.42662,11.625033518189634,11.00546561880065
7109,2.0,445.0,681.0,14.5,3.713949895988821,14,3,60000.0,40.629999999999995,3.7833908,3.7872927633778413,3.720627075016655
7110,4.0,95.0,227.0,7.7225,7.3093389067263566,17,3,40000.0,52.73,7.3210764,7.156747480304988,7.486694323090475
7112,2.0,387.0,461.0,6.8,2.8521127812485942,11,2,20000.0,26.63,2.8749835,2.8274848087756865,2.858227776177314
7113,2.0,118.0,326.0,11.43,4.567516655843299,15,1,80000.0,35.9,4.5673575,4.548583551162629,4.602762265067366
7116,0.0,0.0,86.0,0.0,,3,2,40000.0,5.3,2.7939909,2.511985285527335,2.455666514357319
7117,1.0,244.0,586.0,13.88,1.9692626810009837,11,4,100000.0,19.91,1.9628588,2.029335584332169,1.9817132955316232
7120,0.0,0.0,388.0,0.0,,5,4,20000.0,17.94,0.43162516,0.35507353585470175,0.4553536165070078
7121,5.0,180.0,308.0,18.124000000000002,17.293009472025986,26,4,80000.0,97.35,17.2859,17.210652695160565,16.870406015322065
7123,0.0,0.0,509.0,0.0,,3,5,20000.0,7.18,0.3705473,0.28605206720818777,0.21241449383557232
7124,2.0,335.0,428.0,12.565,4.980938567794348,11,1,,31.4,,,
7127,1.0,13.0,287.0,23.82,3.854953630827214,9,5,80000.0,27.23,3.8392074,3.8300701288950014,3.7107608292353813
7128,2.0,79.0,309.0,19.134999999999998,6.766719416771216,10,2,40000.0,50.400000000000006,6.7267475,6.430560296372432,6.768149222946406
7129,2.0,301.0,365.0,11.145,5.097470680876101,15,5,20000.0,29.009999999999998,4.686324,5.104805433945675,5.241020024039609
7131,2.0,165.0,381.0,19.169999999999998,6.74716228572257,10,2,120000.0,41.699999999999996,6.739913,6.613852945274041,6.216309481987989
7132,4.0,543.0,645.0,14.305,7.254299278533353,27,1,60000.0,67.89999999999999,7.2625356,7.322525187165148,7.318219659633657
7133,1.0,449.0,585.0,2.81,0.892502090035836,4,2,40000.0,4.68,0.8927524,0.7972812036975669,0.949751210640505
7134,12.0,251.0,291.0,15.193333333333333,37.84481819515732,53,5,40000.0,192.04,37.846504,36.79158872463463,37.702025770943855
7139,1.0,6.0,155.0,19.08,5.927343457427585,9,5,100000.0,23.169999999999998,5.925875,5.8824319055927194,6.1575012458003595
7140,2.0,241.0,340.0,13.085,5.9931161843720595,9,0,60000.0,48.87,5.810227,5.973847799838093,6.387145187552671
7141,2.0,334.0,457.0,21.455,7.563647570375584,13,3,40000.0,48.04,7.6017632,7.540966836302144,7.2771864730722955
7146,3.0,187.0,246.0,7.663333333333334,6.488775082494459,15,2,140000.0,37.95,6.541484,6.3516324529535755,6.721036509943959
7147,0.0,0.0,210.0,0.0,,2,0,40000.0,14.2,1.0144048,1.0465908579660537,0.9495175088204855
7148,0.0,0.0,263.0,0.0,,4,5,20000.0,14.63,0.6472108,0.7754050891593444,0.56567225074253
7149,9.0,692.0,708.0,12.124444444444444,12.153031856810786,44,4,20000.0,111.75,12.136707,11.799358308118236,12.063068368995825
7151,0.0,0.0,693.0,0.0,,4,4,80000.0,17.18,0.06774351,0.16596150469094043,0.17751785990466207
7152,8.0,311.0,334.0,11.811250000000001,18.77964146835116,33,1,140000.0,98.69,18.736246,18.363998290676918,18.19753701469457
7153,3.0,384.0,435.0,9.916666666666666,5.608609828497944,14,3,20000.0,41.18,5.5873485,5.664422732447723,5.529465014498511
7154,0.0,0.0,561.0,0.0,,6,5,60000.0,13.68,0.26009426,0.16603061082866807,0.2181322280373008
7155,2.0,29.0,311.0,18.155,4.752377587713813,15,5,120000.0,41.43,4.7079372,4.406965873714517,4.723485673487605
7158,4.0,240.0,340.0,28.21,21.856357489681066,23,4,60000.0,148.24,21.85863,22.303874057499943,21.94484797785502
7164,0.0,0.0,209.0,0.0,,6,2,60000.0,19.44,0.8891664,1.0693987552807114,0.9326600601842809
7166,2.0,44.0,159.0,23.035,14.205470147424357,15,0,80000.0,68.93,14.209172,14.469497389886744,14.655383830196701
7169,0.0,0.0,79.0,0.0,,4,4,60000.0,7.59,2.862235,2.268521746417957,2.4644149791106997
7171,10.0,649.0,689.0,12.76,14.321958330818392,37,3,40000.0,140.71,14.284248,14.32035871495279,13.966077613361582
7173,0.0,0.0,75.0,0.0,,1,5,60000.0,2.67,2.942567,2.226196469142293,2.460585700701659
7175,0.0,0.0,347.0,0.0,,3,4,,2.71,,,
7176,2.0,274.0,380.0,14.14,5.939536994372418,13,4,40000.0,45.66,6.815904,6.372860252117311,6.021414023644306
7178,0.0,0.0,700.0,0.0,,4,1,80000.0,30.46,0.034884825,0.028681417493076115,0.2555531818942933
7180,0.0,0.0,341.0,0.0,,6,4,120000.0,13.9,0.6140125,0.6064557197526622,0.5682554294666913
7181,1.0,8.0,392.0,14.46,1.5802991496273882,6,1,60000.0,24.770000000000003,1.7056462,1.9045480890956992,1.4738743426910572
7182,8.0,526.0,637.0,13.55375,12.73694762074776,33,1,20000.0,115.33000000000001,12.703833,12.519657334546466,12.147941356178249
7185,2.0,132.0,222.0,21.215,11.995191719215319,11,2,20000.0,64.09,12.032713,12.416522481916891,12.36336443160813
7189,2.0,468.0,683.0,14.63,3.7900956482415245,13,4,60000.0,31.720000000000002,3.7420785,3.75240583457253,3.756007813151885
7190,6.0,423.0,663.0,13.958333333333334,8.483986524895212,28,2,60000.0,91.48,8.475936,8.371735521819177,8.727274980425902
7193,1.0,288.0,432.0,7.96,1.9772512418530643,8,1,140000.0,13.09,2.0229926,1.9534692095498447,2.021778852285066
7195,0.0,0.0,189.0,0.0,,3,1,140000.0,3.15,1.2055181,1.4220104942247382,1.188406328507484
7201,1.0,3.0,199.0,14.34,3.63392858935796,11,1,40000.0,33.370000000000005,3.6525915,3.4478820849612406,3.796776417185961
7202,0.0,0.0,538.0,0.0,,4,2,80000.0,16.8,0.2310049,0.16822518538108674,0.26765910816838634
7203,2.0,139.0,591.0,16.125,2.7062608142809594,16,4,40000.0,37.21,2.7831345,2.8958390230731776,2.791521705088685
7204,2.0,457.0,613.0,13.32,3.905556467404006,11,1,20000.0,36.6,3.941028,3.837206536958059,3.932301014574296
7206,3.0,444.0,671.0,31.64333333333333,10.905976245474733,17,1,140000.0,107.88,10.896697,10.452595432842495,10.638577192348794
7207,0.0,0.0,90.0,0.0,,5,3,60000.0,22.5,2.6941826,2.3205142859914116,2.2992642249865534
7209,1.0,280.0,350.0,3.39,1.460932833098037,9,0,40000.0,26.45,1.4582038,1.4853730845994382,1.51498075703266
7213,2.0,129.0,197.0,11.055,7.326546447470635,10,4,20000.0,30.590000000000003,7.3143096,7.357365672299168,7.034462421480102
7215,1.0,45.0,400.0,4.64,0.8743807275098169,8,3,60000.0,38.02,0.8668728,0.7726698276748979,0.7894731334141492
7216,0.0,0.0,316.0,0.0,,6,4,140000.0,19.92,0.6939511,0.6368701987205864,0.6024026478439186
7218,1.0,18.0,58.0,7.63,5.529235171077241,7,2,60000.0,17.69,5.566828,5.5563525927497315,5.863529196691524
7220,4.0,169.0,324.0,10.0775,7.660503117479779,22,2,,59.18000000000001,,,
7221,6.0,105.0,165.0,10.858333333333334,19.443764583161723,28,2,40000.0,85.9,19.45001,19.264007788047227,19.25595456340325
7223,1.0,464.0,744.0,8.35,1.2769921326817968,9,2,40000.0,35.73,1.2555178,1.2955322496690918,1.1022213815542514
7224,0.0,0.0,311.0,0.0,,4,2,60000.0,3.54,0.6201456,0.6460867560759114,0.5913954324229733
7227,1.0,5.0,141.0,17.52,5.949061489991221,6,4,60000.0,21.71,5.973406,6.093193092491799,6.213582556535539
7231,2.0,44.0,122.0,12.184999999999999,9.706864644297259,12,3,140000.0,33.839999999999996,9.294629,10.173343559546597,9.57364370847558
7232,1.0,281.0,432.0,22.95,4.5272356535876925,8,3,80000.0,30.39,4.5283213,4.6231789483602785,4.716675323653966
7234,6.0,674.0,677.0,11.185,8.09762428866774,33,4,40000.0,108.64,8.08795,8.732058510048581,8.509178393080568
7236,1.0,153.0,629.0,29.6,2.756665524009189,9,5,20000.0,36.58,2.7759159,2.9642574564597415,2.775314079438072
7237,0.0,0.0,132.0,0.0,,2,0,60000.0,7.62,1.9424841,2.0821718682569332,1.7432282002013029
7238,0.0,0.0,238.0,0.0,,3,5,20000.0,14.79,0.681172,1.0045213196332203,0.8652770999354606
7239,8.0,240.0,326.0,9.723749999999999,14.87741057235174,39,4,40000.0,80.28,13.360584,13.338913364990704,14.067691407319767
7240,0.0,0.0,359.0,0.0,,3,4,60000.0,2.75,0.5711465,0.35636577961737553,0.5770645101557905
7241,7.0,579.0,655.0,14.28857142857143,11.851160751779116,46,4,60000.0,125.65,12.166947,12.941376582033138,13.22605710459715
7242,1.0,13.0,345.0,41.3,4.928950048299873,13,3,40000.0,76.58,4.934844,5.046353772469822,4.836350375516715
7243,0.0,0.0,38.0,0.0,,2,3,80000.0,3.2,4.611767,3.05652258583207,3.8277867821234848
7245,1.0,6.0,331.0,4.13,0.8505981684950148,9,1,80000.0,10.27,0.83585775,0.9758157276960768,0.8544641567019529
7246,1.0,463.0,496.0,26.64,5.106527819706615,8,1,40000.0,44.86,5.1378407,5.174197008825428,5.028152218202895
7247,1.0,339.0,592.0,7.28,1.3703135411984566,10,2,40000.0,29.740000000000002,1.3704004,1.3347789291523946,1.4010319109043285
7250,2.0,162.0,669.0,10.955,1.6867320869607494,15,4,40000.0,43.03,1.8565382,1.8596080088037439,1.609578131408857
7252,0.0,0.0,178.0,0.0,,3,1,40000.0,13.63,1.4508252,1.4485928824217325,1.302667970920262
7255,0.0,0.0,594.0,0.0,,4,0,40000.0,8.75,0.12596004,0.15745184302266846,0.22716850993508686
7257,1.0,10.0,563.0,18.4,1.0665829536128815,11,0,20000.0,34.28,1.0554576,1.131714952968395,0.914979395521847
7261,11.0,227.0,311.0,12.496363636363638,25.433266509514763,52,1,40000.0,141.46,24.058668,25.607814860795145,23.804095892232134
7262,5.0,519.0,685.0,14.484,8.203878377197977,22,2,60000.0,80.33,8.188464,8.327972445030165,7.951133868184642
7263,2.0,494.0,714.0,12.965,3.289007351083064,12,3,20000.0,46.2,3.6712809,3.543669773265708,3.4127043425424257
7266,2.0,61.0,665.0,7.77,0.6305235303726521,16,2,40000.0,21.17,0.61737925,0.8693891997218594,0.6516052780545509
7267,0.0,0.0,353.0,0.0,,5,4,40000.0,25.6,0.5434632,0.3410440648636782,0.5691804036420898
7268,1.0,472.0,672.0,11.04,1.7811538421775155,10,3,40000.0,21.619999999999997,1.8074859,1.8699492134649993,1.7293999601429997
7269,2.0,400.0,508.0,8.45,3.11462298495663,14,5,40000.0,27.84,3.1474652,2.9664264096999946,3.0940118692658087
7274,3.0,553.0,624.0,9.4,4.035411872376053,17,4,60000.0,57.72,4.0725765,3.9887865884787472,4.130872867641163
7275,0.0,0.0,569.0,0.0,,6,1,40000.0,34.68,0.20959386,0.15746270812627708,0.3656942667570364
7276,4.0,633.0,688.0,14.219999999999999,6.958871010169169,20,0,60000.0,66.53,6.928711,6.873723286331818,6.722138221124919
7279,2.0,175.0,357.0,18.27,7.092402600231064,10,3,140000.0,42.42,7.095718,6.871165434597951,6.99172493290095
7281,4.0,583.0,695.0,16.6925,7.886668107385676,18,2,80000.0,69.08,7.8942876,7.74572316107185,7.5955059677811185
7282,4.0,259.0,459.0,19.73,11.202951896406518,20,3,40000.0,99.71,11.201766,11.009159346008753,10.93093977379933
7283,3.0,568.0,616.0,13.25,5.600669647178785,18,3,40000.0,44.65,5.5614653,5.560512699118414,5.630788453610238
7286,2.0,44.0,301.0,14.75,4.6213382731406805,11,3,20000.0,44.16,4.7012725,4.551740587664912,4.695999424046494
7287,1.0,9.0,662.0,12.9,0.5848542482400931,7,2,20000.0,24.54,0.58750457,0.6089840015403731,0.6024142238273233
7292,2.0,238.0,519.0,9.16,2.7541465360262545,11,4,100000.0,27.439999999999998,2.6995935,2.6049903794990836,2.795183032430797
7293,1.0,153.0,657.0,4.89,0.6541230002293845,7,1,40000.0,12.239999999999998,0.5263671,0.6176426183470817,0.6082971922472309
7297,1.0,77.0,386.0,32.18,4.630100792305168,10,4,60000.0,50.86,4.6387672,4.330306904184797,4.353766576122347
7298,0.0,0.0,141.0,0.0,,4,3,40000.0,7.91,1.9258057,1.7896535437672147,1.747788390777063
7300,0.0,0.0,321.0,0.0,,5,4,,22.88,,,
7301,0.0,0.0,91.0,0.0,,4,5,40000.0,7.07,2.713467,2.486530547072681,2.2299178910430646
7304,3.0,278.0,320.0,23.346666666666668,15.434045546165033,17,2,40000.0,77.29,15.440896,15.16882701230011,14.872142367474623
7305,1.0,203.0,530.0,23.57,3.2486300825715135,7,2,40000.0,56.08,3.2067554,3.215040695952462,3.411296689695407
7306,1.0,81.0,122.0,16.13,7.600167983874794,8,4,40000.0,22.03,7.5192018,7.6284223377946,7.195450874548804
7307,1.0,40.0,304.0,9.57,1.9776933896532396,10,1,120000.0,13.75,1.9915718,1.9873404087466564,2.0224197800916004
7308,3.0,132.0,309.0,10.056666666666667,5.979406306776103,15,2,140000.0,69.48,5.951966,5.499054908706745,5.79164469363299
7310,0.0,0.0,563.0,0.0,,7,5,40000.0,9.35,0.27082556,0.16311403599244909,0.21851450778042913
7312,1.0,81.0,250.0,13.46,3.6960134170585084,7,1,40000.0,17.32,3.7291918,3.8865191361546456,3.656861118438206
7315,6.0,295.0,349.0,10.406666666666666,12.258654584637405,30,1,60000.0,86.9,12.985648,13.479278777321955,13.500464301188199
7319,2.0,206.0,687.0,14.255,2.4095227216124244,13,4,120000.0,41.35,2.4267094,2.39518080429501,2.463976762075629
7321,5.0,272.0,339.0,26.965999999999998,26.319870223974576,31,4,120000.0,151.59,26.326824,26.33106419209724,26.32643497747314
7322,1.0,16.0,93.0,6.73,4.026796297379237,8,2,40000.0,11.510000000000002,4.0062714,4.026852930766873,3.8323334270383063
7323,0.0,0.0,490.0,0.0,,4,2,20000.0,11.7,0.36266977,0.26393764602374364,0.2238131676557158
7324,3.0,515.0,693.0,13.203333333333333,4.831334175299538,16,3,80000.0,52.25,4.839032,5.038060526865339,5.052750425514229
7328,4.0,340.0,351.0,14.315000000000001,11.825389790301552,19,0,60000.0,86.67,11.842559,11.88136260791383,12.04355211093242
7331,3.0,580.0,618.0,12.520000000000001,5.318170522727721,19,4,60000.0,43.64,5.3484526,5.335062880333594,5.302514993448785
7332,0.0,0.0,202.0,0.0,,4,3,80000.0,3.94,1.0995178,1.1922501769289546,0.9901173506792587
7336,1.0,5.0,210.0,1.89,1.0510926326739585,5,1,60000.0,3.9699999999999998,1.0504526,1.0942824991656508,0.979066795395342
7337,8.0,324.0,363.0,8.52375,12.868824300284702,32,2,60000.0,71.72,12.876327,12.87047984593413,12.575252445007628
7338,1.0,22.0,240.0,22.92,4.849912870343598,8,3,60000.0,46.85,4.845358,4.622969375719431,5.006006814187897
7341,0.0,0.0,701.0,0.0,,3,5,40000.0,15.34,0.18352039,0.13636001989522606,0.18860076633119327
7342,2.0,291.0,355.0,18.585,8.189709171003038,12,1,60000.0,55.19,8.176133,8.303803025408873,8.382152626680085
7343,0.0,0.0,495.0,0.0,,2,2,60000.0,11.89,0.27862677,0.24414677165282642,0.21918584728273327
7348,1.0,24.0,63.0,3.5,3.414654534946077,10,5,60000.0,15.93,3.4011188,3.6094617155448714,3.4644170605642937
7352,0.0,0.0,703.0,0.0,,4,4,60000.0,4.56,0.08246715,0.131340785503446,0.19435447607771916
7354,5.0,537.0,721.0,15.488,8.318241624113584,23,3,20000.0,93.49,8.368515,8.445425168426798,8.371994477032274
7355,3.0,185.0,368.0,19.483333333333334,10.155327158367426,18,0,20000.0,90.0,12.828664,12.097506762929186,11.728875764452948
7356,10.0,272.0,329.0,13.181000000000001,25.25015596393878,43,4,20000.0,147.79,25.26835,24.906075217737154,25.201396007304666
7357,1.0,578.0,614.0,8.84,1.7718362630214302,8,1,60000.0,15.84,1.7385383,1.6943655051775066,1.8700990238702273
7359,7.0,421.0,713.0,15.828571428571427,8.766914624831625,35,4,20000.0,125.98,10.406062,9.807931081555779,10.43922566413297
7361,0.0,0.0,139.0,0.0,,5,2,20000.0,21.15,1.7339832,1.8025665274410807,1.7817546801918196
7362,4.0,535.0,571.0,10.622499999999999,6.182846299060815,19,2,20000.0,50.67999999999999,6.1774354,6.187939870074759,6.139933669053443
7364,0.0,0.0,211.0,0.0,,3,3,40000.0,23.34,1.0922391,1.1037878221518858,0.9337889347958406
7365,1.0,35.0,366.0,9.92,1.550053542689337,9,2,40000.0,31.28,1.4677416,1.3315332381876221,1.5325070804443826
7366,5.0,605.0,656.0,6.744,4.387120311512493,24,2,40000.0,49.589999999999996,4.386234,4.622730860808506,4.6190542900572975
7368,1.0,539.0,704.0,5.91,1.1402043389652872,9,1,60000.0,18.6,1.121971,1.0278611294830289,1.15584870221514
7370,4.0,538.0,667.0,18.335,8.83863006591398,21,3,,86.66,,,
7373,0.0,0.0,68.0,0.0,,4,3,20000.0,19.46,2.7724197,2.4733622096033105,2.922718315671812
7376,8.0,333.0,375.0,14.7125,21.230343907238673,38,2,140000.0,124.6,21.26332,21.277038484043576,21.062753582130505
7377,3.0,557.0,617.0,8.416666666666666,3.7057315942484506,15,2,40000.0,30.53,3.6959465,3.6514674207155644,3.7010072758163495
7379,2.0,491.0,656.0,18.67,5.008478546535018,15,0,60000.0,51.92,5.0227036,4.903425183419822,5.336678046178696
7382,0.0,0.0,32.0,0.0,,3,3,120000.0,2.34,4.6132455,3.0498394241124784,3.87746087432112
7384,5.0,413.0,551.0,16.228,10.90849654178275,27,5,140000.0,100.06,11.635212,11.591371931860722,11.296768963136486
7387,1.0,5.0,142.0,17.11,5.799511374198088,6,5,40000.0,31.85,5.8028436,5.830912574897371,6.117226506023528
7391,2.0,340.0,684.0,7.17,1.8242931408980776,12,4,60000.0,19.09,1.8195721,1.832057144232436,1.582276386692782
7392,1.0,30.0,107.0,7.22,4.041131955306919,7,1,20000.0,18.7,4.4324255,4.348107932023232,3.885815471025101
7393,0.0,0.0,545.0,0.0,,3,0,60000.0,11.36,0.19287618,0.14227893035817116,0.28281602606226386
7401,0.0,0.0,317.0,0.0,,6,2,120000.0,29.01,1.008976,0.9044547709108415,0.6550176021078
7403,1.0,240.0,276.0,7.08,2.6887167292033802,5,1,80000.0,17.36,2.6935046,2.783094901724773,2.500965588268814
7406,0.0,0.0,259.0,0.0,,6,0,40000.0,22.78,0.83363086,0.7696083706477722,0.633072964977945
7407,0.0,0.0,427.0,0.0,,5,5,60000.0,14.32,0.52607816,0.3068706483723967,0.4870768177163196
7408,0.0,0.0,386.0,0.0,,3,2,20000.0,4.08,0.4642109,0.3664435210056988,0.4617877563865296
7409,3.0,252.0,266.0,9.61,7.765677077584437,16,3,60000.0,39.83,7.8235044,7.723840249104828,7.73866514298241
7410,1.0,345.0,626.0,14.31,2.1267431655801974,8,0,20000.0,27.61,2.1709163,2.1321527516592904,2.132235303301406
7412,1.0,186.0,223.0,47.32,14.649458115884347,9,3,40000.0,63.230000000000004,14.637487,14.345748358790338,14.386774263329569
7413,6.0,639.0,698.0,10.083333333333334,7.070087899475503,28,3,20000.0,71.25999999999999,7.0841503,7.216292987640968,7.136693905198882
7416,1.0,362.0,534.0,7.6,1.6263695909818565,9,4,40000.0,44.97,1.6180322,1.470072138588716,1.5085492272861636
7418,0.0,0.0,108.0,0.0,,4,4,140000.0,5.54,2.6368213,2.209531007458746,2.1237745797437437
7420,0.0,0.0,436.0,0.0,,2,3,40000.0,1.56,0.35102338,0.3018003036700696,0.4855862318213733
7424,0.0,0.0,244.0,0.0,,4,5,40000.0,10.38,0.9669259,0.9878860652530493,0.8382627681222639
7425,0.0,0.0,75.0,0.0,,4,1,40000.0,4.99,2.8375943,2.434927616118919,2.4578027997815406
7432,0.0,0.0,637.0,0.0,,2,2,20000.0,4.92,0.11243038,0.1699962743843509,0.17977328949097693
7433,1.0,443.0,687.0,27.12,3.5737192405943734,7,0,80000.0,36.230000000000004,3.560931,3.603664747744952,3.4349019260730564
7434,2.0,159.0,642.0,14.08,2.2465492244092027,13,4,40000.0,59.239999999999995,2.217785,2.059818552768274,1.9131401201983849
7437,0.0,0.0,126.0,0.0,,5,4,40000.0,13.03,2.2405717,2.1274747090395865,1.8367691682386065
7438,1.0,32.0,461.0,7.03,0.8467487330228165,5,2,,11.29,,,
7439,0.0,0.0,668.0,0.0,,5,3,20000.0,17.66,0.08763468,0.15268646998468535,0.21382691087119632
7441,1.0,147.0,418.0,23.64,3.913124129582128,11,3,40000.0,29.26,3.976253,3.902562552337865,4.007683275583408
7444,0.0,0.0,186.0,0.0,,4,5,120000.0,8.51,1.1479948,1.4269590468238327,1.1462538016706958
7445,1.0,414.0,483.0,18.25,3.683753958498796,6,4,60000.0,30.689999999999998,3.6440198,3.6205901971670036,3.625066932651638
7446,2.0,527.0,709.0,19.57,4.89149259632951,11,1,40000.0,48.19,4.8546906,4.8240701659099035,4.962297318709385
7447,0.0,0.0,616.0,0.0,,3,4,,4.37,,,
7448,7.0,280.0,309.0,8.31,12.510448734387747,31,3,80000.0,71.21,12.509009,12.489265925034685,12.795014850707908
7449,1.0,152.0,499.0,11.75,1.7703793102625494,8,2,100000.0,17.89,1.8434491,1.914809837679271,1.5749441172482745
7450,0.0,0.0,44.0,0.0,,4,4,80000.0,5.19,3.546179,3.0733931246530806,2.944800728737563
7451,0.0,0.0,294.0,0.0,,6,4,40000.0,19.32,0.502491,0.663741504961375,0.5799114940041203
7452,1.0,289.0,331.0,19.6,5.189651018644002,10,4,60000.0,41.260000000000005,5.1838264,5.283821521809215,5.4361523182841545
7453,0.0,0.0,484.0,0.0,,5,4,80000.0,15.55,0.40907842,0.2598907903599563,0.23459623699742327
7454,1.0,140.0,213.0,6.37,2.7982444737937064,11,2,20000.0,37.43,2.7813237,2.878554283242667,2.76928922971117
7455,2.0,456.0,627.0,9.3,2.793560965063376,10,2,20000.0,42.5,2.776122,2.692732633937052,2.901880867726305
7456,0.0,0.0,653.0,0.0,,1,1,60000.0,6.41,0.053344265,0.16403487145985018,0.2020761204900401
7457,3.0,241.0,497.0,6.946666666666666,3.0287483637434307,17,1,20000.0,30.09,3.037592,2.916042749064006,2.8936200053834478
7459,0.0,0.0,411.0,0.0,,3,3,40000.0,19.92,0.42125544,0.3199123919682239,0.5117456665483777
7460,0.0,0.0,21.0,0.0,,3,3,40000.0,10.5,4.5382605,3.3659085455163646,3.8113705606713983
7461,1.0,6.0,529.0,15.64,1.0078770387765446,4,1,140000.0,19.9,1.004889,1.108185605683536,0.9027939096766646
7462,1.0,38.0,676.0,3.36,0.2962729813185805,6,4,140000.0,12.059999999999999,0.2183044,0.36177950311757995,0.3242885356398526
7465,1.0,219.0,622.0,12.9,1.6360788275569291,8,4,20000.0,18.76,1.8205894,1.7664322139689608,1.746164833706068
7469,0.0,0.0,545.0,0.0,,3,2,60000.0,7.22,0.2029203,0.1445961152992164,0.2668559420013228
7470,2.0,571.0,645.0,8.17,2.5628193443844816,14,4,20000.0,27.46,2.6075788,2.573879199278509,2.4740851650740088
7471,3.0,59.0,194.0,12.393333333333333,9.526132405162002,16,0,40000.0,54.04,9.474273,9.228849961511902,9.399387074692491
7472,4.0,352.0,363.0,11.015,9.040702269015439,21,0,20000.0,57.58,9.126762,9.795695989191955,9.012529696008777
7474,1.0,467.0,638.0,6.14,1.2504399297182391,6,4,40000.0,15.34,1.2569088,1.196580266114718,1.1648200343925446
7476,0.0,0.0,294.0,0.0,,4,3,80000.0,3.72,0.6056561,0.6680915790014567,0.56715080771093
7477,0.0,0.0,152.0,0.0,,3,4,,6.67,,,
7478,0.0,0.0,366.0,0.0,,3,0,60000.0,12.18,0.6937349,0.3557880083914915,0.6213262628007818
7479,1.0,48.0,560.0,7.6,0.7148742859344253,5,1,20000.0,11.92,0.7546538,0.7941541614227907,0.8964936642758552
7480,0.0,0.0,84.0,0.0,,2,3,80000.0,5.42,2.8450184,2.2012410004038707,2.470894704309532
7481,2.0,256.0,392.0,6.654999999999999,3.001160143565356,11,3,140000.0,36.89,3.0150168,3.0642566805192013,2.928724118064391
7484,0.0,0.0,60.0,0.0,,3,3,80000.0,3.68,3.394659,2.952870757798183,2.942690210564433
7485,2.0,33.0,341.0,9.6,2.3993682210781744,10,2,40000.0,40.120000000000005,2.3707364,2.2996260545545004,2.4348941675795883
7486,3.0,390.0,611.0,9.533333333333333,3.799889473661737,15,1,20000.0,36.41,3.4806583,3.671404823047783,3.7184042364685683
7487,0.0,0.0,456.0,0.0,,2,4,20000.0,12.58,0.3683301,0.30386570874848085,0.3430088804838922
7489,0.0,0.0,648.0,0.0,,4,3,40000.0,15.44,0.110613525,0.17199791475794404,0.20898025118037378
7490,0.0,0.0,640.0,0.0,,4,2,100000.0,8.09,0.051712073,0.1737564182935979,0.17771469388261796
7493,1.0,29.0,720.0,15.02,0.6628633032023716,8,3,120000.0,51.5,0.80712444,0.6322909074328611,0.05650922520376778
7494,1.0,55.0,112.0,9.77,5.162902180445384,8,3,40000.0,19.0,5.1618385,5.235601581701347,5.331049612619102
7496,2.0,93.0,314.0,15.48,5.774102994805888,12,2,40000.0,60.81,5.7467427,5.629614873129882,5.787612237275608
7501,0.0,0.0,424.0,0.0,,4,1,40000.0,2.41,0.46829188,0.3121217601846174,0.5182877764764404
7502,10.0,612.0,617.0,10.876000000000001,13.518333892539555,45,1,20000.0,133.51,13.535248,13.960567135018975,13.967360193959124
7505,0.0,0.0,41.0,0.0,,6,4,80000.0,5.12,4.6176796,3.0733931246530806,3.746567233764477
7510,0.0,0.0,555.0,0.0,,4,2,20000.0,13.72,0.23429678,0.14922513232169904,0.2855365291478531
7511,1.0,245.0,309.0,14.16,4.073439081368234,9,1,120000.0,28.34,4.0989895,4.287438081899795,4.07601564851082
7512,0.0,0.0,70.0,0.0,,2,4,20000.0,18.15,2.7874422,2.490232748424321,2.889545096408892
7514,6.0,580.0,612.0,14.436666666666667,11.146515960719537,41,4,40000.0,111.72,11.180025,11.143940866450865,11.366818490807638
7517,2.0,113.0,327.0,11.18,4.400285828308317,13,4,20000.0,30.580000000000002,4.611802,4.552521975863951,4.430728437194072
7519,1.0,167.0,237.0,17.03,5.510138352815861,10,2,60000.0,29.0,5.5105314,5.554309065178905,5.611478243807804
7521,3.0,313.0,544.0,8.413333333333334,3.5965288545393044,16,3,140000.0,30.020000000000003,3.5945687,3.4863147787211184,3.4780446322092358
7522,3.0,357.0,647.0,14.626666666666665,4.993389308435903,16,3,80000.0,46.36,4.970518,4.93806154200364,4.783680901537997
7523,2.0,313.0,345.0,23.79,10.672694636635569,16,5,40000.0,66.37,10.697264,11.010477997717567,10.8761432134799
7525,0.0,0.0,688.0,0.0,,3,2,40000.0,2.93,0.111482866,0.16884125099743938,0.2081248749659963
7526,3.0,389.0,635.0,6.136666666666667,2.4687876086541403,15,3,80000.0,22.33,2.4522204,2.312142643664168,2.4266422061225343
7529,1.0,22.0,509.0,2.92,0.4105308468223392,6,4,60000.0,13.91,0.42485678,0.41871680514526605,0.3377809503790381
7530,1.0,38.0,224.0,20.61,5.111178132817146,5,1,40000.0,29.39,5.0959883,5.026379120121191,5.265134003534559
7534,2.0,291.0,374.0,6.74,3.2629589068407654,13,3,40000.0,30.38,3.245715,3.225206104287359,3.4340256764519848
7535,0.0,0.0,150.0,0.0,,5,2,40000.0,11.0,1.8071592,1.7489371376874463,1.6909926622656117
7536,0.0,0.0,652.0,0.0,,6,4,40000.0,22.18,-0.06517067,0.17008639468020958,0.1894112764088769
7541,2.0,115.0,164.0,28.755,19.582207448672385,16,5,20000.0,71.82,19.573324,19.209854811703533,19.354222474306408
7546,1.0,45.0,516.0,4.52,0.5819915427067095,6,1,60000.0,14.84,0.6246656,0.7225898836430655,0.5795015109623032
7547,0.0,0.0,662.0,0.0,,5,5,20000.0,6.26,0.14974204,0.16121388742629575,0.19247891350268898
7548,0.0,0.0,176.0,0.0,,4,2,40000.0,2.54,1.4244406,1.4511488641220107,1.3003003436403704
7550,2.0,52.0,277.0,13.695,5.092954135803023,16,4,20000.0,36.69,5.066028,4.751260964751352,5.0880516028567415
7552,0.0,0.0,322.0,0.0,,4,3,20000.0,15.57,0.45175904,0.6353359194336621,0.6745130754377104
7555,1.0,2.0,165.0,19.07,5.494103792535789,9,2,80000.0,34.94,5.495659,5.444445977988834,5.610960790078233
7556,2.0,366.0,695.0,14.75,3.4132964992840797,16,5,40000.0,67.57000000000001,3.478978,4.055593480630631,3.588836879642559
7558,1.0,351.0,590.0,16.33,2.5605743847803186,8,4,80000.0,22.209999999999997,2.6234393,2.66728855438059,2.5821994866266125
7559,1.0,84.0,170.0,11.55,4.652900525475938,4,1,20000.0,20.61,4.73729,4.622280547010189,4.569112461870462
7560,3.0,190.0,238.0,11.766666666666666,9.778127828169252,16,4,60000.0,38.32,9.742328,9.627542648319181,9.452396987331717
7562,0.0,0.0,346.0,0.0,,4,1,20000.0,5.1,0.4705731,0.5239862652963707,0.6619823346313716
7563,0.0,0.0,261.0,0.0,,5,3,40000.0,22.88,0.8654756,0.8039272978805057,0.5739299630228825
7565,1.0,193.0,430.0,25.6,4.446463099845925,7,1,40000.0,28.71,3.9177835,4.2905912316138535,4.641931270158904
7566,0.0,0.0,24.0,0.0,,6,4,40000.0,5.62,4.5636797,3.382779084337375,3.7301510123123913
7567,0.0,0.0,202.0,0.0,,6,2,40000.0,9.68,1.0295844,1.1883309448639279,1.0066408669619467
7569,5.0,521.0,717.0,13.968,7.492853472145468,23,0,40000.0,74.88,7.507605,7.320109108510798,7.125796339855089
7570,2.0,249.0,730.0,10.16,1.8387374927860796,11,4,80000.0,26.39,1.8331697,1.905699182467625,1.9428123434312452
7571,4.0,92.0,448.0,7.6925,1.6266462940821445,20,1,20000.0,42.61,1.627324,1.7351698285773751,1.9513845375979972
7573,5.0,335.0,674.0,10.094,4.165184080347443,23,1,40000.0,57.71,4.182332,3.995131372427141,4.279393299332589
7576,1.0,442.0,723.0,14.87,2.0133676895092387,9,1,60000.0,20.54,2.0194118,1.9163721721897173,1.9959542795248266
7580,5.0,479.0,660.0,15.258,8.74246475022554,20,2,120000.0,93.22,8.743971,8.89009488621319,8.884791280777852
7584,2.0,237.0,390.0,13.629999999999999,5.409524994647672,12,2,20000.0,53.1,5.456366,5.292368514918587,5.267692586377701
7586,0.0,0.0,259.0,0.0,,2,4,60000.0,8.9,0.8441127,0.7546644295534403,0.5663621784291841
7587,1.0,100.0,303.0,4.87,1.5680111101502474,8,1,40000.0,15.239999999999998,1.49314,1.5611768842905427,1.6118719738698193
7588,1.0,107.0,354.0,3.47,1.1136934633663875,7,0,100000.0,7.210000000000001,1.09515,0.974576672530593,1.133965446645738
7589,1.0,601.0,667.0,14.87,2.4371457250801827,10,5,60000.0,17.91,2.4381473,2.3542719980457463,2.423218667429731
7590,0.0,0.0,310.0,0.0,,4,1,40000.0,10.73,0.6376519,0.6542138664435285,0.6079399156772585
7591,2.0,282.0,459.0,9.2,3.400807253079221,13,4,20000.0,31.34,3.4438832,3.5116849592336594,3.30812328418342
7593,3.0,210.0,311.0,12.28,8.238317786506146,15,3,20000.0,53.08,8.265549,8.391195267155997,8.255381298712516
7594,1.0,151.0,277.0,6.41,2.259961238832249,8,4,40000.0,14.26,2.374023,2.300131556654724,2.1223275108948156
7595,1.0,94.0,375.0,23.17,3.812533964606386,11,2,40000.0,29.470000000000002,3.7818832,3.6982928692476396,3.695075447456706
7596,1.0,355.0,537.0,5.5,1.3028347828664257,5,2,40000.0,21.25,1.3117054,1.3140128586366915,1.3441311696671647
7598,3.0,295.0,328.0,5.156666666666667,3.936239528847187,12,2,140000.0,24.27,3.9508502,4.051140936089641,3.860136888462047
7599,1.0,289.0,331.0,23.76,6.123542136148214,8,1,20000.0,32.94,6.128299,5.908163422926142,6.250216565519635
7601,1.0,436.0,643.0,9.24,1.6011141466735381,8,3,80000.0,16.759999999999998,1.6216576,1.5375033774065656,1.557525019040611
7602,0.0,0.0,101.0,0.0,,6,4,20000.0,24.82,2.4493916,2.2430133363977904,2.1797585279499856
7605,0.0,0.0,547.0,0.0,,3,4,20000.0,3.06,0.26240212,0.15858975830258573,0.25576780088961204
7606,0.0,0.0,268.0,0.0,,6,4,60000.0,16.2,0.7546044,0.7546644295534403,0.5411751661920468
7607,3.0,473.0,591.0,8.479999999999999,3.7708199752579388,19,5,60000.0,40.26,3.7695768,3.7003382528983777,3.8530662630461046
7609,1.0,204.0,595.0,3.34,0.7047847264320426,5,1,20000.0,11.19,0.67424524,0.7002609568187161,0.7059581381870581
7610,0.0,0.0,116.0,0.0,,3,0,20000.0,7.97,1.951002,2.392598878635233,2.037239931055394
7611,2.0,113.0,663.0,12.915000000000001,1.5076584640891633,13,2,60000.0,35.52,1.5331215,1.345909696895317,1.5973466640732301
7612,0.0,0.0,638.0,0.0,,4,1,40000.0,8.57,0.099517904,0.17352075079156234,0.18596420954163317
7613,0.0,0.0,171.0,0.0,,2,4,40000.0,4.86,1.4336759,1.6345348575553835,1.276769263847771
7614,3.0,189.0,238.0,24.74666666666667,19.57185068013196,20,3,60000.0,111.01,19.574945,19.317906092375434,19.311168188156188
7615,0.0,0.0,102.0,0.0,,5,1,40000.0,26.91,2.4987774,2.7431525586026826,2.1994949751351616
7617,4.0,647.0,731.0,11.6175,5.43896094027318,20,3,20000.0,57.41,5.443329,5.304523293223854,5.2668237429461735
7618,1.0,410.0,485.0,13.67,2.889127607434212,6,3,60000.0,30.83,2.8091636,2.940388478201285,2.889927307861649
7619,2.0,100.0,696.0,15.31,1.4278328136756528,10,5,60000.0,35.1,1.4711084,1.3094039208824666,1.7197986323791552
7620,0.0,0.0,228.0,0.0,,5,2,20000.0,8.75,0.8099758,1.0753133145780585,0.918905756591549
7621,2.0,274.0,304.0,21.64,10.655017194676123,11,2,40000.0,57.23,10.644907,10.379420274288082,10.469497594443917
7622,3.0,438.0,718.0,3.893333333333333,1.5350255767800376,18,1,60000.0,22.72,1.5296198,1.4691233475258147,1.4844426274826752
7624,0.0,0.0,427.0,0.0,,4,1,,4.52,,,
7626,0.0,0.0,323.0,0.0,,5,3,120000.0,8.35,0.6658646,0.6202880037784128,0.6180047892451093
7627,2.0,188.0,314.0,13.129999999999999,6.13306157167049,12,4,40000.0,33.21,6.11862,6.21016258489602,5.993694550218225
7628,0.0,0.0,343.0,0.0,,5,3,20000.0,16.69,0.59124124,0.6460562708631077,0.6446700248608801
7630,3.0,131.0,289.0,18.996666666666666,11.604469397043946,16,3,120000.0,59.010000000000005,11.556786,11.777311247991774,11.454792709363101
7632,2.0,353.0,535.0,13.235,4.198673086103058,11,4,40000.0,66.22,4.2846184,4.474223790672727,4.224363308047865
7633,10.0,260.0,342.0,16.627,29.696845731929173,45,4,60000.0,192.57,29.67989,30.103895787073725,30.163611857319342
7634,0.0,0.0,88.0,0.0,,4,3,80000.0,11.25,2.7734125,2.2012410004038707,2.2712848189725516
7636,0.0,0.0,399.0,0.0,,2,1,60000.0,3.8,0.43582362,0.29490313803035,0.4797340011735294
7638,0.0,0.0,318.0,0.0,,4,2,80000.0,16.33,0.58311486,0.6194549077430045,0.6366240356545019
7639,1.0,15.0,492.0,12.19,1.0076437744585829,6,2,,20.299999999999997,,,
7641,2.0,388.0,415.0,14.36,5.921475973667575,10,2,60000.0,33.49,5.914524,5.981667773446467,5.818433766710703
7642,0.0,0.0,432.0,0.0,,2,4,40000.0,6.81,0.43855384,0.29588966355499796,0.46927807048297066
7643,0.0,0.0,119.0,0.0,,4,4,20000.0,10.03,2.0458694,2.141550185121771,2.003176294408566
7646,2.0,491.0,510.0,4.735,2.0503418392596275,12,5,40000.0,19.19,2.0426767,1.9886994180498665,2.1844219473163786
7652,1.0,12.0,260.0,3.82,1.1630762945009259,9,0,40000.0,14.49,1.1492925,1.1267413395239412,1.035109659715915
7654,2.0,202.0,498.0,15.285,4.226068989904043,18,4,140000.0,56.44,4.1912036,4.0716273387042525,4.229608736461547
7655,3.0,620.0,627.0,22.64,9.21089619974462,14,3,80000.0,71.38,9.191731,8.86732667971504,8.668947247344175
7656,1.0,113.0,271.0,7.02,2.284154234243759,4,5,40000.0,17.06,2.3095553,2.3022142934807106,2.0843757353866135
7657,1.0,40.0,664.0,1.91,0.2450975408495481,7,1,60000.0,12.64,0.23766886,0.2596810075279793,0.2643492785535333
7658,0.0,0.0,129.0,0.0,,4,2,40000.0,3.62,1.9083053,2.1063025291464657,1.7149842267761741
7659,0.0,0.0,605.0,0.0,,2,0,40000.0,5.52,0.16420735,0.15745184302266846,0.21500123939749027
7660,3.0,192.0,299.0,27.66333333333333,17.94661545158976,19,4,20000.0,86.30000000000001,16.233013,15.4338884729979,16.10399046486126
7662,0.0,0.0,352.0,0.0,,2,5,60000.0,1.45,0.5188879,0.3604590588448622,0.5731947901490777
7663,5.0,329.0,335.0,15.27,15.806373946319464,24,4,100000.0,94.11,15.792906,15.66621066773301,15.64439388478646
7664,1.0,92.0,399.0,7.92,1.4984074680900676,6,1,20000.0,25.58,1.8248358,1.6117446012081114,1.3918326153162974
7666,0.0,0.0,455.0,0.0,,4,2,60000.0,20.16,0.2944627,0.28452612945670974,0.4175025357080271
7670,0.0,0.0,64.0,0.0,,3,2,60000.0,8.96,2.8358364,3.0662856793576654,2.919768228233216
7672,2.0,120.0,376.0,11.195,3.764891261847498,14,3,20000.0,45.07,3.8013508,3.5346217406231375,3.8231387171889084
7674,0.0,0.0,337.0,0.0,,4,3,40000.0,3.89,0.5745363,0.6193862709786494,0.6067269769125998
7675,0.0,0.0,211.0,0.0,,6,5,20000.0,14.4,0.8801563,1.0703102215542644,0.9175115869277297
7678,0.0,0.0,579.0,0.0,,3,1,,8.57,,,
7683,2.0,524.0,669.0,12.37,3.4467637775180915,7,0,60000.0,35.87,3.4381652,3.4687248222217404,3.3938260730542926
7684,0.0,0.0,150.0,0.0,,4,3,40000.0,8.48,1.8295996,1.7489371376874463,1.6908836280271293
7685,4.0,291.0,350.0,11.0475,9.096752905869517,21,2,40000.0,51.269999999999996,9.116549,9.287002911154113,8.94694948177947
7689,2.0,276.0,443.0,8.105,3.1609827583629726,14,4,60000.0,25.240000000000002,3.2877464,3.4260535288916696,3.1138798120164948
7693,0.0,0.0,211.0,0.0,,4,4,20000.0,8.21,0.905293,1.061896652970923,0.9186433945231949
7694,1.0,270.0,714.0,14.08,1.5880249399230304,9,2,140000.0,33.48,1.4953859,1.8096176187128052,1.6050420235176261
7695,0.0,0.0,357.0,0.0,,4,4,80000.0,25.58,0.5770776,0.3364790160862038,0.5618624403325567
7696,4.0,644.0,652.0,8.6075,4.616705335779831,22,2,20000.0,61.85,4.586732,4.531736350970673,4.751361107516833
7698,0.0,0.0,204.0,0.0,,2,1,40000.0,2.62,1.0682485,1.0779659762924738,1.0090084942418382
7700,3.0,180.0,230.0,9.726666666666667,8.390051212393681,18,0,20000.0,41.86,8.787712,8.266456763658727,8.529985292934917
7701,1.0,9.0,580.0,9.01,0.5725522056738719,5,4,60000.0,13.93,0.58070934,0.5679692069148456,0.6439683566742413
7702,10.0,673.0,719.0,14.297,15.428107550051198,46,2,40000.0,146.58,15.078433,15.282894126129296,14.56567709321549
7703,0.0,0.0,227.0,0.0,,2,5,40000.0,9.72,0.97416764,1.0765600712976962,0.8603315370493405
7704,5.0,527.0,682.0,22.25,12.53389571479972,23,3,20000.0,133.38,12.550689,12.752715301030905,12.436502255003532
7705,0.0,0.0,246.0,0.0,,4,1,40000.0,8.84,0.9628848,0.9824393278784656,0.8505916539307252
7708,2.0,518.0,640.0,7.84,2.4473840133375555,12,3,20000.0,31.580000000000002,2.4065063,2.6062582645820562,2.329090538093101
7711,5.0,286.0,314.0,21.97,23.247491219437368,29,3,80000.0,115.93,23.256935,23.51565158608637,23.045430872873503
7713,1.0,85.0,241.0,14.6,4.133258455014477,9,1,,29.71,,,
7714,0.0,0.0,661.0,0.0,,5,2,40000.0,13.44,0.10199685,0.16413434778162986,0.2021775556909864
7715,0.0,0.0,550.0,0.0,,3,4,140000.0,3.59,0.23061122,0.16083391158083377,0.24226580255572028
7717,1.0,321.0,537.0,4.79,1.1614082124747527,7,2,40000.0,31.33,1.1140147,1.1292813407046691,1.1986542902304889
7718,0.0,0.0,208.0,0.0,,5,3,40000.0,19.45,0.9198416,1.0754504401628622,0.9306340711695471
7720,3.0,302.0,622.0,19.733333333333334,6.352932532793119,14,3,140000.0,71.62,6.3487954,6.3616266388585645,6.285216781810674
7721,2.0,342.0,641.0,13.129999999999999,3.3248914979013673,13,3,40000.0,42.24,3.4724247,3.160237876140644,3.402884232456134
7723,1.0,35.0,322.0,42.24,6.274416331372214,7,2,,58.25,,,
7724,1.0,275.0,511.0,9.3,1.801687653855657,7,1,60000.0,22.32,1.7659146,1.8238464420432576,1.8308565109677009
7725,0.0,0.0,655.0,0.0,,3,0,120000.0,11.81,0.001156053,0.1641765514373381,0.1942579212991573
7726,4.0,114.0,294.0,8.6625,6.198983038273471,18,1,20000.0,65.92,6.1500306,6.0271753278067886,6.162355990079995
7727,0.0,0.0,344.0,0.0,,5,1,40000.0,15.1,0.421924,0.5079300031132475,0.6279910194855676
7728,0.0,0.0,130.0,0.0,,3,1,20000.0,12.77,1.7978957,2.0949962246997424,1.7303744091774744
7729,0.0,0.0,193.0,0.0,,4,4,40000.0,7.78,1.068788,1.2051799124754747,0.9825174873867999
7731,1.0,362.0,574.0,19.68,3.12435816136038,11,5,20000.0,32.5,3.1173723,3.086526117737261,3.3498246232142654
7733,3.0,594.0,726.0,19.766666666666666,6.939368172333909,18,5,20000.0,100.13,8.755861,8.492426291105993,8.140928419692827
7734,1.0,83.0,142.0,19.26,8.00757096133276,8,1,40000.0,41.1,8.008471,8.277031749581255,8.024035021797626
7743,4.0,537.0,713.0,13.8075,6.262714681995185,16,0,40000.0,86.92999999999999,6.564079,6.669234561431329,6.096004862248185
7745,2.0,49.0,150.0,16.055,10.847726176595563,13,2,40000.0,38.93,10.84809,10.732465504066159,10.595179029162125
7746,3.0,279.0,304.0,7.076666666666667,5.418912224758922,13,1,60000.0,33.45,5.388886,5.441644849156836,5.433555924873914
7747,0.0,0.0,166.0,0.0,,5,5,140000.0,15.73,1.3396149,1.5614320264899844,1.3495906028028113
7750,2.0,240.0,645.0,11.82,2.512925044909526,14,2,40000.0,37.1,2.5503113,2.478971061535886,2.4413389857988066
7751,1.0,10.0,98.0,17.8,7.961166517222162,6,2,40000.0,21.76,7.985935,7.946194152665088,7.738735842441435
7752,0.0,0.0,467.0,0.0,,4,2,40000.0,11.52,0.34475756,0.29636303432358474,0.3114972941624883
7753,2.0,185.0,506.0,7.904999999999999,2.246300542401967,10,5,20000.0,30.73,2.3117256,2.2696244557056167,2.319071184771295
7757,0.0,0.0,68.0,0.0,,5,2,40000.0,4.38,2.8321168,2.447622245721759,2.8897118316924724
7758,1.0,339.0,344.0,11.4,3.345838235246383,6,2,80000.0,16.52,3.3407464,3.2358235342941177,3.2506195214704894
7764,1.0,27.0,157.0,9.97,3.8127857840719095,8,0,20000.0,17.92,3.82192,3.9107867962087854,3.8802488061768434
7767,0.0,0.0,117.0,0.0,,3,0,40000.0,23.67,2.1337872,2.1012261728155797,2.0234395893855917
7768,3.0,25.0,658.0,10.433333333333332,0.2758019934489524,15,3,40000.0,34.66,0.28160244,0.5093981864107958,0.3553989728713125
7769,1.0,218.0,442.0,28.8,4.976952627743824,9,0,20000.0,56.260000000000005,4.956006,4.77437982436069,5.242840890588813
7770,0.0,0.0,139.0,0.0,,5,4,60000.0,4.08,1.9950944,1.815874464116353,1.7488992638956162
7775,1.0,48.0,697.0,19.79,1.0150670901229204,9,4,40000.0,34.04,1.0182505,0.8910878840512887,1.1766810755362638
7776,0.0,0.0,273.0,0.0,,2,2,60000.0,2.48,0.69896954,0.7024506320913153,0.5603721077972441
7779,0.0,0.0,136.0,0.0,,3,4,20000.0,25.56,1.8549714,1.679733772570617,1.7262881833049875
7780,3.0,539.0,607.0,13.063333333333333,5.558500712444384,18,3,80000.0,63.87,5.997339,6.020468057308226,5.8739996353263795
7781,2.0,24.0,712.0,9.584999999999999,0.40016980422304593,15,2,60000.0,37.86,0.3462483,0.34067915468467636,0.15837848394526866
7782,15.0,291.0,341.0,15.934666666666667,43.52128769487199,67,3,40000.0,255.67,43.503952,37.784163297398045,42.8234410992323
7786,0.0,0.0,270.0,0.0,,3,1,60000.0,5.83,0.79005593,0.7576312607621982,0.5731800171293164
7787,0.0,0.0,257.0,0.0,,3,3,80000.0,9.69,0.8386342,0.7646260778315274,0.5930153276734442
7788,0.0,0.0,267.0,0.0,,6,3,100000.0,12.44,0.7642119,0.7646260778315274,0.5227786443301383
7789,0.0,0.0,36.0,0.0,,5,0,20000.0,4.13,4.490524,3.3857901453698576,3.883018494306405
7791,0.0,0.0,539.0,0.0,,4,5,20000.0,16.54,0.29737318,0.1666198110010848,0.27281534726104884
7792,0.0,0.0,493.0,0.0,,3,1,60000.0,3.16,0.2887776,0.24120296274651262,0.2217081591876715
7793,6.0,230.0,297.0,15.408333333333333,19.58612305421773,30,4,40000.0,107.84,19.581684,19.389502231995422,19.491417574655358
7794,1.0,43.0,53.0,17.8,11.50374907042493,8,5,40000.0,45.730000000000004,11.50608,12.452583125486777,11.667872097154929
7797,0.0,0.0,30.0,0.0,,4,5,20000.0,4.29,4.5605164,3.360335406915204,3.781072757673503
7800,0.0,0.0,157.0,0.0,,5,4,40000.0,7.17,1.8249383,1.7419188173226912,1.6107929712917892
7801,4.0,602.0,701.0,15.35,7.269778463251098,18,3,80000.0,67.89,6.9692044,7.17649247896677,7.1354944388713095
7806,0.0,0.0,519.0,0.0,,5,1,40000.0,10.58,0.267873,0.24758052257746216,0.22243135604072162
7807,1.0,37.0,208.0,8.58,2.750427708742831,6,4,60000.0,16.23,2.7830265,2.7938127918311615,2.675064165967763
7808,1.0,84.0,167.0,12.69,5.074185307852709,8,4,120000.0,22.049999999999997,5.1255574,5.225083858308436,5.182057261220295
7810,4.0,283.0,379.0,19.7,14.482840926297557,24,5,20000.0,93.31,14.4673605,14.450358476954554,14.388242363344238
7811,0.0,0.0,560.0,0.0,,2,4,40000.0,14.4,0.2270649,0.16311403599244909,0.2198690035113966
7812,6.0,252.0,313.0,7.411666666666666,9.530910119664982,30,1,60000.0,60.98,9.525275,9.532107046411541,9.943281376070805
7813,4.0,380.0,510.0,14.5275,8.623184601089482,20,2,20000.0,70.09,7.701304,8.54835097962617,8.269496809342831
7814,0.0,0.0,108.0,0.0,,3,5,20000.0,2.77,2.4632902,2.2614615300957173,2.1649657461642784
7816,2.0,246.0,253.0,24.619999999999997,13.683063572349635,14,4,40000.0,58.480000000000004,13.641882,13.272667908909414,13.37921807697077
7818,3.0,638.0,648.0,10.99,4.577837711125141,16,4,40000.0,45.5,4.5832143,4.693655934069771,4.6408135040043215
7821,1.0,15.0,380.0,15.48,1.8392893152297596,6,4,80000.0,19.77,1.8049524,1.9266216614696543,1.8881099281166662
7822,4.0,483.0,638.0,13.0275,6.519233098560749,17,2,40000.0,75.47,6.5431013,6.805139203543788,6.789475089280106
7823,4.0,672.0,721.0,10.9325,5.247736461685054,24,5,20000.0,80.23,6.4584203,5.9347839956463195,5.416420397255498
7828,2.0,185.0,481.0,13.895,3.911351372643789,10,3,60000.0,40.78,3.8446085,4.196047091225177,3.773568408909803
7830,1.0,2.0,589.0,5.68,0.38393465969946783,7,5,40000.0,10.48,0.40302968,0.43397034327819706,0.42695022374970026
7831,4.0,478.0,599.0,11.1,6.0026553689219675,18,4,20000.0,69.63,6.0311284,6.139756513626096,6.090801192277414
7832,2.0,436.0,631.0,3.475,1.2966154169496227,15,3,100000.0,45.61,1.3266684,1.481080093679269,1.2963952452625644
7835,0.0,0.0,520.0,0.0,,5,4,60000.0,15.83,0.32834804,0.25823114013877146,0.2129666648311428
7836,9.0,308.0,330.0,18.545555555555556,32.7571026279965,55,5,40000.0,186.34,32.775414,34.610192444227096,33.210551274939036
7839,0.0,0.0,336.0,0.0,,5,3,20000.0,9.74,0.55431503,0.6274142755229832,0.6177858847965281
7841,2.0,299.0,742.0,17.04,3.1793016413062785,15,5,80000.0,48.980000000000004,3.161956,3.249127153813802,3.2089561637264765
7842,2.0,113.0,398.0,17.384999999999998,5.009392319526289,12,2,120000.0,67.92,4.999548,4.605172669779372,4.78057186424636
7843,1.0,438.0,558.0,7.4,1.6103239119086168,9,4,40000.0,19.41,1.522778,1.6556017719828136,1.771169101317347
7845,0.0,0.0,711.0,0.0,,2,5,80000.0,6.62,0.020402184,0.14842466729558043,0.16383791757160093
7848,0.0,0.0,255.0,0.0,,4,1,20000.0,11.4,0.65716285,0.7595166133402564,0.658399443936128
7849,4.0,438.0,538.0,12.84,7.5311435419842265,22,2,40000.0,62.5,7.557755,7.666071203369825,7.428540506984884
7851,1.0,152.0,420.0,19.11,3.278369009110852,11,4,40000.0,31.02,3.304166,3.4269836255532957,3.4792142091053777
7852,3.0,207.0,323.0,21.373333333333335,13.266445531451133,20,3,80000.0,80.56,13.338304,13.429823172362882,13.229760026635569
7855,1.0,320.0,641.0,28.8,3.634401670820383,10,3,80000.0,52.43,3.6625514,3.734035273032782,3.9116484198651986
7856,2.0,127.0,622.0,14.385000000000002,2.073285442336487,14,4,20000.0,39.410000000000004,2.0916984,1.9314191616345435,2.0571506850435046
7857,2.0,459.0,668.0,31.485,7.839806782001124,17,3,40000.0,89.03,7.825797,8.001280168511295,7.908282044198584
7859,0.0,0.0,392.0,0.0,,4,4,40000.0,17.0,0.48904854,0.3470455313103681,0.46960240625144767
7860,2.0,193.0,317.0,16.655,7.562383537632461,13,2,40000.0,41.05,7.5767655,7.544784298148154,7.5371976850664435
7861,0.0,0.0,489.0,0.0,,5,4,60000.0,6.37,0.39754632,0.26220346494173663,0.27177446723584264
7862,16.0,494.0,658.0,19.161875,26.148871725931276,85,4,40000.0,326.79,26.141161,26.46988669977066,26.28832732228069
7863,0.0,0.0,277.0,0.0,,3,5,60000.0,2.27,0.7550071,0.704837334756696,0.5631561714888802
7865,2.0,527.0,620.0,8.115,2.6108642368913935,8,1,140000.0,17.8,2.6342576,2.6206680198448957,2.591025684701192
7868,0.0,0.0,172.0,0.0,,2,4,40000.0,6.92,1.4291673,1.4679978317335576,1.276769263847771
7869,1.0,105.0,256.0,5.42,2.0145661230612575,6,1,20000.0,7.83,2.0284383,1.9498854125069416,1.9226447155401045
7870,1.0,17.0,375.0,15.84,1.9369713611373498,10,1,120000.0,31.97,1.8904375,1.891439777108189,2.0580326600520182
7872,0.0,0.0,311.0,0.0,,4,4,60000.0,7.33,0.66158754,0.6401761159608397,0.5786050604597701
7873,1.0,460.0,590.0,8.06,1.6292546050523447,8,0,40000.0,22.0,1.6159643,1.5868611293210706,1.750499093408699
7874,1.0,304.0,346.0,10.33,3.0175849517801554,6,0,20000.0,12.32,2.9998538,2.7124631651383204,3.0368491812253686
7880,0.0,0.0,437.0,0.0,,4,5,60000.0,8.0,0.41489664,0.28816811360505024,0.4320613967905338
7881,0.0,0.0,684.0,0.0,,6,3,20000.0,8.14,0.07677102,0.15814581502061087,0.2025861993226581
7882,2.0,2.0,209.0,12.195,4.778020566382575,12,2,40000.0,29.79,4.7433558,4.80092747255946,4.9199701450564515
7884,0.0,0.0,122.0,0.0,,5,1,40000.0,21.63,2.1634495,2.117819708987443,1.8606684685383401
7886,0.0,0.0,212.0,0.0,,5,1,60000.0,2.64,1.0573436,1.0575556275488978,0.9354553205730021
7887,3.0,484.0,490.0,19.19,9.56457660802503,18,2,40000.0,73.78999999999999,8.79042,9.13108914536703,9.267272426502814
7888,0.0,0.0,151.0,0.0,,6,2,80000.0,30.86,2.014432,1.5960037961845361,1.7951452300664936
7890,1.0,2.0,118.0,22.4,8.293270611538734,8,1,60000.0,26.18,8.3092785,8.027936810074426,8.067463632910776
7893,2.0,144.0,311.0,26.924999999999997,11.134890925090339,14,2,40000.0,92.73,14.580294,14.151401417752034,11.21675875647112
7896,4.0,507.0,525.0,18.345,11.087985896465252,19,2,140000.0,77.19,9.548455,9.623365965403336,10.276471796148638
7897,0.0,0.0,458.0,0.0,,6,5,,14.7,,,
7902,0.0,0.0,731.0,0.0,,6,1,60000.0,8.74,0.002563815,0.16885967706272384,0.1559603548966333
7904,0.0,0.0,134.0,0.0,,4,4,60000.0,29.72,2.2055023,1.541681098232139,1.755209447028622
7905,2.0,194.0,622.0,8.41,1.7510484428614546,11,4,20000.0,25.63,1.8129683,1.8258458342615451,1.9218609779827798
7906,3.0,458.0,563.0,7.596666666666667,3.5752402698348167,19,1,20000.0,25.04,3.5618734,3.484673530688084,3.5622583812593627
7909,2.0,312.0,454.0,10.205,3.860244888560847,13,4,80000.0,49.05,3.8331792,3.821207215470255,4.06228625384581
7910,0.0,0.0,268.0,0.0,,4,1,60000.0,7.72,0.76270026,0.7576312607621982,0.558240463970809
7913,1.0,30.0,684.0,5.99,0.3779536766109109,8,1,100000.0,21.11,0.39518186,0.42031747615280834,0.4331156526797333
7914,1.0,552.0,611.0,23.05,3.784656497940526,9,2,80000.0,28.52,3.7932587,3.705705536863559,3.766745051445936
7915,2.0,400.0,592.0,8.815000000000001,2.7440241644653893,9,1,120000.0,29.51,2.7847693,2.777341212840237,2.848316712861838
7917,4.0,270.0,317.0,11.29,9.989600870511557,20,4,80000.0,47.58,10.011862,9.807957953312675,9.485476020892856
7920,3.0,640.0,673.0,16.356666666666666,6.364816248707918,18,3,20000.0,58.7,6.3542514,6.187857484781299,6.23009598461001
7921,0.0,0.0,485.0,0.0,,2,0,100000.0,4.94,0.3452836,0.2525796494421802,0.28431751768359437
7924,1.0,211.0,387.0,4.54,1.4258011055625717,8,0,60000.0,31.32,1.3998592,1.517675495926882,1.4335187853894666
7927,0.0,0.0,698.0,0.0,,4,3,40000.0,8.17,0.08727246,0.13281219493703497,0.20384514424759193
7929,2.0,258.0,357.0,11.91,5.348651838264603,12,4,20000.0,38.89,5.2576222,5.24452702586514,5.379673955014514
7930,1.0,28.0,666.0,4.22,0.3186343454390592,9,5,40000.0,10.52,0.4232002,0.3598870105658794,0.3919871656943297
7934,5.0,308.0,341.0,13.898,14.123465771154255,24,3,40000.0,73.52000000000001,14.085272,14.05917707837908,13.89662715763001
7936,0.0,0.0,126.0,0.0,,2,1,20000.0,9.42,2.1005986,2.0949962246997424,1.874468810208139
7938,1.0,241.0,737.0,9.36,1.0499413986020634,5,1,60000.0,18.32,1.0502275,1.031945792963679,0.979792235853961
7939,0.0,0.0,128.0,0.0,,4,3,40000.0,16.32,2.211291,2.1232865327001407,1.8683539854912574
7940,0.0,0.0,259.0,0.0,,3,1,40000.0,14.15,0.77497166,0.7687021800361291,0.6148797479210284
7942,0.0,0.0,428.0,0.0,,4,5,100000.0,15.91,0.46469098,0.3057411399814059,0.4871492773178776
7945,0.0,0.0,192.0,0.0,,2,2,80000.0,16.61,1.0934173,1.455887031869392,0.9958380082720826
7946,7.0,273.0,359.0,11.147142857142857,14.268601336721346,32,1,100000.0,89.6,14.251285,14.531394393644447,14.245822496083692
7950,0.0,0.0,333.0,0.0,,3,4,40000.0,5.81,0.6024937,0.6134756308635777,0.5610598655894989
7951,1.0,109.0,457.0,16.81,2.3474273589803034,9,0,80000.0,32.86,2.3516092,2.2990670907871564,2.33751874737509
7952,4.0,337.0,374.0,8.6775,7.04225302873677,22,4,100000.0,69.34,7.0808253,7.319441478658529,7.674948528578043
7954,0.0,0.0,113.0,0.0,,6,2,40000.0,8.74,2.5467982,2.415004644829032,2.1667799876196883
7956,0.0,0.0,628.0,0.0,,3,2,40000.0,0.62,0.09886452,0.1816365932423923,0.18769004329939953
7958,0.0,0.0,267.0,0.0,,6,1,60000.0,19.81,0.65386015,0.7521719157262727,0.5629959088717227
7960,0.0,0.0,249.0,0.0,,2,2,40000.0,16.5,0.9058576,0.9853831367847795,0.6120817923387136
7961,0.0,0.0,651.0,0.0,,3,0,60000.0,2.28,0.032988094,0.16466149542511874,0.19811937580518002
7963,4.0,445.0,567.0,20.405,11.102325957779291,21,3,40000.0,96.75,11.140506,11.061209903933845,11.1198922003925
7964,0.0,0.0,44.0,0.0,,3,2,140000.0,4.4,3.493528,3.0389036428612566,2.9732376159142926
7965,0.0,0.0,278.0,0.0,,3,3,40000.0,9.56,0.7245756,0.7054695163343584,0.5896974460380147
7967,0.0,0.0,217.0,0.0,,6,4,40000.0,5.37,1.0486151,1.060640481222291,0.8410193855711592
7968,1.0,286.0,473.0,5.89,1.4644994216094067,7,2,,8.37,,,
7969,3.0,161.0,321.0,9.59,5.903773394256485,16,2,60000.0,46.05,5.935663,6.1777085581445865,5.802654709400473
7970,2.0,191.0,330.0,15.015,6.607098369173128,12,2,40000.0,32.77,6.5607862,6.548189277470966,6.507704330367862
7971,0.0,0.0,480.0,0.0,,4,4,40000.0,9.54,0.42699376,0.2622173420278903,0.22659695032122684
7972,0.0,0.0,575.0,0.0,,6,1,40000.0,21.72,0.11448425,0.16611813233143283,0.23405502669011113
7976,1.0,65.0,153.0,10.72,4.576675289831404,10,0,40000.0,16.96,4.5790944,4.573495200858776,4.661570125807417
7977,10.0,301.0,377.0,9.621,16.622980686406834,43,1,80000.0,117.44999999999999,19.81522,17.325795417582533,16.86212516798404
7978,1.0,363.0,527.0,14.62,2.695084554045174,9,4,40000.0,42.769999999999996,2.6930654,2.24599093575759,2.736633344116589
7980,0.0,0.0,444.0,0.0,,5,1,60000.0,20.42,0.28327054,0.28158232055039595,0.3936724266575071
7981,0.0,0.0,351.0,0.0,,3,1,40000.0,2.75,0.47884092,0.3657101706570829,0.6124690630124006
7983,1.0,450.0,527.0,2.18,0.8998948766680488,6,1,40000.0,10.81,0.924795,1.0725839987178916,1.0713823950175891
7986,2.0,359.0,511.0,7.755,2.8120079334922985,14,0,20000.0,26.46,2.8313959,2.7914157583273957,2.7997216625272303
7989,4.0,540.0,580.0,10.1875,5.869729299588606,23,2,20000.0,43.79,5.8480687,5.8664609378409605,5.628279936709475
7990,0.0,0.0,232.0,0.0,,5,4,120000.0,12.58,0.9734942,1.0337502504376836,0.8443382512333342
7993,0.0,0.0,67.0,0.0,,5,5,40000.0,13.07,2.870896,2.422167507267105,2.8555572111743666
7994,2.0,17.0,180.0,11.955,6.231164782347273,14,0,120000.0,44.879999999999995,6.231828,6.767540749714724,6.502230310472629
7996,0.0,0.0,655.0,0.0,,4,1,80000.0,11.59,0.032876007,0.1708126093872841,0.18901680517060981
7997,0.0,0.0,234.0,0.0,,5,5,40000.0,12.27,0.95374244,1.0493450122941665,0.8459442158861306
8000,0.0,0.0,642.0,0.0,,5,2,80000.0,11.54,0.06093406,0.1737564182935979,0.18277910519011265
8001,0.0,0.0,28.0,0.0,,3,4,60000.0,6.38,4.6178083,3.1868080462125628,3.7826800595811156
8002,2.0,259.0,372.0,6.645,3.164925334619741,14,3,40000.0,21.09,3.1351743,3.021799093696357,3.3709116320784607
8003,3.0,468.0,626.0,12.803333333333335,5.120527859598583,18,1,20000.0,50.470000000000006,5.1823564,5.187218992192681,5.138889138783435
8008,0.0,0.0,137.0,0.0,,4,3,40000.0,7.73,1.9258057,1.7896535437672147,1.7148751925376917
8009,0.0,0.0,169.0,0.0,,4,1,60000.0,23.67,1.5659953,1.6390980025192112,1.3933248778489302
8012,0.0,0.0,316.0,0.0,,2,3,60000.0,9.72,0.65835494,0.6460867560759114,0.6208904063227694
8014,0.0,0.0,272.0,0.0,,4,1,60000.0,3.74,0.70945555,0.6995068231850016,0.5689639160481201
8015,3.0,463.0,561.0,6.796666666666667,3.268329938629226,14,2,20000.0,46.44,3.2844992,3.393581611993888,3.3769486010186354
8020,1.0,5.0,255.0,18.96,3.4988796772528996,6,3,40000.0,23.98,3.4982479,3.5318495104592236,3.416588571393935
8022,0.0,0.0,239.0,0.0,,2,4,40000.0,13.16,0.8805925,0.9948515793012468,0.8545985775729061
8029,0.0,0.0,201.0,0.0,,2,0,60000.0,9.61,1.0490838,1.1590607580872114,1.0197936359229107
8034,2.0,21.0,246.0,4.955,2.143464160736058,10,4,100000.0,19.259999999999998,2.136963,2.081926539377537,2.126282710541104
8039,2.0,199.0,269.0,3.49,2.5128728133679132,10,2,80000.0,11.3,2.5188446,2.5703172894170194,2.635736291183594
8040,7.0,259.0,302.0,16.054285714285715,23.656983549619834,33,4,80000.0,130.89000000000001,23.621704,23.699708980602843,23.959180059268558
8041,1.0,12.0,489.0,17.68,1.34268152649019,12,5,20000.0,48.239999999999995,1.3382226,1.0683875545098525,1.0331348370436686
8042,0.0,0.0,258.0,0.0,,4,1,40000.0,26.54,0.8918564,0.8987888930564856,0.6466122808506274
8044,0.0,0.0,69.0,0.0,,6,3,60000.0,9.58,2.8379862,2.2516512075969466,2.920269206388159
8046,1.0,205.0,608.0,32.54,3.603121997711388,7,3,60000.0,43.2,3.6527884,3.6869614710984493,3.880198009072026
8048,1.0,25.0,446.0,7.68,0.9057463737494624,8,4,40000.0,14.82,0.90043277,0.9313553435173431,0.9573696439923376
8054,0.0,0.0,719.0,0.0,,3,0,20000.0,5.04,-0.04803711,0.11860929313373371,0.15431653256998512
8055,1.0,71.0,573.0,5.7,0.646931429261693,6,1,40000.0,12.06,0.62203956,0.5870604329269602,0.6710189470636507
8056,0.0,0.0,406.0,0.0,,4,3,120000.0,11.15,0.47459307,0.3230451853362154,0.4514170406905933
8059,4.0,573.0,595.0,11.645,6.5404279876204106,17,0,40000.0,55.089999999999996,6.493984,6.599313597684019,6.441465839302906
8060,0.0,0.0,709.0,0.0,,1,4,60000.0,1.65,0.024716,0.14161836645857215,0.17739111167506394
8061,4.0,143.0,334.0,11.2775,7.4292443620319055,24,1,60000.0,69.19,7.386706,7.034467001787057,7.347715384097039
8062,0.0,0.0,583.0,0.0,,5,1,20000.0,22.88,0.110507615,0.16237893478415752,0.22527390648194778
8063,3.0,401.0,570.0,10.316666666666668,4.467085627075684,21,5,20000.0,61.99,4.4308057,4.340319707209115,4.62605101330669
8068,2.0,363.0,637.0,11.16,2.977552276071393,17,4,80000.0,35.31,2.759202,2.9361755868839037,2.8905953482043447
8069,0.0,0.0,27.0,0.0,,4,5,20000.0,4.42,4.5605164,3.360335406915204,3.781072757673503
8070,3.0,377.0,559.0,16.996666666666666,7.083005239602928,18,3,60000.0,71.99,7.120684,7.045074890323009,7.06048847415352
8072,0.0,0.0,376.0,0.0,,3,2,40000.0,7.74,0.47469053,0.3686539795633967,0.5312964320812048
8074,4.0,540.0,646.0,12.495,6.371351281483793,20,4,40000.0,53.22,6.3829217,6.298592895417399,6.142872481163702
8077,4.0,305.0,326.0,16.575000000000003,14.242129620839084,20,4,40000.0,75.9,14.20881,14.110204176625858,14.362101373124943
8079,0.0,0.0,107.0,0.0,,4,5,80000.0,3.35,2.5979812,2.181542282573782,2.1559784738331036
8080,0.0,0.0,235.0,0.0,,4,3,40000.0,17.11,0.9098746,1.0413827387899712,0.8774803846849135
8083,1.0,324.0,566.0,6.27,1.2900916005655472,6,0,40000.0,12.11,1.3085663,1.3537223890948296,1.328898537358941
8087,9.0,324.0,358.0,15.029999999999998,25.069112452323843,40,2,20000.0,141.59,20.619923,23.520354751904037,22.96925783179815
8089,2.0,332.0,503.0,17.2,5.580767204413984,12,2,80000.0,58.16,6.258072,5.640308635810458,5.685681571972852
8091,3.0,521.0,714.0,12.956666666666665,4.6052342193888895,16,4,100000.0,46.93,4.6171875,4.4971759032621925,4.547949325682293
8094,0.0,0.0,547.0,0.0,,5,2,60000.0,4.27,0.1957141,0.1445961152992164,0.2668559420013228
8097,0.0,0.0,302.0,0.0,,4,1,40000.0,4.98,0.6534459,0.6688633143145443,0.6379360681260016
8098,2.0,179.0,663.0,21.174999999999997,3.332358625022307,12,3,40000.0,57.47,3.3427942,3.190608189645684,3.4931907632364814
8101,0.0,0.0,231.0,0.0,,4,2,140000.0,8.28,0.9140701,1.0404900399498302,0.8828640275439712
8105,0.0,0.0,321.0,0.0,,4,4,120000.0,5.58,0.6715863,0.6106621677985429,0.610286000729336
8106,3.0,241.0,290.0,7.6433333333333335,5.893895251370326,17,4,80000.0,34.57,5.8758955,5.793557619917111,5.95674318411206
8107,0.0,0.0,675.0,0.0,,6,3,40000.0,31.08,0.18288621,0.056865591680240954,0.2354834988053618
8108,3.0,306.0,647.0,8.266666666666667,2.7158126938992666,17,2,40000.0,30.8,2.706285,2.7664049201979566,2.6999067640965584
8110,1.0,65.0,325.0,11.1,2.2568852196311138,8,3,20000.0,15.79,2.217598,2.3438491431217128,2.326899652001604
8111,1.0,476.0,668.0,4.62,1.0053506367605953,11,2,40000.0,8.879999999999999,1.0139396,0.9923037408155613,0.9489471775058753
8113,0.0,0.0,176.0,0.0,,5,2,60000.0,24.7,1.5411727,1.4171200187304223,1.3067411232952457
8114,0.0,0.0,240.0,0.0,,4,2,40000.0,13.4,0.84655124,1.0007622194163184,0.8710390766822886
8115,2.0,102.0,287.0,11.085,4.928045281011889,15,5,60000.0,35.24,4.984179,5.154175984600527,4.951841764717583
8116,4.0,627.0,690.0,15.035,7.301515463380042,17,2,120000.0,68.1,6.917316,7.035061198672454,6.985073840561193
8117,1.0,165.0,478.0,8.37,1.5059668054693747,10,5,20000.0,16.939999999999998,1.5052208,1.4460680340305931,1.4940259215145995
8118,4.0,95.0,320.0,13.8025,7.1772625404106165,22,4,120000.0,78.4,8.978928,6.294806905149814,7.324034056614565
8119,1.0,12.0,135.0,1.32,1.4586128312441708,7,0,60000.0,5.98,1.9597082,1.8415750715333277,1.953285647956914
8121,3.0,340.0,358.0,3.733333333333333,2.890727502112161,10,2,20000.0,21.549999999999997,2.8999581,2.9079457855622106,3.1188818739103974
8123,0.0,0.0,652.0,0.0,,5,3,60000.0,19.32,0.010720006,0.16151933533023846,0.1928778243986553
8124,1.0,169.0,496.0,13.95,2.12760396533331,7,2,20000.0,26.46,2.193825,2.120097892969272,1.8965877552124129
8125,1.0,10.0,657.0,29.9,1.2187712723052009,10,4,40000.0,40.7,1.236518,1.188724631123522,1.337145087258274
8129,0.0,0.0,634.0,0.0,,4,3,20000.0,5.04,0.100465044,0.17516830792886706,0.185080264528378
8130,1.0,238.0,303.0,2.3,1.3558634871712205,6,4,60000.0,11.260000000000002,1.3718046,1.400432404435511,1.4166204741249935
8134,0.0,0.0,320.0,0.0,,3,2,40000.0,4.62,0.6170447,0.6235927190245301,0.6535820662730387
8137,1.0,383.0,483.0,5.85,1.5532337765208362,8,5,40000.0,14.06,1.5344537,1.4990831544408696,1.5806165249358024
8138,0.0,0.0,552.0,0.0,,4,4,40000.0,8.28,0.2884643,0.16977778612116934,0.27346365524506844
8139,1.0,13.0,292.0,6.22,1.342928451225601,8,0,60000.0,13.57,1.3257569,1.2291646371759057,1.2363638666668457
8140,3.0,511.0,559.0,8.049999999999999,3.865321617904495,11,1,40000.0,31.76,3.8418798,3.7046506541976445,3.724523139725961
8141,2.0,393.0,457.0,7.390000000000001,3.0828663164551466,7,4,100000.0,23.47,3.118007,3.062592740438425,3.0882897689435342
8145,0.0,0.0,234.0,0.0,,3,3,40000.0,13.41,0.9544793,1.0468420838258967,0.8692764488113482
8146,1.0,91.0,396.0,10.92,1.9037831140833916,10,1,120000.0,21.939999999999998,1.7296923,2.0082471608853414,1.7040590845456745
8147,0.0,0.0,712.0,0.0,,3,3,140000.0,2.92,-0.024270602,0.15367889891366657,0.1753400790159203
8148,1.0,105.0,146.0,5.76,3.315388355434556,9,4,100000.0,11.36,3.0849285,3.136959137718734,3.0870316304765404
8151,1.0,132.0,246.0,2.29,1.4321257495114672,5,0,40000.0,11.61,1.4302293,1.384906482979751,1.524578730357658
8153,0.0,0.0,358.0,0.0,,5,3,20000.0,19.94,0.33633286,0.3712226390718048,0.6248346920276635
8154,1.0,698.0,714.0,7.8,1.4481407358043983,10,5,140000.0,28.2,1.4429151,1.5646044879854009,1.4990209201197047
8158,1.0,28.0,603.0,9.48,0.6430728982188022,9,3,20000.0,24.6,0.64692914,0.6198398144889768,0.6603609997094946
8159,3.0,157.0,544.0,11.030000000000001,2.773389629848788,16,4,100000.0,45.47,2.7901998,2.747719212703144,3.038538086933846
8161,0.0,0.0,454.0,0.0,,6,0,20000.0,7.13,0.2128362,0.30745916392250716,0.432459508635084
8163,0.0,0.0,56.0,0.0,,7,3,40000.0,21.13,3.1683419,3.088899156959227,2.9600038179425376
8164,5.0,503.0,701.0,23.002,12.271407509548297,28,4,40000.0,130.76,12.271219,12.005796844562724,12.776909224985141
8165,2.0,198.0,223.0,8.94,5.930865931785858,12,1,,25.189999999999998,,,
8166,2.0,52.0,114.0,16.11,13.199310926496757,9,2,140000.0,44.6,13.1798525,13.08292036788483,13.089731279351405
8169,10.0,321.0,357.0,12.162,22.510654675206546,46,3,80000.0,131.05,22.548176,22.333420882232243,22.650612175667078
8171,1.0,82.0,698.0,24.14,1.4632852445157598,8,1,100000.0,36.38,1.4580065,1.446735885434694,1.383282734417464
8172,6.0,466.0,621.0,11.693333333333333,8.44523719987263,27,0,60000.0,85.65,8.476409,8.455249560185166,8.652147066394525
8173,1.0,231.0,362.0,35.91,7.680235120954102,13,4,40000.0,46.709999999999994,7.66845,8.079337599200286,7.980800039328133
8175,0.0,0.0,581.0,0.0,,6,5,120000.0,11.4,0.1469849,0.19039272120484543,0.1737244725418865
8176,3.0,197.0,236.0,18.926666666666666,15.366878425879197,15,1,20000.0,64.81,15.340631,15.214398053863691,15.339339167575638
8179,2.0,166.0,242.0,5.63,3.7422839730309105,16,3,60000.0,14.52,3.755113,3.5767846808624326,3.7351537697796466
8180,0.0,0.0,301.0,0.0,,5,1,60000.0,20.52,0.5447508,0.6523330500046879,0.6283343885381507
8181,3.0,455.0,597.0,8.68,3.77235038508306,19,3,60000.0,30.43,3.77837,3.683095669285885,3.792813473381549
8182,0.0,0.0,87.0,0.0,,5,2,100000.0,21.95,2.699688,2.2070993644319294,2.274482400006131
8183,0.0,0.0,95.0,0.0,,3,4,40000.0,2.21,2.730494,2.3361774094587258,2.233747169452106
8184,0.0,0.0,176.0,0.0,,6,4,60000.0,19.95,1.3561383,1.4845712307073247,1.2854331915078836
8185,0.0,0.0,408.0,0.0,,2,4,140000.0,2.99,0.46790078,0.31523696485380065,0.4509797343863582
8187,1.0,21.0,529.0,21.44,1.4790000251636541,7,1,80000.0,39.650000000000006,1.2174366,1.1904214450423893,1.4006091227039716
8188,3.0,116.0,226.0,12.22,9.600153631284462,17,3,40000.0,42.54,9.582998,9.228605113036705,9.249416848182497
8189,3.0,143.0,487.0,9.92,2.9451834935769883,17,2,80000.0,41.24,3.0002964,3.374444579791502,2.897807156655616
8190,1.0,16.0,354.0,19.82,2.522812493062666,10,2,40000.0,28.07,2.5127623,2.4808170995019694,2.6518769809539093
8191,5.0,175.0,222.0,18.992,24.74722498946095,33,5,140000.0,117.36,24.7502,24.762754810771696,25.009530277974047
8195,2.0,129.0,186.0,5.165,4.131235855896257,12,0,80000.0,15.35,4.158502,4.140397985126093,4.20745789800406
8196,1.0,17.0,527.0,20.53,1.391970511472997,10,0,140000.0,38.94,1.3733717,1.4555950086773786,1.3662775732524866
8198,1.0,394.0,647.0,7.48,1.3229573215384538,9,4,,12.920000000000002,,,
8199,5.0,513.0,531.0,9.78,7.364164396910587,25,3,40000.0,54.41,7.3737955,7.137858872558089,7.106777062963031
8202,5.0,633.0,678.0,12.164,7.3923103561396495,27,0,80000.0,67.13,7.3898067,7.297524557159894,7.286894847340317
8203,8.0,232.0,302.0,10.99625,17.989529443447648,40,1,40000.0,98.12,17.979362,17.97048094705695,18.127901152986524
8204,5.0,187.0,283.0,13.116,14.184231573927281,29,3,20000.0,79.83,14.1939945,14.023721747983558,14.612175796347666
8206,0.0,0.0,588.0,0.0,,4,4,140000.0,10.9,0.15067704,0.16516161302620835,0.18492022991126777
8207,1.0,11.0,525.0,12.19,0.8730473538775536,8,0,80000.0,17.32,0.8638596,1.0212137044016154,0.896291174987657
8211,2.0,18.0,335.0,8.23,1.8976154190708456,9,1,20000.0,36.35,1.8897209,1.919868446854873,1.8936908217550048
8212,0.0,0.0,296.0,0.0,,4,2,40000.0,3.67,0.57475495,0.671807123220858,0.6083010592666334
8215,0.0,0.0,693.0,0.0,,5,4,20000.0,8.57,0.12910952,0.16592079064210527,0.19542203157583415
8217,0.0,0.0,250.0,0.0,,4,1,60000.0,19.23,0.8849321,0.965909063568609,0.6094436295549466
8218,1.0,201.0,435.0,2.44,0.9097232952860888,6,3,80000.0,14.559999999999999,0.9018533,0.9869418071353532,1.0019250981911005
8220,0.0,0.0,711.0,0.0,,3,2,40000.0,22.53,-0.16977854,0.1548441708240254,0.17765114354048972
8224,0.0,0.0,388.0,0.0,,3,3,60000.0,11.34,0.48178145,0.3520379566304157,0.46020401282624235
8226,0.0,0.0,178.0,0.0,,3,4,60000.0,7.74,1.4555656,1.4730465721895751,1.276339781378078
8228,8.0,268.0,340.0,9.59125,14.627019156801332,37,1,60000.0,82.61,14.618368,14.62446193808926,14.156552873611627
8229,1.0,124.0,302.0,11.27,2.9358193169088915,10,0,40000.0,33.84,2.907696,3.066789029137032,3.157279260782694
8230,0.0,0.0,379.0,0.0,,3,1,60000.0,4.01,0.46109262,0.3593326108261334,0.56311398206112
8231,2.0,141.0,306.0,22.725,9.61192176058417,15,4,20000.0,56.019999999999996,9.09787,9.49340898008407,9.409969655560822
8235,2.0,540.0,685.0,9.88,2.7884330005261155,9,1,40000.0,23.6,2.7333508,2.689668316211684,2.8318033852165576
8236,0.0,0.0,194.0,0.0,,3,0,40000.0,13.56,1.0508093,1.1540120176311939,1.0128312126590586
8237,2.0,134.0,316.0,12.255,5.236225254963395,16,4,20000.0,46.39,5.6561728,5.898752707155938,5.228630778837744
8239,7.0,288.0,329.0,10.094285714285714,14.326884433808983,34,0,60000.0,75.49,14.317657,14.146608608264982,14.433572899961336
8240,1.0,38.0,202.0,8.51,2.8238203442711245,11,0,60000.0,23.740000000000002,2.9813282,2.95836067564483,2.9395623803817377
8241,0.0,0.0,199.0,0.0,,3,4,20000.0,7.6,0.9351184,1.2064360842241069,0.9877409348144104
8242,7.0,338.0,438.0,19.215714285714284,20.88524378905971,34,4,40000.0,142.13,20.85601,20.820017886749756,20.48581521752945
8245,1.0,138.0,354.0,13.57,2.9381205229986715,8,0,20000.0,28.23,3.3445594,2.883937096568751,3.0346149753606135
8247,0.0,0.0,319.0,0.0,,6,3,60000.0,32.34,1.0131137,0.9635281257377147,0.8003450948334896
8248,2.0,584.0,724.0,26.385,6.473213682950356,16,3,20000.0,67.73,6.4627495,6.310595891023943,6.437103570412409
8252,1.0,237.0,250.0,14.42,4.933992504502269,11,3,40000.0,31.270000000000003,4.9415364,4.937863668140115,4.968109220962019
8253,0.0,0.0,459.0,0.0,,4,1,40000.0,11.77,0.33990148,0.29341922541727095,0.29781688717954147
8254,2.0,361.0,433.0,17.19,6.613254075973229,13,1,80000.0,49.79,6.557295,6.489884402265379,7.068579394453742
8255,2.0,129.0,661.0,5.71,0.8543910826304247,12,1,40000.0,29.560000000000002,0.8246669,0.8584905402395878,0.6934284293637578
8259,4.0,580.0,714.0,11.855,5.5448723338807815,19,0,20000.0,53.66,5.5160446,5.177836608579295,5.1949494255412265
8260,0.0,0.0,144.0,0.0,,5,3,40000.0,9.11,1.8273677,1.7847632240174567,1.7586012608520072
8263,2.0,438.0,483.0,16.825,6.059510481905756,12,4,20000.0,46.96,6.1128016,6.3573395187611395,5.887382288517094
8266,0.0,0.0,197.0,0.0,,5,0,20000.0,10.22,0.83350515,1.16065349937546,1.0260996328977656
8267,0.0,0.0,268.0,0.0,,5,1,40000.0,10.2,0.7622618,0.7687021800361291,0.5803083437609926
8269,5.0,381.0,713.0,14.187999999999999,5.967888363314367,23,4,40000.0,94.21000000000001,5.9798946,5.725404962290116,5.924013176299579
8270,1.0,41.0,174.0,5.4,2.423052263817837,4,1,20000.0,20.58,2.4437354,2.4746504104606117,2.4484122007450853
8271,0.0,0.0,82.0,0.0,,3,2,40000.0,10.69,2.736122,2.511985285527335,2.455666514357319
8272,1.0,263.0,385.0,7.95,2.17238401494477,8,1,120000.0,20.91,2.1573358,2.2406658741873513,2.0720412450438435
8274,0.0,0.0,267.0,0.0,,4,4,80000.0,27.94,1.110008,1.0370862129065508,0.5130646127453051
8275,8.0,577.0,669.0,13.56125,12.418246494324741,42,3,60000.0,142.04,12.458695,12.123705500884775,12.416012131160901
8277,0.0,0.0,610.0,0.0,,4,3,20000.0,2.12,0.15509796,0.15330074265018845,0.18816517875432393
8279,9.0,263.0,303.0,19.13666666666667,35.37658699535641,50,3,80000.0,184.76999999999998,35.37868,34.28522533259626,35.15731999788095
8281,4.0,366.0,423.0,15.2175,10.767113472252092,24,3,20000.0,70.63,10.737764,10.552375638037729,10.727791718175002
8282,0.0,0.0,80.0,0.0,,3,2,20000.0,1.76,2.792,2.467503845575252,2.481608747291439
8283,2.0,463.0,701.0,19.325000000000003,4.7152048263584385,17,1,140000.0,51.160000000000004,4.7004414,4.710814668134641,4.928623401552064
8284,0.0,0.0,301.0,0.0,,3,1,60000.0,3.0,0.61992306,0.6577923950406134,0.6257058631334527
8285,1.0,28.0,245.0,27.12,5.6506680295530725,7,2,40000.0,38.4,5.6629176,5.755568673541677,5.4869582177884775
8287,3.0,265.0,332.0,13.163333333333334,8.674440447588156,17,5,40000.0,59.160000000000004,8.576129,8.520395311211711,8.834105891155453
8288,0.0,0.0,506.0,0.0,,3,3,60000.0,1.87,0.29056007,0.24414677165282642,0.22783920888132148
8289,4.0,575.0,718.0,9.805,4.613141338518911,18,4,20000.0,47.31,4.676966,4.15088279314792,4.429790490336844
8290,0.0,0.0,413.0,0.0,,3,1,40000.0,9.41,0.45693424,0.3224279280978356,0.5176732015175398
8291,2.0,400.0,709.0,9.045,2.2595175960553853,12,2,40000.0,34.39,2.2470124,2.348248084644356,2.363405586268787
8293,1.0,121.0,276.0,21.38,5.388189856927325,8,4,20000.0,41.97,5.377837,5.287533208210317,5.517072493309585
8294,1.0,14.0,281.0,6.27,1.4260790939365022,7,1,40000.0,21.799999999999997,1.3601403,1.3639472775261567,1.288858356664397
8296,1.0,288.0,405.0,8.65,2.2426874625967836,12,5,20000.0,27.97,2.238206,2.248986211920744,2.181757383296609
8298,3.0,452.0,618.0,13.353333333333333,5.345737054357659,16,2,80000.0,49.62,5.7224517,5.559994976215212,5.58354580391915
8301,0.0,0.0,673.0,0.0,,6,4,60000.0,26.03,0.028356856,0.10098565160627636,0.19115392866569003
8302,0.0,0.0,53.0,0.0,,5,4,100000.0,11.93,3.5331452,3.0733931246530806,2.9366320974304463
8304,2.0,554.0,649.0,24.02,6.572790556211213,16,5,40000.0,55.75,6.56322,6.432341005190305,6.385816059162136
8308,0.0,0.0,506.0,0.0,,4,0,20000.0,5.76,0.19413288,0.2616204610826984,0.2429786690824951
8310,4.0,392.0,645.0,17.53,7.767646255336265,22,1,40000.0,109.22,7.7778172,8.05504847102345,8.085011577482819
8311,1.0,49.0,455.0,15.28,1.6993370619890673,7,2,100000.0,25.14,1.7153155,1.5884656293921953,1.748961568303292
8312,0.0,0.0,650.0,0.0,,2,3,40000.0,3.96,0.12688886,0.17199791475794404,0.20995421895268418
8314,1.0,355.0,405.0,28.27,6.178935814423255,8,2,60000.0,45.55,6.188321,6.0749671357112245,6.300088300171972
8315,1.0,54.0,333.0,4.26,1.1148412203248972,7,0,60000.0,6.09,1.1105434,1.2271673159967424,1.1467878768080677
8317,0.0,0.0,410.0,0.0,,5,0,20000.0,20.2,0.3475988,0.3268372951672359,0.5405889426753046
8318,0.0,0.0,657.0,0.0,,2,0,100000.0,2.86,0.008624765,0.16773319947919155,0.16739654043326269
8321,0.0,0.0,332.0,0.0,,4,1,60000.0,4.16,0.54953945,0.6132931867090836,0.5894337037339143
8322,0.0,0.0,331.0,0.0,,5,5,60000.0,15.23,0.5592031,0.6266757333116658,0.5795369715344769
8323,2.0,155.0,473.0,12.030000000000001,3.2423202871925256,15,3,60000.0,64.43,3.1815197,2.432993175863002,2.6849063450955555
8324,0.0,0.0,450.0,0.0,,4,1,40000.0,23.63,0.43451428,0.30120129554617003,0.40475346371138166
8325,0.0,0.0,275.0,0.0,,6,3,40000.0,16.74,0.6839939,0.7054695163343584,0.5897704730229663
8326,5.0,182.0,293.0,12.558000000000002,12.985795327746958,26,1,20000.0,66.41000000000001,13.012002,13.105823909886045,12.999316803568657
8329,1.0,461.0,518.0,6.85,1.6775471144918175,8,5,80000.0,12.78,1.6669619,1.69401539851099,1.6871849525841558
8333,1.0,11.0,180.0,8.1,2.72242916970158,9,2,100000.0,23.439999999999998,2.7270226,2.7521305520729387,2.7272543651073624
8336,3.0,141.0,278.0,16.183333333333334,10.677948625230862,19,4,20000.0,62.949999999999996,10.684722,10.938389809709074,10.919088009805524
8337,1.0,13.0,141.0,37.23,11.921860043411936,12,4,40000.0,43.709999999999994,11.929712,13.23004878800591,12.381490613106598
8338,2.0,309.0,313.0,14.219999999999999,7.224765736914225,12,2,20000.0,40.769999999999996,6.8260226,7.265414960450287,7.000605939904453
8340,0.0,0.0,84.0,0.0,,4,0,140000.0,13.57,2.8428457,2.1667030506038096,2.4510348888935902
8341,1.0,1.0,192.0,19.74,4.856707241553357,9,4,40000.0,28.58,4.82887,4.982402240044221,4.80510912134616
8342,0.0,0.0,706.0,0.0,,4,2,80000.0,8.12,0.066562146,0.14484827942781497,0.17607574082414867
8344,0.0,0.0,231.0,0.0,,4,1,80000.0,6.32,0.9879026,1.0394438114108597,0.8806381105908301
8345,5.0,275.0,335.0,15.946000000000002,16.04575430702867,23,3,40000.0,99.89,15.441618,16.22372469133627,15.921648437709267
8350,0.0,0.0,204.0,0.0,,3,3,140000.0,26.42,1.2759885,1.231027863209657,1.0009061929649459
8351,12.0,500.0,686.0,12.505,13.56526415898096,60,4,80000.0,159.01,13.56391,13.121608375694246,13.689424666417246
8352,0.0,0.0,244.0,0.0,,4,1,40000.0,1.91,0.9689254,0.9824393278784656,0.8608472141795573
8354,0.0,0.0,456.0,0.0,,3,2,40000.0,5.29,0.3440345,0.29636303432358474,0.35629453033256286
8355,7.0,246.0,280.0,19.1,29.590736416611385,36,4,80000.0,156.0,29.585289,29.371707065790297,29.489777302170378
8356,0.0,0.0,447.0,0.0,,2,3,60000.0,10.92,0.3409154,0.28998547449263523,0.3871762288967089
8359,2.0,464.0,599.0,7.445,2.452155961018928,10,5,60000.0,19.93,2.3716052,2.4380993480996884,2.464103904184561
8362,0.0,0.0,189.0,0.0,,4,1,80000.0,3.42,1.2481058,1.4363470466154387,1.1964880358516679
8363,6.0,268.0,320.0,18.128333333333334,22.143220999645802,37,5,80000.0,112.65,22.129969,21.72648986684346,21.683528071663314
8364,4.0,247.0,322.0,16.13,13.549549144973351,26,4,40000.0,87.08,13.504156,13.29418464912947,13.705540723462427
8367,4.0,539.0,676.0,15.23,7.306138855241207,25,4,60000.0,78.55,7.3582864,7.459034659308921,7.395114547899529
8370,0.0,0.0,240.0,0.0,,2,2,120000.0,8.37,0.8665406,0.9964690380698212,0.8369215603841038
8371,0.0,0.0,267.0,0.0,,5,3,60000.0,12.18,0.7995972,0.760575069668512,0.5459715640111407
8373,2.0,158.0,629.0,9.255,1.6173397612841387,11,3,60000.0,27.39,2.0936918,1.5268544063216989,1.7118853716196867
8374,4.0,557.0,741.0,8.8975,4.0323933451105525,20,2,60000.0,41.11,3.982267,3.6441558247805523,4.035517191727863
8375,1.0,122.0,172.0,47.25,16.555570973348534,10,3,40000.0,50.37,14.345002,14.086597308987969,15.166187245372821
8376,1.0,138.0,227.0,26.38,7.995344163877453,12,5,140000.0,32.82,8.00629,7.687416663725595,7.858559080117607
8380,1.0,84.0,213.0,2.32,1.4920077441830424,8,2,40000.0,9.11,1.502519,1.4385317994868951,1.496655354485716
8381,1.0,72.0,279.0,15.8,3.648835090286215,8,5,120000.0,23.79,3.3121138,3.669263453410964,3.574969816879781
8388,7.0,313.0,336.0,23.504285714285714,32.29465429747944,40,5,20000.0,178.69,32.29262,31.28486186905223,32.057629333790125
8390,0.0,0.0,457.0,0.0,,3,4,60000.0,20.98,0.2654606,0.2786154893416381,0.3452573584778742
8391,2.0,91.0,275.0,8.335,3.9328543511685266,12,3,40000.0,36.83,3.8565323,3.805393638657407,3.7095500469862333
8394,0.0,0.0,324.0,0.0,,3,0,20000.0,16.18,0.3154124,0.6212926487802721,0.7077318445396559
8397,3.0,192.0,254.0,18.156666666666666,13.891337112666097,14,3,20000.0,64.72999999999999,13.952368,14.221144762959366,13.968331331880567
8400,1.0,126.0,306.0,15.8,3.7983519967884476,7,2,20000.0,24.96,3.8875477,3.6960292348119483,3.7652123191142843
8403,1.0,89.0,679.0,12.9,0.9439890257732626,7,3,80000.0,43.86,0.9426546,0.5162384852770455,0.5438459959076294
8404,5.0,345.0,393.0,17.574,15.897950594163841,23,3,60000.0,101.99000000000001,15.860847,15.821256703675388,15.414946305921458
8405,7.0,268.0,325.0,13.502857142857142,18.866394534816216,36,3,60000.0,111.16,18.818964,19.122822361416848,19.19579889052063
8406,0.0,0.0,625.0,0.0,,4,1,40000.0,15.34,0.07452091,0.17869278433607852,0.19403954599066253
8407,1.0,409.0,616.0,11.79,1.977532644372344,6,0,60000.0,17.08,2.171726,2.0750294089446646,2.0032369422150493
8410,1.0,224.0,648.0,5.8,0.8852570618180624,7,3,40000.0,10.76,0.9005934,0.998168441202502,0.8119550671397331
8411,0.0,0.0,609.0,0.0,,5,3,80000.0,2.81,0.100007296,0.15880080173494912,0.17335562562664641
8414,6.0,499.0,571.0,16.433333333333334,13.158947434948555,29,1,20000.0,101.16,13.124019,13.069594242973125,12.47068564005426
8415,0.0,0.0,230.0,0.0,,4,4,60000.0,4.86,0.99582577,1.0348797588286744,0.8715161544757635
8417,0.0,0.0,97.0,0.0,,2,1,40000.0,15.54,2.6475122,2.3243988622689447,2.2574348976097216
8418,2.0,334.0,593.0,7.575,2.277585923302768,5,3,40000.0,24.450000000000003,2.2587628,2.2072209603975677,2.3575818278279814
8421,0.0,0.0,313.0,0.0,,4,2,60000.0,12.47,0.6191664,0.6460867560759114,0.5968680293715529
8423,0.0,0.0,484.0,0.0,,3,1,100000.0,11.16,0.3854906,0.2583782005895431,0.23785673341425362
8427,14.0,671.0,704.0,9.983571428571429,15.217320057696611,51,3,20000.0,147.08,15.214593,15.553910838007827,14.875563953292088
8428,0.0,0.0,40.0,0.0,,4,2,60000.0,9.91,4.5982294,3.1699375073915523,3.8754621161368115
8429,0.0,0.0,126.0,0.0,,5,1,40000.0,5.97,2.2171123,2.093607899543626,1.8515750584085353
8430,0.0,0.0,342.0,0.0,,5,2,20000.0,26.93,0.49328652,0.7349964082666273,0.6279095824876881
8434,1.0,26.0,133.0,6.63,3.2554156464396726,8,3,20000.0,11.879999999999999,3.0711668,3.321579791355713,3.0557801700589784
8435,5.0,434.0,689.0,19.072,9.614147208767106,26,3,80000.0,110.98,9.606747,9.595394613317893,9.791545289699407
8438,1.0,68.0,108.0,29.44,13.415029112943351,9,3,20000.0,33.27,13.428246,13.829662206366196,13.107200248727011
8439,2.0,130.0,572.0,2.33,0.62959424212846,10,4,100000.0,26.69,0.6387631,0.6476120772476682,0.5833201204675289
8441,0.0,0.0,486.0,0.0,,1,4,80000.0,0.85,0.4004704,0.26625447310475214,0.25823485718786277
8442,3.0,488.0,661.0,6.336666666666666,2.620504030585748,17,4,20000.0,27.79,2.6345677,2.5858394788085497,2.686449719895685
8448,1.0,471.0,634.0,12.22,2.0577998815038314,8,1,40000.0,20.62,2.0488243,2.163550319521387,2.0447365770950245
8451,0.0,0.0,593.0,0.0,,4,2,60000.0,7.8,0.107009694,0.15474979357193364,0.20982461835014465
8452,7.0,668.0,713.0,13.758571428571429,10.77637600396963,39,4,140000.0,117.53,10.765899,10.638415512720115,10.869153944221427
8454,5.0,590.0,689.0,12.930000000000001,7.601554827067741,22,3,80000.0,68.49,7.118677,7.389226389216194,7.15892964209184
8457,4.0,414.0,640.0,13.0825,6.133696517462817,24,1,40000.0,73.03999999999999,6.11897,6.39465977413432,6.521537289070101
8462,3.0,231.0,333.0,8.81,5.8573062285832,19,3,80000.0,37.45,5.8055606,5.983236157019837,5.858231387900561
8463,2.0,209.0,291.0,16.2,8.110222979144398,12,1,40000.0,43.38,8.148526,8.331701543792626,8.042538410398803
8466,6.0,658.0,731.0,15.428333333333333,10.179424216447389,26,3,20000.0,109.08,10.169132,9.916501865990503,9.81137504843164
8467,2.0,139.0,606.0,21.04,3.287770190392002,13,2,40000.0,46.47,3.2319093,3.3041698651370304,3.463239983013957
8469,0.0,0.0,165.0,0.0,,6,2,60000.0,10.6,1.4050578,1.7202694941230692,1.430115410572098
8470,0.0,0.0,85.0,0.0,,5,4,40000.0,25.74,2.7781973,3.1727143628567913,2.4456157606721667
8471,0.0,0.0,229.0,0.0,,4,2,140000.0,15.4,0.8748574,1.0404900399498302,0.8958765094895993
8472,0.0,0.0,471.0,0.0,,3,1,40000.0,14.73,0.32768527,0.29341922541727095,0.3113438032812441
8473,0.0,0.0,391.0,0.0,,5,4,40000.0,10.38,0.49749383,0.35250487634629357,0.4613984703778824
8474,1.0,30.0,193.0,8.92,2.9594472199379966,8,1,80000.0,13.9,2.9499183,3.0335636498721863,2.985052171558356
8477,1.0,308.0,420.0,17.82,3.857701081918931,10,5,60000.0,25.310000000000002,3.870957,3.9342890087732387,4.020825653259179
8478,0.0,0.0,400.0,0.0,,3,2,20000.0,5.57,0.43894187,0.3122525113119469,0.47116925889437855
8480,0.0,0.0,74.0,0.0,,1,0,40000.0,3.98,2.864539,2.434927616118919,2.9066658323873997
8482,1.0,188.0,265.0,4.03,1.8833055687497628,7,1,20000.0,18.31,1.8886209,1.7620927434509677,2.011828454261803
8483,1.0,361.0,656.0,13.83,1.9861318210142338,8,3,40000.0,22.25,1.980072,1.9950783677467676,2.016297163915742
8486,3.0,194.0,334.0,11.659999999999998,7.165354207639821,14,2,60000.0,62.449999999999996,7.170093,6.804146256598155,7.390033416861566
8487,1.0,11.0,38.0,17.96,12.066453027411455,9,5,60000.0,26.020000000000003,12.071783,11.653286112210527,12.182633231560791
8488,0.0,0.0,317.0,0.0,,3,1,40000.0,12.53,0.63478,0.6542138664435285,0.6507319931727542
8490,0.0,0.0,223.0,0.0,,3,3,80000.0,5.62,1.0737473,1.0668759495562847,0.8369546265684278
8491,1.0,169.0,256.0,7.73,2.8270580145476805,6,2,20000.0,10.01,2.9970317,2.7346431333376797,2.8730732421906073
8492,0.0,0.0,610.0,0.0,,1,1,60000.0,6.23,0.088474095,0.15180598466561984,0.18067376165121907
8497,4.0,299.0,353.0,10.690000000000001,8.798985612572494,17,2,60000.0,54.6,8.717735,8.658913805761065,8.822849323456017
8498,5.0,251.0,313.0,12.566,13.34874161614221,19,2,20000.0,64.02,11.191085,12.183171404312846,11.989073080201614
8499,1.0,19.0,384.0,4.68,0.802370066464946,8,2,20000.0,15.77,0.8083947,0.7908016367166931,0.7935410106272807
8500,2.0,429.0,489.0,20.05,7.002950857803871,14,1,40000.0,66.1,7.04561,6.989628693139039,7.035884917648057
8503,0.0,0.0,314.0,0.0,,4,4,80000.0,1.86,0.6562956,0.6442271241238551,0.5455454763176322
8504,2.0,644.0,683.0,16.2,4.474488794387029,15,5,60000.0,58.849999999999994,4.5038733,4.609742615940465,4.571675759629279
8510,3.0,99.0,217.0,22.87,17.222618875382253,19,3,40000.0,76.0,17.220236,17.150788777640766,17.089420562747776
8511,10.0,610.0,657.0,12.049,14.04716527950604,41,1,80000.0,141.98,14.036558,14.07321914816198,14.07761386522523
8517,0.0,0.0,340.0,0.0,,3,4,40000.0,4.68,0.6357326,0.6134756308635777,0.5949752389880016
8518,0.0,0.0,618.0,0.0,,5,3,60000.0,12.69,0.12595573,0.15089480434314098,0.19811799533263397
8522,5.0,126.0,165.0,7.872,12.74634210539616,26,5,140000.0,51.68,12.726254,13.11775457199742,12.991467925403787
8524,0.0,0.0,622.0,0.0,,4,3,60000.0,34.67,-0.09102616,0.154087018752248,0.34482462124542224
8528,4.0,540.0,578.0,11.3375,6.500967692776062,21,3,140000.0,56.82,6.3172183,6.609896470305705,6.4215631925120125
8529,1.0,5.0,242.0,5.57,1.505910836419487,11,4,20000.0,12.79,1.521321,1.5969694069031815,1.507274921235819
8530,0.0,0.0,203.0,0.0,,4,1,20000.0,15.04,0.8892563,1.079222148041106,1.0222769144805453
8533,0.0,0.0,293.0,0.0,,4,1,40000.0,18.43,0.5324664,0.6667083361701329,0.6127401769105107
8534,6.0,198.0,363.0,14.31,13.02118634236303,29,2,80000.0,90.86,12.993843,12.846625030968244,12.879449156165096
8536,0.0,0.0,427.0,0.0,,5,0,60000.0,4.6,0.40655807,0.302199597919026,0.5288404996119986
8541,2.0,524.0,575.0,16.919999999999998,5.3180940875181495,11,1,140000.0,52.35,5.332754,5.44104718212454,5.472097003753998
8542,0.0,0.0,33.0,0.0,,4,3,40000.0,6.95,4.5427136,3.3659085455163646,3.8113705606713983
8544,1.0,83.0,329.0,27.58,5.0361899433893305,10,3,40000.0,30.58,4.315235,5.208574128860167,4.805646099427063
8546,0.0,0.0,457.0,0.0,,5,4,40000.0,11.75,0.38127992,0.2904523942085131,0.3415104482105784
8548,3.0,137.0,348.0,17.37,8.573715932332343,17,2,40000.0,55.02,8.584339,8.687838579560216,8.398516171156524
8550,2.0,229.0,452.0,7.28,2.6691395624201077,13,1,20000.0,48.13,2.658396,2.269589748740267,2.5747680027388857
8551,6.0,612.0,695.0,19.188333333333333,13.0483907100501,38,4,20000.0,121.43,13.059326,12.91207607011392,12.998885840363219
8554,0.0,0.0,400.0,0.0,,4,4,60000.0,3.52,0.46817553,0.29193630682159216,0.45253989902931924
8555,1.0,299.0,682.0,6.4,0.9990624970107598,9,1,40000.0,16.04,1.0566177,1.0073093742322985,0.8246776623207
8556,2.0,612.0,679.0,10.35,3.006915281863481,11,0,20000.0,23.630000000000003,3.000627,2.8407087196665928,3.0523897148224792
8557,2.0,556.0,698.0,27.45,6.906295496961981,15,1,20000.0,67.39,6.915279,6.996217208470203,6.773848553337362
8558,1.0,5.0,97.0,6.87,3.8342068954821524,10,2,20000.0,15.780000000000001,3.8221514,3.7447853310273516,3.691889232272163
8560,0.0,0.0,439.0,0.0,,5,3,80000.0,10.86,0.32970476,0.29403648265565074,0.4367976411887975
8561,0.0,0.0,76.0,0.0,,4,1,20000.0,34.65,2.8913083,3.1048569980177634,2.7036115174711473
8562,0.0,0.0,604.0,0.0,,3,1,40000.0,21.31,-0.0342682,0.1513658740214744,0.20719389874835592
8563,0.0,0.0,619.0,0.0,,4,2,40000.0,7.1,0.15347824,0.17261169027973286,0.1940572669742986
8564,6.0,286.0,333.0,12.203333333333333,14.78769339320315,32,1,20000.0,99.29,14.75759,14.752323838110794,15.47929355077545
8568,0.0,0.0,161.0,0.0,,4,4,40000.0,15.5,1.4108427,1.7320697212785985,1.6201773632146876
8569,0.0,0.0,354.0,0.0,,4,3,40000.0,4.27,0.5023726,0.3686539795633967,0.5831895416864441
8570,0.0,0.0,392.0,0.0,,4,2,100000.0,30.5,0.69528943,0.33688227603565557,0.6032131051775371
8571,3.0,159.0,236.0,20.790000000000003,16.219370515461925,20,1,20000.0,81.33,16.236847,15.973031168023907,16.088652373034147
8573,0.0,0.0,190.0,0.0,,4,1,,4.03,,,
8574,1.0,281.0,690.0,15.78,1.8611810320607522,8,0,60000.0,20.32,1.7275693,1.606228493191869,1.7881867475805313
8576,1.0,207.0,315.0,19.27,4.953624436997766,7,2,60000.0,29.1,4.9217825,5.021953411905364,5.1008435672959
8577,3.0,380.0,597.0,16.686666666666667,6.4571741501407,17,4,100000.0,65.13,6.4011974,6.588137032730404,6.617708903557827
8578,5.0,556.0,701.0,17.306,9.693909565305306,23,3,140000.0,90.61999999999999,9.655375,9.621611227997104,9.408245520174624
8585,0.0,0.0,218.0,0.0,,3,0,20000.0,8.1,0.82233864,1.0388736758488946,0.8957579988637141
8587,1.0,146.0,682.0,4.25,0.5568467553188448,3,4,60000.0,5.22,0.5454764,0.5155853786848347,0.5130751112347287
8592,6.0,225.0,331.0,9.556666666666667,11.008775021835337,28,2,80000.0,82.72,11.006831,10.92696756178987,11.31109396801313
8593,1.0,87.0,723.0,9.12,0.6440267751935497,7,2,120000.0,13.41,0.6467785,0.5667871105152402,0.5945771888681568
8594,1.0,18.0,602.0,8.28,0.5424149948575325,7,0,140000.0,16.77,0.52439094,0.5435347751303666,0.6944376540478734
8596,0.0,0.0,144.0,0.0,,5,1,120000.0,15.6,1.7909619,1.7213356185131388,1.7506863436504707
8597,0.0,0.0,410.0,0.0,,4,5,40000.0,16.52,0.6024602,0.3156185668885654,0.497730155919891
8599,0.0,0.0,123.0,0.0,,5,2,20000.0,26.38,2.2225578,2.57771403153945,1.8929358829831129
8601,0.0,0.0,681.0,0.0,,3,2,20000.0,16.08,0.088848054,0.15814581502061087,0.19471655132461851
8602,2.0,151.0,325.0,12.795,5.463471684862298,15,4,80000.0,33.21,5.5127587,5.555772501246596,5.596068481193637
8606,2.0,326.0,707.0,10.2,2.284593238518024,10,2,120000.0,35.519999999999996,2.2793443,2.320333232597717,2.385067657178528
8607,0.0,0.0,312.0,0.0,,6,3,20000.0,24.86,0.5774312,0.6411353720607836,0.6272764520452778
8615,5.0,217.0,360.0,12.574,10.94164142331706,25,2,100000.0,87.82,10.941858,10.675486105320926,11.245223026381652
8617,1.0,133.0,512.0,4.03,0.8013605827613117,5,0,20000.0,11.92,0.79162574,0.904432180161935,0.7486197993786723
8618,1.0,148.0,357.0,11.93,2.6865377858271744,7,1,40000.0,30.64,2.7709436,3.0573413586303584,2.7033830426358327
8619,2.0,388.0,436.0,12.780000000000001,5.107176741991781,16,4,60000.0,50.2,5.0893183,4.737244343509879,5.348607739010965
8621,0.0,0.0,233.0,0.0,,5,3,80000.0,30.16,1.179568,1.0295321587857131,0.9020330997119057
8622,0.0,0.0,71.0,0.0,,2,5,100000.0,8.33,2.8333707,2.1127815475828107,2.8423336783722264
8623,1.0,20.0,575.0,9.39,0.6552714911179844,8,4,40000.0,28.91,0.65120816,0.507450144413249,0.708385323229181
8624,0.0,0.0,81.0,0.0,,5,1,80000.0,3.82,2.8804226,2.188546370801031,2.472138496191366
8625,0.0,0.0,220.0,0.0,,2,4,40000.0,2.47,1.0480604,1.060640481222291,0.8410193855711592
8626,1.0,10.0,321.0,2.25,0.6878891425254019,3,4,20000.0,3.11,0.6839878,0.6682718715310999,0.7678752680173773
8627,0.0,0.0,15.0,0.0,,4,4,20000.0,11.08,4.5196085,3.402660684190868,3.7720370701956853
8629,0.0,0.0,575.0,0.0,,3,2,,4.35,,,
8630,0.0,0.0,366.0,0.0,,3,2,60000.0,13.87,0.6955286,0.3622764197324472,0.5956755062986119
8634,0.0,0.0,692.0,0.0,,2,3,60000.0,11.47,0.06725032,0.16382201660565932,0.20283029523487084
8638,1.0,10.0,291.0,5.57,1.2358946415582377,7,1,40000.0,19.9,1.2456765,1.1810998385253713,1.1671569423614843
8639,1.0,3.0,35.0,8.82,6.948698154538521,6,4,100000.0,32.82,6.9588647,6.421995535292971,7.180458787165621
8640,0.0,0.0,115.0,0.0,,5,4,80000.0,12.96,2.2595456,2.389400280775847,1.995863605878875
8644,1.0,584.0,698.0,12.47,1.9997262978870591,7,2,40000.0,21.11,2.0010347,2.0939919842014008,2.06868295356944
8645,0.0,0.0,180.0,0.0,,3,1,20000.0,16.78,1.0417098,1.4736048905197412,1.2411124212597473
8647,4.0,542.0,658.0,11.045,5.576107077897516,20,1,60000.0,57.709999999999994,5.734996,5.619875824342205,5.656269206193383
8649,1.0,8.0,114.0,12.24,5.293986942356714,8,4,60000.0,24.47,5.3134904,5.208432911328673,5.613798357930735
8652,0.0,0.0,114.0,0.0,,4,1,40000.0,5.28,2.1717997,2.4023100152261923,2.000908407099783
8653,1.0,66.0,664.0,3.54,0.3745458544296232,9,3,60000.0,10.620000000000001,0.39396325,0.4076448200930351,0.3391422750594275
8657,1.0,19.0,421.0,11.59,1.285382153235939,7,2,40000.0,30.69,1.2767246,1.234249523476765,1.3538558319567802
8658,3.0,210.0,353.0,19.606666666666666,11.206094435091964,16,1,40000.0,67.13000000000001,11.221865,11.358876855207548,11.053111947390736
8659,1.0,315.0,366.0,14.87,3.8314823664282622,8,3,40000.0,27.33,3.9151938,3.8289970848753847,4.079395755016972
8663,2.0,367.0,563.0,11.43,3.5297669049318117,12,5,60000.0,32.69,3.5759027,3.5673618975239743,3.4976274583106597
8665,2.0,272.0,634.0,8.870000000000001,2.1648518564966843,11,1,60000.0,36.95,2.180441,2.234350277339514,2.0215015329936765
8667,4.0,253.0,357.0,16.57,12.663217980549668,25,3,60000.0,96.64,12.764712,12.647675597891316,13.417544062900141
8668,0.0,0.0,94.0,0.0,,2,3,20000.0,6.7,2.7207272,2.355759948307368,2.2816459886367517
8669,0.0,0.0,476.0,0.0,,5,4,20000.0,19.09,0.35231248,0.2701713115319326,0.26651102568243523
8670,10.0,227.0,258.0,14.847999999999999,33.95433174843892,51,1,40000.0,165.01999999999998,33.958443,32.94650435501039,34.036810035401544
8682,1.0,25.0,388.0,27.93,3.148628645585994,10,2,40000.0,35.37,3.214187,3.186601704108046,3.0311292706373894
8683,3.0,182.0,267.0,8.123333333333333,6.340978059122523,19,3,140000.0,32.52,5.2288,5.691570042148482,6.0426838886981775
8684,1.0,22.0,474.0,7.05,0.759126150439517,7,2,20000.0,12.07,0.7717626,0.810780067860329,0.7207371825664728
8685,0.0,0.0,283.0,0.0,,5,1,120000.0,24.11,0.8146637,0.7085470985934738,0.5754647395261321
8687,3.0,550.0,662.0,14.58,5.656044897631593,15,2,40000.0,49.04,5.648232,5.607808010005671,5.584530323970672
8688,1.0,63.0,241.0,9.3,2.7487442139831653,9,4,20000.0,24.200000000000003,2.9527807,2.8714115405927876,2.911201274322601
8689,0.0,0.0,607.0,0.0,,3,1,60000.0,2.33,0.14377712,0.15180598466561984,0.17741353964242812
8691,1.0,69.0,265.0,6.42,1.9662763804361527,9,3,40000.0,16.6,2.0031211,1.9995019508738003,1.814231541737132
8692,0.0,0.0,139.0,0.0,,4,2,20000.0,6.57,1.7830424,1.7910418689233312,1.7707911768151536
8697,7.0,271.0,355.0,10.635714285714286,13.774185693789883,32,5,40000.0,90.26,13.774815,13.732612780033843,14.118540761000716
8698,0.0,0.0,116.0,0.0,,5,5,20000.0,9.6,2.0348797,2.3952398726026054,1.9993470159995237
8699,0.0,0.0,578.0,0.0,,3,2,20000.0,22.36,0.10849061,0.17980739589201108,0.22936692408684145
8700,0.0,0.0,366.0,0.0,,4,5,40000.0,21.73,0.7240094,0.3534414644118872,0.5921379416525756
8701,0.0,0.0,20.0,0.0,,6,3,20000.0,10.88,4.4948645,3.3857901453698576,3.8532566185546933
8704,2.0,161.0,275.0,6.744999999999999,3.8314739298256693,12,3,60000.0,23.349999999999998,3.8133101,3.84020948986253,3.598851239454997
8708,3.0,127.0,329.0,16.286666666666665,8.419811883577584,20,1,140000.0,60.88,7.835545,8.051558955029542,8.776168815389862
8709,4.0,178.0,269.0,10.2375,9.698483841811449,19,0,40000.0,54.97,9.691181,9.556761822999635,9.720430227981595
8710,5.0,182.0,214.0,9.104,12.74577344366899,22,5,40000.0,52.94,12.749345,12.591270554898664,12.510221955297077
8713,0.0,0.0,332.0,0.0,,6,2,40000.0,25.56,0.6125225,0.569546870515044,0.5916011448976848
8717,4.0,639.0,683.0,11.219999999999999,5.624999334708424,23,1,60000.0,52.8,5.6333356,5.557684616041406,5.526905871359798
8718,0.0,0.0,409.0,0.0,,3,4,60000.0,9.94,0.4817695,0.31308353705812825,0.48759405035288506
8723,1.0,95.0,142.0,23.64,9.740547042091752,8,3,40000.0,32.370000000000005,10.609036,10.223845395903105,9.39807683558724
8724,1.0,420.0,597.0,10.89,1.9464321470309702,7,4,40000.0,25.22,2.198822,2.2527263487307265,1.9947764068098053
8728,0.0,0.0,121.0,0.0,,5,2,20000.0,15.44,2.0650535,2.12037800522865,1.8913567715293453
8729,1.0,83.0,184.0,54.46,16.773282660130803,11,4,20000.0,69.94,16.7739,16.609803335041306,16.418476857456458
8730,4.0,309.0,690.0,12.26,3.9777111232242994,20,1,20000.0,57.82,3.9871066,3.946740190397232,4.227994284775289
8731,10.0,678.0,714.0,13.197,14.389340586070416,38,1,60000.0,150.81,15.23343,14.577862837784366,13.446179322705504
8734,2.0,91.0,129.0,8.05,7.13495963894296,14,4,20000.0,34.66,7.128042,6.794710572044605,7.157293478832108
8737,2.0,193.0,676.0,14.15,2.3534821135777384,11,2,20000.0,53.32,2.327087,2.172736737376213,2.4492438989446597
8739,1.0,39.0,402.0,4.83,0.8604670056791561,5,1,80000.0,13.38,0.8659062,0.889378944285947,0.8724076995668097
8742,3.0,347.0,376.0,19.433333333333334,11.678928723662011,16,1,20000.0,69.81,11.638097,11.756055506872709,11.531576416869374
8745,2.0,228.0,314.0,14.055,6.788846987826398,13,1,80000.0,32.53,6.8207107,6.866593039955779,6.644456586881065
8746,6.0,676.0,729.0,16.368333333333336,10.861228833560856,31,3,40000.0,111.99,10.903987,11.10110547320422,10.755701160027373
8747,0.0,0.0,335.0,0.0,,4,1,120000.0,3.22,0.5995711,0.6121492807258385,0.5809255805945854
8749,1.0,355.0,675.0,23.0,2.9091830499500215,7,2,20000.0,41.31,2.9083652,3.00909058959238,2.8456549011145826
8751,0.0,0.0,79.0,0.0,,2,3,20000.0,5.27,2.7845864,2.467503845575252,2.4812558739737307
8752,2.0,231.0,294.0,11.355,5.976403097544102,14,3,20000.0,25.770000000000003,5.951761,5.983758888978049,5.851556178826424
8753,1.0,234.0,390.0,20.27,4.303231141579763,7,1,40000.0,28.84,4.3216186,4.418314074027112,4.240174301391174
8754,0.0,0.0,27.0,0.0,,5,2,60000.0,2.15,4.6278367,3.1699375073915523,3.8754621161368115
8756,0.0,0.0,312.0,0.0,,4,1,80000.0,12.11,0.64286715,0.6499206850970314,0.5954471010561431
8757,0.0,0.0,620.0,0.0,,4,2,60000.0,4.14,0.102845356,0.1675924558879528,0.19098855630380918
8758,1.0,548.0,703.0,11.39,1.8151685084631257,9,3,80000.0,27.04,1.835169,2.02092656708913,1.8087282086988221
8760,1.0,20.0,285.0,1.95,0.809695980654187,7,4,,4.59,,,
8761,0.0,0.0,37.0,0.0,,3,4,140000.0,15.11,4.5448327,3.055774181682267,3.7863987922263136
8765,0.0,0.0,681.0,0.0,,4,2,140000.0,14.16,-0.010021118,0.17222630084464507,0.21221125745592406
8766,0.0,0.0,64.0,0.0,,3,2,20000.0,2.73,2.8914552,3.2821383173359706,2.9156540646265925
8767,0.0,0.0,85.0,0.0,,5,1,40000.0,15.34,2.7333667,2.499290655924495,2.467187191704439
8768,4.0,534.0,568.0,15.5375,8.866412455451323,16,1,100000.0,65.34,7.8207717,8.282435346312612,8.239889334282955
8769,5.0,371.0,646.0,16.312,8.11901755310641,26,3,80000.0,104.2,8.0887575,7.975121791369143,8.007320465039449
8770,1.0,84.0,403.0,4.32,0.9850438323960709,4,2,60000.0,6.7,0.9997495,0.9731388551051522,0.888727039728054
8773,2.0,253.0,317.0,10.18,5.180781467442381,9,3,60000.0,25.08,5.1932063,5.018491148372364,4.908069814651177
8775,8.0,275.0,329.0,14.395,22.52279240288717,37,2,140000.0,122.28999999999999,22.49492,22.638008072272626,22.483623849016162
8777,5.0,483.0,660.0,7.2360000000000015,4.364211211488062,26,0,80000.0,74.60000000000001,5.752688,5.694330569846334,4.528112131515201
8778,0.0,0.0,420.0,0.0,,5,4,40000.0,22.62,0.40117943,0.3414362379139228,0.4918785200268445
8782,0.0,0.0,492.0,0.0,,5,2,40000.0,15.25,0.29845855,0.2505243314837759,0.2220708963031779
8784,0.0,0.0,124.0,0.0,,3,2,40000.0,5.34,2.2176719,2.1063025291464657,1.8590786278068423
8786,0.0,0.0,195.0,0.0,,2,2,40000.0,5.44,1.0534285,1.1883309448639279,0.9970258132231642
8787,1.0,438.0,630.0,13.82,2.2316496001266852,10,0,140000.0,24.939999999999998,2.2498412,2.210949508752763,2.193742819983531
8793,3.0,373.0,428.0,8.549999999999999,4.966994946364543,16,1,60000.0,57.79,4.9296284,4.765609744482828,5.323975299474905
8794,0.0,0.0,50.0,0.0,,4,4,140000.0,6.9,3.4882066,3.055774181682267,2.908767556239155
8797,0.0,0.0,117.0,0.0,,4,5,120000.0,16.4,2.131758,2.0613608805777677,1.9749718466266941
8803,1.0,1.0,63.0,2.66,2.820447678323929,6,3,140000.0,14.48,2.8184352,2.9352518148273696,2.8481232080731123
8809,0.0,0.0,237.0,0.0,,4,4,20000.0,9.36,0.7266579,1.0421876154594574,0.8588863534396154
8810,0.0,0.0,644.0,0.0,,5,1,60000.0,35.33,0.002205819,0.05623162958694757,0.28668385554568676
8813,0.0,0.0,315.0,0.0,,4,3,40000.0,10.12,0.65297896,0.6571576753498423,0.6321190835344463
8814,2.0,295.0,599.0,14.36,3.6930530213496144,8,2,40000.0,33.79,3.6897535,3.7713142968903997,3.7676986910916512
8815,2.0,42.0,313.0,10.655000000000001,3.231852719186343,12,2,20000.0,24.16,3.4946733,3.7147353823592293,3.1985996383311677
8816,0.0,0.0,368.0,0.0,,5,4,40000.0,11.53,0.7561326,0.36274333944832504,0.5945919935435997
8817,0.0,0.0,47.0,0.0,,4,2,140000.0,1.54,3.4915593,3.0389036428612566,2.9732376159142926
8818,2.0,552.0,717.0,12.665,3.3069329686792432,12,2,40000.0,54.97,3.299485,3.609565177708428,3.2084062735556307
8821,3.0,178.0,201.0,18.756666666666664,16.90932166067101,16,2,40000.0,63.33,16.89641,16.792592459917575,16.281581528056208
8823,0.0,0.0,278.0,0.0,,4,2,20000.0,15.12,0.512271,0.7067256880829904,0.6064302345649235
8824,0.0,0.0,124.0,0.0,,6,3,100000.0,19.34,2.1685317,2.0710506437179093,1.8643301070821385
8825,2.0,292.0,314.0,8.98,4.805495783801115,15,3,80000.0,22.659999999999997,4.562544,4.959648519902193,4.837518946999028
8827,1.0,4.0,122.0,6.71,3.221369592647509,8,0,,19.85,,,
8830,1.0,444.0,711.0,4.85,0.9368456176132564,2,0,40000.0,7.4799999999999995,0.9256673,0.8987742993522574,0.8861670929785106
8834,1.0,116.0,270.0,11.95,3.386624026448591,10,2,20000.0,29.2,3.3767326,3.39658138184163,3.1990558604126305
8837,4.0,567.0,644.0,5.8175,3.2330274172311784,18,4,40000.0,35.09,3.2309055,3.3407455809680835,3.214462118216453
8839,0.0,0.0,145.0,0.0,,4,3,40000.0,21.62,1.7981783,1.7962878825352062,1.7676946709818129
8840,3.0,451.0,499.0,10.476666666666667,5.32681730229975,15,1,40000.0,54.03,5.315685,5.325053405744955,5.263483171462899
8841,3.0,196.0,563.0,11.273333333333333,3.2346675285904376,15,1,20000.0,43.21,3.245168,3.202657275751031,3.6464645791874997
8843,3.0,660.0,666.0,9.816666666666666,4.048422311921146,17,0,40000.0,37.12,4.0468745,4.031025328030373,4.0116752624487
8844,0.0,0.0,628.0,0.0,,5,1,40000.0,22.14,-0.1335067,0.173233439300153,0.19584278671120714
8846,3.0,88.0,323.0,21.883333333333336,9.475608587196492,17,1,60000.0,86.72999999999999,9.454223,9.61341838023462,9.577159427974143
8849,2.0,504.0,535.0,14.715,4.9936495282490245,6,2,40000.0,36.16,5.0039263,4.803569705350605,4.811431931306307
8850,1.0,237.0,334.0,9.88,2.8461126587736603,9,1,40000.0,28.270000000000003,2.9522784,3.009171761269625,2.7718713551872263
8851,2.0,59.0,540.0,6.21,0.8496723925759732,10,3,60000.0,31.89,0.87720233,0.8488882829765225,0.9699518868286177
8853,1.0,470.0,682.0,3.5,0.8426377077056721,6,4,80000.0,30.41,0.8485271,0.9299815472928674,0.8071350750230675
8854,0.0,0.0,227.0,0.0,,2,2,80000.0,3.48,0.9718432,1.0696026793207032,0.863163773293306
8857,1.0,87.0,221.0,3.35,1.709134633446814,6,1,40000.0,20.270000000000003,1.7516489,1.687908826091664,1.7166782255569961
8858,0.0,0.0,692.0,0.0,,6,3,60000.0,4.88,0.06266453,0.16382201660565932,0.20283029523487084
8859,1.0,82.0,619.0,18.9,1.4601346535553879,10,4,80000.0,47.94,1.4540614,1.4325613072644974,1.2226632790087697
8860,3.0,435.0,534.0,20.676666666666666,9.294020041869487,19,4,40000.0,73.42,8.110042,8.467263065505234,8.9566796579823
8862,1.0,377.0,718.0,16.42,2.0697053621877766,9,1,40000.0,23.220000000000002,2.0831306,2.1172305949261463,1.9907813436278063
8864,0.0,0.0,564.0,0.0,,5,4,80000.0,42.44,0.38532278,-0.20802534345838114,0.30251343868218683
8865,1.0,39.0,307.0,4.42,1.1793519147932994,9,4,20000.0,21.229999999999997,1.1794181,1.2099188846193913,1.319538724871773
8867,3.0,222.0,347.0,12.443333333333333,7.596344025338373,18,3,20000.0,39.85,7.520917,7.402282812941988,7.4785471013378535
8870,9.0,135.0,206.0,15.479999999999999,33.690735366990715,46,1,80000.0,150.45,33.68683,32.78778081175395,33.557129888745365
8872,1.0,31.0,182.0,11.81,3.866398036739291,9,2,60000.0,16.78,3.9334912,3.6699892895596986,3.7749521035553193
8873,0.0,0.0,153.0,0.0,,4,3,40000.0,8.06,1.8318549,1.7489371376874463,1.6908836280271293
8875,1.0,16.0,237.0,23.62,4.898954995746487,8,2,60000.0,38.54,4.9028563,5.059837955467018,5.016279909924241
8877,0.0,0.0,246.0,0.0,,4,2,40000.0,14.16,0.9242739,0.9853831367847795,0.8479984247005534
8878,0.0,0.0,490.0,0.0,,2,3,20000.0,5.29,0.38874784,0.26393764602374364,0.22801574502836974
8884,0.0,0.0,70.0,0.0,,3,0,60000.0,5.02,2.924599,2.2389565779941067,2.936722228928143
8887,1.0,389.0,555.0,31.25,4.980503465542851,11,5,80000.0,65.91,4.9998846,5.10393909779909,5.304054029668558
8890,2.0,33.0,146.0,7.795,5.658668928987058,15,0,40000.0,36.34,5.642023,5.978511337475423,5.854856479807828
8891,0.0,0.0,500.0,0.0,,3,2,40000.0,15.48,0.2783766,0.2505243314837759,0.22900733579654275
8892,6.0,482.0,643.0,12.823333333333332,8.952968059373267,26,1,60000.0,91.64,8.952237,8.95525948803487,8.94762191203404
8893,1.0,4.0,66.0,22.56,11.774579339062809,9,4,20000.0,27.93,11.778289,12.222738619027998,11.87789446567503
8897,1.0,445.0,674.0,33.53,4.4284953906062245,11,5,60000.0,38.36,4.4333143,4.404134896753582,4.242506252917158
8898,1.0,158.0,398.0,21.42,3.905100981644443,7,0,80000.0,33.050000000000004,3.9227502,4.070916630586625,3.8754367507577947
8901,5.0,644.0,704.0,8.86,5.30808651730355,27,1,100000.0,58.29,5.325059,5.81916261717139,5.680592891182433
8902,4.0,451.0,614.0,10.1625,5.291567215352667,18,0,20000.0,51.69,5.3159027,5.288659189158388,5.374785191297
8904,0.0,0.0,168.0,0.0,,5,1,40000.0,15.46,1.4062129,1.6151299082435584,1.3889996788625645
8907,2.0,68.0,288.0,4.4,2.08404772775169,10,5,140000.0,18.98,2.0783136,1.998524570084403,2.1430490819967627
8908,0.0,0.0,606.0,0.0,,1,1,40000.0,5.49,0.19168259,0.1568252190573999,0.17990515318159073
8911,1.0,21.0,320.0,19.39,2.936611020414227,8,2,20000.0,39.05,3.0126452,3.223193100199569,3.0637767151604254
8912,0.0,0.0,674.0,0.0,,2,2,60000.0,5.88,0.040085554,0.15959486594235606,0.1987906357276481
8914,0.0,0.0,187.0,0.0,,4,0,20000.0,9.77,0.98660636,1.411739280999541,1.2451658014928517
8915,9.0,247.0,313.0,14.163333333333334,25.108120018051324,48,2,20000.0,142.53,25.140137,25.80786062130843,25.688918670407542
8916,2.0,314.0,667.0,17.795,3.9826233223494527,13,3,20000.0,43.92,3.9764347,4.076194582640815,4.055955208825845
8919,1.0,34.0,242.0,4.34,1.508658117968095,6,4,140000.0,13.92,1.6806155,1.55815444646715,1.4878934982828227
8921,2.0,408.0,594.0,28.42,7.847022105898121,15,4,80000.0,67.53,7.406725,7.7274877005708404,7.63917056205347
8923,2.0,327.0,627.0,3.13,1.1025554631244365,11,4,20000.0,11.74,1.1088209,1.0684776918431977,1.0306525721689228
8926,2.0,65.0,248.0,20.405,8.871604611296725,12,2,80000.0,46.230000000000004,8.853497,8.643986949985969,8.732841382742906
8927,0.0,0.0,315.0,0.0,,4,3,40000.0,10.92,0.6518243,0.6571576753498423,0.6321190835344463
8928,4.0,220.0,332.0,8.89,7.33792764468072,15,0,20000.0,44.07,7.3624816,7.451596509523775,7.0609355392659285
8929,0.0,0.0,133.0,0.0,,4,5,20000.0,5.94,1.7847733,2.086537756920039,1.7086312500687146
8930,3.0,166.0,523.0,10.953333333333333,3.1613205141731147,18,0,40000.0,42.53,3.2047336,3.297147040447014,3.3807489198087297
8932,1.0,59.0,136.0,3.44,2.402393423633883,5,1,20000.0,5.67,2.4226623,2.4595652387738656,2.4618082198655977
8933,0.0,0.0,565.0,0.0,,2,4,20000.0,6.92,0.23967738,0.15664575067892383,0.20825495155900242
8935,0.0,0.0,45.0,0.0,,4,3,20000.0,11.27,3.4453287,3.3857901453698576,3.056712725945962
8937,4.0,375.0,514.0,8.817499999999999,5.359345353949225,19,1,20000.0,36.93,4.1600227,4.439805033005048,5.114766157641207
8942,1.0,244.0,299.0,15.05,4.404638952764216,9,2,40000.0,20.03,4.3887362,4.081205097774767,4.347068452908915
8943,2.0,311.0,324.0,14.36,7.0914920749063075,14,2,40000.0,35.28,7.1420417,6.9658932281264665,7.1946985573956574
8944,1.0,11.0,384.0,2.28,0.5374373526257485,4,3,100000.0,5.039999999999999,0.529542,0.39865075287073903,0.5499419582388816
8945,2.0,162.0,264.0,5.98,3.622253283712485,11,0,40000.0,32.6,3.6978054,3.6488082785372344,3.5704779785825944
8946,2.0,512.0,631.0,26.095,7.188821050440065,14,2,140000.0,78.44,7.196285,7.329660035608818,7.226279133522156
8947,6.0,483.0,613.0,11.195,8.353001215511394,30,2,60000.0,108.21,9.693256,10.035412496308776,9.256553148443087
8952,11.0,334.0,371.0,16.44,32.133212327807065,49,3,120000.0,191.79,32.13412,33.249057676164256,32.06676893765518
8953,0.0,0.0,590.0,0.0,,5,3,40000.0,8.32,0.16096468,0.1597690279637137,0.2317762418292375
8954,0.0,0.0,602.0,0.0,,3,3,140000.0,12.56,0.10850473,0.15690322136760598,0.20161841735489716
8960,4.0,484.0,575.0,12.1375,6.826121327273295,21,2,,55.7,,,
8963,4.0,512.0,675.0,10.3825,5.040153370484681,23,2,20000.0,63.53,5.053226,5.4473959022993705,5.1716819414481545
8964,1.0,94.0,134.0,17.14,7.686493148386026,11,4,80000.0,34.34,7.798051,8.221931100661601,7.896504455328738
8966,8.0,474.0,581.0,10.53125,10.718430309939027,36,3,60000.0,88.93,10.6907625,10.738247128372835,10.535344999446384
8968,1.0,372.0,389.0,7.33,2.2151741261254467,9,3,20000.0,60.519999999999996,2.2297618,1.979192035913699,2.215995951699771
8969,0.0,0.0,56.0,0.0,,3,2,60000.0,7.77,3.3999062,3.0662856793576654,2.978302058226128
8970,3.0,540.0,632.0,4.656666666666666,2.1867759821312953,8,1,20000.0,23.63,2.2006137,2.26065395174035,2.1544918217588602
8973,4.0,276.0,326.0,8.7025,7.706967453992248,15,1,40000.0,64.28999999999999,7.713806,7.621662079773168,8.23929130135011
8975,2.0,545.0,634.0,11.17,3.3648086861198534,9,5,60000.0,38.629999999999995,3.4293938,3.336416899549816,3.3221496823020735
8976,0.0,0.0,307.0,0.0,,4,1,20000.0,8.56,0.5044234,0.6622418709878624,0.7113448425638307
8984,0.0,0.0,689.0,0.0,,6,2,80000.0,15.84,0.012827551,0.17059975453309323,0.1959649450945662
8989,3.0,103.0,234.0,14.466666666666667,10.500566145428184,19,2,140000.0,59.19,10.501467,10.076484347487348,10.638179377191033
8991,0.0,0.0,58.0,0.0,,5,5,80000.0,9.58,3.3655481,2.9274160193435295,2.916361113261817
8992,1.0,303.0,453.0,12.28,2.6248776225113977,7,3,60000.0,17.32,2.5931146,2.6368113137711173,2.602601371410041
8993,2.0,433.0,626.0,7.95,2.4219873196515485,9,3,20000.0,23.119999999999997,2.430795,2.4377841524850297,2.414067651820139
8994,0.0,0.0,469.0,0.0,,3,5,100000.0,9.2,0.35166964,0.28703860521405944,0.27739120291122177
8995,1.0,16.0,267.0,11.73,2.393857000738746,7,1,140000.0,24.05,2.4632268,2.4138354939134192,2.1189196802616728
8998,0.0,0.0,415.0,0.0,,5,1,20000.0,22.09,0.35664988,0.3146904196930255,0.5271511705193017
9004,1.0,10.0,110.0,2.5,2.086978781052898,9,1,40000.0,19.32,2.4703789,2.322334677184123,2.3745002234693766
9005,1.0,34.0,63.0,7.16,5.309962872233475,9,0,60000.0,16.12,5.306236,5.538586395551172,5.263358373671873
9006,4.0,201.0,384.0,9.21,6.131027814150076,20,1,40000.0,50.45,6.1398053,5.862976654238336,6.020005030079376
9010,0.0,0.0,186.0,0.0,,6,5,60000.0,29.82,1.5631769,1.4786644062750796,1.214015468570377
9013,1.0,13.0,171.0,12.38,3.944260880733225,11,5,140000.0,29.520000000000003,4.1798296,4.271459487509523,4.185948806897784
9014,3.0,578.0,706.0,18.683333333333334,6.736837094668292,16,1,60000.0,60.269999999999996,6.7211714,6.526162371835441,6.738985273264214
9016,2.0,150.0,208.0,18.16,11.18459239185811,11,2,60000.0,48.92,11.177727,10.882740256866375,10.850496747698784
9017,1.0,487.0,537.0,2.23,0.9083558797618192,9,2,20000.0,16.22,0.9096077,0.9495198260747261,1.0929147282725822
9018,0.0,0.0,88.0,0.0,,1,2,20000.0,1.24,2.7030942,2.5318668853808277,2.281998861954461
9019,0.0,0.0,293.0,0.0,,5,4,60000.0,2.88,0.6592435,0.6581299307233696,0.5683602199590796
9020,0.0,0.0,574.0,0.0,,4,4,120000.0,11.56,0.17719741,0.18763742853085266,0.1828004778544159
9021,0.0,0.0,689.0,0.0,,3,3,20000.0,18.53,0.0256077,0.1569136206479886,0.2109750066282876
9025,2.0,370.0,449.0,24.96,9.052360243636187,17,3,60000.0,87.72,9.108956,9.182359933878178,9.613381665220544
9026,2.0,179.0,255.0,12.98,7.243375069638301,9,2,40000.0,31.06,6.834871,6.447878178127661,6.838535933818141
9027,0.0,0.0,417.0,0.0,,4,1,60000.0,2.41,0.4297984,0.3057442003536679,0.5147881524970952
9029,4.0,390.0,514.0,10.0775,6.126208695240101,18,1,20000.0,58.45,6.2135024,6.053791080195503,6.195069554520245
9030,1.0,29.0,503.0,4.62,0.5558156046124272,7,1,60000.0,17.05,0.6886424,0.7258430842606225,0.534408623035703
9032,1.0,4.0,54.0,8.5,5.902198882444847,6,0,40000.0,15.21,5.8838453,6.027642897492194,5.830252400081719
9033,0.0,0.0,613.0,0.0,,6,3,60000.0,22.14,-0.060284697,0.14929044853600812,0.1903342231506464
9037,7.0,284.0,363.0,13.287142857142856,16.913377369657056,28,1,20000.0,125.47999999999999,16.942142,17.43328580210031,17.61243882563992
9038,1.0,20.0,144.0,14.76,5.403031194035101,10,0,60000.0,53.5,5.387118,5.108244422858382,5.553355565728553
9039,0.0,0.0,183.0,0.0,,4,1,20000.0,3.54,1.086055,1.4377290893303272,1.2317280293368489
9040,6.0,635.0,642.0,12.823333333333332,9.6258136520486,29,5,40000.0,95.23,9.635639,9.766919814772693,9.726553060380645
9042,0.0,0.0,160.0,0.0,,3,4,40000.0,11.22,1.4419318,1.7320697212785985,1.6107929712917892
9044,0.0,0.0,716.0,0.0,,5,3,40000.0,27.65,-0.12821321,0.003671530666511518,0.14351997502413116
9047,1.0,129.0,384.0,23.04,4.065907414377431,10,3,120000.0,51.16,4.055763,4.140037775370989,4.0997465983548365
9048,0.0,0.0,160.0,0.0,,2,3,80000.0,1.43,1.4595102,1.6987797522680168,1.6228904050509527
9049,2.0,241.0,322.0,14.58,6.93158499508841,13,0,140000.0,35.1,6.9758396,6.90762798131839,6.711445879325324
9050,1.0,70.0,649.0,32.64,2.0423993757548295,10,4,80000.0,35.410000000000004,2.03121,2.0827469721453578,2.2374229258811233
9055,0.0,0.0,39.0,0.0,,3,1,20000.0,3.89,4.567252,3.3857901453698576,3.869580722150402
9057,0.0,0.0,692.0,0.0,,3,2,140000.0,10.44,0.019906612,0.18067782873435642,0.20813899869379515
9058,0.0,0.0,100.0,0.0,,5,4,20000.0,4.61,2.4727519,2.3548438658943094,2.1687950245733205
9059,0.0,0.0,45.0,0.0,,3,0,40000.0,13.38,3.4908118,3.3659085455163646,3.032281218383523
9061,1.0,608.0,621.0,11.17,2.1069500214621915,8,2,20000.0,14.129999999999999,2.1041265,2.1772585200644867,2.1465957054018867
9062,0.0,0.0,322.0,0.0,,5,4,20000.0,26.28,0.5584971,0.7413306486146224,0.6602571492269833
9063,1.0,80.0,441.0,10.37,1.5177340130181807,9,1,40000.0,29.409999999999997,1.4681293,1.2769565187517498,1.5108408350807148
9064,5.0,519.0,675.0,15.356,8.830112195044041,24,3,60000.0,91.89999999999999,8.844677,8.86632757570062,8.76613616315316
9065,1.0,19.0,395.0,4.97,0.7963364753315554,8,4,60000.0,11.1,0.8174936,0.7490569887552713,0.8101764818113839
9067,0.0,0.0,171.0,0.0,,4,1,40000.0,18.48,1.3329734,1.626654566761308,1.3073848971994089
9068,0.0,0.0,623.0,0.0,,4,0,40000.0,14.7,0.10465784,0.17931940830134707,0.22336611977896137
9069,1.0,186.0,403.0,4.31,1.273352038198769,8,0,100000.0,9.129999999999999,1.3197763,1.235208662943633,1.3341581961594455
9074,1.0,360.0,492.0,8.51,1.9221373722989874,12,0,40000.0,15.620000000000001,1.9219284,1.8139482103192786,1.9163192265213649
9075,2.0,464.0,559.0,11.54,3.803737900659856,12,0,40000.0,28.48,3.7784429,3.654061780380338,3.72959631263424
9076,1.0,16.0,255.0,32.08,5.905468645639653,10,4,40000.0,43.8,5.9104576,5.876387820975781,5.615166631930248
9078,0.0,0.0,538.0,0.0,,2,5,40000.0,2.88,0.2900992,0.18993942846904663,0.25546301491718726
9080,0.0,0.0,442.0,0.0,,5,2,40000.0,25.39,0.44308102,0.2501645209297739,0.4543962913178623
9081,0.0,0.0,351.0,0.0,,3,2,60000.0,9.52,0.42528927,0.3622764197324472,0.5893077155425868
9085,0.0,0.0,626.0,0.0,,5,1,120000.0,6.3,0.03618309,0.18045128787173237,0.17187183095574632
9086,1.0,262.0,310.0,18.37,5.1047448348372715,11,1,20000.0,39.870000000000005,5.1275196,5.16958508130288,5.3305274089593055
9087,0.0,0.0,279.0,0.0,,6,5,40000.0,9.35,0.7192413,0.7079724448026279,0.574058381515897
9088,0.0,0.0,59.0,0.0,,5,5,120000.0,26.03,3.218553,3.8065062108376484,2.902172946378859
9092,2.0,53.0,152.0,10.72,7.6018465046434684,14,1,20000.0,35.910000000000004,7.6446915,7.812419795756887,7.838375033189088
9093,1.0,28.0,149.0,3.86,2.1837420044027533,8,2,40000.0,35.35,2.1761527,1.9570551822439581,2.356398909946787
9095,0.0,0.0,31.0,0.0,,4,3,80000.0,8.95,4.5952516,3.05652258583207,3.8277867821234848
9097,2.0,113.0,270.0,3.76,2.325533360517717,11,1,20000.0,27.06,2.2673094,2.2340544895446905,2.186680365245585
9098,0.0,0.0,628.0,0.0,,4,4,60000.0,27.93,-0.035381444,0.11325922420102807,0.1643895549150427
9099,2.0,474.0,544.0,20.125,6.457507722630497,15,1,20000.0,53.69,6.4411187,6.29083454588446,6.431922856418577
9101,1.0,95.0,418.0,5.29,1.095840566109631,10,4,40000.0,17.82,1.0417806,1.1026353197397751,1.0996251616644672
9102,3.0,550.0,552.0,11.516666666666666,5.439013572061824,12,2,20000.0,46.75,5.0063186,5.238456134892814,5.3094475172817575
9103,0.0,0.0,653.0,0.0,,5,1,120000.0,19.37,0.047483094,0.15809058243614402,0.19087008847727116
9106,0.0,0.0,324.0,0.0,,6,3,100000.0,15.03,0.53062177,0.6202880037784128,0.6326924679859225
9108,0.0,0.0,240.0,0.0,,4,1,40000.0,7.15,0.876201,0.9978184105100044,0.8736323059124596
9110,0.0,0.0,20.0,0.0,,4,3,60000.0,13.44,4.595656,3.1699375073915523,3.8638996079401227
9111,1.0,15.0,408.0,11.04,1.265059174098348,10,2,40000.0,18.89,1.2892944,1.3249634064018907,1.2412817119497994
9112,2.0,343.0,483.0,7.655,2.9174099627600385,12,0,20000.0,20.66,2.871055,2.8211639064278304,2.8931120472740486
9115,3.0,523.0,651.0,21.24,8.09770759837649,21,4,40000.0,77.7,8.097435,7.960516934942034,8.160348485311225
9116,1.0,71.0,152.0,2.68,2.028192543913839,8,5,20000.0,17.07,2.11025,1.9902331266312359,2.2529442929787287
9119,0.0,0.0,169.0,0.0,,4,3,80000.0,15.96,1.46008,1.6012448885448018,1.3857014439741882
9123,3.0,543.0,623.0,14.936666666666667,6.137858714414387,17,1,100000.0,53.69,6.1700115,6.164136796892087,6.221576414032321
9125,4.0,549.0,726.0,15.370000000000001,6.8328809565084985,22,3,60000.0,79.43,6.817778,6.73496732113851,6.942660526168838
9129,5.0,540.0,709.0,8.24,4.701792743141945,29,0,120000.0,44.15,4.701825,4.535327700707763,4.657620269992213
9130,0.0,0.0,60.0,0.0,,5,4,120000.0,5.36,3.419578,2.963058134899602,2.886674779318686
9134,10.0,551.0,630.0,13.143,15.58278178075832,46,5,80000.0,136.41,15.558772,15.734288259341918,15.054908167565314
9139,0.0,0.0,226.0,0.0,,4,5,20000.0,9.24,0.85020715,1.0778162430463283,0.8721418670073602
9141,0.0,0.0,231.0,0.0,,3,4,80000.0,12.58,0.9991708,1.0337502504376836,0.8521673643221135
9142,1.0,11.0,28.0,18.96,13.611125444534158,8,4,60000.0,22.44,11.946718,10.99461486298807,12.871875042790062
9143,6.0,236.0,326.0,20.07,23.22077800302697,37,5,60000.0,147.29999999999998,27.02732,23.977811080221112,25.053848967420283
9144,3.0,452.0,559.0,7.566666666666667,3.578683899862792,11,1,20000.0,27.82,3.5354753,3.4194023943097465,3.438720153686552
9145,2.0,27.0,615.0,14.969999999999999,0.913602165017825,12,1,80000.0,46.76,0.94476587,1.0987400547975514,0.6265994687316647
9149,2.0,196.0,327.0,7.32,3.631361066096349,11,1,80000.0,26.52,3.5887313,3.6848028175092007,3.695593797414236
9150,0.0,0.0,293.0,0.0,,4,1,20000.0,7.67,0.50274676,0.6734238529546904,0.6231937646731351
9157,0.0,0.0,139.0,0.0,,4,1,20000.0,16.02,1.7644641,1.7783472393204909,1.7726719993397442
9159,0.0,0.0,494.0,0.0,,4,1,40000.0,7.44,0.31229123,0.24758052257746216,0.22459320820811612
9160,0.0,0.0,632.0,0.0,,4,1,20000.0,7.83,0.07671569,0.17222449902255327,0.1881793499731126
9162,0.0,0.0,524.0,0.0,,4,3,60000.0,8.55,0.2546269,0.24414677165282642,0.2652672251557373
9163,0.0,0.0,554.0,0.0,,5,5,60000.0,7.29,0.2989043,0.179366088216718,0.2671413632543116
9166,0.0,0.0,225.0,0.0,,4,1,40000.0,10.21,0.9870626,1.0711133339231125,0.8907100167441131
9167,0.0,0.0,67.0,0.0,,7,5,120000.0,18.0,2.7925355,1.9252427092121933,2.833750084738659
9169,5.0,482.0,575.0,12.576,8.540299440810598,25,5,80000.0,84.35,8.490986,8.459890221675542,8.530207028187528
9171,1.0,34.0,435.0,19.71,2.067188135469361,10,0,20000.0,53.67,2.0868955,2.0798339781887663,2.135986675034987
9175,1.0,15.0,719.0,23.13,0.8518601984114524,9,2,100000.0,24.93,0.85589886,0.8889767985658107,0.8224513443328663
9176,6.0,503.0,563.0,13.979999999999999,11.440717081577658,30,4,40000.0,91.34,11.439574,11.627483395413893,11.193600897974106
9178,0.0,0.0,261.0,0.0,,4,4,40000.0,3.99,0.80463535,0.7657353488273712,0.5549937283799755
9179,0.0,0.0,330.0,0.0,,7,4,40000.0,23.36,0.59707105,0.6596014533586411,0.7239121955398797
9180,0.0,0.0,114.0,0.0,,5,4,20000.0,16.2,2.0280414,2.4545491534319446,2.0125606863314642
9182,0.0,0.0,265.0,0.0,,5,2,120000.0,16.57,0.75867194,0.7673528075959457,0.536239199681261
9184,3.0,196.0,489.0,12.229999999999999,4.515752227927969,12,0,40000.0,43.86,4.436935,4.674315487034913,4.551491240090608
9187,5.0,664.0,678.0,10.734,6.615894746456608,25,4,20000.0,77.57,7.3202486,7.129593847470765,6.666189224047811
9189,2.0,290.0,340.0,3.74,2.2980068358333168,14,2,60000.0,14.11,2.3053722,2.490600253305493,2.45145872830101
9190,0.0,0.0,68.0,0.0,,4,3,40000.0,16.68,2.8075285,2.464606249275434,2.8985956739894423
9191,0.0,0.0,319.0,0.0,,4,1,40000.0,11.34,0.6141369,0.6206489101182163,0.6662733555065152
9195,1.0,181.0,246.0,9.99,3.567946014204721,8,3,80000.0,18.759999999999998,3.5383425,3.6691538062350535,3.7363170338242084
9197,6.0,271.0,350.0,11.286666666666667,12.941491076019286,29,1,80000.0,76.17999999999999,12.940568,12.885740943954984,13.037757095723604
9198,0.0,0.0,142.0,0.0,,3,2,120000.0,4.12,1.8104562,1.734030248115979,1.7322647358911532
9199,0.0,0.0,500.0,0.0,,4,2,20000.0,3.82,0.29527792,0.26393764602374364,0.22136521522618224
9200,3.0,310.0,342.0,10.723333333333334,7.193770604696965,15,4,20000.0,42.54,7.290361,7.254213900275174,7.291834765510811
9205,0.0,0.0,362.0,0.0,,3,4,140000.0,2.21,0.6815065,0.35851920741304794,0.5558481054214521
9206,0.0,0.0,478.0,0.0,,4,3,40000.0,18.22,0.3365598,0.255462486363447,0.2771426362005682
9208,3.0,530.0,694.0,20.31,7.266415755355101,17,5,20000.0,70.68,7.2403994,7.314623160065724,7.244857704708673
9209,0.0,0.0,287.0,0.0,,4,4,60000.0,13.43,0.64979845,0.6581299307233696,0.5545568375342604
9213,2.0,282.0,661.0,12.445,2.7735503472883467,11,3,80000.0,34.93,2.813681,2.704306839713216,2.7479427691782368
9217,0.0,0.0,400.0,0.0,,4,5,40000.0,24.56,0.6874778,0.2989304276845701,0.45892204418029525
9223,0.0,0.0,434.0,0.0,,5,4,40000.0,1.95,0.36283767,0.29588966355499796,0.4689485683723218
9224,4.0,539.0,558.0,10.6725,6.351417515134083,20,4,40000.0,56.12,6.335795,6.316380641727333,6.355035092253993
9225,2.0,127.0,598.0,15.52,2.4024133389817743,13,2,40000.0,35.2,2.3661795,2.2528261906141656,2.4775753373576763
9226,1.0,157.0,357.0,26.99,5.399996388357419,10,1,20000.0,41.17,5.4067917,5.433821371660356,5.412876958817341
9227,1.0,546.0,660.0,20.1,3.0843598750384174,11,1,20000.0,45.8,3.083982,3.2462253027602035,3.2113996484500418
9228,0.0,0.0,203.0,0.0,,3,2,60000.0,16.59,1.0425032,1.0859585256548052,1.0133726284099147
9230,1.0,9.0,190.0,5.22,1.9237615127827108,8,3,60000.0,18.91,1.9385977,2.151454531133268,1.7662832761361411
9231,0.0,0.0,605.0,0.0,,3,4,40000.0,4.51,0.20227234,0.16802741962231607,0.1892612626212884
9233,0.0,0.0,405.0,0.0,,5,4,80000.0,12.78,0.48780212,0.2959873149846077,0.4529546575641472
9234,2.0,346.0,403.0,28.49,11.196741404004273,10,1,20000.0,63.48,9.634942,9.403166069991856,9.966851072115805
9235,0.0,0.0,277.0,0.0,,2,4,60000.0,7.29,0.74041146,0.6884879569453558,0.5642879790843454
9236,3.0,326.0,692.0,17.873333333333335,5.124029433224707,17,0,80000.0,62.3,5.111331,5.034638141279807,5.449053621468668
9237,1.0,331.0,549.0,15.7,2.645524566392674,4,4,60000.0,31.849999999999998,2.6462014,2.698992008453823,2.701506570391029
9238,9.0,277.0,366.0,13.327777777777778,20.72032685008022,41,2,20000.0,129.55,19.492586,20.4899923442884,19.930459718579648
9239,1.0,255.0,368.0,14.27,3.4987217770625643,10,0,100000.0,26.66,3.5068889,3.58031623607594,3.628145709942349
9241,2.0,266.0,346.0,6.615,3.39313238241582,13,1,20000.0,25.37,3.4080029,3.529124644065717,3.550771937713791
9242,0.0,0.0,545.0,0.0,,5,4,40000.0,19.15,0.21432371,0.15959869858018547,0.2583989869141474
9243,0.0,0.0,190.0,0.0,,7,4,40000.0,31.68,1.2644981,1.447526981453692,1.048356027585359
9244,0.0,0.0,303.0,0.0,,3,3,20000.0,16.59,0.48857456,0.6798351277651918,0.6630062683269795
9247,1.0,3.0,79.0,3.65,2.9532235344474165,7,4,40000.0,20.24,2.954457,2.5843166913155953,2.7440383651700646
9248,2.0,308.0,665.0,17.155,3.831987042501377,12,2,60000.0,41.91,3.8835285,3.807242259159543,3.797371186982643
9249,8.0,307.0,364.0,16.09125,23.401845436655435,37,2,40000.0,149.28,23.405054,23.53115629403418,23.505564747566662
9251,1.0,276.0,550.0,11.82,1.9752150720821493,9,4,100000.0,20.09,2.1590629,2.1706255060137507,1.96032920549911
9252,2.0,459.0,532.0,9.545,3.388376812080092,14,3,60000.0,41.5,3.4038532,3.354285444913491,3.4841682809225927
9253,0.0,0.0,275.0,0.0,,2,2,100000.0,7.1,0.7012556,0.7011763349878612,0.5526295403881951
9254,0.0,0.0,99.0,0.0,,3,4,60000.0,6.72,2.6706183,2.314857081490864,2.175528452373067
9256,5.0,446.0,559.0,4.646,3.4746756006827537,25,3,40000.0,40.629999999999995,3.4766333,3.873768717249439,3.919925367494248
9262,1.0,49.0,210.0,9.15,2.976707758367212,8,3,60000.0,25.9,2.9969697,3.0700484171553915,3.14853701649712
9263,10.0,628.0,708.0,9.059000000000001,9.911115315278037,45,2,40000.0,99.22,9.906828,9.840236076361712,9.781575552573738
9264,0.0,0.0,707.0,0.0,,4,4,100000.0,26.68,-0.10877755,0.06274952890648974,0.15734311614995633
9268,1.0,36.0,227.0,22.62,5.418165347189781,8,2,20000.0,47.46,5.3983874,5.297061803290162,5.6765665729172
9269,3.0,224.0,546.0,5.5566666666666675,2.064097267315044,12,2,20000.0,23.400000000000002,2.0680046,2.1602128808808043,2.1614766807032124
9270,1.0,149.0,400.0,23.76,4.165578961322813,7,4,20000.0,43.040000000000006,4.1646028,4.478125691892772,4.110163336131375
9271,2.0,434.0,501.0,17.405,6.025186889054876,13,5,60000.0,63.25,6.5403047,6.484747724982572,6.121637824090881
9272,0.0,0.0,79.0,0.0,,5,5,40000.0,9.07,2.8335047,2.422167507267105,2.429527776380044
9275,1.0,21.0,624.0,6.51,0.44185134249235325,8,2,20000.0,13.46,0.44486007,0.5240955103876825,0.5514984472755513
9276,3.0,284.0,678.0,13.530000000000001,3.6799431544470913,15,4,140000.0,46.379999999999995,3.715146,3.5043598014414474,3.7241684788196507
9280,0.0,0.0,87.0,0.0,,5,1,20000.0,7.64,2.6984997,2.519172255777988,2.273992738620949
9281,0.0,0.0,614.0,0.0,,5,2,20000.0,8.1,0.1416594,0.15330074265018845,0.18285820371692285
9283,0.0,0.0,92.0,0.0,,4,2,40000.0,15.3,2.6429873,2.511985285527335,2.2654410209432347
9285,1.0,366.0,631.0,25.51,3.5051224747095535,5,0,80000.0,37.63,3.4989762,3.4931245536413957,3.5372093585618836
9286,1.0,350.0,546.0,18.03,3.0409220805720545,9,5,20000.0,22.59,3.062226,3.010165688472743,3.1109087360990544
9288,0.0,0.0,29.0,0.0,,4,4,80000.0,15.77,4.619775,3.0733931246530806,3.7559516256873753
9291,0.0,0.0,66.0,0.0,,5,3,60000.0,35.16,2.8740451,2.901698989642298,3.1060770511376594
9292,1.0,137.0,196.0,8.46,3.6097800911429148,7,5,40000.0,37.010000000000005,3.6443367,3.543978700847967,3.2762934045877476
9294,1.0,178.0,282.0,4.64,1.8992464884540765,9,0,80000.0,9.68,1.9166582,1.849841107907759,1.8320877652583114
9297,4.0,585.0,681.0,8.850000000000001,4.46425279099093,19,1,80000.0,47.010000000000005,4.4921145,4.407739122240738,4.578260999174417
9300,2.0,202.0,479.0,15.21,4.434833582972187,15,3,20000.0,41.26,4.148586,4.888696394118882,4.251717206879507
9301,0.0,0.0,329.0,0.0,,3,5,40000.0,3.91,0.6152062,0.6298108433575977,0.6612199532741911
9302,0.0,0.0,566.0,0.0,,1,1,140000.0,1.71,0.12048043,0.14594678176850095,0.21009798883699293
9304,2.0,82.0,164.0,7.19,5.479319964953926,10,4,20000.0,25.58,5.5213366,5.57868696788333,5.36077866357881
9306,3.0,648.0,708.0,8.506666666666666,3.3498222336687777,14,4,60000.0,33.33,3.37787,3.323986135551287,3.293186385974725
9307,3.0,212.0,294.0,8.033333333333333,5.946994977367508,23,3,20000.0,44.120000000000005,5.9551015,6.213997069136327,6.455843530784682
9308,1.0,27.0,256.0,3.36,1.2011090568428895,8,4,40000.0,10.39,1.1727612,1.1884567193526607,1.0340095598962984
9309,3.0,563.0,691.0,22.353333333333335,8.117082658783346,16,4,20000.0,72.56,8.123424,8.051828249428102,7.909695341914073
9310,0.0,0.0,676.0,0.0,,4,0,40000.0,3.08,0.08664468,0.16229691539309088,0.1968932553040199
9311,2.0,251.0,319.0,20.12,9.429186901808038,18,3,80000.0,56.82,9.165761,8.880428518882102,9.613347075307557
9312,0.0,0.0,48.0,0.0,,2,1,80000.0,2.44,3.5551949,3.05652258583207,3.0127870169516258
9313,0.0,0.0,659.0,0.0,,5,4,40000.0,13.56,0.124589995,0.167682172739821,0.1793949820505807
9315,0.0,0.0,521.0,0.0,,3,3,140000.0,9.25,0.24369302,0.24630019944849874,0.208083941178705
9317,0.0,0.0,280.0,0.0,,5,5,20000.0,27.56,0.86759645,0.7768282482254649,0.5892200618739825
9318,8.0,586.0,598.0,15.10375,15.486169199302253,35,1,120000.0,125.99,15.419568,15.560380502139814,14.92952243754855
9319,2.0,169.0,222.0,6.755,4.6313968867759385,17,4,140000.0,25.509999999999998,4.363636,4.207052698081427,4.535874670540267
9321,4.0,270.0,365.0,6.965,5.662919176849732,13,2,20000.0,38.46,5.647752,5.454659452505795,5.507820960201431
9323,1.0,273.0,424.0,22.8,4.554129546510887,7,1,60000.0,26.7,4.5290923,4.526489868316309,4.5838113500225734
9324,0.0,0.0,504.0,0.0,,4,0,120000.0,1.4,0.25374374,0.24860732463921503,0.20255330903865598
9325,0.0,0.0,386.0,0.0,,3,1,140000.0,11.34,0.44717643,0.3539743052841927,0.4556528516509557
9326,0.0,0.0,39.0,0.0,,1,0,20000.0,1.72,4.492052,3.3857901453698576,3.883018494306405
9327,3.0,458.0,681.0,8.333333333333334,3.138352897719062,22,5,40000.0,39.67,3.1506078,3.237076774782144,3.244852282914949
9328,1.0,16.0,117.0,21.53,8.512056713361918,7,1,20000.0,36.93,8.637051,8.666306562089307,8.190583714467703
9331,3.0,509.0,700.0,11.9,4.328081213369508,15,2,20000.0,44.160000000000004,4.34798,4.452171890547416,4.377734466375949
9335,0.0,0.0,110.0,0.0,,2,2,40000.0,2.55,2.5856917,2.27584099232651,2.1667799876196883
9337,1.0,160.0,257.0,16.14,4.863977327037993,7,4,40000.0,27.54,4.9165554,4.602802288845216,4.696127114639491
9340,0.0,0.0,644.0,0.0,,3,4,60000.0,12.62,0.12550755,0.17052650532435504,0.18707282740304887
9342,0.0,0.0,315.0,0.0,,5,1,60000.0,5.04,0.62671167,0.6431429471695976,0.6319251499052374
9343,0.0,0.0,126.0,0.0,,5,5,140000.0,16.93,2.167889,2.0410203389805917,1.8095808660681127
9345,0.0,0.0,113.0,0.0,,5,2,60000.0,20.94,2.5803924,2.4315780438027987,2.2076043780917187
9349,4.0,229.0,340.0,20.3425,15.738347304956772,22,4,20000.0,103.57,16.462072,15.769419891705532,15.72715107538972
9350,0.0,0.0,258.0,0.0,,6,3,120000.0,12.17,0.81286776,0.7646260778315274,0.5840764275461758
9351,0.0,0.0,522.0,0.0,,3,4,80000.0,5.96,0.29767206,0.262282148301787,0.19116919791664877
9352,1.0,188.0,278.0,7.44,2.6183809669454625,7,2,120000.0,12.41,2.5494182,2.6928155980676305,2.699818449485249
9353,0.0,0.0,434.0,0.0,,5,2,20000.0,6.79,0.35375434,0.3098283082144032,0.4856944069978084
9354,0.0,0.0,305.0,0.0,,4,4,40000.0,25.78,0.7087225,0.7778018524018182,0.6559739785731686
9355,0.0,0.0,615.0,0.0,,4,1,100000.0,30.26,0.06659424,0.11395755974142287,0.18891957249842672
9357,2.0,350.0,736.0,17.814999999999998,3.660517514556413,10,0,40000.0,47.45,3.6697571,3.6456587666850924,3.75040008851255
9359,1.0,125.0,173.0,11.9,5.027022220888861,6,1,80000.0,27.68,5.0101867,4.919157747176527,4.804984651477847
9362,0.0,0.0,137.0,0.0,,5,3,40000.0,29.32,2.1443508,1.5873314744025697,1.7904991425991739
9364,0.0,0.0,616.0,0.0,,5,1,40000.0,10.04,0.13499515,0.1568252190573999,0.18316537519038167
9366,2.0,160.0,368.0,12.065,4.594606648719237,12,0,120000.0,31.86,4.536028,4.678938250545401,4.557206839414964
9368,0.0,0.0,52.0,0.0,,4,3,40000.0,3.52,3.4787278,3.3659085455163646,3.014826668062667
9370,0.0,0.0,217.0,0.0,,5,2,100000.0,5.76,1.0031204,1.0620966578286393,0.8453253475793092
9373,0.0,0.0,550.0,0.0,,5,3,20000.0,7.97,0.2444597,0.14450538981664068,0.2755849686389258
9374,0.0,0.0,35.0,0.0,,3,5,80000.0,6.7,4.6008344,3.0310678473774164,3.7556029212422954
9376,0.0,0.0,260.0,0.0,,5,3,80000.0,15.39,0.7968723,0.7646260778315274,0.5709341926184877
9378,0.0,0.0,275.0,0.0,,2,4,60000.0,15.01,0.69205457,0.6884879569453558,0.5549766141463985
9379,0.0,0.0,189.0,0.0,,4,1,140000.0,4.39,1.2035494,1.4220104942247382,1.188406328507484
9381,1.0,324.0,606.0,8.32,1.4358179863808027,10,3,120000.0,39.230000000000004,1.435266,1.4451456490024503,1.3547773948769626
9383,4.0,384.0,601.0,17.0075,8.243176442228322,24,4,120000.0,72.73,8.241346,8.258791686971398,8.29347638475279
9386,2.0,36.0,431.0,22.215,3.339011561138476,16,3,60000.0,59.66,3.8649886,2.969324672203612,3.4773364079806623
9387,0.0,0.0,84.0,0.0,,2,2,40000.0,15.46,2.7139065,2.511985285527335,2.4650509062802173
9390,2.0,399.0,700.0,13.72,3.2872649447694493,10,1,80000.0,40.47,3.289821,3.3305168807225938,3.388972238848237
9391,1.0,182.0,208.0,6.4,3.006886573659259,8,1,80000.0,14.72,2.442416,2.905970176826771,2.9487943560481957
9393,2.0,42.0,428.0,14.655000000000001,2.4538521354674465,11,4,140000.0,45.29,2.4316018,2.3357092626390887,2.561136694787229
9394,1.0,206.0,238.0,44.89,13.494247795499446,10,4,80000.0,81.5,13.504131,14.612725865304748,13.535582191403483
9395,1.0,261.0,306.0,7.59,2.618916259040618,10,5,40000.0,42.53,2.617471,2.3507841368126594,2.849102073717038
9396,2.0,625.0,665.0,13.47,3.876160287071005,13,2,60000.0,41.19,3.8690348,3.818607259659503,3.8757221333263785
9397,1.0,6.0,380.0,25.3,2.617564557264941,11,5,40000.0,30.73,2.610446,2.6217894512976105,2.6392926571654893
9398,1.0,265.0,318.0,14.26,4.061198186451005,10,4,20000.0,17.07,3.822385,4.018570730843857,4.065674613738622
9401,2.0,631.0,672.0,10.825,3.1750602727752266,9,4,60000.0,50.97,3.1576796,3.494784601249016,3.019800826876181
9402,1.0,92.0,187.0,6.84,3.011766509614933,6,3,60000.0,26.27,3.0004523,3.0714934581763647,2.8832748344601526
9403,0.0,0.0,125.0,0.0,,3,0,40000.0,10.69,2.183926,2.077123127800916,1.8650128305645364
9404,2.0,396.0,434.0,13.715,5.477216244141483,10,4,60000.0,34.29,5.4264874,5.396991059940575,5.486864369439835
9405,0.0,0.0,482.0,0.0,,2,2,20000.0,10.79,0.3852269,0.2743351459393402,0.23933190521400682
9412,1.0,139.0,482.0,11.26,1.735308568585605,8,3,80000.0,34.589999999999996,2.0513647,2.517948434296727,1.4579873617831725
9413,0.0,0.0,81.0,0.0,,2,2,80000.0,14.2,2.8154027,2.2012410004038707,2.470002210767144
9414,0.0,0.0,278.0,0.0,,5,2,60000.0,6.56,0.6884358,0.6943985970604275,0.58214586053513
9415,3.0,68.0,202.0,16.083333333333332,12.044627357556598,12,1,120000.0,69.42,12.05069,12.169503219414759,12.113850475048597
9416,0.0,0.0,232.0,0.0,,3,1,40000.0,11.7,0.9746714,1.0438982749195829,0.9058167267617456
9417,2.0,527.0,666.0,8.525,2.5242375059883697,13,5,40000.0,29.060000000000002,2.558132,2.61920638063173,2.5030901153595235
9419,2.0,407.0,601.0,6.234999999999999,2.05010919618407,12,0,60000.0,15.690000000000001,1.9999658,1.8929820522838043,1.9910129553623186
9420,1.0,402.0,597.0,27.14,4.08407424591079,5,1,20000.0,30.490000000000002,4.0713034,4.10432679267882,4.046317850407114
9421,3.0,507.0,579.0,5.723333333333333,2.789658043723356,12,3,40000.0,24.4,2.846648,2.7825012945236605,2.7071545180016785
9422,1.0,94.0,313.0,10.87,2.5521565731046247,9,4,40000.0,15.32,2.5574093,2.5909316011926267,2.4291942445580923
9425,2.0,133.0,155.0,19.55,14.437041778698047,12,5,20000.0,47.78,14.394139,14.047764570377405,14.002378259694403
9426,0.0,0.0,365.0,0.0,,2,3,20000.0,11.44,0.7439868,0.3766819841077303,0.6227517005194212
9432,0.0,0.0,23.0,0.0,,4,1,60000.0,3.59,4.6333146,3.1699375073915523,3.8789783446757364
9433,1.0,258.0,609.0,28.22,3.493834482329071,8,4,40000.0,31.7,3.3140197,3.660597146780889,3.67836195147178
9435,1.0,37.0,295.0,9.98,2.087563558163405,7,1,20000.0,11.73,2.113707,2.118664153159127,2.0603346499871913
9437,0.0,0.0,672.0,0.0,,6,1,20000.0,8.06,0.073888876,0.15520200611429708,0.2149499300626747
9438,0.0,0.0,172.0,0.0,,5,4,60000.0,3.34,1.4439093,1.4730465721895751,1.2751181611537126
9439,2.0,160.0,405.0,6.720000000000001,2.505875234972507,5,0,20000.0,20.04,2.5223584,2.4661152956842463,2.4871516005022087
9440,2.0,389.0,608.0,19.634999999999998,5.34100944891799,11,2,60000.0,50.36,5.2875094,5.380381797498101,5.315828311697981
9443,3.0,131.0,301.0,13.176666666666668,7.867746258733051,22,4,20000.0,47.38,7.8869805,8.053776263384258,7.994600393599962
9444,1.0,18.0,253.0,24.19,4.689099893982538,9,5,20000.0,59.11,4.724438,4.8886225723133645,5.015702025481677
9447,0.0,0.0,405.0,0.0,,4,1,60000.0,11.85,0.42553487,0.29490313803035,0.4931819863546112
9448,0.0,0.0,130.0,0.0,,3,3,120000.0,10.68,2.002435,2.0528428234805682,1.7002440311941713
9449,0.0,0.0,322.0,0.0,,7,2,20000.0,7.0,0.46789947,0.6158866218912391,0.6647175047239005
9450,2.0,260.0,339.0,8.825,4.349699234847657,11,2,100000.0,28.12,4.344389,4.469829195671515,4.205529839811911
9451,1.0,114.0,297.0,7.15,2.1085774685580176,6,1,40000.0,27.64,2.1440363,2.336282814849953,2.053713159488386
9455,0.0,0.0,228.0,0.0,,3,5,40000.0,8.48,0.97416764,1.0765600712976962,0.8788407351394216
9456,2.0,192.0,268.0,8.805,5.041503020505527,12,1,20000.0,40.29,5.0625763,5.271058157466821,5.305418779629649
9457,0.0,0.0,55.0,0.0,,4,3,,7.62,,,
9459,0.0,0.0,716.0,0.0,,3,4,60000.0,25.2,-0.078248635,0.05219619201197603,0.144653241567549
9460,3.0,68.0,138.0,15.573333333333332,16.214640755520247,15,1,140000.0,71.1,16.19713,16.18473044708348,15.932312886702242
9461,3.0,578.0,699.0,12.433333333333332,4.665266241599991,22,4,20000.0,44.26,4.6154833,4.6778554217746,4.700825972811905
9462,0.0,0.0,319.0,0.0,,3,3,40000.0,19.71,0.55897856,0.6181333739886046,0.6558376654177955
9464,0.0,0.0,192.0,0.0,,4,5,,4.68,,,
9467,1.0,568.0,641.0,49.28,7.197538215128993,9,4,100000.0,58.02,5.350843,5.444802314915378,5.759297498482031
9469,6.0,427.0,705.0,7.239999999999999,4.0832069041407575,29,1,20000.0,54.79,4.0854716,4.047791122894945,4.293649438173976
9471,1.0,20.0,629.0,3.93,0.32077864027662517,8,3,20000.0,12.25,0.3484653,0.39457128486164716,0.36009656651283883
9473,0.0,0.0,665.0,0.0,,3,5,40000.0,15.54,0.14434944,0.16816192529232726,0.20060016990687402
9476,0.0,0.0,534.0,0.0,,5,1,20000.0,12.41,0.27644286,0.17405368202633845,0.2797696912148755
9478,0.0,0.0,282.0,0.0,,2,5,100000.0,4.06,0.65332395,0.7037078263657052,0.5449280886094918
9479,0.0,0.0,138.0,0.0,,3,4,120000.0,15.44,1.9668894,1.7573660179944393,1.7203411960266877
9480,5.0,129.0,260.0,14.784,15.004154666891939,24,4,40000.0,90.61,17.091116,15.941557290460212,15.98530346038436
9481,2.0,437.0,668.0,11.23,3.016995687361699,13,2,40000.0,33.4,3.0533879,2.9507071576118022,3.068477485897682
9484,3.0,111.0,152.0,9.74,10.564978072948648,17,4,60000.0,63.24,10.590709,11.132538612508249,10.90601376961548
9487,4.0,564.0,665.0,15.92,7.839608411868907,17,3,140000.0,67.33,7.181327,7.246873277823683,7.2856416732649585
9488,4.0,357.0,484.0,7.8775,5.093605175505265,16,2,60000.0,41.1,5.0906835,5.173367698646957,4.844255266663985
9491,6.0,576.0,607.0,10.328333333333333,8.15348525873575,25,4,20000.0,82.72,7.8574758,8.069674110153494,7.814402628526161
9492,1.0,39.0,255.0,6.91,1.9300168737200984,6,5,,19.09,,,
9494,0.0,0.0,76.0,0.0,,5,2,,13.06,,,
9495,1.0,96.0,452.0,8.13,1.3063418398998774,8,0,80000.0,14.77,1.3267856,1.2872443535301636,1.2994738797530454
9498,3.0,88.0,246.0,21.400000000000002,13.648582978571095,14,4,80000.0,68.16,13.674781,13.32871993661586,13.451295109042876
9499,1.0,323.0,676.0,7.47,1.1575654506464224,8,4,120000.0,17.15,1.1820822,1.222951888017113,1.16697590227216
9500,0.0,0.0,130.0,0.0,,5,3,40000.0,13.32,1.945491,2.1063025291464657,1.7148751925376917
9501,1.0,291.0,636.0,17.03,2.245764407556444,6,4,80000.0,22.25,2.2548935,2.227478905274735,2.1238447394798854
9504,5.0,491.0,502.0,15.754,12.095207319609901,26,2,40000.0,81.32000000000001,11.030747,11.808212270430088,11.420705316888446
9505,0.0,0.0,641.0,0.0,,5,3,20000.0,10.24,0.12637614,0.1655296294444188,0.20708657260150432
9507,1.0,480.0,525.0,7.13,1.7163691844149742,10,1,40000.0,11.719999999999999,1.7173705,1.8152314621088697,1.7060255468626346
9509,0.0,0.0,52.0,0.0,,4,4,140000.0,8.74,3.4809673,3.055774181682267,2.908767556239155
9510,6.0,499.0,668.0,18.411666666666665,12.262330343180437,38,5,80000.0,126.49,12.239779,12.165904402620283,12.125045383597111
9512,2.0,263.0,592.0,11.525,2.9336967110385137,9,4,20000.0,47.730000000000004,2.92175,3.064922843478947,3.053182041348083
9513,1.0,31.0,361.0,34.63,4.3886944096669325,9,4,20000.0,38.85,4.3948565,4.170899918143824,4.522016521632354
9514,2.0,124.0,199.0,2.585,2.4491107772475766,9,1,20000.0,20.48,2.4871578,2.5964059506671915,2.864538091322436
9516,0.0,0.0,198.0,0.0,,4,4,60000.0,30.58,1.426293,1.173104557264724,1.092367390591181
9517,0.0,0.0,521.0,0.0,,2,3,80000.0,4.78,0.2709421,0.2481977798158419,0.210058864356494
9522,1.0,7.0,240.0,17.66,3.5859528979998694,11,4,40000.0,41.96,4.7861037,4.176038253336612,4.201896811172915
9524,4.0,555.0,644.0,15.5575,7.90186212461176,19,3,60000.0,77.63,8.02848,8.13068287810248,8.024093944972236
9525,2.0,9.0,223.0,8.375,3.3731871182336914,18,4,20000.0,33.21,3.360072,3.163880345285374,3.4437707072867068
9527,3.0,354.0,470.0,13.053333333333333,6.571741979966459,13,1,80000.0,55.66,6.5924006,6.584810961982786,6.48921870142055
9528,0.0,0.0,633.0,0.0,,4,1,40000.0,5.26,0.08438686,0.17869278433607852,0.18596420954163317
9533,1.0,24.0,233.0,28.97,6.217278304243226,13,5,40000.0,34.589999999999996,6.221436,6.159371713907658,6.216982266771208
9535,2.0,78.0,619.0,10.809999999999999,1.1596205666072572,16,5,40000.0,33.42,1.1316847,0.9669178599805954,1.3362111322514387
9536,0.0,0.0,261.0,0.0,,3,5,140000.0,13.61,0.7516689,0.7679867186064464,0.5172555264410068
9540,2.0,314.0,361.0,25.73,11.045911380735092,12,1,40000.0,59.71,11.021714,10.981149272006162,10.595215550346467
9542,0.0,0.0,648.0,0.0,,1,1,60000.0,10.32,0.05895429,0.16403487145985018,0.2036648256783682
9543,2.0,335.0,642.0,20.520000000000003,4.922197411848186,13,1,40000.0,54.08,4.909309,4.793258391568213,4.969673046884635
9546,0.0,0.0,220.0,0.0,,3,3,40000.0,2.65,1.0491502,1.0665511213373624,0.8632198109009108
9549,0.0,0.0,94.0,0.0,,4,1,40000.0,2.28,2.709034,2.3243988622689447,2.2480505056868267
9550,2.0,59.0,380.0,22.02,5.0683786021714905,9,1,80000.0,52.04,5.0940843,5.276077365925323,5.249830444063739
9551,0.0,0.0,705.0,0.0,,5,2,20000.0,2.31,0.1404866,0.13783663399654547,0.19037278267606084
9552,0.0,0.0,64.0,0.0,,6,4,60000.0,7.12,2.8762724,3.083156218178676,2.8904444139050223
9554,3.0,667.0,731.0,8.043333333333335,3.104201057486837,13,3,80000.0,32.77,3.102679,3.1763868324768216,3.1069810928441624
9555,0.0,0.0,480.0,0.0,,2,1,60000.0,6.78,0.3719378,0.25160046266210917,0.23722689674596253
9556,0.0,0.0,257.0,0.0,,3,2,20000.0,17.25,0.58824444,0.7674428156551494,0.6591920276081504
9558,0.0,0.0,70.0,0.0,,5,3,100000.0,11.79,2.859441,2.1382362860374644,2.8759877492644037
9559,1.0,6.0,178.0,12.94,3.804074461308393,9,2,20000.0,16.84,3.828915,3.869719850134357,4.072033253257532
9561,0.0,0.0,160.0,0.0,,4,2,40000.0,4.42,1.4220558,1.7152207536670516,1.6331024308600242
9564,2.0,174.0,350.0,11.435,4.765997659367833,12,5,40000.0,29.05,4.731976,4.621816997499451,4.489342317714598
9567,0.0,0.0,471.0,0.0,,5,3,,7.59,,,
9569,0.0,0.0,118.0,0.0,,4,5,40000.0,5.08,2.180741,2.09783658268999,1.9766971032791432
9571,1.0,317.0,382.0,11.7,3.047636104208632,5,1,40000.0,18.0,3.049594,3.0446915378588417,3.030261459635891
9573,3.0,245.0,336.0,10.313333333333333,6.770418841451599,14,3,40000.0,34.9,6.7017136,6.526659828291929,6.391010046720912
9574,1.0,133.0,213.0,38.42,11.74883674880033,9,4,20000.0,65.56,13.917189,13.869988165492138,13.835773078660957
9578,1.0,222.0,369.0,2.22,1.0837936612249597,8,2,80000.0,7.040000000000001,1.0875057,1.0497864923511742,1.1754817731624145
9581,0.0,0.0,618.0,0.0,,4,4,40000.0,16.8,0.17583524,0.16417243039352342,0.19476616384668421
9583,0.0,0.0,157.0,0.0,,5,3,60000.0,14.62,1.8565826,1.7301185901671619,1.638611105181873
9584,2.0,582.0,666.0,7.1850000000000005,2.243088541349764,14,4,40000.0,25.97,2.235406,2.268404434108681,2.1045223540196805
9585,0.0,0.0,34.0,0.0,,6,3,20000.0,19.72,4.3886867,3.4027741489235326,3.862471908678386
9586,2.0,92.0,281.0,11.205,4.944437241154625,14,3,20000.0,28.23,4.972421,5.092519315094363,4.813135511691268
9588,0.0,0.0,188.0,0.0,,3,2,80000.0,8.1,1.2351652,1.438903028315717,1.1941204085717763
9592,0.0,0.0,295.0,0.0,,3,2,20000.0,12.07,0.43788356,0.6798351277651918,0.6092244909984021
9593,0.0,0.0,638.0,0.0,,2,1,40000.0,13.8,0.09122834,0.17352075079156234,0.18596420954163317
9595,0.0,0.0,222.0,0.0,,4,4,40000.0,2.74,1.053735,1.060640481222291,0.832126004063654
9596,0.0,0.0,240.0,0.0,,4,1,40000.0,11.43,0.87490755,0.9978184105100044,0.8736323059124596
9598,0.0,0.0,172.0,0.0,,6,3,100000.0,9.09,1.3953065,1.4465013428994224,1.2773981341471288
9599,0.0,0.0,112.0,0.0,,4,4,60000.0,13.36,2.675324,2.4412255651781702,2.175528452373067
9601,2.0,152.0,267.0,7.565,4.262734312737518,10,0,140000.0,47.67,4.2396,3.989548621310212,4.3426621536584715
9602,1.0,300.0,614.0,13.86,2.0125653959190037,7,0,40000.0,18.58,1.9982579,1.868909929567895,1.9660925682900903
9603,1.0,328.0,438.0,13.69,3.029950231400224,7,4,140000.0,32.19,3.0488563,3.1604264560557045,3.1951889289380104
9604,0.0,0.0,484.0,0.0,,6,1,40000.0,13.88,0.40099785,0.2579780224930587,0.25414997180725774
9606,0.0,0.0,117.0,0.0,,5,0,80000.0,17.04,2.1684625,2.057285123062846,2.036885811539171
9607,0.0,0.0,235.0,0.0,,3,1,60000.0,15.29,0.9129432,1.037846590037432,0.8764747734140874
9610,11.0,292.0,353.0,12.42,24.704914743104958,48,2,40000.0,150.56,28.65198,24.645607692508413,23.890229318124923
9611,0.0,0.0,175.0,0.0,,5,5,40000.0,29.49,1.752463,1.4736333766929308,1.319428824581851
9612,1.0,485.0,653.0,5.71,1.1772564262342626,9,1,140000.0,26.82,1.33076,1.2289256492218774,1.1146326506233306
9619,3.0,554.0,741.0,16.69333333333333,5.684119731065407,15,3,40000.0,54.52,5.6652822,5.647814344723713,5.782061980391789
9620,0.0,0.0,157.0,0.0,,5,4,100000.0,13.12,1.8351225,1.707287141178865,1.596490227515785
9621,0.0,0.0,93.0,0.0,,4,5,60000.0,2.74,2.7843976,2.289201183508699,2.2609758153646755
9622,3.0,441.0,524.0,13.836666666666666,6.523433377421814,18,3,40000.0,52.65,6.5801897,6.557458616932465,6.441142732149636
9623,1.0,386.0,568.0,27.95,4.380685760725725,10,2,120000.0,31.66,4.401596,4.275264798061619,4.409191366635927
9625,6.0,284.0,302.0,12.046666666666667,15.83203758618873,26,2,80000.0,87.72,15.857194,16.083492132457,16.14414260191387
9629,0.0,0.0,354.0,0.0,,5,1,40000.0,6.84,0.5045955,0.3657101706570829,0.5947475081624747
9630,0.0,0.0,278.0,0.0,,3,4,,6.96,,,
9631,10.0,602.0,622.0,16.336,19.900873496192816,51,5,40000.0,175.14,19.899324,20.249156132350645,19.765023317024088
9633,0.0,0.0,520.0,0.0,,3,1,60000.0,14.85,0.22982144,0.24120296274651262,0.219546307020277
9634,3.0,189.0,291.0,10.08,7.158062929883393,17,3,120000.0,53.93,7.2222114,7.399861965954334,7.790746262320588
9638,2.0,485.0,508.0,9.715,3.6290216548626466,11,3,80000.0,29.72,3.6329687,3.479291994624883,3.5515833056858384
9639,4.0,460.0,495.0,16.43,10.394034805536212,24,1,120000.0,74.9,9.999983,10.002536196593905,9.940123501318833
9640,0.0,0.0,186.0,0.0,,3,2,140000.0,6.12,1.1724733,1.4245664759250165,1.1845469081829618
9642,6.0,608.0,657.0,10.9,8.015069988023571,31,4,20000.0,73.28,8.006049,7.77741337843117,7.943092010128074
9644,11.0,310.0,328.0,10.905454545454546,23.675149278936672,53,2,20000.0,140.88,22.83953,25.58293560558268,23.81298984396273
9648,3.0,226.0,648.0,11.61,2.8352495782700737,13,1,20000.0,47.55,2.2165735,2.665351667165924,3.1428703815161136
9649,0.0,0.0,38.0,0.0,,4,4,60000.0,20.74,4.4441657,3.2037920497662378,3.7925489380942787
9651,0.0,0.0,555.0,0.0,,2,5,140000.0,10.64,0.20914806,0.17633899945838405,0.25480921070290474
9652,0.0,0.0,472.0,0.0,,2,3,40000.0,2.03,0.4498725,0.29636303432358474,0.27245454138528213
9656,1.0,70.0,418.0,14.39,2.0258774283196646,6,2,60000.0,19.990000000000002,2.0507047,2.191220123250304,1.987566817227286
9658,0.0,0.0,323.0,0.0,,2,4,20000.0,6.36,0.49781242,0.6294252793185904,0.6520966350583812
9660,0.0,0.0,186.0,0.0,,3,0,40000.0,15.8,1.1593606,1.3983259664595733,1.2376835305364198
9662,2.0,494.0,592.0,8.755,2.875098995342366,14,3,60000.0,46.78,2.819072,2.861812130845036,3.0699259250686723
9665,0.0,0.0,313.0,0.0,,4,5,40000.0,8.64,0.66375536,0.6596606038181118,0.59444065489678
9667,2.0,90.0,435.0,14.649999999999999,3.3527290189549324,13,3,120000.0,35.94,3.3466642,3.513190497973359,3.512305980654314
9668,3.0,440.0,458.0,8.376666666666667,4.704835530128491,17,1,80000.0,30.229999999999997,4.6926594,4.696988090237388,4.597523753477666
9671,1.0,59.0,353.0,5.58,1.2354157027737704,6,4,40000.0,12.43,1.2297366,1.1303144410504553,1.2808977910567476
9673,3.0,642.0,739.0,20.593333333333334,7.199112497745087,16,2,40000.0,75.56,7.2040944,7.274880974792324,7.310050079547074
9674,0.0,0.0,145.0,0.0,,3,1,80000.0,21.99,1.8180611,1.73954343875048,1.7721734360795676
9678,1.0,25.0,52.0,13.01,8.677457826873125,9,4,,19.89,,,
9679,1.0,270.0,620.0,22.39,2.8385106928800576,10,0,40000.0,42.91,2.837836,2.700949723398688,2.9673518232213243
9680,0.0,0.0,234.0,0.0,,5,5,,5.88,,,
9682,1.0,160.0,227.0,5.93,2.604508578232757,9,4,60000.0,14.91,2.4430254,2.5258934584470407,2.4964385614012228
9684,1.0,205.0,379.0,11.04,2.6125153432530546,10,4,,21.79,,,
9685,1.0,243.0,369.0,11.1,2.830736877359179,5,3,60000.0,15.85,2.8344855,2.840661346866196,2.7752913094980554
9686,0.0,0.0,576.0,0.0,,2,1,60000.0,5.89,0.15523703,0.16655824297557828,0.2195755120811098
9687,1.0,270.0,315.0,5.78,2.151306300545188,10,0,80000.0,18.21,2.1804106,2.0725774441072815,2.1629341668601656
9691,1.0,100.0,432.0,12.69,1.9619211302061994,8,3,60000.0,19.119999999999997,1.9280725,1.8644216068251642,1.9310829142025927
9692,0.0,0.0,106.0,0.0,,4,3,40000.0,34.54,2.7951925,2.557150671098301,2.4004009765988052
9694,0.0,0.0,701.0,0.0,,3,1,140000.0,10.43,0.039485008,0.14170496376763822,0.21151450419587547
9697,1.0,249.0,660.0,27.14,2.9782781183017675,9,2,20000.0,32.33,3.0031824,3.017763637860475,3.0114907641570423
9703,4.0,586.0,655.0,12.377500000000001,6.330737949341231,18,1,20000.0,54.75,6.292144,6.203313577107043,6.200627506446734
9709,0.0,0.0,195.0,0.0,,4,2,120000.0,20.47,1.0155371,1.1828343999378559,0.9767930656309085
9710,2.0,315.0,685.0,11.46,2.5966680802991835,11,3,20000.0,25.5,2.613786,2.458925411402571,2.703170666865855
9715,6.0,420.0,465.0,18.141666666666666,17.10780807469475,32,4,80000.0,124.64,18.344954,16.607433704793802,16.61797731894019
9717,1.0,143.0,249.0,14.88,4.56807825195797,9,4,60000.0,32.59,4.5914874,4.513859718230401,4.5787841888957
9719,0.0,0.0,454.0,0.0,,5,5,40000.0,39.5,0.5288417,0.25415853501630536,0.49897346842032864
9725,1.0,41.0,275.0,16.69,3.4606649938260814,6,3,120000.0,24.700000000000003,3.453156,3.5837588657558896,3.4797252732787523
9726,1.0,48.0,287.0,19.08,3.7905238046293075,9,3,40000.0,23.939999999999998,3.7766097,3.7814029325288487,4.055984815397149
9728,14.0,449.0,686.0,15.780714285714286,11.122299581041485,64,1,20000.0,227.72,23.46854,23.899319278481595,23.623978740332554
9734,4.0,374.0,433.0,16.195,11.219365797010214,24,4,40000.0,83.08,11.279953,11.386810218673814,11.213339014319356
9736,1.0,31.0,729.0,26.77,1.0736452511688304,10,3,80000.0,52.989999999999995,1.0585237,1.027175627520144,0.8466654547541461
9743,3.0,261.0,333.0,15.266666666666666,9.893215748016942,19,4,60000.0,53.480000000000004,9.87161,9.846033872615255,9.69849847494661
9744,0.0,0.0,644.0,0.0,,4,3,40000.0,25.08,-0.033163436,0.14553597165843898,0.20471432024080194
9745,3.0,291.0,655.0,19.89333333333333,5.723427790429477,19,4,60000.0,75.33999999999999,5.750783,5.856918414713502,5.851520000843841
9746,0.0,0.0,288.0,0.0,,5,2,40000.0,3.59,0.61413944,0.6751114901123721,0.5846449239775948
9747,4.0,548.0,593.0,10.0325,5.679205273599723,23,5,40000.0,67.88,5.6819887,5.719961224559268,5.940021139432613
9748,0.0,0.0,676.0,0.0,,3,1,40000.0,3.28,0.118598744,0.16167029142782233,0.20084999998887998
9752,5.0,415.0,691.0,17.994,8.72639173639175,25,1,60000.0,101.4,8.756467,8.50677095078398,8.767653071450578
9753,0.0,0.0,698.0,0.0,,7,4,120000.0,16.8,0.029581493,0.12812911175124694,0.18745249132868658
9754,0.0,0.0,232.0,0.0,,3,2,40000.0,11.76,0.9430663,1.0468420838258967,0.9032234975315738
9758,0.0,0.0,165.0,0.0,,5,5,40000.0,31.41,1.6608149,1.6714856875429722,1.4868991741050426
9759,0.0,0.0,565.0,0.0,,5,4,60000.0,11.05,0.21342432,0.15809480160066902,0.20590137046361967
9760,2.0,594.0,618.0,9.620000000000001,3.0855874814249113,12,2,40000.0,32.58,3.0874002,3.1559691003620367,3.243033730704858
9761,0.0,0.0,162.0,0.0,,4,3,40000.0,25.8,1.4547217,1.847964965377875,1.4344836056839627
9766,1.0,175.0,301.0,8.83,2.689765955495834,6,0,80000.0,13.41,2.650971,2.763149117018144,2.728617049168406
9767,0.0,0.0,488.0,0.0,,3,3,140000.0,5.15,0.3639034,0.2502725242514639,0.27169903400219386
9770,1.0,8.0,119.0,3.07,2.1473960292761127,8,4,20000.0,11.86,2.1474612,2.246219021679126,2.294303247034782
9771,0.0,0.0,339.0,0.0,,6,3,40000.0,9.28,0.5622468,0.6193862709786494,0.6067269769125998
9773,1.0,33.0,524.0,8.44,0.7831244807202892,6,1,60000.0,17.189999999999998,0.76511586,0.8230788449642464,0.8791373811707377
9775,2.0,268.0,296.0,9.095,5.035229629167982,13,2,40000.0,32.67,5.0868106,5.275020844547849,5.231545306873347
9776,0.0,0.0,218.0,0.0,,4,2,140000.0,12.83,0.98091304,1.0535159157417042,0.8543442459680364
9777,1.0,3.0,181.0,34.2,8.446753909515174,8,0,,37.85,,,
9778,0.0,0.0,292.0,0.0,,3,1,100000.0,7.44,0.6508638,0.6678744998595613,0.5805974208890401
9779,0.0,0.0,526.0,0.0,,3,1,40000.0,10.38,0.2723518,0.24758052257746216,0.2812118801916599
9781,5.0,537.0,656.0,9.27,5.726282585994339,25,1,60000.0,53.06999999999999,5.6867514,5.897838405795338,5.681003557982596
9782,0.0,0.0,278.0,0.0,,6,2,40000.0,7.23,0.6831289,0.7054695163343584,0.5943760655276789
9784,0.0,0.0,285.0,0.0,,3,3,60000.0,22.13,0.52709687,0.6669725155983651,0.5817037908213019
9785,0.0,0.0,697.0,0.0,,4,3,100000.0,11.19,0.033465095,0.1318439687082704,0.18986822874720577
9786,0.0,0.0,280.0,0.0,,4,3,60000.0,6.61,0.72950906,0.6943985970604275,0.5781423016416776
9787,4.0,479.0,608.0,24.400000000000002,12.472068062241483,22,0,60000.0,127.84,12.458555,12.743808565122617,12.520148086164085
9788,8.0,655.0,695.0,11.838750000000001,10.764424494504585,34,0,120000.0,101.81,10.978611,10.925908560324281,10.676858432900598
9790,6.0,148.0,227.0,18.665000000000003,26.918729906683627,36,4,120000.0,129.17000000000002,25.051916,26.005646041683363,26.1289957481767
9791,0.0,0.0,211.0,0.0,,2,0,20000.0,2.96,0.8261239,1.0388736758488946,0.961571677857731
9793,0.0,0.0,95.0,0.0,,6,4,20000.0,3.5,2.714648,2.3548438658943094,2.259445563306995
9794,0.0,0.0,597.0,0.0,,1,3,,4.47,,,
9795,1.0,334.0,733.0,14.06,1.6859378430823058,10,2,80000.0,28.54,1.6798699,1.7148578979998748,1.6695780720336177
9797,10.0,666.0,685.0,11.425,12.98946984207521,54,5,60000.0,136.89,12.988549,12.926707521136436,13.225159409187473
9800,0.0,0.0,28.0,0.0,,5,3,40000.0,21.68,4.3626513,3.3828925490700397,3.8212394391845614
9801,1.0,2.0,387.0,13.9,1.4920476712206507,5,2,140000.0,29.009999999999998,1.4920807,1.362018863359029,1.4074111938292466
9806,2.0,31.0,258.0,14.969999999999999,5.361736134333898,9,4,100000.0,46.51,5.371089,5.112703551262762,5.247523823739515
9807,0.0,0.0,305.0,0.0,,4,1,40000.0,8.14,0.63922757,0.6688633143145443,0.6798286421460222
9808,2.0,13.0,323.0,13.355,2.9150839055541145,11,4,40000.0,31.43,2.9821606,3.0571599404560965,3.31476202693452
9810,1.0,69.0,711.0,6.21,0.4641805448981854,11,3,20000.0,12.67,0.45031467,0.44248170069501036,0.43818883416262366
9811,5.0,151.0,235.0,5.694,7.405554091658372,25,1,40000.0,37.94,7.413108,7.158459274970915,7.552565772214328
9812,5.0,693.0,728.0,11.784,6.784189933555332,25,2,60000.0,83.3,6.7803464,6.624784907234421,6.799490706472028
9813,0.0,0.0,373.0,0.0,,4,4,20000.0,5.76,0.5099746,0.3707713439926587,0.5296634165250058
9814,2.0,83.0,584.0,12.809999999999999,1.5972261848841716,13,0,60000.0,28.04,1.6890736,1.4967178328135968,1.9118764321387864
9815,4.0,341.0,589.0,11.035,5.289499491618019,21,5,40000.0,58.95,5.3006835,5.456864410190494,5.319760741922314
9816,0.0,0.0,610.0,0.0,,3,3,40000.0,17.49,0.14880724,0.15430968292778818,0.19439781327563388
9819,3.0,325.0,359.0,16.326666666666668,10.224044734626375,17,2,60000.0,53.11,10.308347,10.089473987638224,10.209299797084908
9820,5.0,196.0,328.0,9.097999999999999,8.660287615380037,22,3,60000.0,56.54,8.66531,8.84543298425544,8.737153769693553
9822,1.0,130.0,216.0,16.62,5.550215887370042,11,4,60000.0,29.42,5.534533,5.477552999785921,5.802530098565983
9823,0.0,0.0,367.0,0.0,,4,0,80000.0,11.17,0.67142737,0.3625657463189254,0.6046701168088937
9824,0.0,0.0,189.0,0.0,,3,4,120000.0,4.76,1.2300867,1.4463421044432536,1.1505907171235066
9825,2.0,115.0,621.0,14.07,1.8991720976143576,16,2,100000.0,59.24,1.8828617,1.9745841025997715,1.5640904111194462
9826,4.0,639.0,708.0,22.8375,10.639112678517199,22,4,80000.0,102.23,10.644813,10.447433693360976,10.331791990574342
9829,0.0,0.0,100.0,0.0,,6,3,140000.0,36.72,2.851596,2.3988084799377254,2.295422125994495
9830,3.0,238.0,328.0,13.496666666666664,8.787938959944228,15,4,40000.0,45.01,8.737325,8.657491184007966,8.552462632885646
9831,2.0,467.0,608.0,17.945,5.175826117223155,13,3,20000.0,46.93,5.167126,5.229918411915966,5.254246687010635
9833,0.0,0.0,120.0,0.0,,4,1,40000.0,10.25,2.1600518,2.1062950504696936,2.000908407099783
9835,0.0,0.0,136.0,0.0,,5,0,40000.0,25.13,1.8971046,1.627993866175829,1.7300118396636748
9837,4.0,419.0,593.0,22.915000000000003,11.577752535671598,26,5,40000.0,103.65,11.574856,11.920976425863305,11.434217730738684
9842,0.0,0.0,260.0,0.0,,5,4,40000.0,45.25,1.3213643,1.2787431712354878,1.0179759613486636
9844,9.0,192.0,333.0,15.68,19.953499772844673,45,4,80000.0,159.15,26.163507,27.493785983613307,25.7617243831497
9846,0.0,0.0,605.0,0.0,,5,4,60000.0,2.0,0.15887442,0.163008185230536,0.1877711768629977
9848,3.0,260.0,303.0,19.14,13.248272869556597,19,2,120000.0,74.82,13.279027,13.597508406536035,13.763121324197783
9850,0.0,0.0,192.0,0.0,,4,2,40000.0,19.27,0.97696185,1.4437817250040212,1.0076417794311165
9851,5.0,281.0,670.0,14.044,4.2956738392446825,24,0,20000.0,95.62,4.2812653,4.457064236022387,4.65940373032038
9852,0.0,0.0,586.0,0.0,,4,3,20000.0,15.98,0.20704743,0.15330074265018845,0.2276237879173717
9854,2.0,235.0,275.0,2.615,2.112457729972684,11,5,140000.0,12.27,2.1195667,2.3158833575524973,2.3232243254490017
9855,2.0,323.0,697.0,7.63,1.822094795000734,15,4,40000.0,25.009999999999998,1.7917907,1.913566914929711,1.7734034516438006
9859,0.0,0.0,189.0,0.0,,3,3,80000.0,11.93,1.2588394,1.4361762985512985,1.1950129021141658
9860,0.0,0.0,653.0,0.0,,5,1,40000.0,14.85,0.086328104,0.16905410585163025,0.21280946531819467
9863,1.0,205.0,538.0,14.67,2.147076646563714,7,0,20000.0,24.439999999999998,2.122768,2.2767926791100908,2.107313143200983
9866,3.0,355.0,547.0,9.646666666666667,4.237956804444383,20,1,80000.0,44.87,4.228236,4.2904552618041185,4.2977395991030605
9867,2.0,490.0,638.0,11.395,3.3213523894012233,14,5,40000.0,37.61,3.2597227,3.294637637922796,3.403789557954489
9868,8.0,211.0,299.0,12.935,20.447872991262056,35,1,80000.0,108.56,20.442833,20.439459367961312,20.249780111413084
9869,0.0,0.0,195.0,0.0,,4,3,80000.0,18.17,1.0164725,1.1867908318930291,0.9821350958834323
9870,1.0,101.0,298.0,2.54,1.1561651830605013,4,1,120000.0,5.63,1.1494607,1.1059200850962332,1.1526852635390288
9871,5.0,588.0,673.0,11.348,6.881668131059467,24,4,20000.0,62.85,6.5378513,6.701860943028268,6.331911559691261
9873,0.0,0.0,225.0,0.0,,4,2,100000.0,7.68,0.94614166,1.0696026793207032,0.8589640210878908
9880,0.0,0.0,166.0,0.0,,2,3,40000.0,9.5,1.4612004,1.6176858899438367,1.3864200436218788
9881,2.0,646.0,672.0,6.815,2.1719489821097353,11,0,20000.0,29.340000000000003,2.189038,2.293276902182563,2.182290028000483
9883,2.0,240.0,413.0,10.8,4.169743787091085,10,2,60000.0,25.08,4.1078258,4.527912597046911,4.0460736172002605
9884,1.0,129.0,203.0,6.27,2.835701910759869,7,3,40000.0,16.740000000000002,2.8287082,2.763170773922672,2.657426847103992
9885,0.0,0.0,312.0,0.0,,5,4,80000.0,13.26,0.6664207,0.6442271241238551,0.5702315677316818
9887,1.0,112.0,344.0,13.4,2.8266302870770064,8,5,40000.0,18.08,2.8090668,2.8870952298332777,2.781422668548991
9891,2.0,372.0,440.0,17.7,6.727144518788793,14,0,60000.0,51.24,6.693228,6.783843992033838,6.897565211853863
9892,1.0,3.0,273.0,3.89,1.045768893221725,7,5,140000.0,6.630000000000001,0.9180246,1.0039204591274917,0.8193356082858214
9895,5.0,331.0,360.0,16.064,15.648164553699338,23,3,60000.0,100.56,15.228675,15.772679177471366,15.830634958317662
9896,0.0,0.0,140.0,0.0,,5,0,40000.0,33.79,1.9768318,1.6337366102381075,2.0612895572477994
9897,5.0,552.0,673.0,9.172,5.5541572660516385,27,1,20000.0,48.59,5.5777683,5.556971016162929,5.569035405553096
9898,2.0,305.0,578.0,9.61,2.7657931539671043,12,2,40000.0,35.56,2.7614725,2.879699608264493,2.7227738301973683
9900,0.0,0.0,581.0,0.0,,4,5,20000.0,27.0,0.23095927,0.10785011050441305,0.2027014045753921
9901,1.0,33.0,173.0,11.31,3.941828326042214,10,4,40000.0,15.25,3.9961884,3.728949946974959,3.91044155977943
9903,0.0,0.0,632.0,0.0,,4,4,40000.0,11.42,0.12526003,0.18518441820058337,0.16888265400898383
9904,1.0,50.0,333.0,13.91,2.455358209830532,9,0,20000.0,25.54,2.473997,2.57749097676971,2.4950706501113022
9906,0.0,0.0,94.0,0.0,,3,4,80000.0,12.26,2.782705,2.223867559849446,2.2490843936427956
9908,0.0,0.0,618.0,0.0,,4,2,60000.0,8.94,0.09882069,0.15089480434314098,0.19156565343513599
9909,1.0,204.0,270.0,7.6,2.777807348544137,8,4,40000.0,25.6,2.8238564,2.921251843012752,2.8719669341257337
9919,3.0,42.0,258.0,10.37,4.922031110296389,16,2,20000.0,36.29,5.1533346,5.5658130843148585,5.3447382617773735
9920,0.0,0.0,491.0,0.0,,3,2,20000.0,12.51,0.37176967,0.26393764602374364,0.2238131676557158
9924,2.0,671.0,698.0,10.239999999999998,2.9462300514611064,12,0,40000.0,27.11,2.9483254,2.839423298807384,2.964118596063542
9928,15.0,646.0,678.0,15.436,25.693741001692608,77,5,20000.0,240.78,25.690443,25.256272310362622,25.643007880425095
9929,4.0,539.0,682.0,21.59,10.091571654794278,31,3,60000.0,90.52,10.327266,10.656304499740566,10.216432201038888
9930,0.0,0.0,245.0,0.0,,5,2,100000.0,14.26,0.94031364,0.9810899554382823,0.8186200563242227
9931,4.0,416.0,622.0,12.9425,6.319630747284797,17,3,60000.0,68.98,6.397925,6.540352617345344,6.344703544986194
9932,0.0,0.0,371.0,0.0,,4,4,120000.0,18.78,0.5320084,0.35495744274446556,0.5022471664512613
9933,0.0,0.0,584.0,0.0,,3,3,20000.0,2.39,0.21500196,0.1535683487586071,0.21823939599447328
9937,6.0,281.0,555.0,10.171666666666667,5.549546204805818,29,2,20000.0,65.4,5.49785,5.691204920425566,5.619614399723456
9939,0.0,0.0,130.0,0.0,,2,2,80000.0,7.14,1.9745182,2.0622527149645786,1.7215732973126885
9941,1.0,27.0,341.0,8.53,1.4665557458084184,11,2,120000.0,19.869999999999997,1.4989743,1.504976699461004,1.3688616551814592
9942,2.0,234.0,283.0,14.425,7.63092680695799,13,1,60000.0,34.7,7.5787363,7.5929812316914145,7.425622537934629
9943,2.0,42.0,386.0,12.305,2.5653349250172606,13,1,40000.0,36.69,2.6023974,2.3916651714529884,2.5244804648389465
9944,2.0,264.0,278.0,6.29,3.917973133166277,12,3,80000.0,16.009999999999998,3.90096,3.8074032979059655,3.8983848859966006
9945,3.0,137.0,292.0,15.016666666666666,9.350292675906594,11,1,40000.0,51.82,9.351263,9.425088571397035,9.06607584518013
9949,0.0,0.0,520.0,0.0,,4,3,80000.0,7.61,0.26019713,0.2481977798158419,0.210058864356494
9951,3.0,287.0,594.0,25.933333333333334,8.57166094421932,18,4,100000.0,93.71,8.569363,8.52267030910175,8.409331394401923
9953,2.0,244.0,265.0,9.46,5.610171035696453,13,1,80000.0,25.560000000000002,5.6376705,5.555783807270724,5.395912697835536
9954,1.0,15.0,86.0,9.37,5.275722558433505,10,3,40000.0,16.71,4.9039674,4.801788484565449,5.3035967215242845
9956,2.0,388.0,437.0,7.1,3.1053230379860572,10,4,140000.0,25.86,3.0995078,3.0384934387504283,3.035930729354035
9962,0.0,0.0,227.0,0.0,,4,1,20000.0,1.39,0.83918184,1.0723695056717446,0.9027641857813595
9966,0.0,0.0,171.0,0.0,,4,4,20000.0,4.3,1.2969501,1.6306700408158843,1.2933920876478764
9967,2.0,473.0,628.0,9.795,2.941267218020482,16,3,120000.0,36.42,2.9408534,2.9840206230428823,2.9393014521417156
9971,1.0,202.0,373.0,5.8,1.6937450282479647,6,3,20000.0,18.86,1.4632418,1.5717502303746849,1.7324908032852253
9972,1.0,439.0,551.0,17.55,3.152338639080869,5,1,20000.0,26.1,3.1445334,3.1211821430995657,3.238398330318289
9973,0.0,0.0,74.0,0.0,,4,3,20000.0,13.23,2.8714004,2.467503845575252,2.9149096759214395
9974,1.0,1.0,455.0,36.06,2.5893854285045284,8,3,60000.0,74.23,2.5866811,2.3795056646896273,2.4468340361092675
9976,2.0,591.0,685.0,11.365,3.207757350520832,12,4,20000.0,24.87,3.179794,3.070408367338865,3.1589126824613785
9977,1.0,70.0,676.0,3.84,0.38669839992344407,6,4,80000.0,13.25,0.39285243,0.41937598372058577,0.3699036589715803
9978,1.0,21.0,106.0,6.24,3.5979154373672504,9,4,40000.0,13.32,3.5754087,3.5307689210827538,3.5363834407721426
9979,0.0,0.0,118.0,0.0,,6,4,40000.0,15.07,2.1273324,2.1401618599656542,1.9805263816881862
9984,1.0,110.0,216.0,13.18,4.4488649950254135,7,1,60000.0,14.64,4.4226704,4.508196937637397,4.493690597370955
9985,1.0,154.0,319.0,13.1,3.301541171584078,7,3,60000.0,18.65,3.3424115,3.3587697085260757,3.4814447881012063
9987,0.0,0.0,42.0,0.0,,3,2,40000.0,1.96,4.5857043,3.3659085455163646,3.015327217688596
9989,0.0,0.0,345.0,0.0,,5,3,60000.0,3.76,0.54331756,0.4998028927456303,0.6235289187462945
9990,1.0,143.0,243.0,7.44,2.7811638392274576,7,3,120000.0,21.75,2.779123,3.0442339773815688,2.9287982487094903
9992,0.0,0.0,35.0,0.0,,3,2,20000.0,27.06,4.3783503,4.233355007472009,3.8994975439630046
9993,3.0,211.0,329.0,8.639999999999999,5.697792843356759,15,1,40000.0,28.47,5.657744,5.569616446902357,5.620018966948218
9995,1.0,44.0,370.0,2.92,0.7663344441815527,7,2,40000.0,14.04,0.75653404,0.6927077759929271,0.8945552238980738
9997,3.0,227.0,552.0,11.353333333333333,3.8068837295363878,19,2,20000.0,37.230000000000004,3.7907634,3.6534684503234027,3.959142951152208
9998,1.0,199.0,570.0,3.9,0.8003909124464861,6,0,60000.0,15.6,0.80056036,0.8267585346172281,0.835466943506848
9999,2.0,139.0,360.0,20.3,7.167793749507555,13,1,,49.1,,,
10000,3.0,124.0,298.0,13.353333333333333,7.89278726005295,15,5,20000.0,49.86,7.842366,7.821975041727258,7.999965325357462
10001,5.0,211.0,313.0,15.758,15.816290892468569,21,1,40000.0,99.37,17.047253,17.120837908334195,16.054204746911253
10002,5.0,240.0,285.0,25.39,28.23090335095772,28,3,120000.0,131.88,28.20792,27.348468307787538,27.5591141294617
10003,1.0,22.0,320.0,11.58,1.94659763734871,6,1,80000.0,16.77,1.956213,2.003769304634484,1.8216150683792778
10004,0.0,0.0,631.0,0.0,,6,2,80000.0,14.26,0.028344491,0.18339509677804616,0.1666082637848314
10008,7.0,313.0,370.0,14.20142857142857,18.16179920507359,33,1,20000.0,106.97,17.546452,16.478642686406026,17.53477025661224
10009,0.0,0.0,266.0,0.0,,6,4,100000.0,21.96,0.6584746,0.7532560926805302,0.5133532994890597
10012,1.0,181.0,632.0,13.97,1.561906520385859,10,3,20000.0,21.6,1.5739024,1.450137321990172,1.4657778067595242
10015,0.0,0.0,409.0,0.0,,4,1,140000.0,11.63,0.40619403,0.3209305258269769,0.5000885054823705
10016,2.0,179.0,188.0,9.915,7.2095862612048585,13,4,40000.0,31.86,7.192243,7.429073731921422,7.281808502225397
10019,2.0,485.0,656.0,15.04,4.105350227564714,12,2,40000.0,40.21,4.040889,4.104130524076577,4.1540164512754325
10020,0.0,0.0,455.0,0.0,,3,2,40000.0,6.67,0.33691543,0.29636303432358474,0.4147571532216032
10021,1.0,48.0,407.0,6.97,1.1132702813696738,8,0,80000.0,15.02,1.1267889,1.2182712884436995,1.14551100748809
10022,0.0,0.0,592.0,0.0,,3,2,20000.0,9.48,0.15546003,0.15330074265018845,0.2183466864197463
10023,0.0,0.0,73.0,0.0,,1,4,40000.0,0.53,2.85164,2.4644927845427693,2.8593864895834074
10024,0.0,0.0,273.0,0.0,,5,1,40000.0,10.04,0.7119683,0.7105777424589325,0.5910317958383038
10025,1.0,173.0,254.0,12.19,3.996188852836972,8,1,20000.0,19.119999999999997,3.9486008,3.736279189599619,3.9700570194272675
10026,5.0,476.0,727.0,8.068000000000001,4.177160620355335,28,3,20000.0,50.410000000000004,4.1673145,4.009845377749768,4.268844329405387
10028,0.0,0.0,168.0,0.0,,1,4,100000.0,1.14,1.4309773,1.6180938561563487,1.349916874516122
10029,0.0,0.0,57.0,0.0,,5,3,20000.0,7.3,3.3887138,3.2821383173359706,2.985153629268768
10031,1.0,287.0,467.0,8.63,1.9203507447501154,7,3,20000.0,19.03,1.9290837,1.8335928337345748,1.8914420494443593
10032,1.0,1.0,429.0,8.86,0.8926958439568398,10,4,40000.0,40.96,0.90856355,0.7431209257115691,0.7527228564525821
10033,7.0,566.0,679.0,13.635714285714286,10.820784057521939,32,2,40000.0,120.25,10.855655,10.526586286691044,11.089784018753408
10034,1.0,202.0,367.0,10.55,2.60192312391128,8,2,20000.0,19.48,2.6783195,2.7255275563632404,2.59426469225912
10039,0.0,0.0,695.0,0.0,,5,4,60000.0,15.3,0.07580225,0.16736984156385046,0.19179180311708066
10043,1.0,256.0,644.0,6.22,0.9908124004144012,6,2,40000.0,12.68,0.9938932,1.0003081564738239,0.8531295606716274
10047,0.0,0.0,75.0,0.0,,4,2,40000.0,6.08,2.8276083,2.447622245721759,2.455666514357319
10048,0.0,0.0,223.0,0.0,,4,2,40000.0,11.38,1.0221559,1.0740571428294263,0.8590050488830707
10049,2.0,452.0,601.0,14.934999999999999,4.404065402933087,13,3,100000.0,32.23,4.460286,4.486953403566215,4.428325799121798
10050,0.0,0.0,384.0,0.0,,4,2,,10.66,,,
10054,0.0,0.0,495.0,0.0,,5,4,120000.0,3.84,0.33128566,0.262282148301787,0.1740292347050536
10055,0.0,0.0,557.0,0.0,,5,3,20000.0,3.02,0.20868582,0.1425613821929788,0.25684141005663985
10058,0.0,0.0,635.0,0.0,,5,5,40000.0,9.15,0.1574339,0.18518441820058337,0.16752815827801637
10059,2.0,379.0,463.0,13.024999999999999,4.886306396903917,11,0,40000.0,37.62,4.9495726,5.167243068096219,4.900423903753797
10060,0.0,0.0,149.0,0.0,,3,2,140000.0,13.11,1.7794456,1.7101509260181473,1.7332350722302987
10061,0.0,0.0,37.0,0.0,,3,3,20000.0,9.31,4.5190887,3.3857901453698576,3.8532566185546933
10063,0.0,0.0,82.0,0.0,,1,0,60000.0,6.72,2.8735123,2.301961292360513,2.5012969684782864
10064,0.0,0.0,385.0,0.0,,3,4,60000.0,4.82,0.51564646,0.34612731651534406,0.4431583965214694
10065,1.0,47.0,424.0,4.95,0.8422910595484376,8,0,80000.0,25.02,0.94345045,0.9013891029391278,0.9058783836230546
10067,0.0,0.0,474.0,0.0,,4,1,120000.0,7.27,0.42543355,0.2655843513331326,0.24016558146777012
10068,3.0,212.0,591.0,14.333333333333334,3.9203991345450273,13,2,60000.0,54.06,3.9118557,3.8537117440016324,4.20153946195863
10070,0.0,0.0,726.0,0.0,,3,2,60000.0,6.88,-0.0069361073,0.15335546845484627,0.15289335220387112
10071,2.0,101.0,149.0,13.405000000000001,10.204592339657346,13,2,140000.0,29.5,10.193991,9.85950469683388,10.169875250746552
10073,1.0,1.0,304.0,12.05,1.8813480667753524,9,2,60000.0,13.23,1.8878605,1.9192191303193338,1.9292733075710498
10075,1.0,28.0,453.0,31.35,2.80591688725129,9,4,60000.0,44.980000000000004,2.7835588,2.8515666568270217,2.81917652572149
10076,1.0,28.0,227.0,11.02,2.913867026383139,8,5,80000.0,18.32,2.9257367,2.927668774884628,2.721164249386498
10079,0.0,0.0,671.0,0.0,,3,1,20000.0,5.04,0.09974662,0.15520200611429708,0.2149499300626747
10080,2.0,318.0,596.0,12.425,3.3750296067001937,15,5,140000.0,46.08,3.3603003,3.571876126399493,3.630407140416682
10081,1.0,145.0,261.0,4.42,1.89326889247813,9,3,120000.0,8.26,1.9154621,1.7240368056809658,1.7595391820931052
10083,1.0,23.0,95.0,8.57,4.790600051865624,9,2,60000.0,21.58,4.755575,4.504369891114724,4.642941620094698
10091,2.0,151.0,627.0,2.17,0.5621207220393724,13,2,40000.0,16.65,0.55201817,0.6119379314537007,0.42017915089468705
10093,0.0,0.0,295.0,0.0,,3,2,40000.0,15.46,0.52414125,0.671807123220858,0.6065547138840559
10095,2.0,254.0,362.0,7.34,3.502217939192356,11,1,100000.0,19.009999999999998,3.4660065,3.4480965547166185,3.4746776453752233
10098,0.0,0.0,370.0,0.0,,4,1,40000.0,5.02,0.4893258,0.3657101706570829,0.6227876234686827
10099,0.0,0.0,406.0,0.0,,3,2,20000.0,4.5,0.45255128,0.333399741548483,0.48461724407546036
10101,1.0,194.0,505.0,12.84,2.0523355109693284,7,1,120000.0,20.89,2.080844,2.0716513919030843,2.0561957090966825
10102,0.0,0.0,681.0,0.0,,5,1,20000.0,2.99,0.0955347,0.15520200611429708,0.20114654555349887
10104,4.0,555.0,659.0,12.0575,6.07297849297055,24,4,20000.0,76.78999999999999,6.788651,6.778708428292677,6.65418581476105
10106,1.0,120.0,233.0,21.0,6.220467085647719,12,5,40000.0,28.79,6.2319613,6.18559482403384,6.145614813354271
10113,2.0,12.0,249.0,25.73,8.034697631399373,11,4,,57.72,,,
10114,0.0,0.0,297.0,0.0,,4,3,20000.0,16.07,0.4689653,0.6798351277651918,0.6248171616578873
10116,0.0,0.0,368.0,0.0,,4,3,40000.0,10.47,0.7285008,0.3686539795633967,0.6112296569926521
10118,3.0,568.0,664.0,10.42,4.177425117172534,15,1,,53.7,,,
10119,1.0,37.0,200.0,6.53,2.3728581948365304,8,2,40000.0,11.879999999999999,2.3081627,2.3884428956379256,2.108379648499392
10120,0.0,0.0,595.0,0.0,,4,1,100000.0,3.87,0.11859831,0.15858372259305376,0.2073757030368535
10121,0.0,0.0,283.0,0.0,,5,0,20000.0,4.09,0.46351644,0.6558253344197542,0.6310388730484533
10126,0.0,0.0,439.0,0.0,,5,3,60000.0,38.16,0.575505,0.47131575506192963,0.5647203101035778
10128,0.0,0.0,404.0,0.0,,6,4,40000.0,23.46,0.52330595,0.3305951755906049,0.47720338878977575
10131,1.0,291.0,322.0,32.03,8.195470967494709,10,5,60000.0,48.72,8.189112,8.230407603012079,8.111934070969529
10133,0.0,0.0,64.0,0.0,,3,5,20000.0,8.22,2.9047594,3.256683578881317,2.8812556050292617
10134,1.0,45.0,320.0,18.36,3.1714178544470464,13,3,20000.0,23.689999999999998,2.9914918,3.0446364974599014,3.6540934558304876
10137,0.0,0.0,222.0,0.0,,6,2,100000.0,25.47,1.1005508,1.027436277417285,0.8411874109727187
10138,0.0,0.0,60.0,0.0,,4,4,20000.0,8.93,3.381621,3.299008856156981,2.955328836785631
10142,0.0,0.0,522.0,0.0,,3,3,20000.0,12.0,0.27705008,0.26393764602374364,0.22585389286097524
10145,2.0,223.0,525.0,7.13,2.144940225349065,11,1,40000.0,45.4,2.0786786,1.8969859511635514,1.9471901050044824
10147,1.0,41.0,622.0,17.14,1.0580088506903444,11,5,140000.0,29.65,1.23153,1.1029049142321372,1.083002176631748
10150,0.0,0.0,128.0,0.0,,5,3,20000.0,37.0,2.2197647,2.8531222772646636,1.9826904529818146
10152,0.0,0.0,329.0,0.0,,4,5,100000.0,30.99,0.91864634,0.8625304425783268,0.721475538170842
10153,0.0,0.0,287.0,0.0,,4,1,40000.0,12.85,0.6251391,0.6721676812060584,0.5973362132110713
10154,1.0,14.0,298.0,3.36,0.9293497157169539,7,2,20000.0,25.99,0.8984681,1.0123501933738575,0.9394262222535419
10160,2.0,250.0,324.0,11.235,5.519874204170493,13,1,60000.0,41.55,5.4586616,5.485834817702581,5.883682521080266
10161,2.0,105.0,704.0,10.64,1.0485189784183373,12,0,40000.0,24.32,1.1084136,1.1859757742332184,1.3220969224195391
10166,3.0,512.0,577.0,11.020000000000001,4.957861576746136,19,1,80000.0,48.93,4.965061,4.95463210897916,5.107968249234256
10167,2.0,277.0,532.0,15.399999999999999,4.459776752697503,12,2,60000.0,43.08,4.4547086,4.618732246319553,4.4227701190869135
10168,1.0,171.0,403.0,10.02,2.143394598202671,9,3,20000.0,21.77,2.1236444,1.9955752587461582,1.968240346389445
10171,0.0,0.0,69.0,0.0,,6,4,60000.0,7.07,2.8777938,2.268521746417957,2.8904444139050223
10173,12.0,489.0,598.0,11.633333333333333,16.4846411642273,45,0,40000.0,148.91,16.48214,16.51774025822205,16.224686406978506
10174,1.0,155.0,391.0,28.9,5.151660230408236,9,5,40000.0,39.989999999999995,5.1304817,5.142653356004223,4.921280800046345
10176,2.0,161.0,583.0,6.709999999999999,1.447809025133501,12,3,80000.0,31.439999999999998,1.4578103,1.5154407700966996,1.413492788824641
10177,2.0,178.0,328.0,9.58,4.413023477950259,11,4,40000.0,35.73,4.2738132,4.398638581796517,4.397809638783425
10178,1.0,173.0,331.0,12.9,3.2402180102950604,9,2,40000.0,43.68,3.2491953,3.343792858852943,3.468475048934819
10181,0.0,0.0,170.0,0.0,,4,1,60000.0,8.45,1.4265275,1.620178648699576,1.3842314677191245
10186,2.0,576.0,691.0,21.94,5.709242736442846,14,2,40000.0,51.82000000000001,5.6875234,5.617434906109193,5.645696013145029
10189,0.0,0.0,362.0,0.0,,5,2,100000.0,11.02,0.6417092,0.3690541576598811,0.5593680139965329
10190,1.0,240.0,301.0,7.83,2.6658309773522655,8,5,40000.0,13.52,2.6683326,2.6691820850775643,2.6545764195378827
10191,0.0,0.0,601.0,0.0,,5,4,80000.0,12.38,0.16960664,0.1670591933935515,0.19521279087372267
10192,2.0,443.0,515.0,12.14,4.2713272001079865,16,3,80000.0,36.18,4.202194,4.228103023022009,4.330010586994792
10205,0.0,0.0,309.0,0.0,,6,3,40000.0,19.55,0.5753315,0.6516983303139168,0.5972380977163203
10208,6.0,354.0,366.0,18.411666666666665,20.90751241134351,27,4,100000.0,117.99000000000001,20.916868,21.12131940059419,20.860551146523207
10209,4.0,438.0,468.0,11.065,7.495119070244723,20,1,20000.0,68.12,7.4801164,7.48891198647013,7.518418315770763
10210,1.0,406.0,550.0,8.01,1.6897510257344615,10,3,20000.0,17.58,1.6891665,1.7574244018016865,1.8140266650536612
10213,0.0,0.0,716.0,0.0,,4,2,40000.0,10.13,0.04943067,0.11582464073983596,0.15490972899746325
10214,1.0,341.0,392.0,13.06,3.294646353111726,10,3,,28.5,,,
10220,1.0,16.0,155.0,20.25,6.512258189792664,7,4,60000.0,27.490000000000002,6.978798,6.111580317082574,6.557984747123123
10225,5.0,500.0,611.0,13.59,8.698848732062807,25,2,40000.0,73.75,8.658982,8.630470474288119,8.522552368041236
10226,3.0,211.0,333.0,11.796666666666667,7.440472678075002,18,3,20000.0,48.52,8.084068,7.9272659379478405,7.489273275144945
10229,0.0,0.0,201.0,0.0,,5,1,40000.0,12.9,1.0742959,1.185387135957614,1.0090084942418382
10230,0.0,0.0,187.0,0.0,,3,1,20000.0,16.62,1.061416,1.4547130928840022,1.2411124212597473
10231,0.0,0.0,356.0,0.0,,4,2,140000.0,21.25,0.52957124,0.3616972322566125,0.5890892508576009
10233,1.0,474.0,703.0,8.74,1.4238919226223348,8,2,60000.0,38.93,1.4296584,1.478469600622731,1.3430287146565627
10240,6.0,550.0,716.0,15.585,9.967329935603342,27,3,140000.0,104.78,9.288588,9.294274055084216,9.821815385249486
10241,0.0,0.0,201.0,0.0,,5,5,20000.0,8.57,0.91407245,1.2148496528074482,0.9971815017385008
10242,0.0,0.0,152.0,0.0,,4,4,20000.0,7.03,1.6916283,1.7662445008410677,1.6853060264974822
10243,6.0,319.0,634.0,13.788333333333334,6.301294984281226,30,4,40000.0,86.42,9.366757,7.645746388084171,6.878349854546883
10249,0.0,0.0,325.0,0.0,,6,4,40000.0,21.24,0.4666619,0.6159379297383311,0.6528633613240205
10250,1.0,193.0,350.0,18.55,4.235803003475169,10,2,20000.0,34.870000000000005,4.276067,4.327729587047299,4.64583619648988
10251,0.0,0.0,58.0,0.0,,5,3,100000.0,12.25,3.3694272,2.952870757798183,2.934521579257316
10253,2.0,49.0,272.0,4.654999999999999,2.1310364595520457,12,3,20000.0,30.65,2.1820037,2.156813598274724,2.1621551297526995
10255,0.0,0.0,603.0,0.0,,2,1,100000.0,2.3,0.12588702,0.15858372259305376,0.20079912888029483
10257,0.0,0.0,318.0,0.0,,2,1,80000.0,3.88,0.6232373,0.6165110988366908,0.63993093296508
10258,0.0,0.0,178.0,0.0,,5,4,40000.0,19.68,1.345337,1.479522490251307,1.2839294305756486
10260,0.0,0.0,331.0,0.0,,6,3,20000.0,28.98,0.91716737,0.8891646934506989,0.6774990187577723
10262,2.0,325.0,414.0,8.945,3.818705396507693,12,5,40000.0,30.39,3.8222785,3.9284109819442,3.9707450548743797
10263,1.0,197.0,312.0,9.57,2.8361756498046047,9,3,40000.0,15.33,2.8152714,2.8160704952906612,2.764249701417324
10266,1.0,221.0,367.0,4.88,1.5932758245435488,10,3,140000.0,16.46,1.7831502,1.5637875930097593,1.6399493312382614
10268,0.0,0.0,326.0,0.0,,3,2,40000.0,16.01,0.49799725,0.6273079148893282,0.6695486141129319
10271,2.0,231.0,370.0,7.890000000000001,3.555377088535134,12,0,80000.0,27.79,3.5953445,3.717448386675104,3.5821056322007605
10273,3.0,167.0,390.0,13.643333333333333,6.439316459310121,15,3,80000.0,51.79,6.3354697,6.136019674852937,6.094400328589939
10274,0.0,0.0,330.0,0.0,,4,4,60000.0,11.52,0.5705222,0.6103263555003257,0.7100549929235047
10277,1.0,31.0,73.0,11.09,6.771186141419745,9,4,100000.0,22.240000000000002,6.776522,7.170421569260337,6.937335180168167
10278,0.0,0.0,253.0,0.0,,4,0,40000.0,5.98,0.7243196,0.7268853232652047,0.6716154083553043
10280,3.0,134.0,192.0,15.003333333333332,13.657471574278219,19,5,,56.41,,,
