Customer ID,frequency,recency_x,T,monetary_value,CLV_BGNBD,Units Sold,Children,Income_Avg,Revenue,CLV_XGBoost,CLV_LightGBM,CLV_CatBoost,recency_y,Segment,expected_orders_90D,expected_aov,expected_revenue_90D
3,0.0,0.0,274.0,0.0,,6,1,60000.0,29.3,1.1690068,0.915011548208206,0.649049831305927,0.0,0,0.1537406248802351,24.510042505126265,3.7681892505792347
8,3.0,132.0,222.0,12.116666666666665,9.963974563849533,14,2,60000.0,64.72,10.32536,11.32236607722859,11.049827932928943,132.0,1,0.8013606806031517,12.682422666081344,10.163194859387783
9,1.0,40.0,91.0,9.44,5.490733522857728,9,5,20000.0,51.66,5.490485,5.616777070847852,5.1600194232716525,40.0,1,0.49422956573975474,11.33117286471007,5.60020064424775
20,2.0,602.0,733.0,23.314999999999998,5.731412351701714,13,2,20000.0,59.269999999999996,5.751658,5.679041615423978,5.864101345499855,602.0,1,0.24989180390340263,23.39500421206402,5.846219804880381
24,1.0,92.0,140.0,3.72,2.6081898866752566,6,0,40000.0,8.700000000000001,2.6120775,2.698559235618252,2.5268222259208115,92.0,0,0.42032580859431595,6.3289882778027575,2.660237115451391
26,2.0,141.0,451.0,13.505,3.678736232868041,9,0,20000.0,34.88,3.7002916,3.8643844377056005,3.64142987567752,141.0,0,0.26347671545803153,14.24175183148459,3.7523699949279647
28,2.0,612.0,715.0,19.115,4.915710571615904,11,1,20000.0,49.269999999999996,4.9020834,4.965187701284015,4.913199415477025,612.0,1,0.25745166375373196,19.476180562886285,5.01417508948317
30,2.0,462.0,662.0,11.765,3.2281776424141624,10,4,60000.0,50.370000000000005,3.190979,3.360892543098434,2.954880533968228,462.0,0,0.2609581852256577,12.618239176825242,3.292832796327612
32,0.0,0.0,249.0,0.0,,3,2,20000.0,4.27,0.8065171,0.9866393085334116,0.6147515694530608,0.0,0,0.1632847041768933,24.510042505126265,4.002115039812623
36,3.0,135.0,526.0,6.633333333333333,1.653571375578974,17,1,20000.0,35.2,1.632119,1.6347725386120768,1.9005971292316763,135.0,0,0.2264185960703319,7.449402788142212,1.6866833208535759
39,0.0,0.0,352.0,0.0,,4,4,100000.0,14.28,0.5148248,0.36041678778039105,0.5578018724280751,0.0,0,0.13003749495488048,24.510042505126265,3.1872245286042626
41,1.0,391.0,460.0,2.48,1.0514643485667499,6,1,120000.0,10.74,1.0562211,1.0963832339260982,1.1187638301696188,391.0,0,0.20449668926275136,5.244598612109565,1.0725030526884267
42,2.0,167.0,222.0,8.415,5.524477969267676,11,3,80000.0,24.16,5.527879,5.23014748444884,5.322914773459048,167.0,1,0.593615840790462,9.492510789981091,5.6349047738071585
43,1.0,401.0,683.0,15.93,2.203473537477568,7,2,60000.0,30.63,2.2519288,2.240418773590087,2.229496502549644,401.0,0,0.1321591375920529,17.006728453701054,2.2475945657033587
44,4.0,160.0,609.0,19.185,3.136030768860632,22,1,40000.0,82.4,3.126466,3.571675055037411,3.193378197237793,160.0,0,0.1651493418447571,19.369420315585558,3.1988470170334224
45,1.0,11.0,248.0,4.42,1.3235167416122267,12,5,60000.0,17.09,1.3354039,1.3563464055326517,1.3343684622923035,11.0,0,0.19448714037592404,6.941143734242464,1.3499631958110796
47,0.0,0.0,151.0,0.0,,4,0,60000.0,5.9,1.7913108,1.724806476797913,1.7245208654118054,0.0,0,0.21586167816604934,24.510042505126265,5.2907789070777556
48,6.0,170.0,240.0,7.786666666666666,11.565822466053358,27,0,60000.0,60.0,11.573922,12.099141989576733,11.530970449517561,170.0,1,1.4426752129377545,8.177292648234477,11.79717741254601
49,2.0,186.0,620.0,12.21,2.3536262146680436,16,4,40000.0,33.71,2.840762,2.338565098810729,2.6692168845819046,186.0,0,0.18419998800992526,13.033447872988122,2.400760941932398
52,3.0,195.0,344.0,17.136666666666667,9.919461660511542,17,3,80000.0,59.080000000000005,9.882973,9.69431247756826,9.843003993343194,195.0,1,0.5790535886764471,17.473260317252368,10.117954092582737
55,1.0,416.0,543.0,8.45,1.791737489843454,8,3,20000.0,18.22,1.7790847,1.7690911430969603,1.8329000817974626,416.0,0,0.1746324034095276,10.465410147745342,1.8275997267672284
57,1.0,32.0,308.0,9.66,1.8846914976556457,12,3,20000.0,22.67,1.9833859,2.088621805154089,1.8002855263151911,32.0,0,0.16682077880141227,11.52356457959112,1.9223700177357597
59,3.0,216.0,311.0,11.973333333333334,8.101639817544658,22,5,40000.0,54.62,8.122273,8.287984667122586,8.301515966137229,216.0,1,0.6586935653701784,12.545632480822146,8.263727388616656
60,2.0,34.0,252.0,27.29,9.795612749008495,15,3,40000.0,81.26,9.784355,10.286263545448444,10.061167535126634,34.0,1,0.3686357996304502,27.10389088003581,9.991464487658467
62,0.0,0.0,142.0,0.0,,5,1,40000.0,9.46,1.8167433,1.7720685944146164,1.7403938556172385,0.0,0,0.222446783447862,24.510042505126265,5.452180117435716
64,2.0,454.0,678.0,18.68,4.722763031605937,12,4,20000.0,42.08,4.703274,4.484135522812965,4.599424966937882,454.0,1,0.2526103400441192,19.070302399221447,4.817355573811512
71,4.0,238.0,326.0,10.22,8.66882305500321,24,5,20000.0,52.39,8.6408615,8.591063753646637,8.697650018997507,238.0,1,0.8252333906242069,10.714901992986798,8.842294901878567
75,1.0,21.0,153.0,11.75,4.312959494857283,8,3,40000.0,24.71,4.4429107,4.541972507859224,4.390622283459146,21.0,1,0.3294846292224224,13.3512858709611,4.399043474836184
76,6.0,478.0,721.0,15.493333333333334,8.99337929857183,29,1,80000.0,110.66,9.012261,9.11188405545182,9.4259245177441,478.0,1,0.584157322909828,15.703946364145153,9.17357526719856
77,0.0,0.0,657.0,0.0,,5,2,60000.0,11.59,0.027966829,0.16327264649280288,0.1743497147517976,0.0,0,0.08115610908802051,24.510042505126265,1.9891396832980466
79,1.0,1.0,351.0,6.17,0.9545729666214889,9,2,80000.0,14.68,0.96392846,0.7925958404436594,0.966160709840902,1.0,0,0.11493342054630423,8.471532375341727,0.9736621931667824
80,0.0,0.0,671.0,0.0,,5,1,80000.0,23.52,-0.04332184,0.17518318989534049,0.19861079733716558,0.0,0,0.07978011387582098,24.510042505126265,1.9554139821601861
81,0.0,0.0,333.0,0.0,,3,2,20000.0,4.7,0.55339664,0.6274142755229832,0.592321558820923,0.0,0,0.13511050676778594,24.510042505126265,3.311564263767583
87,0.0,0.0,196.0,0.0,,4,4,80000.0,18.15,1.0095559,1.203639799504576,0.9599346705536798,0.0,0,0.18804534863467845,24.510042505126265,4.608999487927256
91,1.0,214.0,680.0,10.42,1.2086062566534403,8,1,60000.0,15.86,1.2111185,1.2379465554635671,1.249742234644705,214.0,0,0.10114762190733297,12.188190503725657,1.232806484805389
93,1.0,78.0,412.0,12.22,1.8764917681226259,12,5,140000.0,37.56,1.8673837,1.6785272732147731,1.8136581679298338,78.0,0,0.13907772483965572,13.762304534570614,1.914030003218558
96,0.0,0.0,468.0,0.0,,5,0,60000.0,14.09,0.26815093,0.28766828955158996,0.32189652641680233,0.0,0,0.10579463333347357,24.510042505126265,2.593030959817685
99,6.0,518.0,549.0,25.538333333333338,21.124803202721438,38,3,40000.0,165.55,21.120531,21.008096530730015,21.31853011047061,518.0,2,0.8445425638514815,25.514314432007097,21.54792452532013
102,0.0,0.0,166.0,0.0,,5,2,40000.0,11.35,1.4253247,1.6176858899438367,1.3865290778603612,0.0,0,0.20571505014536728,24.510042505126265,5.042084623007133
104,2.0,9.0,99.0,16.439999999999998,13.06027893216652,15,1,40000.0,42.05,13.05463,12.953341277308619,13.131818596097869,9.0,1,0.7844940213356685,16.980263119659984,13.320914898079804
105,2.0,505.0,627.0,7.67,2.4420946443941345,10,3,,28.71,,,,505.0,0,0.2831525035632491,8.797386118876945,2.4910019043725824
109,0.0,0.0,263.0,0.0,,4,2,60000.0,9.77,0.79286027,0.760575069668512,0.5517852578214493,0.0,0,0.15779861483005292,24.510042505126265,3.867650756734645
110,0.0,0.0,52.0,0.0,,5,3,20000.0,13.1,3.454616,3.3857901453698576,3.056712725945962,0.0,0,0.320349153899291,24.510042505126265,7.851771378552857
112,0.0,0.0,101.0,0.0,,5,4,40000.0,7.62,2.6030805,2.3361774094587258,2.1444705280514587,0.0,0,0.2583820034828738,24.510042505126265,6.33295388792492
114,0.0,0.0,190.0,0.0,,2,3,,5.96,,,,0.0,0,0.19133143524225046,24.510042505126265,4.689541610354373
115,1.0,41.0,591.0,2.7,0.34871973261261513,10,3,100000.0,8.75,0.23721108,0.3123696460207571,0.37232417541039187,41.0,0,0.06542232570105222,5.436990326990616,0.3557005520058505
117,0.0,0.0,37.0,0.0,,4,3,100000.0,13.46,4.609043,3.05652258583207,3.819618150816368,0.0,0,,24.510042505126265,
118,0.0,0.0,49.0,0.0,,3,2,60000.0,6.89,3.5313199,3.1699375073915523,3.0453836142293396,0.0,0,0.3251304581059684,24.510042505126265,7.9689613478884604
119,0.0,0.0,188.0,0.0,,5,4,20000.0,25.8,1.2449073,1.6461975646466753,1.2177706067861633,0.0,0,0.19245255083442203,24.510042505126265,4.717020201171657
121,0.0,0.0,304.0,0.0,,5,5,40000.0,13.95,0.65243983,0.6743100516891275,0.6522136455730054,0.0,0,0.14366655650917648,24.510042505126265,3.5212734066050397
125,1.0,16.0,287.0,8.46,1.7190299410938001,7,2,80000.0,16.71,1.5146267,1.673944575847989,1.6369759760872702,16.0,0,0.16740167068209819,10.474155225694481,1.7533910837648854
126,0.0,0.0,410.0,0.0,,4,2,120000.0,19.28,0.4793031,0.3203125700647083,0.4759691485588595,0.0,0,0.11666834925696346,24.510042505126265,2.8595461992910907
127,0.0,0.0,55.0,0.0,,5,1,20000.0,10.94,3.3390265,3.2821383173359706,2.9894142465128457,0.0,0,0.3157073946374207,24.510042505126265,7.738001661745853
128,0.0,0.0,434.0,0.0,,4,1,40000.0,8.84,0.37525347,0.2988564947637558,0.48745352585617585,0.0,0,0.1119085183661897,24.510042505126265,2.7428825418410128
131,0.0,0.0,163.0,0.0,,3,3,20000.0,8.89,1.3052807,1.7113559369275524,1.4420130193542624,0.0,0,0.20766706344452657,24.510042505126265,5.0899285519400985
133,2.0,202.0,415.0,15.334999999999999,5.344025075530965,11,1,40000.0,34.83,5.128841,5.682138410848969,5.345278211299012,202.0,1,0.341770254712759,15.949239278626319,5.450975570730858
135,1.0,39.0,359.0,15.39,2.2878688479526716,10,5,120000.0,29.83,2.2913363,2.177828055669376,2.493014049928539,39.0,0,0.14113664906457513,16.53449424444757,2.3336231116388335
136,0.0,0.0,571.0,0.0,,6,3,,32.97,,,,0.0,0,0.09077436772618222,24.510042505126265,2.224883611344688
137,0.0,0.0,34.0,0.0,,3,3,140000.0,13.77,4.5497327,3.0389036428612566,3.8676183405853215,0.0,0,,24.510042505126265,
139,0.0,0.0,166.0,0.0,,5,1,40000.0,10.35,1.4378738,1.6151299082435584,1.379615286939667,0.0,0,0.20571505014536728,24.510042505126265,5.042084623007133
140,1.0,64.0,159.0,11.59,4.705816882216299,11,2,20000.0,14.83,4.6958356,4.727157561763169,4.855191245189036,64.0,1,0.3633046667313596,13.21136462377488,4.799750421707007
141,0.0,0.0,351.0,0.0,,6,4,20000.0,8.67,0.46591833,0.3707713439926587,0.5997462463143437,0.0,0,0.13029496383541259,24.510042505126265,3.193535101809852
144,0.0,0.0,121.0,0.0,,2,3,20000.0,1.76,2.1337686,2.12037800522865,1.8816195062887386,0.0,0,0.23950204412865142,24.510042505126265,5.8702052816578725
148,0.0,0.0,690.0,0.0,,3,2,80000.0,3.08,0.045397967,0.17059975453309323,0.1985276180552047,0.0,0,0.07798569174445245,24.510042505126265,1.911432619448204
154,3.0,243.0,376.0,12.033333333333331,6.95561528070931,14,0,60000.0,47.64,7.065934,6.819904072558702,7.039934828487618,243.0,1,0.562951811713795,12.602893488605064,7.094821722246212
155,0.0,0.0,35.0,0.0,,3,1,120000.0,6.23,4.663146,3.0498394241124784,3.8929832964954496,0.0,0,,24.510042505126265,
156,0.0,0.0,255.0,0.0,,3,1,140000.0,16.19,0.7943525,0.7520696798777841,0.6198697717454644,0.0,0,0.16088739073955746,24.510042505126265,3.943356785565411
158,7.0,573.0,644.0,9.112857142857143,7.823229978479519,39,3,140000.0,79.99,7.8124175,7.5839799438883695,8.038016894567726,573.0,1,0.8469356678880918,9.422159572393932,7.979963010393632
159,0.0,0.0,7.0,0.0,,6,4,40000.0,3.54,4.5636797,3.382779084337375,3.7301510123123913,0.0,0,,24.510042505126265,
160,0.0,0.0,350.0,0.0,,3,1,100000.0,8.04,0.51971674,0.4296344594541225,0.5672538839405492,0.0,0,0.1305534559656856,24.510042505126265,3.199870754910084
161,1.0,63.0,565.0,19.97,1.6190819929705311,9,1,40000.0,22.25,1.5917182,1.6272745328002443,1.6252186123771395,63.0,0,0.08040466144144578,20.53973994515307,1.6514908363853729
162,3.0,229.0,259.0,13.973333333333334,11.002581606892663,15,3,40000.0,53.19,11.080692,10.67534921112916,11.119895359376514,229.0,1,0.7764199730787456,14.454332740252832,11.222632637058334
164,0.0,0.0,111.0,0.0,,3,4,40000.0,16.77,2.561938,2.3139971757733058,2.153854919974357,0.0,0,0.24858233089919546,24.510042505126265,6.092763496362643
165,1.0,6.0,54.0,13.31,8.31282895372696,7,2,140000.0,15.55,8.306393,8.989982152901353,8.695496934456358,6.0,1,0.576153892400982,14.715518031026729,8.478402992272885
168,0.0,0.0,627.0,0.0,,3,4,20000.0,9.28,0.13756579,0.17871613288705812,0.18098584960114117,0.0,0,0.08427075735918024,24.510042505126265,2.06547984481269
169,2.0,333.0,620.0,9.620000000000001,2.623216720046714,10,0,60000.0,36.7,2.6421208,2.6348825674525718,2.606055974767747,333.0,0,0.25202888933055334,10.616839955995182,2.6757503823097064
170,2.0,61.0,568.0,13.969999999999999,1.5230809955519287,12,1,20000.0,38.29,1.4728491,1.4838556589308975,1.6779760570655284,61.0,0,0.10586118869473837,14.675621592643553,1.5535787466314162
175,0.0,0.0,99.0,0.0,,4,0,80000.0,3.59,2.6162155,2.202502197081284,2.192626022028871,0.0,0,0.2604358815291101,24.510042505126265,6.383294526138517
177,2.0,77.0,177.0,11.16,7.387121011108741,11,0,20000.0,26.15,7.416057,7.3643676584782884,7.190567253841127,77.0,1,0.6250930707164867,12.053741960693687,7.534710575834182
178,3.0,578.0,607.0,14.01,5.996061825839432,17,1,40000.0,49.41,6.1067157,6.106032721417803,6.026189494352401,578.0,1,0.4221145590677249,14.489325578342394,6.116155277690707
179,2.0,319.0,527.0,8.305,2.7794819562061566,11,1,140000.0,25.3,2.7567968,2.8890887316302707,2.85075702682647,319.0,0,0.3019348884431588,9.389874932502627,2.835130840240394
180,2.0,12.0,568.0,34.56,1.9829922619707583,13,4,60000.0,81.94,7.0956297,4.69905548612884,2.8688150219542816,12.0,0,0.05968920018451847,33.88718800611252,2.022699148587263
181,2.0,337.0,513.0,18.595,5.889401099761012,13,1,40000.0,52.61,5.884769,5.987615473566963,6.051410189593772,337.0,1,0.31632413741744,18.990992872988087,6.007309439248707
182,2.0,458.0,619.0,14.91,4.27473034789306,11,1,120000.0,49.870000000000005,4.2439594,4.367802276815495,4.429083094477644,458.0,1,0.2803590413872874,15.552691647459524,4.360337721273823
187,1.0,126.0,438.0,12.51,2.062898510797969,10,0,20000.0,34.88,2.0379982,2.252159451329129,1.8530755796974496,126.0,0,0.15012729274032882,14.015911795095636,2.1041708930849503
188,2.0,390.0,420.0,8.95,3.8951508576218887,17,4,40000.0,41.4,3.9263864,3.9560290587855667,4.13652031265982,390.0,0,0.3976409262914865,9.991694278626351,3.9731065681743285
190,4.0,194.0,697.0,11.16,1.661866542594555,20,1,120000.0,55.370000000000005,1.6449193,1.8322131276459845,2.2511262265279033,194.0,0,0.14585353413917196,11.622347305116506,1.6951604294441236
191,1.0,285.0,361.0,19.15,4.6736254538015185,8,4,40000.0,39.16,5.216998,4.532168907452055,5.089942241769573,285.0,1,0.24048723435969557,19.8226435533237,4.767092725836865
192,4.0,435.0,577.0,11.6475,6.369841294643793,22,4,60000.0,58.18,6.1889744,6.374825053329892,6.277735722756261,435.0,1,0.5372895313352676,12.092963889864626,6.497422900839679
193,0.0,0.0,202.0,0.0,,5,0,40000.0,5.29,1.0392447,1.1540120176311939,1.022446266397841,0.0,0,0.18487056047121253,24.510042505126265,4.531185295095934
194,1.0,148.0,193.0,2.66,1.9110278682862485,8,1,40000.0,14.61,1.9087431,1.701523772169499,1.8091960327195817,148.0,0,0.3608270796922632,5.40201001519406,1.949191498250831
195,0.0,0.0,372.0,0.0,,2,4,60000.0,6.12,0.51113784,0.35636577961737553,0.5219104584149621,0.0,0,0.12509398681041423,24.510042505126265,3.0660589338589572
197,1.0,31.0,63.0,2.74,3.0925257881891515,9,1,20000.0,5.720000000000001,3.0859454,3.469781982042403,3.199906277594998,31.0,0,0.5764172094328445,5.47197063878717,3.1541380457081596
198,0.0,0.0,446.0,0.0,,4,1,20000.0,7.9,0.32967317,0.30683253995723864,0.39169023721765495,0.0,0,0.10967150506130946,24.510042505126265,2.6880532506538652
208,6.0,618.0,630.0,19.998333333333335,14.989094765793492,30,2,140000.0,122.92,14.985829,14.913201792575563,14.804284116269352,618.0,2,0.7605247136620076,20.10371820543117,15.28937453172723
210,0.0,0.0,210.0,0.0,,2,1,80000.0,6.53,1.0727495,1.0735115127837507,0.917706406058632,0.0,0,0.18080105912566521,24.510042505126265,4.431441644141901
211,4.0,294.0,362.0,13.47,10.63668338414081,28,3,20000.0,59.14,10.235035,10.697266728473412,10.881122736078417,294.0,1,0.7832299508149504,13.852345891307598,10.84957219112053
213,0.0,0.0,707.0,0.0,,3,3,40000.0,25.29,0.024508452,0.08291709625176456,0.18931041785140046,0.0,0,0.0764472702799748,24.510042505126265,1.8737258439630584
216,2.0,194.0,539.0,12.62,3.118252714240415,10,2,80000.0,31.479999999999997,3.0570545,3.0468292790683367,3.1871720245908017,194.0,0,0.23708158823188097,13.415999705407852,3.180686517876541
218,0.0,0.0,115.0,0.0,,4,2,80000.0,26.59,2.2815511,2.821293826083746,2.0217765088468758,0.0,0,0.24486844392596913,24.510042505126265,6.001735968789631
221,1.0,82.0,388.0,20.23,3.1163162309143213,10,2,40000.0,36.730000000000004,3.0756845,3.1379807297195526,2.935271209722083,82.0,0,0.1530616619796698,20.767111971830676,3.1786486729263013
224,0.0,0.0,32.0,0.0,,5,3,20000.0,10.64,4.5175605,3.3857901453698576,3.8532566185546933,0.0,0,,24.510042505126265,
225,0.0,0.0,126.0,0.0,,5,5,40000.0,7.98,2.2267768,2.0851494317639223,1.8300757383790005,0.0,0,0.23520727192888102,24.510042505126265,5.764940232491665
226,1.0,546.0,643.0,8.16,1.5695587161106133,9,2,100000.0,20.17,1.5282066,1.532930834947694,1.5221537145418704,546.0,0,0.15677774504306138,10.21180288722032,1.6009834294826255
227,0.0,0.0,151.0,0.0,,6,3,40000.0,29.5,2.031291,1.6588677277109118,1.7376238702105926,0.0,0,0.21586167816604934,24.510042505126265,5.2907789070777556
228,0.0,0.0,132.0,0.0,,3,3,100000.0,14.2,1.9998037,2.05952598520016,1.7182660386496629,0.0,0,0.23025342227662585,24.510042505126265,5.643521166950887
229,1.0,219.0,594.0,9.04,1.3338378080631736,10,1,80000.0,17.049999999999997,1.3115199,1.4030247071800224,1.458915380109536,219.0,0,0.12389523442829181,10.981369746744523,1.3605393791166642
235,0.0,0.0,453.0,0.0,,6,2,80000.0,23.68,0.44462278,0.30454528254896823,0.40446930906177325,0.0,0,0.10840745363341317,24.510042505126265,2.6570712964274614
238,2.0,95.0,114.0,8.805,8.274151541962084,13,1,20000.0,29.85,8.289774,8.796738072191014,8.184442421455525,95.0,1,0.8562270468843473,9.85640155740474,8.43931759840294
240,3.0,692.0,730.0,11.186666666666667,4.1940614999165495,14,2,40000.0,41.980000000000004,4.189011,4.173336019977197,4.17808288536792,692.0,1,0.3627069716458824,11.794877045446075,4.278084134089279
242,1.0,19.0,318.0,3.65,0.9157646766642717,6,1,20000.0,10.67,0.9847658,1.0110385833341486,0.9998645230168517,19.0,0,0.14902803295194322,6.267772732158788,0.934073841263451
243,0.0,0.0,327.0,0.0,,4,1,40000.0,11.91,0.57483953,0.6243641059830145,0.6750477037293852,0.0,0,0.13679591799310528,24.510042505126265,3.3528737645387774
244,2.0,79.0,265.0,12.9,5.726977278858976,12,3,60000.0,41.629999999999995,5.7190723,5.872003246461038,5.898297525067641,79.0,1,0.42709544200154415,13.677254615353036,5.841493105311865
248,3.0,118.0,303.0,14.676666666666668,8.262553688864637,17,1,40000.0,48.94,8.3181925,8.294654634865186,8.277197728568611,118.0,1,0.5571928104410573,15.125558998152624,8.427852727672683
250,1.0,26.0,26.0,3.24,4.276645059846402,9,1,40000.0,23.18,4.282155,3.832605612963793,4.333672279845091,26.0,1,0.7381253385119682,5.9092245362441025,4.361748361158406
257,0.0,0.0,265.0,0.0,,4,3,40000.0,22.57,0.6357129,0.8039272978805057,0.5769315805626523,0.0,0,0.1570449049094815,24.510042505126265,3.849177294544904
260,1.0,325.0,688.0,18.91,2.3145612239642013,10,5,60000.0,50.269999999999996,1.9723824,2.979666264381643,2.542202967256371,325.0,0,0.12037606946890186,19.612761682544374,2.360907162774978
262,2.0,149.0,194.0,9.395,6.587397368208648,15,4,80000.0,56.89,6.612673,6.181749228595008,6.721177091377732,149.0,1,0.6456324148835165,10.406902974789231,6.719033899071623
264,0.0,0.0,236.0,0.0,,2,0,20000.0,1.6,0.7180295,1.0191646383374289,0.9020402387244317,0.0,0,0.16873279900719396,24.510042505126265,4.135648075675251
265,0.0,0.0,471.0,0.0,,4,4,20000.0,19.22,0.30909485,0.29840636371255536,0.30322267335274766,0.0,0,0.10528712720345981,24.510042505126265,2.580591962999436
268,0.0,0.0,397.0,0.0,,3,0,40000.0,4.51,0.4381102,0.29773609542665763,0.49895193990253794,0.0,0,0.1194198816420847,24.510042505126265,2.9269863750046436
271,0.0,0.0,303.0,0.0,,6,2,20000.0,20.95,0.43814826,0.6743757827292663,0.6591896953384078,0.0,0,0.14398100063415373,24.510042505126265,3.5289804454737195
272,15.0,317.0,360.0,14.339333333333334,38.19167440890915,71,0,40000.0,221.92,38.189026,35.351620147532984,38.1312285405524,317.0,2,2.6986057210408116,14.435711359735226,38.95629326267532
273,1.0,174.0,240.0,11.22,3.9433918173873352,7,1,40000.0,16.3,3.3312712,4.002118299740557,3.8362892549771606,174.0,0,0.31209232763265227,12.88779673965675,4.022182482535982
274,3.0,358.0,428.0,10.24,5.78875533397408,17,4,40000.0,50.77,5.8333173,5.704377595711823,6.076813949470415,358.0,1,0.5421360326490043,10.891425589315551,5.904634258883377
275,0.0,0.0,323.0,0.0,,2,2,40000.0,7.01,0.60122275,0.6273079148893282,0.6502156913710735,0.0,0,0.1379431243074115,24.510042505126265,3.3809918400645724
280,3.0,22.0,262.0,9.5,3.563657931949708,14,1,60000.0,42.54,3.5478663,4.028459195079121,4.02827536228158,22.0,0,0.35688353001879963,10.185206493326195,3.634932447308652
281,0.0,0.0,94.0,0.0,,3,0,60000.0,22.36,2.650964,2.2966233529863422,2.303803380266656,0.0,0,0.26571711375333995,24.510042505126265,6.512737752433833
282,0.0,0.0,563.0,0.0,,4,3,60000.0,6.72,0.17763564,0.144010433114724,0.23837639020811263,0.0,0,0.09178638645621283,24.510042505126265,2.249688233433722
283,0.0,0.0,684.0,0.0,,4,3,60000.0,11.3,0.04269758,0.15959486594235606,0.20534297762514608,0.0,0,0.07854356274761505,24.510042505126265,1.9251060614480968
286,3.0,148.0,329.0,7.306666666666666,4.373317051285676,19,1,120000.0,26.16,4.590922,4.344787689507629,4.332002874468178,148.0,1,0.5512633097030718,8.091998542150542,4.46082189845834
287,0.0,0.0,689.0,0.0,,4,0,60000.0,5.04,0.016354868,0.16150483166461407,0.2103924304385414,0.0,0,0.0780781189059655,24.510042505126265,1.913698013105517
291,1.0,84.0,298.0,26.19,5.411008265819429,8,1,100000.0,45.71,5.4184656,5.570055071978566,5.5641263741491365,84.0,1,0.212446149528384,25.97917842951732,5.519176425261804
294,0.0,0.0,483.0,0.0,,6,0,40000.0,9.07,0.38052845,0.2586046464583272,0.26758774396326057,0.0,0,0.10330492829005611,24.510042505126265,2.532008183378296
296,0.0,0.0,448.0,0.0,,7,5,140000.0,21.53,0.3710089,0.27968167981079084,0.35977280553158764,0.0,0,0.10930734594814304,24.510042505126265,2.679127695311527
297,0.0,0.0,206.0,0.0,,7,5,40000.0,14.79,1.024182,1.1046750398267202,0.9880119003494361,0.0,0,0.18281309925338507,24.510042505126265,4.480756833194334
298,2.0,205.0,338.0,10.145,4.6597657992540436,15,2,60000.0,22.73,4.707155,4.757446994511946,4.707031459166647,205.0,1,0.4279389527637223,11.106692912142398,4.752986533490475
299,0.0,0.0,101.0,0.0,,5,0,140000.0,10.5,2.5930474,2.188165644690584,2.1580846425750977,0.0,0,0.2583820034828738,24.510042505126265,6.33295388792492
301,0.0,0.0,248.0,0.0,,3,5,40000.0,15.9,0.9267562,0.9878860652530493,0.6979582303498928,0.0,0,0.16369123642074296,24.510042505126265,4.012079162389083
303,0.0,0.0,228.0,0.0,,4,0,40000.0,9.74,0.9439725,1.0397382155966923,0.9228825889404781,0.0,0,0.1722704553941605,24.510042505126265,4.222356184088332
304,0.0,0.0,708.0,0.0,,4,1,100000.0,19.05,-0.011467547,0.13644512548557566,0.1631843153024528,0.0,0,0.07635866408697961,24.510042505126265,1.8715541024065288
305,2.0,116.0,238.0,9.52,5.403719520254986,14,4,80000.0,39.24,5.3609195,5.754622905816256,5.45611730327928,116.0,1,0.5237544356296371,10.523534631014758,5.5117479414960755
309,0.0,0.0,121.0,0.0,,6,0,120000.0,17.9,2.1854038,2.0506019613432542,1.8540588836507217,0.0,0,0.23950204412865142,24.510042505126265,5.8702052816578725
310,1.0,9.0,117.0,19.8,7.723126442395293,8,1,60000.0,35.21,7.7061305,7.846908275508714,7.682897471677018,9.0,1,0.3863054017306337,20.391073620017714,7.87718188649987
312,0.0,0.0,606.0,0.0,,5,3,40000.0,3.32,0.18445073,0.1597690279637137,0.18182925772853054,0.0,0,0.0865972999631084,24.510042505126265,2.122503502924956
317,0.0,0.0,132.0,0.0,,4,0,,22.85,,,,0.0,0,0.23025342227662585,24.510042505126265,5.643521166950887
319,1.0,125.0,348.0,15.46,3.2310484374365123,8,0,80000.0,26.85,3.2617795,3.2130063765802683,3.2405911595223245,125.0,0,0.19858509706926966,16.59570979009154,3.2956606395987573
321,2.0,208.0,314.0,15.8,7.398517397714148,13,2,100000.0,45.85,7.4227057,7.518723111472572,7.521095888754897,208.0,1,0.460627282657921,16.383109039785282,7.546506998484716
322,7.0,232.0,287.0,20.344285714285714,30.4573117896074,34,1,20000.0,157.23,28.569908,28.825110420248535,28.642342548247996,232.0,2,1.520796142047381,20.427968456679903,31.066775618784387
323,0.0,0.0,86.0,0.0,,6,4,40000.0,16.24,2.784377,2.5458398279020202,2.4427414467119832,0.0,0,0.2746301690233849,24.510042505126265,6.731197115953174
328,1.0,4.0,672.0,14.76,0.604099061196681,7,3,80000.0,21.35,0.5879607,0.6872738684833318,0.5544415125110085,4.0,0,0.038551803835717595,15.983554333651835,0.6161948512684794
329,0.0,0.0,582.0,0.0,,4,2,40000.0,35.52,0.16565691,0.11078681931826306,0.31973135707415423,0.0,0,0.08941876632338076,24.510042505126265,2.1916577633420156
330,0.0,0.0,207.0,0.0,,3,0,20000.0,13.63,0.8471852,1.0532323397103198,1.0450965724389194,0.0,0,0.18230589039126666,24.510042505126265,4.468325122424836
335,2.0,496.0,543.0,5.59,2.1902893560114642,11,5,40000.0,27.43,2.2222373,2.2260179540008207,2.276247044123875,496.0,0,0.32583677552469986,6.8566353592841605,2.234143956417793
336,0.0,0.0,136.0,0.0,,4,3,20000.0,26.91,1.890172,1.7951505770518563,1.744000169685572,0.0,0,0.22706565356009917,24.510042505126265,5.565388820212306
337,3.0,146.0,246.0,20.51,15.174540615099584,17,1,20000.0,74.87,15.180373,15.053747770126977,15.155090870067273,146.0,2,0.7479968617637097,20.692601421492128,15.478000925003391
338,0.0,0.0,608.0,0.0,,3,3,20000.0,1.63,0.15957679,0.15330074265018845,0.18816517875432393,0.0,0,0.08637020004919957,24.510042505126265,2.11693727438214
339,0.0,0.0,58.0,0.0,,4,2,140000.0,22.42,3.3008528,2.9522358183810447,2.918414765794163,0.0,0,0.3111991259158039,24.510042505126265,7.627503803754494
340,1.0,13.0,280.0,41.64,6.570696866929297,9,2,,65.28999999999999,,,,13.0,1,0.16971319495415035,39.49032386093654,6.702029032213659
341,5.0,574.0,628.0,7.81,5.188687496529308,24,1,20000.0,63.15,5.185926,5.209311935885007,5.206591341013608,574.0,1,0.6395215209898821,8.275920549523846,5.292629297422911
344,1.0,238.0,266.0,15.19,4.890501608408839,8,1,140000.0,34.589999999999996,4.8997946,4.9584315472899005,4.980623889133991,238.0,1,0.30491219173077483,16.359592685464797,4.9882392615478235
345,1.0,13.0,83.0,5.28,3.648679572901302,8,2,40000.0,20.4,3.7103379,3.4845800349029608,3.5306831170690707,13.0,0,0.48372575921930383,7.693220437868389,3.7214088971493515
346,3.0,379.0,538.0,11.343333333333334,5.1025932259432425,17,0,40000.0,43.31,4.7238936,4.904662324177975,4.9325188097395625,379.0,1,0.4357504051146446,11.944391899101479,5.204773608881548
347,0.0,0.0,69.0,0.0,,4,4,20000.0,16.04,2.8685415,2.4843743843962622,2.894469275361201,0.0,0,0.2957220461344392,24.510042505126265,7.248159920458015
349,1.0,5.0,331.0,3.27,0.7496644682170794,6,1,120000.0,9.57,0.7556959,0.8279841030325031,0.7571122122453877,5.0,0,0.1288281117085619,5.935459770091518,0.7646540743030252
352,0.0,0.0,285.0,0.0,,4,1,80000.0,21.22,0.53669894,0.6708064446194851,0.5839599542146843,0.0,0,0.1498865353594362,24.510042505126265,3.6737253526058917
354,4.0,315.0,737.0,15.620000000000001,4.376642817661301,23,2,,69.82000000000001,,,,315.0,1,0.280283947970108,15.927885700965973,4.4643306870833745
355,5.0,274.0,402.0,14.163999999999998,11.873923127045025,26,1,20000.0,84.5,11.912904,11.879633905566257,11.682514153042465,274.0,1,0.8380217347035371,14.452647996429096,12.111633145027112
360,1.0,366.0,407.0,11.35,2.896839327961053,10,4,40000.0,13.92,2.8795662,2.9280812225625605,2.861601779039869,366.0,0,0.2272654333589699,13.001482752995553,2.9547876121687073
361,0.0,0.0,446.0,0.0,,5,0,60000.0,4.86,0.28873187,0.28766828955158996,0.4014797673066415,0.0,0,0.10967150506130946,24.510042505126265,2.6880532506538652
363,0.0,0.0,708.0,0.0,,6,4,140000.0,30.91,0.076967254,0.07401445770520655,0.22981615893266305,0.0,0,0.07635866408697961,24.510042505126265,1.8715541024065288
364,3.0,75.0,126.0,15.840000000000002,17.703602723012732,15,4,60000.0,72.78999999999999,15.544772,16.448054651511868,17.2424133122152,75.0,2,1.1121843081670846,16.235786315721477,18.05718677109931
365,0.0,0.0,188.0,0.0,,2,2,60000.0,7.62,1.219945,1.4373058069422893,1.2098411087026966,0.0,0,0.19245255083442203,24.510042505126265,4.717020201171657
366,1.0,29.0,149.0,22.08,7.602865279869923,7,2,140000.0,32.25,7.6023498,7.724229203335985,7.285217644104622,29.0,1,0.34642042842902127,22.38495139242133,7.754604451725413
369,0.0,0.0,415.0,0.0,,3,1,40000.0,11.46,0.45862937,0.3121217601846174,0.5176732015175398,0.0,0,0.11564357702460484,24.510042505126265,2.834428988317908
370,1.0,37.0,183.0,30.43,8.706564855725066,8,2,40000.0,39.4,8.684542,8.917444815134584,8.840733355300266,37.0,1,0.2991338865024724,29.687091479952105,8.88041505335251
372,1.0,230.0,449.0,16.54,3.0874683970881494,5,1,20000.0,26.49,3.0687068,3.2491658441247333,3.148675106774766,230.0,0,0.17954449436027212,17.540178208598512,3.1492424274518833
373,1.0,137.0,692.0,15.4,1.2842308343748832,8,2,20000.0,20.62,1.2760082,1.1292162973170665,1.0610556087723255,137.0,0,0.07918316532294249,16.54323932239671,1.3099460542423418
376,2.0,626.0,650.0,15.795,4.570784019989347,12,2,60000.0,67.65,4.5820584,4.7768411708679,4.7794848351884625,626.0,1,0.28466238980861813,16.37844377353626,4.662326945920914
378,7.0,698.0,701.0,11.695714285714287,9.427396497449712,29,1,40000.0,92.78999999999999,9.426525,9.379615933654554,9.361741984412465,698.0,1,0.8044993941783459,11.953131648556365,9.616287169797609
381,1.0,145.0,327.0,9.2,2.4209846755501654,8,4,20000.0,24.81,2.4388304,2.461859099069551,2.5252197664550633,145.0,0,0.22204177307754847,11.121290993930742,2.4693911712037533
382,0.0,0.0,240.0,0.0,,5,4,40000.0,9.53,0.87776625,0.9948515793012468,0.8521796674506312,0.0,0,0.16701803727706147,24.510042505126265,4.09361919278354
389,2.0,48.0,369.0,8.2,2.065190803045034,10,0,60000.0,28.259999999999998,2.0789988,2.1543159072490647,2.3678323818995555,48.0,0,0.22670409395564997,9.291904341273183,2.1065127548109075
391,3.0,200.0,598.0,12.36,3.161753839141327,18,4,40000.0,70.74,2.7625446,2.47128556333556,3.203972718821882,200.0,0,0.24972251759220052,12.914647864312077,3.2250783784927473
392,3.0,561.0,619.0,15.666666666666666,6.494850712804347,16,0,40000.0,67.65,6.5327215,6.631483671921282,6.824896577473259,561.0,1,0.4122456213940028,16.070365626570812,6.624937863754507
394,0.0,0.0,322.0,0.0,,1,2,40000.0,4.14,0.60573125,0.6273079148893282,0.6526633356866558,0.0,0,0.13823294414694892,24.510042505126265,3.388095336650463
395,0.0,0.0,271.0,0.0,,4,4,80000.0,7.06,0.81112784,0.7587154377164557,0.5235210588708723,0.0,0,0.15482645860574043,24.510042505126265,3.79480308134487
397,0.0,0.0,302.0,0.0,,3,2,40000.0,18.71,0.50969905,0.6663477781849325,0.6268453601671453,0.0,0,0.14429682692080711,24.510042505126265,3.5367213611838304
398,2.0,188.0,531.0,10.075,2.5817506524767753,12,0,20000.0,29.0,2.5855494,2.610982761644745,2.880264414554458,188.0,0,0.23850655691275227,11.041379184656103,2.633441332900459
399,6.0,303.0,491.0,11.878333333333332,9.246361978244252,27,3,60000.0,79.55,9.232394,9.483445382398143,9.207524791878113,303.0,1,0.7747667085260312,12.173385830016635,9.431534071139417
400,5.0,570.0,593.0,11.418000000000001,7.796739021779499,22,1,60000.0,67.79,7.7864246,7.815246572749305,7.657334377417644,570.0,1,0.6749333191995739,11.783259647483266,7.952914544866282
402,0.0,0.0,184.0,0.0,,3,1,80000.0,15.4,1.2187581,1.4363470466154387,1.2058724277745663,0.0,0,0.19473479465000154,24.510042505126265,4.7729580940985725
405,1.0,210.0,502.0,16.27,2.577991373971991,8,3,40000.0,24.56,2.6005342,2.61844672898989,2.4528552644331763,210.0,0,0.15196335061143582,17.30406110397177,2.629583104544571
406,0.0,0.0,562.0,0.0,,5,1,40000.0,6.19,0.19088165,0.14608585860019027,0.23683456540430115,0.0,0,0.09191447902860451,24.510042505126265,2.2528277878276333
409,0.0,0.0,152.0,0.0,,4,0,20000.0,6.9,1.5914036,1.7212782295980302,1.7190777576237029,0.0,0,0.2151540787641185,24.510042505126265,5.273435615659828
411,0.0,0.0,76.0,0.0,,3,1,20000.0,5.57,2.7927194,2.454809215972412,2.4837450327156607,0.0,0,0.2866545328862259,24.510042505126265,7.025914785328511
414,1.0,194.0,293.0,22.17,5.889216949158651,9,3,40000.0,26.860000000000003,5.5050387,5.313068989926021,5.8590736382226005,194.0,1,0.2674070453900324,22.46365709396358,6.006940172151642
415,0.0,0.0,236.0,0.0,,4,4,60000.0,7.67,0.9725783,1.0348797588286744,0.8386196352224724,0.0,0,0.16873279900719396,24.510042505126265,4.135648075675251
417,2.0,178.0,589.0,11.665,2.4025415026141186,12,1,60000.0,37.92,2.4181643,2.5936550287764994,2.5766941406933714,178.0,0,0.19566187612726116,12.524933851844818,2.450652055821801
422,0.0,0.0,486.0,0.0,,3,2,20000.0,2.16,0.38109937,0.2679099708267088,0.2863929433681953,0.0,0,0.10282099819526316,24.510042505126265,2.5201470361854112
423,1.0,161.0,377.0,15.77,3.2356420524804905,9,5,20000.0,34.91,3.2132063,3.443200317897322,3.312556535957419,161.0,0,0.19567172685691683,16.86680720651484,3.300357292661448
426,1.0,433.0,577.0,8.21,1.6617343326983216,10,4,80000.0,15.510000000000002,1.488902,1.6529830481212862,1.7231164760862683,433.0,0,0.16527653769535985,10.255528276966015,1.6949982058538025
430,10.0,593.0,653.0,11.931000000000001,13.916284136257786,50,3,100000.0,129.69,13.908725,13.600790578021082,14.079225206768047,593.0,2,1.1722815753226288,12.108956067580243,14.195106094415472
432,0.0,0.0,573.0,0.0,,5,4,80000.0,6.96,0.19471751,0.18763742853085266,0.2009757581770213,0.0,0,0.09052484337467921,24.510042505126265,2.2187677588832853
436,1.0,30.0,453.0,5.9,0.7675948741350613,6,1,80000.0,24.29,0.78040993,0.8438152979724672,0.8333750971967016,30.0,0,0.0950714870505411,8.235415270714984,0.782953176265608
438,0.0,0.0,174.0,0.0,,5,2,80000.0,9.6,1.4252363,1.449228072663841,1.2807053928101544,0.0,0,0.20068529354513334,24.510042505126265,4.918805074944959
439,1.0,160.0,679.0,29.57,2.497457743596363,10,3,40000.0,64.37,2.4794004,2.2032255249204518,2.2468842059095264,160.0,0,0.08804090366365674,28.93501477632618,2.547464848429018
440,0.0,0.0,114.0,0.0,,4,5,40000.0,10.38,2.1689932,2.3938515474464888,1.9766971032791432,0.0,0,0.2457864235525629,24.510042505126265,6.024235688456284
441,1.0,67.0,334.0,3.04,0.9862481763923057,5,5,60000.0,4.01,0.9874524,1.0136249261291486,0.9718119100862941,67.0,0,0.17542937346592116,5.734322977261329,1.0059686871521907
443,2.0,46.0,227.0,4.655,2.6205698381310265,8,1,60000.0,15.45,2.5786455,2.409312675110644,2.5307428027682795,46.0,0,0.44666625588339687,5.984230570717212,2.6729538633652203
446,3.0,342.0,412.0,16.213333333333335,9.060798937317552,17,2,40000.0,66.1,9.11057,8.925730112037362,9.051230367765372,342.0,1,0.5570228403712633,16.592077030815204,9.242165875363481
447,0.0,0.0,389.0,0.0,,4,1,20000.0,13.76,0.44835815,0.36349971209938503,0.4744086935884173,0.0,0,0.12117868533013129,24.510042505126265,2.9700947281568384
448,4.0,527.0,612.0,12.055,6.480567583732711,23,1,40000.0,60.06,6.5201955,6.489114014429679,6.582164034964139,527.0,1,0.5294082616614918,12.486351086346387,6.61037742311772
450,0.0,0.0,139.0,0.0,,5,3,80000.0,44.2,3.3372893,2.867798147384401,2.3827701576543174,0.0,0,0.2247323910198213,24.510042505126265,5.5082004561744755
451,1.0,3.0,134.0,16.83,5.940392526256353,5,1,40000.0,21.159999999999997,5.93441,5.809274695788444,6.1026151113360845,3.0,1,0.3405078194173223,17.793785469123534,6.058923089270889
453,0.0,0.0,320.0,0.0,,4,3,40000.0,4.82,0.64310634,0.6235927190245301,0.6542370841431753,0.0,0,0.13881625941724984,24.510042505126265,3.402392418719428
454,1.0,623.0,658.0,3.6,0.9661759084480177,10,3,140000.0,14.98,0.9961295,0.98747069422088,0.954090701132599,623.0,0,0.15834083111613317,6.224047342413094,0.9855208291038492
457,0.0,0.0,97.0,0.0,,4,0,40000.0,9.25,2.6698108,2.312085316926145,2.261488277842828,0.0,0,0.2625228472567665,24.510042505126265,6.434446144830117
462,0.0,0.0,222.0,0.0,,3,2,60000.0,8.54,1.0282519,1.0604994364552116,0.8563524184081404,0.0,0,0.17502287168474165,24.510042505126265,4.289818024362278
463,4.0,619.0,669.0,10.782499999999999,5.50494526275669,17,3,20000.0,46.78,5.4819746,5.221873516769406,5.280051200539494,619.0,1,0.4987799862358931,11.257921129234626,5.615225745884417
464,0.0,0.0,445.0,0.0,,6,3,80000.0,34.23,0.52578366,0.40763508743316,0.5329000583280576,0.0,0,0.10985449713409076,24.510042505126265,2.692538394135836
465,2.0,236.0,386.0,7.755,3.376324157419284,14,3,40000.0,44.089999999999996,3.3560338,3.335085081228564,3.278002257137071,236.0,0,0.38796936165738427,8.876695645110305,3.443885943060328
466,0.0,0.0,590.0,0.0,,2,4,60000.0,5.26,0.16653228,0.163008185230536,0.21250429564626483,0.0,0,0.08845805227452416,24.510042505126265,2.1681106211692684
467,3.0,412.0,555.0,18.356666666666666,7.878922138484342,17,1,20000.0,78.13,7.8975782,7.739823732288061,8.016098767289858,412.0,1,0.43121004786566747,18.637567475505087,8.036706363212156
468,0.0,0.0,251.0,0.0,,1,2,40000.0,0.76,0.9885041,0.9853831367847795,0.6026974004158152,0.0,0,0.16247768195828727,24.510042505126265,3.982334890932008
471,0.0,0.0,490.0,0.0,,3,3,40000.0,13.19,0.3933439,0.2505243314837759,0.22651731275505682,0.0,0,0.10218277445114182,24.510042505126265,2.504504145089216
472,8.0,568.0,610.0,12.8575,12.94144138759524,34,0,40000.0,109.39,12.392385,12.030450544628984,12.336369407383067,568.0,1,1.0105541778005298,13.062834838145976,13.200702319606723
473,2.0,352.0,449.0,17.105,6.32728977531673,11,3,40000.0,36.97,6.3139553,6.462558890017041,6.004346830604674,352.0,1,0.36668542547508065,17.600743530779795,6.453936130261762
474,0.0,0.0,283.0,0.0,,3,1,20000.0,7.77,0.5546668,0.6818151427505398,0.6176011008924505,0.0,0,0.1505728100271229,24.510042505126265,3.6905459738810844
476,0.0,0.0,202.0,0.0,,4,1,80000.0,2.32,1.0904639,1.1920330977870592,0.9906351636359876,0.0,0,0.18487056047121253,24.510042505126265,4.531185295095934
478,2.0,45.0,256.0,8.25,3.5215944721540966,9,5,60000.0,21.09,3.4966135,3.3645988212373923,3.3881758199927474,45.0,0,0.38464260103042974,9.338557003763395,3.592006855798489
480,1.0,28.0,55.0,2.69,3.213894578787545,9,3,140000.0,34.11,3.2182436,3.8215044875041437,3.260330146313188,28.0,0,0.6038618931606938,5.428245249041476,3.2779104526267275
481,0.0,0.0,63.0,0.0,,4,2,40000.0,7.03,2.8276083,3.2622567174824777,2.8897118316924724,0.0,0,0.30396663469052787,24.510042505126265,7.450235136405026
482,1.0,18.0,254.0,11.08,2.4590112762843774,7,4,40000.0,22.240000000000002,2.4351838,2.39485658488424,2.1439995985611615,18.0,0,0.19648084753337547,12.765365648368807,2.5081498616649402
484,3.0,402.0,715.0,14.89,4.689607738354556,19,3,100000.0,54.26,4.6483803,4.555986408912168,4.9028840460776015,402.0,1,0.31205607193651913,15.329153692491897,4.783555487390209
486,6.0,232.0,255.0,9.450000000000001,13.995279394854261,34,2,40000.0,64.26,13.997861,13.951233109340919,13.73567205449628,232.0,2,1.4563957102162848,9.801773705431462,14.275261177101159
487,2.0,20.0,282.0,15.190000000000001,4.390739404909448,16,4,40000.0,47.36,4.438659,4.421142765248237,4.662815505746011,20.0,1,0.2832023588261087,15.813946557404709,4.478546967407035
489,1.0,264.0,366.0,14.3,3.555680510752058,6,2,80000.0,26.47,3.5355368,3.6156803261101844,3.6224098895053567,264.0,0,0.23276599044468926,15.581280747991457,3.626792245703
491,4.0,192.0,301.0,18.915,15.7909282091099,22,2,60000.0,81.78,15.749706,15.424061557899766,15.439921660999813,192.0,2,0.8429048779226267,19.108771130186597,16.106876396741345
492,1.0,14.0,523.0,6.11,0.5517331125806095,4,1,40000.0,15.129999999999999,0.6570802,0.6539169803131171,0.6472768028836864,14.0,0,0.0668453884825698,8.419061907646896,0.5627754638754618
493,0.0,0.0,623.0,0.0,,4,5,60000.0,26.36,0.07394192,0.13457654051595028,0.19745311213341576,0.0,0,0.08470421347980872,24.510042505126265,2.076103872753401
494,1.0,27.0,282.0,18.87,3.4856935656722747,8,1,140000.0,32.55,3.54454,3.7775290163888804,3.5251634013614055,27.0,0,0.18160204796459797,19.57778137074782,3.5553651915309588
497,0.0,0.0,183.0,0.0,,2,4,40000.0,11.86,1.2220253,1.4491060340978186,1.190184279609392,0.0,0,0.19531386613709673,24.510042505126265,4.787151160860782
498,8.0,324.0,345.0,13.36625,20.713332630842928,37,1,60000.0,127.56,20.696712,20.888831240124848,20.884204723122885,324.0,2,1.5578076908559217,13.562619919214267,21.127953618307707
499,0.0,0.0,513.0,0.0,,3,1,60000.0,12.05,0.23691905,0.24120296274651262,0.2263510701656859,0.0,0,0.09866159291086636,24.510042505126265,2.4181998358687986
502,3.0,354.0,621.0,13.356666666666667,4.8409766855413805,18,3,40000.0,48.47,4.8418922,4.916821984624874,4.96170015119871,354.0,1,0.3561231508699151,13.86581682692837,4.937938377790819
504,1.0,19.0,657.0,25.12,1.127361960709465,9,4,20000.0,32.84,1.1401442,1.124551756453319,1.2080592511529993,19.0,0,0.045917550552324674,25.04345508895948,1.1499341150521696
506,1.0,91.0,170.0,2.43,1.861355111767966,7,3,80000.0,12.129999999999999,1.9792356,2.0032186016951017,1.947830077406472,91.0,0,0.3650378735002198,5.200873222363871,1.8985157014359433
510,1.0,130.0,259.0,13.31,3.9415885029742386,9,1,40000.0,32.21,3.9258132,3.7741583407573587,3.865226004807622,130.0,0,0.2732052705548509,14.715518031026729,4.020357085021444
511,7.0,424.0,606.0,10.12857142857143,8.1747430348759,31,4,20000.0,85.09,9.311506,8.238957234416151,8.36666292129874,424.0,1,0.8004348437172767,10.417469940840554,8.338505924026137
518,3.0,64.0,201.0,12.736666666666666,9.604010583985543,15,3,40000.0,50.85,9.592859,9.630416671766113,9.691172166776518,64.0,1,0.7379771412023807,13.274119746504857,9.795996942503724
521,2.0,354.0,568.0,11.64,3.510812892679972,10,1,40000.0,44.69,3.4846687,3.630939214586916,3.6422798916734416,354.0,0,0.2864521566217703,12.501607520599714,3.581112435514731
524,0.0,0.0,108.0,0.0,,4,2,20000.0,13.1,2.460769,2.2826146274782606,2.1913483232207795,0.0,0,0.25144289641055056,24.510042505126265,6.162876078634655
526,0.0,0.0,49.0,0.0,,3,2,40000.0,12.18,3.4311378,3.3659085455163646,3.015327217688596,0.0,0,0.3251304581059684,24.510042505126265,7.9689613478884604
529,0.0,0.0,289.0,0.0,,5,4,40000.0,12.53,0.6404075,0.6692008499973005,0.5657855147459374,0.0,0,0.14853262177562437,24.510042505126265,3.6405408731183964
533,1.0,326.0,390.0,4.56,1.5960779984837516,8,1,60000.0,26.9,1.2321931,1.4838455204445693,1.5964704471481914,326.0,0,0.23047862852786385,7.063574825530404,1.6280030382921928
534,2.0,306.0,382.0,17.455,7.304307951821642,13,3,20000.0,40.23,7.305991,7.120153776937127,7.1814614279857745,306.0,1,0.4155931241143257,17.927312168211273,7.450467670959689
537,0.0,0.0,348.0,0.0,,3,3,40000.0,6.97,0.47771418,0.4321780902639519,0.6341083468650277,0.0,0,0.13107353450990247,24.510042505126265,3.212617902134844
538,0.0,0.0,319.0,0.0,,4,5,40000.0,12.34,0.6578673,0.6260956474927996,0.6409779761764929,0.0,0,0.13910977044531878,24.510042505126265,3.4095863864931206
540,1.0,140.0,158.0,8.28,4.178570120856991,7,4,20000.0,27.939999999999998,4.154991,3.956425704849749,4.221177590787648,140.0,1,0.4131127086000063,10.316743822609984,4.261977984490794
541,0.0,0.0,663.0,0.0,,5,0,60000.0,11.12,0.011978468,0.15727768100131082,0.19688670353666993,0.0,0,0.08056062357454911,24.510042505126265,1.9745443080516758
542,0.0,0.0,354.0,0.0,,4,3,140000.0,10.35,0.52518326,0.3644298475281196,0.5681791902501638,0.0,0,0.12952560269963326,24.510042505126265,3.1746780276701085
543,0.0,0.0,285.0,0.0,,4,3,20000.0,10.44,0.5015554,0.6847589516568535,0.5999873530900848,0.0,0,0.1498865353594362,24.510042505126265,3.6737253526058917
545,2.0,300.0,541.0,15.785,4.601745736047221,13,3,140000.0,45.78,4.6149993,4.70138089418129,4.591528201023436,300.0,1,0.2867524091969247,16.369113241038217,4.693882658284989
546,0.0,0.0,41.0,0.0,,3,3,20000.0,18.95,4.389239,3.4027741489235326,3.862471908678386,0.0,0,0.3386129977436437,24.510042505126265,8.29941896748493
547,3.0,437.0,513.0,16.283333333333335,7.731986524984141,17,0,60000.0,58.5,7.769878,7.721996252558984,7.5388303693629934,437.0,1,0.47342972971662217,16.658881539895276,7.886809784813847
551,1.0,18.0,643.0,5.93,0.3842263229425578,9,2,20000.0,15.11,0.46423623,0.45084509960335434,0.46148539447230785,18.0,0,0.047438348972653,8.2616505045624,0.3919190597255259
552,3.0,241.0,343.0,16.053333333333335,9.922379112543181,19,4,80000.0,52.300000000000004,9.943473,9.602207038802863,9.601569604994795,241.0,1,0.6156514583910709,16.43938101006075,10.120928893890378
553,0.0,0.0,609.0,0.0,,3,0,20000.0,20.33,-0.16837072,0.1455242126732177,0.20753306373305414,0.0,0,0.08625709652703585,24.510042505126265,2.1141651022464276
554,2.0,121.0,303.0,21.689999999999998,8.903998849157091,17,2,60000.0,60.42,8.887828,8.959304832601484,9.01461678264091,121.0,1,0.4151092646250284,21.878792681132158,9.082089540748223
563,0.0,0.0,520.0,0.0,,3,4,60000.0,11.71,0.29629683,0.25823114013877146,0.20358227290824438,0.0,0,0.0976376436566328,24.510042505126265,2.3931027961244418
564,6.0,263.0,322.0,9.246666666666666,11.524475687596405,26,3,,78.5,,,,263.0,1,1.2240848742223882,9.603189848740048,11.755119438128677
565,0.0,0.0,410.0,0.0,,5,4,60000.0,26.69,0.46215686,0.2841551276073437,0.48260054714646294,0.0,0,0.11666834925696346,24.510042505126265,2.8595461992910907
566,2.0,519.0,727.0,8.11,2.1911209286777478,9,5,20000.0,19.75,2.197624,2.228239662448159,2.1153796545008845,519.0,0,0.24272680933454824,9.207929548790803,2.235011359955298
567,1.0,20.0,172.0,26.54,7.644536318429948,9,1,60000.0,45.44,7.6387553,7.742896817145424,7.460454058611082,20.0,1,0.2966361829167655,26.28525615773717,7.79715805362056
568,4.0,157.0,291.0,11.1225,9.269549275558921,20,1,40000.0,46.37,9.240676,8.53254026501241,9.068247275400486,157.0,1,0.8160612870909234,11.58614602936665,9.45500524114834
569,3.0,322.0,450.0,15.81,8.011677677733577,19,1,140000.0,58.79,8.016132,8.073097130744165,8.029399763653746,322.0,1,0.504225924445383,16.207155811830013,8.17206812185035
570,0.0,0.0,637.0,0.0,,5,1,40000.0,4.19,0.103542574,0.17352075079156234,0.18596420954163317,0.0,0,0.08320629432931965,24.510042505126265,2.0393898107056714
571,4.0,398.0,462.0,12.8775,8.602236214901598,21,1,60000.0,70.00999999999999,8.632877,8.585925224915323,8.737435735132712,398.0,1,0.6607102854631678,13.280365734459881,8.77447423547026
572,0.0,0.0,237.0,0.0,,2,3,40000.0,8.45,0.8690414,1.0468420838258967,0.8692764488113482,0.0,0,0.16830080766069835,24.510042505126265,4.1250599494107965
573,2.0,512.0,555.0,20.384999999999998,6.4982524903594445,14,2,20000.0,53.66,6.484619,6.578653529193013,6.503346628675402,512.0,1,0.3208129407724487,20.661158190137645,6.628366918742822
574,0.0,0.0,252.0,0.0,,3,2,40000.0,5.44,0.74132043,0.9853831367847795,0.6251761596142158,0.0,0,0.16207716205830328,24.510042505126265,3.972518131159251
581,0.0,0.0,21.0,0.0,,6,0,40000.0,8.19,4.549901,3.3659085455163646,3.8408885973438855,0.0,0,,24.510042505126265,
587,2.0,245.0,403.0,6.914999999999999,2.9730699059575163,16,2,40000.0,22.18,2.993486,2.884226430750027,2.910162401038986,245.0,0,0.37471802464350396,8.092930915274756,3.0325670861481013
588,2.0,129.0,370.0,9.17,3.3377066176925334,15,4,40000.0,35.81,3.3258374,3.2032480220872346,3.4317716980876356,129.0,0,0.33387287950387184,10.19696599358328,3.4044903984807093
591,1.0,468.0,648.0,37.54,5.225720372883356,10,3,20000.0,42.4,5.2090683,4.997244604498888,5.2357381846583975,468.0,1,0.14845763256580743,35.904841901789695,5.330347826389301
593,0.0,0.0,430.0,0.0,,4,3,40000.0,15.54,0.39883316,0.3134109575823853,0.49530012585492056,0.0,0,0.11267463372423693,24.510042505126265,2.7616600618305807
594,0.0,0.0,625.0,0.0,,4,0,40000.0,7.38,0.05958847,0.17931940830134707,0.19809292622376695,0.0,0,0.08448692905207998,24.510042505126265,2.0707782221940674
595,0.0,0.0,546.0,0.0,,5,4,60000.0,8.77,0.2506908,0.15868048378516145,0.2534142197942284,0.0,0,0.09401373854692159,24.510042505126265,2.304280727850876
597,7.0,162.0,225.0,18.83857142857143,32.20091426244535,39,4,40000.0,136.8,23.749598,25.633164224789514,27.100085052911663,162.0,2,1.7330166339558135,18.952501328209106,32.84500005685603
598,0.0,0.0,355.0,0.0,,3,0,20000.0,5.18,0.39182737,0.3755788827624087,0.6438400134784761,0.0,0,0.12927116732280483,24.510042505126265,3.168441805769236
601,0.0,0.0,410.0,0.0,,4,4,40000.0,17.78,0.42228448,0.31400175185315227,0.497681507466023,0.0,0,0.11666834925696346,24.510042505126265,2.8595461992910907
602,1.0,299.0,662.0,15.76,2.0211178923184434,7,3,60000.0,44.03,2.0016255,1.7879421153894353,1.7391569738881802,299.0,0,0.12229077213202787,16.8580621285657,2.0615854343519966
603,1.0,302.0,390.0,10.6,2.7372526838073687,10,1,40000.0,15.62,2.795285,2.8573125248847298,2.6659965564487065,302.0,0,0.2261537125881964,12.345601906810153,2.7920037053610325
604,1.0,582.0,685.0,6.94,1.3343979123375869,6,2,60000.0,11.32,1.3422567,1.308554062529108,1.2950154161208234,582.0,0,0.14883888500917847,9.144903377425404,1.3611172222126675
606,0.0,0.0,44.0,0.0,,7,4,80000.0,12.68,3.5216413,2.839681526952319,2.944800728737563,0.0,0,0.3334270386539515,24.510042505126265,8.17231088976673
612,1.0,22.0,520.0,8.42,0.734006610487042,6,3,120000.0,18.560000000000002,0.72660786,0.7408060077913232,0.7998776535968224,22.0,0,0.07171992216865622,10.439174913897926,0.7486968123297477
614,2.0,236.0,529.0,13.495000000000001,3.737690919241312,11,2,80000.0,32.31,3.7048774,3.6136634442814555,3.670072218746114,236.0,0,0.2678760549043938,14.232421298986548,3.8125248693097844
615,0.0,0.0,349.0,0.0,,4,4,60000.0,25.92,0.5072103,0.37002063735214624,0.6098372144076123,0.0,0,0.13081297746706372,24.510042505126265,3.206231637939856
617,2.0,537.0,636.0,17.115000000000002,4.881468654129083,9,3,20000.0,38.6,4.860076,4.834215217390789,4.703396908192635,537.0,1,0.28274899656008906,17.61007406327784,4.979230770740659
618,0.0,0.0,255.0,0.0,,4,0,40000.0,7.87,0.7743345,0.7268853232652047,0.6597830470548862,0.0,0,0.16088739073955746,24.510042505126265,3.943356785565411
619,3.0,501.0,624.0,14.840000000000002,5.9892227740575485,19,2,80000.0,55.39,6.0426474,6.0157055454342725,6.057871726518109,501.0,1,0.3997781257233814,15.28143618600613,6.109183916802989
621,2.0,24.0,404.0,8.6,1.4573316051741847,14,2,40000.0,21.12,1.6922474,1.6242533475457055,1.45729349803067,24.0,0,0.15379995701824625,9.665125641194873,1.4864959081917213
622,2.0,188.0,248.0,16.740000000000002,9.378521734215731,11,2,120000.0,51.66,9.37292,9.6332667859035,9.580400817630137,188.0,1,0.5542253111239284,17.260179094601256,9.566028128760106
624,1.0,244.0,484.0,33.84,5.372865570495466,7,3,20000.0,48.78,5.390952,5.551000237625208,5.331520465774523,244.0,1,0.16775396922591373,32.66916306060839,5.480381774705657
625,5.0,507.0,693.0,9.3,5.275415696047402,25,1,80000.0,56.24,5.4805417,5.466524424936334,5.247362468934331,507.0,1,0.5533642581014808,9.724350498514848,5.381107999129434
629,0.0,0.0,244.0,0.0,,4,4,20000.0,17.58,0.77463824,0.9752693233824143,0.8605892975986471,0.0,0,0.1653378624910729,24.510042505126265,4.0524380373629185
630,1.0,14.0,251.0,16.77,3.3916628749628734,8,4,80000.0,32.480000000000004,3.6168768,3.935565785105588,3.5749296993418143,14.0,0,0.19499325892961794,17.741315001428703,3.4594368298255023
632,0.0,0.0,236.0,0.0,,5,2,,16.38,,,,0.0,0,0.16873279900719396,24.510042505126265,4.135648075675251
633,1.0,7.0,28.0,21.15,14.802990142132497,6,2,40000.0,42.91,14.279979,13.42169706619486,13.870334602306855,7.0,2,0.6998805456006726,21.571659143151432,15.097584570620562
636,0.0,0.0,221.0,0.0,,5,1,100000.0,6.96,1.0514245,1.0591528489223254,0.8476929748592008,0.0,0,0.1754902049111795,24.510042505126265,4.301272381606328
638,1.0,34.0,651.0,13.38,0.7589158401977727,7,3,100000.0,20.5,0.8000912,0.7825204441446916,0.6285226015393981,34.0,0,0.05238713207405702,14.7767335766707,0.7741106935042009
639,0.0,0.0,281.0,0.0,,5,2,40000.0,47.4,0.96693015,1.283794755175389,1.0429766102215412,0.0,0,0.15126541136170366,24.510042505126265,3.707521662030766
644,2.0,249.0,281.0,15.115,8.078178730990995,13,4,100000.0,52.71,8.230941,8.365734945702036,8.571800534877315,249.0,1,0.52335777700903,15.74396756366939,8.239727865424285
645,4.0,255.0,426.0,9.9825,6.473332473615025,17,1,60000.0,47.64,6.8195653,6.449915116471375,6.4448137237365435,255.0,1,0.6297122670289643,10.485627246571047,6.602928104658931
647,5.0,306.0,644.0,11.166,4.504047961961495,24,5,40000.0,65.81,4.5090003,4.587286626506953,4.697894626323353,306.0,1,0.39817664529244323,11.538290286982775,4.594277718881184
649,0.0,0.0,326.0,0.0,,3,3,20000.0,6.14,0.4147191,0.6353359194336621,0.6726295700181897,0.0,0,0.13708092375903247,24.510042505126265,3.3598592679758585
652,2.0,401.0,660.0,16.419999999999998,4.160989134703781,10,3,40000.0,40.23,4.1866055,4.109818139607236,4.0639182174559565,401.0,1,0.25023147023283376,16.9616020546639,4.244326619642801
654,1.0,42.0,295.0,16.59,3.181398824826714,9,3,140000.0,23.84,3.1821659,3.250134807593449,3.3273763692571405,42.0,0,0.18454348030011844,17.583903598344207,3.244994767300216
655,0.0,0.0,115.0,0.0,,5,1,100000.0,14.76,2.2020328,2.3582602010443052,2.0070754722024873,0.0,0,0.24486844392596913,24.510042505126265,6.001735968789631
658,0.0,0.0,346.0,0.0,,5,3,140000.0,15.56,0.48591852,0.5099845781800919,0.6223086321726079,0.0,0,0.13159778014929982,24.510042505126265,3.2254671850396
662,0.0,0.0,115.0,0.0,,3,3,40000.0,12.42,2.1766925,2.415004644829032,2.002726807017936,0.0,0,0.24486844392596913,24.510042505126265,6.001735968789631
663,5.0,299.0,402.0,9.058,8.036566814896743,25,3,60000.0,58.489999999999995,8.034504,8.172407666409004,7.929910163079045,299.0,1,0.8638809814619501,9.489102144383423,8.197454873682647
664,0.0,0.0,47.0,0.0,,5,2,100000.0,13.64,3.5071201,3.05652258583207,3.001102157105584,0.0,0,0.32839867730364003,24.510042505126265,8.04906553933946
665,1.0,17.0,579.0,21.16,1.208541453139212,11,4,60000.0,25.86,1.3293282,1.2902309210821776,1.1093157057794212,17.0,0,0.057122825272020034,21.580404221100572,1.2327336596214915
669,1.0,141.0,336.0,9.87,2.4552112388929137,5,2,40000.0,26.159999999999997,3.0726583,2.570010712244725,2.2805547016749634,141.0,0,0.21391132170074645,11.707211216523032,2.5043050247562455
670,4.0,235.0,307.0,25.325,21.572617017267532,28,4,40000.0,145.25,21.56862,22.51877508323751,22.01515755875521,235.0,2,0.8698445041902971,25.296775865028543,22.004261459928827
673,0.0,0.0,485.0,0.0,,5,1,120000.0,7.85,0.3727022,0.2519530254769117,0.25301672996828195,0.0,0,0.10298180312961679,24.510042505126265,2.5240883719614526
676,1.0,349.0,545.0,8.78,1.7375195230475309,7,5,40000.0,22.43,1.7359084,1.8054477531750412,1.8317207295993505,349.0,0,0.16480353185157842,10.753997720066916,1.7722968057908497
680,5.0,148.0,229.0,7.169999999999999,9.288309770160673,23,3,20000.0,70.41,9.299213,10.061588845121952,9.619924638692012,148.0,1,1.2378306472118836,7.653776141903548,9.474078675347343
681,0.0,0.0,253.0,0.0,,4,4,80000.0,4.86,0.80941,0.748273699271951,0.600537574673095,0.0,0,0.16167861659459004,24.510042505126265,3.9627497649034145
682,1.0,143.0,517.0,2.31,0.6281810605507627,6,2,80000.0,12.91,0.61533755,0.6440110308126326,0.5965160533189033,143.0,0,0.12573816247699798,5.095932286974207,0.6407531618713428
683,1.0,91.0,189.0,11.7,4.37789138554562,8,1,80000.0,27.41,4.3516607,4.264810476499691,4.38445927777531,91.0,1,0.3355471877531524,13.307560481215404,4.465314495326816
689,0.0,0.0,201.0,0.0,,5,4,40000.0,10.04,1.0648413,1.2051799124754747,0.9852887281744849,0.0,0,0.1853922040526247,24.510042505126265,4.543970801448872
690,1.0,9.0,552.0,14.03,0.8774989824562538,10,5,,33.17,,,,9.0,0,0.058328668112410526,15.34516364336471,0.8950629572844485
697,2.0,177.0,458.0,17.875,5.144806613880073,14,2,60000.0,49.519999999999996,5.0953703,5.126607986338934,5.320256423884445,177.0,1,0.2864639086765473,18.319194533129046,5.247788069766184
698,0.0,0.0,316.0,0.0,,4,1,20000.0,26.59,0.50850457,0.7719448148122088,0.6512984590747601,0.0,0,0.13999781208601997,24.510042505126265,3.431352324853029
704,3.0,60.0,325.0,15.616666666666665,5.508630675946934,16,1,20000.0,48.22,5.685144,6.444048556605826,6.2798332987976035,60.0,1,0.35068169226079293,16.022648120085044,5.618849357250636
711,2.0,681.0,723.0,16.55,4.351323542222869,11,2,40000.0,56.68,4.3420243,4.664979127187934,4.449858594816447,681.0,1,0.2598203278269021,17.082898977138452,4.438484412473963
717,1.0,27.0,70.0,9.83,6.248902140943829,7,4,120000.0,40.55,6.2778006,6.25727129116379,6.543728665775307,27.0,1,0.5460328833367539,11.672230904726476,6.373421895880165
719,0.0,0.0,664.0,0.0,,3,0,60000.0,6.28,0.019014303,0.15727768100131082,0.19688670353666993,0.0,0,0.0804622251336661,24.510042505126265,1.972132558083195
724,1.0,22.0,312.0,16.45,2.662347908995649,5,2,60000.0,32.629999999999995,2.6713622,2.8348206883369373,2.671038259351815,22.0,0,0.15551808590968877,17.461472507056264,2.7155747814620446
726,0.0,0.0,551.0,0.0,,4,4,40000.0,17.47,0.2962627,0.16431844108524382,0.2816675911186337,0.0,0,0.09334748298050438,24.510042505126265,2.287950775598713
727,0.0,0.0,418.0,0.0,,6,3,40000.0,16.52,0.482438,0.3150655690909312,0.5154996269644077,0.0,0,0.11503732077376835,24.510042505126265,2.819569621840907
728,3.0,198.0,245.0,8.763333333333334,7.385423788149904,19,5,20000.0,31.46,6.195741,6.664349066599733,7.176446195584154,198.0,1,0.7944507863336783,9.482168564435893,7.53311627216458
729,0.0,0.0,393.0,0.0,,3,3,80000.0,3.19,0.46417284,0.3560889647934312,0.459039453384678,0.0,0,0.12029284586104075,24.510042505126265,2.948382765116711
731,0.0,0.0,79.0,0.0,,4,0,80000.0,33.84,2.9359186,2.735584473730552,2.810981748879087,0.0,0,0.28293745252749425,24.510042505126265,6.934808987741029
732,3.0,198.0,342.0,28.959999999999997,16.508466746230532,22,5,40000.0,107.58000000000001,16.504211,16.276737944991275,16.44968061069373,198.0,2,0.5855578246535924,28.756860017586774,16.83880439576598
733,0.0,0.0,259.0,0.0,,6,0,40000.0,18.74,0.63437194,0.7318677166737839,0.6299181013516515,0.0,0,0.15932799961681487,24.510042505126265,3.9051360428648736
734,1.0,407.0,444.0,20.7,4.442496318208628,9,3,40000.0,25.419999999999998,4.4225197,4.214847791968618,4.309339813389742,407.0,1,0.2139650474866444,21.178130635440194,4.53137972709032
736,0.0,0.0,375.0,0.0,,1,1,120000.0,11.43,0.4989811,0.3661103487535673,0.5108224558613719,0.0,0,0.1243847433376828,24.510042505126265,3.0486753461958265
739,5.0,318.0,376.0,11.154,10.581053761615683,25,4,60000.0,69.50999999999999,10.568367,10.622363889548087,10.538329959557945,318.0,1,0.9363415973824931,11.526625079339894,10.792858539218223
740,0.0,0.0,591.0,0.0,,4,5,140000.0,1.74,0.06580507,0.16791690570020112,0.19881764736389052,0.0,0,0.0883394137612674,24.510042505126265,2.1652027861666
741,1.0,244.0,524.0,21.89,3.3184412081168455,10,2,40000.0,32.77,3.3196785,3.3701115289855945,3.4877054621232886,244.0,0,0.15234203886025666,22.218794911387693,3.384856517818697
742,0.0,0.0,39.0,0.0,,2,4,80000.0,4.84,4.6371746,3.0733931246530806,3.746567233764477,0.0,0,0.34216157930962604,24.510042505126265,8.386394852500066
745,2.0,302.0,699.0,14.915000000000001,3.1095823135303657,10,5,40000.0,31.430000000000003,3.0553055,2.9416996544367304,3.238777903701959,302.0,0,0.20388212966206365,15.557356913708546,3.171867059479728
746,1.0,511.0,678.0,8.86,1.537432596080424,6,0,80000.0,19.9,1.5352641,1.577825081421924,1.5483463256051024,511.0,0,0.14488385827945457,10.823958343660026,1.568216846685559
747,0.0,0.0,340.0,0.0,,2,4,80000.0,11.64,0.60187405,0.6064557197526622,0.5696343442274383,0.0,0,0.13319602735016278,24.510042505126265,3.26464029186645
749,2.0,126.0,276.0,14.254999999999999,6.785816785251765,12,2,40000.0,57.81,7.0164714,7.743130012554901,6.756724223815549,126.0,1,0.4632397527712017,14.941541768837757,6.921516115016987
750,1.0,275.0,355.0,11.57,3.134204782271647,7,3,40000.0,28.45,3.1848357,3.295394769934285,3.0654993685299536,275.0,0,0.24230055384569055,13.193874467876604,3.1968830909370167
751,1.0,312.0,650.0,2.94,0.7059380437371574,9,3,60000.0,15.79,0.7259511,0.7158722878569987,0.5900344617200286,312.0,0,0.1275169907636333,5.646872197769943,0.7200721498864474
753,6.0,681.0,723.0,15.69,10.525637722191734,29,1,100000.0,101.42,10.53388,10.453042869500196,10.359536985596408,681.0,1,0.6754229035475533,15.896019274715535,10.73653549337624
754,1.0,327.0,512.0,12.33,2.35432101898758,9,3,40000.0,49.0,2.3465557,2.812510402229284,2.2506450999975582,327.0,0,0.17328269896121007,13.858500392011141,2.4014383514826783
755,1.0,300.0,374.0,8.38,2.3999939258222454,7,3,40000.0,31.980000000000004,2.3901293,2.6636931215389668,2.4183716549177663,300.0,0,0.23528921348450138,10.404194602101372,2.4479947648681266
757,1.0,10.0,619.0,9.67,0.5386638726241476,9,4,20000.0,18.75,0.5430209,0.4875718467456555,0.5646347297252152,10.0,0,0.047644224762854154,11.532309657540257,0.5494479533586816
758,0.0,0.0,200.0,0.0,,5,4,80000.0,22.74,1.2351673,1.2463358453550246,0.9738866214518813,0.0,0,0.1859168086516661,24.510042505126265,4.5568288824697625
759,1.0,242.0,278.0,13.86,4.388978633517241,10,0,20000.0,27.15,4.3590055,4.214440534343828,4.284790081782386,242.0,1,0.29458776270498305,15.196497318229355,4.47670214592946
760,7.0,678.0,724.0,12.381428571428572,9.611976527812958,35,0,,91.46,,,,678.0,1,0.776595445567313,12.625071137803028,9.804572745581165
766,2.0,328.0,365.0,23.315,10.049222349403207,11,4,40000.0,51.27,10.051632,10.020534291821056,9.794443715339856,328.0,1,0.43814016211244855,23.395004212064023,10.250290938095148
767,7.0,219.0,365.0,13.501428571428573,14.668778070390331,32,2,20000.0,97.16,14.669852,14.55350272788161,14.488645716094206,219.0,2,1.0903510825376344,13.722572303572578,14.96242156640132
769,8.0,680.0,719.0,14.66,12.878160968433983,36,4,40000.0,129.86,12.126504,12.171280533978909,12.114372854763374,680.0,1,0.8855725939584848,14.833572152397755,13.136204968669224
770,8.0,458.0,621.0,14.615,13.16521739632365,39,3,20000.0,130.47,13.17674,12.773533724403583,13.265373209135696,458.0,1,0.9080151233732509,14.789365118200068,13.428967192414488
771,2.0,452.0,542.0,20.634999999999998,6.570639501814496,16,3,60000.0,51.709999999999994,6.5441384,6.516174411569894,6.520006622208693,452.0,1,0.3207649627943129,20.894421502588703,6.702198335886556
774,1.0,412.0,658.0,19.33,2.736284817442952,6,1,40000.0,22.959999999999997,2.7460878,2.653840028678292,2.741142767163759,412.0,0,0.13969286537887937,19.980054956408196,2.791071127288142
779,2.0,445.0,459.0,6.49,2.8262174647792015,13,2,120000.0,20.09,2.9882908,2.617647951560639,2.984571365437157,445.0,0,0.3745641027279928,7.696383284107962,2.8827888990626214
780,8.0,604.0,715.0,11.385,9.857421973446005,37,5,120000.0,112.95,9.855165,9.659393404280358,10.122982618322592,604.0,1,0.8655899346350885,11.6162824413439,10.054937159105593
781,0.0,0.0,539.0,0.0,,5,2,60000.0,7.3,0.1998068,0.1445961152992164,0.27437235068438426,0.0,0,0.09496265039374611,24.510042505126265,2.327538597550163
782,2.0,518.0,617.0,25.794999999999998,7.296065129785525,13,5,60000.0,63.8,7.2757792,7.275137012497459,7.09939335910568,518.0,1,0.28947781147312834,25.708976271578496,7.44217818631113
783,0.0,0.0,206.0,0.0,,2,1,40000.0,3.95,1.0731381,1.0779659762924738,1.0183903800442096,0.0,0,0.18281309925338507,24.510042505126265,4.480756833194334
786,0.0,0.0,84.0,0.0,,4,0,40000.0,19.33,2.6879747,2.5051490199525537,2.4803444141943314,0.0,0,0.2769531942645993,24.510042505126265,6.78813456335582
788,0.0,0.0,35.0,0.0,,4,5,100000.0,13.73,4.5746403,3.0310678473774164,3.7474342899351787,0.0,0,,24.510042505126265,
789,9.0,221.0,351.0,9.206666666666667,12.842589970088067,36,4,60000.0,86.25999999999999,12.426888,12.636884132087095,12.475397100185214,221.0,1,1.3866724237149506,9.446841679433282,13.099674848071164
790,2.0,359.0,677.0,15.555,3.6751628588096104,12,2,40000.0,48.44,3.6045403,3.6440888405426315,3.671656859296336,359.0,0,0.23205733624372596,16.154510993583248,3.748772789490915
792,0.0,0.0,483.0,0.0,,2,3,60000.0,3.44,0.39887407,0.25454427156842296,0.25419055511462485,0.0,0,0.10330492829005611,24.510042505126265,2.532008183378296
796,2.0,6.0,232.0,7.375,2.806580531509262,16,4,40000.0,29.79,2.8286874,2.9398407995090357,2.7214023721499996,6.0,0,0.3359117400531638,8.522135410184699,2.8626853346038255
799,0.0,0.0,158.0,0.0,,3,2,40000.0,8.09,1.8120975,1.7250698497111443,1.6331024308600242,0.0,0,0.21100437536176123,24.510042505126265,5.171726208884385
803,1.0,143.0,207.0,9.39,3.754708692478814,7,2,20000.0,16.15,3.74104,3.7035245201692324,3.82795484936382,143.0,0,0.33928869922359234,11.287447474964377,3.8297033713352855
804,0.0,0.0,46.0,0.0,,5,2,140000.0,4.44,3.4915593,3.0389036428612566,2.9732376159142926,0.0,0,0.3300577352854833,24.510042505126265,8.089729120992908
806,2.0,358.0,646.0,20.49,5.0114478735936565,14,2,40000.0,52.31999999999999,5.0227275,4.968872118418511,5.0304441584917035,358.0,1,0.2462442178898722,20.75912878136709,5.111815430842874
808,0.0,0.0,211.0,0.0,,5,1,80000.0,15.15,1.0297499,1.0591528489223254,0.917706406058632,0.0,0,0.18030496991893746,24.510042505126265,4.41928247659867
810,0.0,0.0,39.0,0.0,,3,3,60000.0,13.97,4.5936546,3.1699375073915523,3.8638996079401227,0.0,0,0.34216157930962604,24.510042505126265,8.386394852500066
815,3.0,121.0,280.0,15.913333333333334,9.914966042374534,17,3,40000.0,55.75,9.873576,9.745058672991897,9.89722891866177,121.0,1,0.620227849344465,16.3057719919006,10.11329389443772
816,0.0,0.0,308.0,0.0,,5,4,20000.0,16.81,0.4730414,0.6592750397791044,0.6940022064299525,0.0,0,0.14242242142507588,24.510042505126265,3.4907796028116156
817,4.0,611.0,671.0,14.735,7.333142070918532,20,2,40000.0,79.8,7.3244376,7.295061039155047,7.449317378345747,611.0,1,0.49623708459366983,15.073535593269384,7.4800473573229125
818,0.0,0.0,226.0,0.0,,4,2,20000.0,8.3,0.82274073,1.0753133145780585,0.9003965585014679,0.0,0,0.17317823224233675,24.510042505126265,4.244605833222302
819,3.0,286.0,668.0,14.790000000000001,4.130509993782681,18,2,40000.0,61.510000000000005,4.157275,4.273721236837231,4.211672477877794,286.0,1,0.27657395285047,15.233718679520363,4.213249791806989
820,1.0,1.0,351.0,19.2,2.2385440906985608,10,5,60000.0,23.939999999999998,2.2336428,2.180637003095461,2.4796735214742673,1.0,0,0.11493342054630423,19.866368943069396,2.2833097364618324
822,1.0,33.0,205.0,19.34,5.191382837362899,7,2,20000.0,27.32,5.1935763,5.172287927358218,5.281322183922036,33.0,1,0.26490187265036064,19.988800034357336,5.295070561134851
823,3.0,502.0,623.0,13.403333333333334,5.463537907046647,16,3,40000.0,46.019999999999996,5.4615574,5.440628649413472,5.5028462776862845,502.0,1,0.40063465909528123,13.910353166315087,5.572969598681611
824,0.0,0.0,232.0,0.0,,4,3,40000.0,19.38,0.8493762,1.0413827387899712,0.9001454593165299,0.0,0,0.170483229287286,24.510042505126265,4.178551196242567
826,0.0,0.0,80.0,0.0,,5,3,40000.0,11.16,2.780261,2.447622245721759,2.455557480118835,0.0,0,0.28171988021022193,24.510042505126265,6.904966238491619
827,1.0,421.0,620.0,3.31,0.8837771695923606,9,0,60000.0,19.58,0.88704526,0.8348450199097712,0.8867448485700233,421.0,0,0.1509889514146551,5.970440081888073,0.9014704874483077
828,0.0,0.0,167.0,0.0,,5,1,60000.0,6.08,1.4376848,1.620178648699576,1.3842314677191245,0.0,0,0.20507253709330114,24.510042505126265,5.026336600790893
831,1.0,2.0,335.0,18.79,2.3703057439232964,10,2,20000.0,27.79,3.0496545,2.997452346954671,2.5338731134763894,2.0,0,0.12393498489482055,19.50782074715471,2.417701469629486
834,1.0,419.0,472.0,26.99,5.301411038448579,10,2,40000.0,52.239999999999995,5.2969522,5.200948527641265,5.294601677882369,419.0,1,0.20268884871307633,26.678784665448408,5.407492148903813
837,1.0,25.0,530.0,5.45,0.5452735567839526,7,4,20000.0,27.88,0.53762305,0.5542031804733187,0.6259271452649413,25.0,0,0.07092513786862385,7.841886763003745,0.5561868998161771
838,5.0,163.0,274.0,13.556000000000001,14.42776648831552,23,4,60000.0,81.24000000000001,14.421805,14.133660019964594,14.259405872135702,163.0,2,1.0616672285036992,13.86161080918982,14.716417930389476
839,0.0,0.0,680.0,0.0,,5,3,20000.0,7.14,0.20404309,0.15814581502061087,0.2025861993226581,0.0,0,0.07891993507743122,24.510042505126265,1.9343309632496446
841,0.0,0.0,410.0,0.0,,2,1,120000.0,1.43,0.4524141,0.32282810619432,0.48402333096695216,0.0,0,0.11666834925696346,24.510042505126265,2.8595461992910907
843,4.0,219.0,343.0,21.7975,16.431159657764013,21,0,20000.0,104.89,16.453268,16.236428870602577,16.499012832375804,219.0,2,0.7655956160131474,21.891442526158816,16.75999242623097
847,1.0,10.0,444.0,21.38,1.8236617856315012,7,4,60000.0,37.36,1.8531051,1.9492223329833664,1.8257939831301506,10.0,0,0.08543453819690563,21.772795935981623,1.8601487660460538
850,8.0,299.0,349.0,11.2925,17.181514222978656,39,2,100000.0,103.41,17.791786,17.318116056948785,17.808318610788568,299.0,2,1.5205915452309442,11.52541242660421,17.525444691194025
852,0.0,0.0,147.0,0.0,,6,2,40000.0,5.63,1.8083558,1.7847632240174567,1.7587102950904896,0.0,0,0.2187394252674997,24.510042505126265,5.361312610853308
856,0.0,0.0,561.0,0.0,,5,5,40000.0,10.31,0.26012802,0.16311403599244909,0.21851450778042913,0.0,0,0.09204292993256882,24.510042505126265,2.2559761249436203
857,0.0,0.0,538.0,0.0,,6,4,40000.0,36.62,0.49765417,0.1895282221370335,0.27223503844654573,0.0,0,0.095099776641943,24.510042505126265,2.3308995677220365
863,2.0,31.0,58.0,13.425,14.868810707578582,10,5,80000.0,29.98,13.762947,12.747167787389207,12.915155503309919,31.0,2,1.0704566907449853,14.167107571500253,15.165275088416386
864,2.0,427.0,723.0,4.955,1.405467754062204,11,3,100000.0,26.3,1.4128839,1.3543109170361962,1.2472547722813516,427.0,0,0.22886126775629909,6.264146545658479,1.433620519850641
866,1.0,5.0,85.0,11.79,6.104628936121107,4,4,20000.0,14.669999999999998,6.1056466,5.70550922680965,5.96121445164619,5.0,1,0.46512735005504485,13.386266182757652,6.2263185167175275
867,0.0,0.0,322.0,0.0,,2,0,60000.0,8.01,0.5854341,0.5968084149663733,0.6665621920835862,0.0,0,0.13823294414694892,24.510042505126265,3.388095336650463
868,0.0,0.0,639.0,0.0,,5,5,40000.0,6.6,0.16677816,0.1800123846560672,0.18953446635114268,0.0,0,0.0829966228869634,24.510042505126265,2.034250754741408
869,0.0,0.0,237.0,0.0,,12,2,100000.0,22.68,0.6708568,1.058589935654401,0.9986621848397839,0.0,0,0.16830080766069835,24.510042505126265,4.1250599494107965
870,1.0,147.0,617.0,17.61,1.7784485573747122,9,3,20000.0,26.77,1.749108,1.7893176169886376,1.7541581280107996,147.0,0,0.0981848160969107,18.47590154915635,1.8140529958285438
872,0.0,0.0,198.0,0.0,,2,3,40000.0,7.28,1.0772332,1.1883309448639279,0.9969167789846818,0.0,0,0.18697500259786995,24.510042505126265,4.582765261069886
873,1.0,18.0,671.0,16.12,0.7365131052353753,9,4,40000.0,26.01,0.7743852,0.76769443722211,0.5947242857525055,18.0,0,0.043746881738776076,17.172884934734693,0.751260166353448
874,0.0,0.0,605.0,0.0,,5,1,40000.0,3.06,0.18720376,0.1568252190573999,0.20156346724148744,0.0,0,0.08671129870920573,24.510042505126265,2.1252976170373326
875,4.0,109.0,272.0,12.2025,9.318660866265768,21,4,40000.0,55.25,9.342265,9.296129352669247,9.128443761151093,109.0,1,0.7526542454291185,12.628742770962486,9.505076860997205
876,0.0,0.0,80.0,0.0,,4,5,40000.0,9.44,2.8204744,2.422167507267105,2.429527776380044,0.0,0,0.28171988021022193,24.510042505126265,6.904966238491619
878,8.0,558.0,708.0,15.383750000000001,12.90598254994794,29,0,20000.0,138.29,13.040528,12.420993083459967,12.344334676683701,558.0,1,0.846892555617745,15.544568619077214,13.164579443785703
879,0.0,0.0,665.0,0.0,,5,5,120000.0,15.18,0.047976784,0.16268630982234092,0.20293635823542377,0.0,0,0.08036406693463431,24.510042505126265,1.9697266964526992
880,1.0,487.0,693.0,8.1,1.3852476047576088,6,1,60000.0,23.560000000000002,1.4029436,1.390018795611077,1.38604171800106,487.0,0,0.1390825277305207,10.159332419525489,1.412985632962232
886,0.0,0.0,22.0,0.0,,3,4,80000.0,9.36,4.6266847,3.0733931246530806,3.746567233764477,0.0,0,,24.510042505126265,
887,1.0,85.0,612.0,6.09,0.6469490275714782,7,5,140000.0,12.89,0.6539372,0.653762942924452,0.6063877406602636,85.0,0,0.07854491344039052,8.40157175174862,0.6599007260043255
893,3.0,630.0,662.0,17.319999999999997,6.806584507939743,20,3,80000.0,87.38,6.8420763,7.138474797265034,7.2090363051108515,630.0,1,0.39340660552393525,17.648224507700178,6.94292809709865
895,0.0,0.0,110.0,0.0,,7,5,60000.0,14.82,2.6061509,2.168080598321671,2.171699173964025,0.0,0,0.2495285581256958,24.510042505126265,6.115955565903674
896,6.0,179.0,356.0,12.096666666666666,10.428743138155406,31,5,60000.0,87.32000000000001,10.4225,10.44321974942868,10.512584326287097,179.0,1,0.8587889527940754,12.38661931548037,10.637491830600254
897,0.0,0.0,353.0,0.0,,4,1,140000.0,12.98,0.5508291,0.3642127683862242,0.5790441317546406,0.0,0,0.1297810432512316,24.510042505126265,3.1809388864473167
898,1.0,159.0,180.0,10.37,4.582455224242751,9,0,60000.0,34.13,4.877372,4.182892683252132,4.5506213333270935,159.0,1,0.3848627984949182,12.144465113979962,4.673952829990234
900,1.0,19.0,462.0,4.76,0.6071638539809521,8,1,20000.0,15.25,0.5910157,0.699178277606058,0.6261290834685971,19.0,0,0.08555842982155468,7.238476384513178,0.6193126737593516
901,0.0,0.0,594.0,0.0,,4,2,20000.0,11.84,0.13854451,0.15330074265018845,0.2134235663056252,0.0,0,0.08798540148985995,24.510042505126265,2.156525930347067
904,0.0,0.0,46.0,0.0,,5,4,60000.0,26.94,3.3116832,3.9647401089046936,3.0146568608081856,0.0,0,0.3300577352854833,24.510042505126265,8.089729120992908
905,5.0,231.0,557.0,22.854,8.52880362702956,24,4,60000.0,119.69,8.542516,8.516416438992037,8.768984671600306,231.0,1,0.3798930829632012,22.900202531148434,8.699628540039681
906,3.0,92.0,330.0,12.13,5.40456745105849,16,1,60000.0,42.44,5.7692494,5.563408377801442,5.64045489326953,92.0,1,0.43423733749458854,12.69514733447755,5.512706977625054
907,1.0,56.0,606.0,17.19,1.2189301429453334,8,3,100000.0,46.980000000000004,1.2187679,1.099259807964441,0.9630436121249462,56.0,0,0.068659737235899,18.10860827529253,1.2433322858894111
908,0.0,0.0,199.0,0.0,,4,4,40000.0,18.48,0.972996,1.1997205674395492,0.977531186131011,0.0,0,0.18644439961941636,24.510042505126265,4.569760159514642
909,0.0,0.0,289.0,0.0,,5,1,60000.0,12.34,0.62111807,0.6610967619321275,0.5851060082185224,0.0,0,0.14853262177562437,24.510042505126265,3.6405408731183964
910,0.0,0.0,501.0,0.0,,6,0,40000.0,22.67,0.22717208,0.2599615414745949,0.2412134594414539,0.0,0,0.10046786790551798,24.510042505126265,2.462471712763657
911,4.0,247.0,306.0,11.08,9.968021791860247,23,2,40000.0,56.370000000000005,9.342466,9.574600313742062,9.759725241969889,247.0,1,0.8806726722325466,11.545117916850147,10.16746984707227
913,0.0,0.0,41.0,0.0,,4,2,80000.0,4.05,4.6430573,3.05652258583207,3.8393492903201727,0.0,0,0.3386129977436437,24.510042505126265,8.29941896748493
916,2.0,261.0,627.0,15.825,3.5621423841055098,10,3,140000.0,38.56,3.022057,3.180838409714505,3.5824257595789706,261.0,0,0.22146679012324286,16.406435371030387,3.6334805789865348
917,0.0,0.0,483.0,0.0,,6,2,140000.0,20.15,0.47080296,0.2539650840925883,0.23885850916297358,0.0,0,0.10330492829005611,24.510042505126265,2.532008183378296
918,0.0,0.0,178.0,0.0,,5,0,120000.0,6.96,1.4151208,1.4086138109175508,1.2759543382482237,0.0,0,0.19826183774726117,24.510042505126265,4.859406070329818
919,2.0,308.0,339.0,14.285,6.78647028224342,13,5,120000.0,56.04,6.7513366,6.605926307684352,7.121454583234958,308.0,1,0.4624217272899989,14.969533366331884,6.922237475984462
921,6.0,287.0,606.0,20.076666666666668,8.471558909392634,35,5,80000.0,127.9,8.474946,8.928934564278055,8.757109747810155,287.0,1,0.4282045618668324,20.18022182235327,8.641263043816274
922,0.0,0.0,289.0,0.0,,4,4,60000.0,25.27,0.69087964,0.598130389239545,0.5571853629389585,0.0,0,0.14853262177562437,24.510042505126265,3.6405408731183964
924,10.0,635.0,688.0,16.723000000000003,18.599663887157575,55,5,40000.0,170.59,18.59349,18.208504740262963,18.544019797518004,635.0,2,1.1270812624726088,16.833163509005374,18.972343179137624
925,0.0,0.0,181.0,0.0,,4,1,20000.0,5.93,1.0815464,1.4377290893303272,1.2317280293368489,0.0,0,0.19648243692197553,24.510042505126265,4.81579288046841
927,3.0,341.0,682.0,9.973333333333333,3.167665448033004,19,3,20000.0,44.14,3.1717799,3.3294630163160166,3.087454245114441,341.0,0,0.30376426612002727,10.636932221391458,3.231119909999448
930,2.0,530.0,613.0,8.01,2.6159470235483604,11,2,60000.0,23.85,2.644463,2.6675633870163105,2.6178916300862003,530.0,0,0.29275306739291357,9.114624223810381,2.668334199654243
933,1.0,28.0,179.0,11.4,3.777356691429926,8,2,20000.0,23.86,3.7242844,3.6265401011960012,3.7808332779575498,28.0,0,0.2953404741204558,13.045208142741245,3.8527779578772297
934,0.0,0.0,666.0,0.0,,3,0,60000.0,11.72,0.018362977,0.15727768100131082,0.2168733819044082,0.0,0,0.080266148098128,24.510042505126265,1.967326701607877
937,1.0,133.0,426.0,2.1,0.7636979590137358,9,4,20000.0,9.95,0.7428702,0.6900145580296929,0.7782379868636449,133.0,0,0.1585771765171635,4.912285650042296,0.7789763886294864
938,0.0,0.0,47.0,0.0,,4,4,20000.0,11.46,3.4503806,3.402660684190868,2.991741688115881,0.0,0,0.32839867730364003,24.510042505126265,8.04906553933946
941,1.0,162.0,680.0,3.02,0.4952760719578662,9,1,40000.0,32.54,0.4931175,0.5611643073645933,0.4980523567689161,162.0,0,0.08836940410008927,5.716832821363052,0.505193109763685
943,2.0,112.0,173.0,13.53,9.419935534726154,13,2,60000.0,28.65,8.233143,9.170007684342886,9.09296100963552,112.0,1,0.6735420840758165,14.265078162729695,9.608130475229379
944,0.0,0.0,316.0,0.0,,5,3,20000.0,13.73,0.50643426,0.6651856798941761,0.643929413492466,0.0,0,0.13999781208601997,24.510042505126265,3.431352324853029
948,0.0,0.0,155.0,0.0,,6,5,20000.0,6.88,1.6786971,1.695728723307528,1.6812253450481007,0.0,0,0.213058947240914,24.510042505126265,5.222083852972257
950,3.0,260.0,291.0,19.95,14.23776340609783,18,4,40000.0,72.47,14.207574,14.330708983869718,14.318848705484204,260.0,2,0.7204316375308205,20.158165348851533,14.522580071890154
952,0.0,0.0,119.0,0.0,,6,2,60000.0,10.51,2.17771,2.1240384205285507,2.032892237797159,0.0,0,0.24126439592067722,24.510042505126265,5.91340059898941
955,1.0,29.0,122.0,17.78,7.33495453150125,9,3,20000.0,29.04,7.352136,7.419517544199312,7.102574524193897,29.0,1,0.4016888093742143,18.62456787429171,7.481280494533478
958,0.0,0.0,73.0,0.0,,4,4,40000.0,9.51,2.8334482,2.4644927845427693,2.8593864895834074,0.0,0,0.29047119091616214,24.510042505126265,7.11946123586978
959,0.0,0.0,134.0,0.0,,5,0,20000.0,25.87,1.7145873,1.838061538317361,1.7547756847101432,0.0,0,0.22864838077945207,24.510042505126265,5.6041815316326655
962,0.0,0.0,625.0,0.0,,3,2,20000.0,13.34,0.0895621,0.17516830792886706,0.1843479825943053,0.0,0,0.08448692905207998,24.510042505126265,2.0707782221940674
965,2.0,88.0,354.0,19.200000000000003,5.856919841975083,11,2,80000.0,49.83,5.865486,5.816221991410863,6.176168860698119,88.0,1,0.305494799172803,19.555490089119647,5.974100517501346
967,1.0,502.0,602.0,15.37,2.6652911127510177,9,1,40000.0,23.83,2.9085617,2.70084500143456,2.759751817688975,502.0,0,0.16459690692386716,16.517004088549292,2.718647784624081
968,0.0,0.0,422.0,0.0,,2,1,40000.0,11.68,0.4674908,0.3121217601846174,0.5182877764764404,0.0,0,0.11423881107568229,24.510042505126265,2.799998115200062
970,0.0,0.0,652.0,0.0,,4,1,20000.0,2.03,0.097988166,0.162585820538105,0.21339435784512784,0.0,0,0.08165911824664643,24.510042505126265,2.0014684591564356
971,0.0,0.0,168.0,0.0,,6,3,60000.0,23.94,1.5695424,1.6416539842194895,1.4011311623120148,0.0,0,0.2044340391409658,24.510042505126265,5.010686988839718
972,3.0,303.0,334.0,23.063333333333333,14.902329312779049,17,4,100000.0,91.87,14.904996,14.990792254329373,14.99007229991113,303.0,2,0.6571952302168949,23.129375419365303,15.20051520350277
974,0.0,0.0,9.0,0.0,,5,4,60000.0,23.22,4.4116836,3.2037920497662378,3.7925489380942787,0.0,0,,24.510042505126265,
975,2.0,530.0,593.0,3.9749999999999996,1.5870783738879597,12,0,140000.0,32.43,1.7169523,1.7659738805609353,1.7752771432847112,530.0,0,0.3026044967326728,5.349754360850339,1.6188597260085384
976,13.0,637.0,707.0,12.663846153846153,17.5934355399013,53,5,80000.0,175.34,17.609453,18.245771306841643,17.278621788834123,637.0,2,1.4027763114014458,12.793182607996773,17.94597350993084
978,1.0,226.0,252.0,9.51,3.5274277727222514,10,3,140000.0,25.42,3.4891014,3.6977759498268603,3.4867057168104942,226.0,0,0.31581747154350986,11.392388410354041,3.5979153025995987
979,0.0,0.0,109.0,0.0,,4,0,140000.0,10.63,2.5957537,2.1660773823844046,2.1580846425750977,0.0,0,0.2504820518364856,24.510042505126265,6.139325737283502
981,0.0,0.0,392.0,0.0,,5,0,60000.0,29.64,0.6364155,0.3058976705881207,0.5479783313265907,0.0,0,0.12051308759359797,24.510042505126265,2.9537808993430907
983,2.0,241.0,381.0,13.354999999999999,5.465033458042187,12,2,40000.0,32.82,5.4305124,5.640637011956036,5.324453771017192,241.0,1,0.39529642081856475,14.101793844013955,5.574388633659986
985,2.0,561.0,605.0,20.95,6.226448266602187,13,2,20000.0,74.66,6.226839,6.554987015647719,6.703646530932342,561.0,1,0.29974689696636697,21.188333276277035,6.3511371514532575
988,0.0,0.0,65.0,0.0,,2,2,80000.0,3.95,2.9089253,2.1382362860374644,2.8836554024165775,0.0,0,0.30116750118798463,24.510042505126265,7.381628255280168
991,0.0,0.0,652.0,0.0,,5,1,80000.0,6.13,0.040991813,0.1708126093872841,0.18901680517060981,0.0,0,0.08165911824664643,24.510042505126265,2.0014684591564356
992,1.0,93.0,370.0,3.7,1.0452801688088642,9,3,40000.0,10.42,1.0335573,1.0332907463919028,1.0523900798746482,93.0,0,0.1689275174474527,6.311498121904481,1.0661857091075841
993,1.0,267.0,480.0,6.39,1.4833981223015535,6,3,80000.0,21.509999999999998,1.5448548,1.5374054268561044,1.440335565716123,267.0,0,0.17464163438998734,8.663924090222778,1.5130818633472902
994,4.0,350.0,511.0,21.07,11.92933116970086,19,5,40000.0,100.0,11.926275,11.851400128696001,11.85330146823691,350.0,1,0.5742669816897973,21.18913777661162,12.168222195584017
995,4.0,421.0,557.0,13.225000000000001,7.385907021043675,21,0,40000.0,66.26,7.3286157,7.422204927500778,7.358984255403976,421.0,1,0.5533141636138706,13.615830889741876,7.53383208066543
996,0.0,0.0,185.0,0.0,,4,2,100000.0,5.75,1.1996598,1.438903028315717,1.1899206563663611,0.0,0,0.1941591577482881,24.510042505126265,4.758849209170057
997,5.0,364.0,704.0,6.43,2.7757212894814844,24,4,140000.0,47.72,2.7846377,2.8916967337452006,2.9000791283191036,364.0,0,0.4083013303523603,6.934421670592582,2.831333593327188
1002,1.0,232.0,282.0,14.46,4.444421270682193,7,2,80000.0,33.04,5.05191,4.6571954280696675,4.649701735047372,232.0,1,0.28835300459649776,15.721201995177676,4.5332558311779385
1003,7.0,401.0,533.0,10.747142857142858,10.07888005375943,32,3,40000.0,81.87,10.153091,9.976093868429379,9.77350022700451,401.0,1,0.9326118279602779,11.023615355098482,10.280754067049383
1004,7.0,522.0,548.0,11.179999999999998,10.952300500667956,36,3,40000.0,91.24,10.946231,11.065367429572841,11.088912809039506,522.0,1,0.9758817501856205,11.447777157685435,11.17167680837703
1005,5.0,489.0,700.0,10.928,5.949241224231721,25,2,20000.0,62.47,5.9610324,5.86148723402878,5.9691663654942895,489.0,1,0.536700485866122,11.306930335398977,6.068435004663025
1013,6.0,313.0,354.0,12.848333333333334,14.952209727316998,26,2,20000.0,81.27,14.981359,15.128696983099182,14.413798960063957,313.0,2,1.162397380710558,13.120728490626501,15.25150043051864
1014,3.0,232.0,256.0,11.156666666666666,9.0517985344413,13,2,20000.0,43.06,9.049768,9.433181726949659,8.691491530624404,232.0,1,0.784687791762527,11.766246541554615,9.23283001602596
1015,0.0,0.0,452.0,0.0,,4,4,80000.0,10.76,0.3732086,0.2881258425405791,0.36689989029176395,0.0,0,0.1085862433793727,24.510042505126265,2.6614534407004102
1017,1.0,16.0,240.0,8.31,2.104915584404335,7,4,40000.0,19.71,2.1558547,2.2391787089263095,2.114867472264975,16.0,0,0.2075777869893752,10.342979056457402,2.1469727034168837
1022,3.0,31.0,301.0,11.780000000000001,3.6309908599685095,16,3,20000.0,48.31,6.7853775,5.591331110170393,4.533404749409045,31.0,0,0.2996192444865442,12.361124789077179,3.7036308703071974
1023,1.0,210.0,695.0,20.66,2.0110719339887613,9,1,60000.0,40.61,1.9982402,2.1295061304062988,1.979301905318147,210.0,0,0.09702156729577681,21.14315032364364,2.0513415819701164
1024,2.0,349.0,381.0,14.26,6.243920265035092,13,0,60000.0,52.71,6.8178234,6.627226327554808,6.6675809352176225,349.0,1,0.42611887619407185,14.946207035086779,6.368860945155109
1025,2.0,297.0,333.0,22.615,10.409793356160375,15,2,20000.0,60.28,10.386597,10.463729954429963,10.323912544697132,297.0,1,0.4668939481325882,22.741866937201067,10.618040042215778
1026,1.0,56.0,245.0,6.14,1.990137928508191,7,1,20000.0,29.060000000000002,1.9532368,1.8432294741506223,2.080116366732928,56.0,0,0.24035905640265057,8.445297141494311,2.029903651969575
1031,0.0,0.0,94.0,0.0,,4,2,60000.0,17.73,2.6137269,2.3216315279319817,2.2958076733864394,0.0,0,0.26571711375333995,24.510042505126265,6.512737752433833
1032,0.0,0.0,183.0,0.0,,4,2,60000.0,3.6,1.2177051,1.4373058069422893,1.2098411087026966,0.0,0,0.19531386613709673,24.510042505126265,4.787151160860782
1035,3.0,461.0,496.0,5.3500000000000005,3.009525338408713,14,0,120000.0,33.25,3.0199475,3.256214385016439,3.1652941739102998,461.0,0,0.4931654675812815,6.224653455007521,3.0697841316702235
1036,2.0,474.0,575.0,8.33,2.8171115124102304,10,3,80000.0,21.36,2.8413718,2.858618636228619,2.7864634107222,474.0,0,0.30526508217763715,9.413201263747732,2.8735216573325895
1037,0.0,0.0,408.0,0.0,,4,5,40000.0,3.93,0.62697995,0.3156185668885654,0.4667395978545086,0.0,0,0.11708336848199548,24.510042505126265,2.86971833813707
1038,5.0,252.0,284.0,11.344,13.16905916433134,27,3,40000.0,80.16,14.641786,14.64188238541181,14.697012889529933,252.0,1,1.1469706013024865,11.71132420035217,13.43254456012629
1041,1.0,81.0,345.0,13.71,2.616577377250448,9,4,60000.0,32.89,2.5792096,2.7704295453436187,2.7688353444797,81.0,0,0.17715525671026097,15.065321148992275,2.6689008355722503
1042,0.0,0.0,479.0,0.0,,4,1,80000.0,19.34,0.33148453,0.2529188555536176,0.22828977407477336,0.0,0,0.10395730690205926,24.510042505126265,2.5479980108879285
1044,0.0,0.0,197.0,0.0,,4,1,60000.0,26.22,1.2970909,1.325616338366455,1.0027105061305006,0.0,0,0.18750864352413096,24.510042505126265,4.595844822855018
1048,0.0,0.0,641.0,0.0,,5,4,60000.0,5.17,0.10596818,0.17052650532435504,0.18125747195468822,0.0,0,0.08278800624709488,24.510042505126265,2.0291375520309543
1049,2.0,347.0,476.0,18.72,6.46054756592933,17,4,120000.0,74.34,6.6394544,6.860289713184973,7.26879898342248,347.0,1,0.34488192018889713,19.107624529213616,6.589874237883664
1050,9.0,311.0,339.0,16.358888888888888,28.36342862812314,43,1,100000.0,158.94,27.95878,29.655814444305154,27.932168516289817,311.0,2,1.7548071445632565,16.486815135000057,28.93118098999173
1051,0.0,0.0,41.0,0.0,,4,1,20000.0,30.41,4.667398,4.03540010600159,3.971873464530675,0.0,0,0.3386129977436437,24.510042505126265,8.29941896748493
1052,3.0,315.0,509.0,7.526666666666666,3.5543169885240937,14,1,40000.0,34.410000000000004,3.5406396,3.38772235414677,3.5786752342765356,315.0,0,0.4367027509578033,8.301955570687918,3.6254868360488737
1053,2.0,91.0,308.0,11.6,4.551223317158597,12,1,40000.0,33.06999999999999,4.6346326,4.797745706268689,4.35283764778969,91.0,1,0.3724446322484737,12.464285390607543,4.64225618854485
1055,1.0,24.0,397.0,6.92,1.0037235782329168,6,0,,29.89,,,,24.0,0,0.11216770457914416,9.127413221527128,1.0238009898040294
1056,4.0,262.0,357.0,17.455,13.42643084346177,21,2,20000.0,84.43,13.433372,13.369739961361526,13.219412187814504,262.0,2,0.7737663107002829,17.699334794325562,13.695148985654441
1057,0.0,0.0,635.0,0.0,,2,2,20000.0,6.05,0.08615561,0.17516830792886706,0.17977328949097693,0.0,0,0.0834170285998756,24.510042505126265,2.0445549166342842
1058,1.0,64.0,109.0,4.72,3.3109989841763836,8,2,120000.0,20.29,3.3214977,3.227049760518074,3.3913192722947705,64.0,0,0.46880490385948675,7.203496072716623,3.377034283822107
1059,2.0,104.0,323.0,13.54,5.135996658132342,10,4,60000.0,44.12,5.097427,5.213711015493519,5.037868074036336,104.0,1,0.36700193477507587,14.274408695227738,5.238735608918746
1062,1.0,243.0,252.0,7.81,3.110212939850592,13,4,20000.0,25.41,3.111005,3.344522712578017,3.313877690281001,243.0,0,0.3202555431423419,9.905725159000468,3.1723633910144557
1066,0.0,0.0,645.0,0.0,,1,0,140000.0,4.18,0.00888865,0.17729293032740776,0.2144656767950508,0.0,0,0.08237390567423496,24.510042505126265,2.0189879293887603
1067,1.0,24.0,357.0,16.47,2.2434404601640976,9,2,80000.0,23.83,2.2340965,2.3840949310000616,2.3384475017585857,24.0,0,0.13091770478005155,17.478962662954544,2.2883056737702265
1068,0.0,0.0,346.0,0.0,,6,1,40000.0,22.12,0.34085542,0.5104989157161114,0.6488942077298185,0.0,0,0.13159778014929982,24.510042505126265,3.2254671850396
1070,6.0,652.0,701.0,9.801666666666666,6.877998013304894,24,2,40000.0,66.06,6.8604627,6.924135554036098,6.6507685230222,652.0,1,0.6915375219490604,10.145226113315793,7.015804526015301
1071,2.0,601.0,636.0,14.09,4.187161574002148,12,1,60000.0,41.3,4.078942,4.019976918488225,4.103550059602195,601.0,1,0.28882456513457994,14.78758798262006,4.271018668469579
1073,0.0,0.0,115.0,0.0,,6,5,40000.0,18.78,2.0451238,2.405376205964238,1.9826356497826545,0.0,0,0.24486844392596913,24.510042505126265,6.001735968789631
1074,3.0,587.0,681.0,19.689999999999998,7.37413689483341,15,0,40000.0,74.8,7.399038,7.560484241792069,7.544968871120388,587.0,1,0.3777921575997704,19.910034315125543,7.5218548217967465
1076,1.0,26.0,86.0,8.89,5.238941198838755,7,4,60000.0,20.97,5.1966047,5.061827924205642,5.231188845469382,26.0,1,0.49246831861890317,10.850193577507444,5.343376587804713
1079,2.0,359.0,605.0,16.39,4.4366197332896915,14,2,40000.0,40.77,4.4559402,4.556813272803278,4.299683602776539,359.0,1,0.2672475600599741,16.933610457169774,4.525466077684684
1082,0.0,0.0,436.0,0.0,,2,3,40000.0,8.7,0.34699866,0.3018003036700696,0.4855862318213733,0.0,0,0.11152935907804742,24.510042505126265,2.733589331572432
1083,1.0,8.0,680.0,10.95,0.4848386296557765,8,5,40000.0,36.7,0.60367936,0.6446201623653901,0.24628656807559413,8.0,0,0.03908940869404181,12.651679635030007,0.49454667591977364
1084,0.0,0.0,153.0,0.0,,4,2,20000.0,16.99,1.6401868,1.762056324501622,1.7172437170678405,0.0,0,0.21445112082183881,24.510042505126265,5.256206086615237
1085,1.0,449.0,461.0,3.11,1.1984476755791786,9,4,40000.0,16.55,0.9830153,1.1641879680181624,1.3167833044005164,449.0,0,0.21092560448249367,5.7955385229053,1.222427466245379
1089,3.0,604.0,654.0,15.25,6.076211385674823,17,3,20000.0,51.510000000000005,6.080938,6.059526418903376,6.152168905489472,604.0,1,0.3954592990685546,15.67271973918942,6.197922762557748
1090,3.0,366.0,472.0,8.813333333333334,4.628950182535699,13,1,40000.0,38.22,4.5841646,4.702590668764061,4.480864238039468,366.0,1,0.49545471217808323,9.52988607092166,4.721626960358416
1091,1.0,12.0,487.0,26.88,1.9388734088696387,6,0,20000.0,51.59,1.9199826,1.8236194219727606,1.9082921673613358,12.0,0,0.07439729104252174,26.58258880800788,1.9776725962130433
1092,0.0,0.0,180.0,0.0,,6,3,40000.0,43.68,2.6568081,3.1574642982988754,1.9851353054831202,0.0,0,0.1970719991857489,24.510042505126265,4.830243076612914
1093,1.0,289.0,607.0,8.15,1.3510452105869915,9,3,40000.0,37.99,1.3939798,1.3856088332834902,1.1684067325074254,289.0,0,0.13506659576859698,10.203057809271183,1.3780922847284574
1094,0.0,0.0,171.0,0.0,,3,3,100000.0,6.12,1.4179103,1.6012448885448018,1.2773981341471288,0.0,0,0.2025422618904496,24.510042505126265,4.964319448019335
1097,2.0,503.0,589.0,13.985,4.343427238931882,11,0,100000.0,33.9,4.3443594,4.4266301479872,4.42692827058118,503.0,1,0.3016010312582576,14.689617391390616,4.430403754032645
1101,0.0,0.0,219.0,0.0,,3,3,40000.0,24.83,1.1179284,1.0678399745764402,0.8679752558018246,0.0,0,0.1764324193300966,24.510042505126265,4.324366097062929
1102,0.0,0.0,180.0,0.0,,3,2,20000.0,12.19,1.0652208,1.4591768686663444,1.2293604020569573,0.0,0,0.1970719991857489,24.510042505126265,4.830243076612914
1103,0.0,0.0,28.0,0.0,,4,4,40000.0,13.92,4.5686073,3.382779084337375,3.7301510123123913,0.0,0,,24.510042505126265,
1107,2.0,268.0,405.0,10.695,4.347408749858054,11,0,40000.0,29.82,4.3035874,4.419629244731115,4.305333107885324,268.0,1,0.3816229605516723,11.619872199534722,4.434410030018513
1109,0.0,0.0,308.0,0.0,,3,5,120000.0,20.48,0.5741926,0.6499366403452635,0.6411820483587372,0.0,0,0.14242242142507588,24.510042505126265,3.4907796028116156
1110,1.0,212.0,606.0,16.12,2.000719172412965,10,2,20000.0,38.8,1.8320861,2.0977726162147654,1.940532773024298,212.0,0,0.11883688743505849,17.172884934734693,2.0407721939242784
1111,0.0,0.0,293.0,0.0,,3,1,20000.0,3.87,0.5080605,0.6734238529546904,0.6231937646731351,0.0,0,0.14720299760679656,24.510042505126265,3.6079517282245837
1112,0.0,0.0,193.0,0.0,,5,4,80000.0,26.55,1.3273603,1.3420771810216394,0.9666269417150275,0.0,0,0.1896741160191654,24.510042505126265,4.6489206457519945
1113,0.0,0.0,240.0,0.0,,4,1,140000.0,11.13,0.86660254,0.991627648796164,0.8536548419309975,0.0,0,0.16701803727706147,24.510042505126265,4.09361919278354
1114,0.0,0.0,698.0,0.0,,5,4,40000.0,8.5,0.113613725,0.13636001989522606,0.19536932509044025,0.0,0,0.07725408322982545,24.510042505126265,1.8935008636575839
1115,0.0,0.0,626.0,0.0,,1,3,20000.0,1.55,0.109390035,0.17516830792886706,0.18965495763170637,0.0,0,0.08437870464906501,24.510042505126265,2.0681256374760784
1116,2.0,17.0,56.0,31.79,32.458664484821924,14,4,120000.0,70.14,19.98391,20.438490712146695,22.683924557788853,17.0,2,1.057604867409077,31.302630504154816,33.105814383901986
1117,3.0,166.0,284.0,9.066666666666666,6.456302475507963,18,5,40000.0,39.21,6.4839115,6.340745840484779,6.457438256865508,166.0,1,0.6739340138340845,9.771654770449548,6.585450521250043
1119,1.0,106.0,194.0,4.52,2.327876014755834,8,2,40000.0,9.95,2.158841,2.1315244356677265,2.1354441849410364,106.0,0,0.33781501417561416,7.02859451373385,2.3743647552916447
1124,5.0,520.0,590.0,9.482000000000001,6.485626421361593,28,3,80000.0,65.05,6.9039254,7.0327940377944715,6.8249311245387085,520.0,1,0.6681502926163781,9.90127281443187,6.615538328237244
1125,5.0,304.0,352.0,14.972,14.722479926188555,23,1,60000.0,81.42,14.72451,14.856976483139023,14.471359830370528,304.0,2,0.9855000389523366,15.238105311049722,15.017153377599309
1127,0.0,0.0,101.0,0.0,,7,5,40000.0,25.7,2.53179,2.728707571658541,2.151409243573708,0.0,0,0.2583820034828738,24.510042505126265,6.33295388792492
1128,1.0,568.0,628.0,11.62,2.109616488524541,8,1,20000.0,40.18,2.1500762,2.222206636700092,2.175737123025918,568.0,0,0.16255606821203794,13.237599857622296,2.1518521854193136
1130,2.0,202.0,541.0,14.465,3.5737219634339836,15,5,40000.0,33.21,3.5590346,3.5725957102846997,3.65756943352621,202.0,0,0.24081121237966238,15.137482951296645,3.645275621878215
1131,1.0,173.0,378.0,6.86,1.774619861283446,7,0,60000.0,19.76,1.8280957,1.9013714086999653,1.7460590361616797,173.0,0,0.19946283121639952,9.074942753832296,1.810113774806139
1132,1.0,14.0,460.0,22.84,1.8776457315747148,11,2,60000.0,34.41,1.8916645,1.7980219325017284,1.8882163616708771,14.0,0,0.08309113162984212,23.049577316555865,1.9152154628221665
1133,4.0,496.0,558.0,19.4625,11.04204437012914,22,3,40000.0,86.42999999999999,11.026473,10.269617220785356,10.608118626813816,496.0,1,0.5735610074391143,19.637309756134485,11.263195167122444
1135,3.0,112.0,208.0,19.606666666666666,15.925287907004506,16,2,40000.0,63.190000000000005,15.892397,15.081079211057828,14.421743704089804,112.0,2,0.8191248267524351,19.830505137649265,16.24365908529023
1138,0.0,0.0,633.0,0.0,,2,2,40000.0,2.73,0.09441834,0.1816365932423923,0.17755814905949663,0.0,0,0.08362883380602416,24.510042505126265,2.0497462712397927
1140,1.0,408.0,491.0,11.88,2.5522444893867102,8,1,80000.0,18.380000000000003,2.560448,2.5008993769166534,2.4484895626964276,408.0,0,0.19334008290740434,13.464971884299903,2.6033187804564117
1141,2.0,213.0,404.0,14.209999999999999,5.239077238536035,13,3,20000.0,55.22,5.1981792,4.995154323795752,5.223404576230682,213.0,1,0.3586632308754847,14.899554372596567,5.34392230988044
1144,4.0,321.0,620.0,12.7075,5.306039484064916,20,1,80000.0,66.39,5.323737,5.289994736006792,5.638373358659009,321.0,1,0.41264258404535675,13.11625328439387,5.412324648265685
1145,3.0,595.0,653.0,19.116666666666667,7.499354589289158,19,1,20000.0,69.59,7.515529,7.440380736935498,7.47790117812576,595.0,1,0.3950639000191195,19.36287357408875,7.649572349756649
1146,2.0,132.0,555.0,28.03,4.901485716631033,17,5,20000.0,79.16,4.8996205,4.738289366995898,4.926155046664055,132.0,1,0.17987929390751617,27.79435028489094,4.999628103864353
1147,3.0,634.0,715.0,15.199999999999998,5.588479385873133,22,3,40000.0,56.03,5.625386,5.519452077058758,5.536256036165051,634.0,1,0.36482774889872177,15.62500223270365,5.700434391094775
1152,0.0,0.0,96.0,0.0,,5,4,40000.0,20.42,2.650248,2.3420357734867845,2.246005875335187,0.0,0,0.26357899000097273,24.510042505126265,6.460332248382093
1153,1.0,53.0,437.0,15.2,1.8359618358382215,6,1,100000.0,19.799999999999997,1.808324,1.8874263216460703,1.8777941233810589,53.0,0,0.11440952379720555,16.368337763413933,1.8726937288640046
1154,0.0,0.0,661.0,0.0,,6,5,20000.0,23.9,0.01371173,0.16632005523861534,0.19111505394205697,0.0,0,0.08075814472077389,24.510042505126265,1.9793855597413064
1157,1.0,15.0,53.0,5.1,4.391129361211711,10,1,40000.0,46.49,4.40014,5.127759246180605,4.465733388349266,15.0,1,0.5943076340206122,7.535809034783892,4.478588837893567
1159,1.0,262.0,688.0,16.9,1.9150114732674683,10,2,40000.0,46.239999999999995,1.9258205,2.1448021148632317,1.9095792085497916,262.0,0,0.10940111235053368,17.855001014767506,1.9533569720354729
1161,2.0,542.0,730.0,15.344999999999999,3.8259982879105148,15,5,80000.0,44.74,3.8319426,3.899769933314967,4.043450955014575,542.0,0,0.24454807012554683,15.958569811124361,3.902637449274275
1162,4.0,474.0,517.0,17.21,10.480707011271157,20,2,80000.0,72.86,9.450315,10.064354055650025,10.055245602665437,474.0,1,0.6121916347712504,17.46281979275984,10.690592196645396
1164,0.0,0.0,318.0,0.0,,4,0,40000.0,22.8,0.66230714,0.6366008173785407,0.6823396530672161,0.0,0,0.13940452757758542,24.510042505126265,3.4168108963336654
1166,0.0,0.0,228.0,0.0,,4,0,40000.0,2.79,0.95001316,1.0397382155966923,0.9228825889404781,0.0,0,0.1722704553941605,24.510042505126265,4.222356184088332
1167,1.0,372.0,571.0,20.67,3.307278183510755,7,3,40000.0,34.71,3.3595195,3.2934076195101154,3.4960127120256552,372.0,0,0.15948833527221276,21.15189540159278,3.3734805854520045
1168,4.0,382.0,639.0,18.724999999999998,8.25875501524012,19,1,40000.0,90.61,8.338643,7.888958629472309,8.070011986632776,382.0,1,0.4451274096683101,18.925351333053996,8.424192615945024
1169,1.0,116.0,338.0,5.54,1.5601019230156776,10,1,60000.0,23.29,1.5282705,1.621488936651074,1.5212377680165687,116.0,0,0.20090640225499745,7.920592464545993,1.591297735779979
1170,0.0,0.0,404.0,0.0,,4,5,80000.0,12.04,0.527943,0.294900077658088,0.4555244018016156,0.0,0,0.11792234058015773,24.510042505126265,2.890281579923642
1171,2.0,100.0,225.0,8.685,5.10390237847283,10,2,60000.0,32.81,5.0832257,5.029032780993329,5.131299986073339,100.0,1,0.534245974564947,9.744435167428232,5.205925262607639
1172,0.0,0.0,175.0,0.0,,5,3,140000.0,12.24,1.4006146,1.432164790508722,1.2720243859637304,0.0,0,0.2000738733726144,24.510042505126265,4.903819140528029
1173,1.0,427.0,498.0,4.76,1.3680938518139256,7,2,60000.0,13.98,1.3807266,1.4439207208849998,1.376090142278957,427.0,0,0.1927853547934488,7.238476384513178,1.3954722379523736
1174,4.0,153.0,221.0,11.450000000000001,12.371527511510038,21,5,120000.0,59.23,12.367945,12.66311263124586,12.509611152130834,153.0,1,1.0602082657331917,11.902303837582055,12.618920909872383
1175,1.0,214.0,476.0,19.34,3.202721551052967,7,4,120000.0,37.96,3.1876383,3.400762393393092,3.209730631513943,214.0,0,0.16343197150716351,19.988800034357336,3.2668089976774772
1177,0.0,0.0,180.0,0.0,,3,1,40000.0,29.48,1.5458846,1.4714090595288412,1.26160160864098,0.0,0,0.1970719991857489,24.510042505126265,4.830243076612914
1178,1.0,17.0,393.0,22.91,2.4656184014045337,11,4,100000.0,34.22,2.443312,2.4963575759525267,2.4337817715891354,17.0,0,0.10882088540657364,23.110792862199837,2.5149369417125085
1180,0.0,0.0,266.0,0.0,,5,5,20000.0,7.68,0.649935,0.7754050891593444,0.5635356486410146,0.0,0,0.15667074957986432,24.510042505126265,3.8400067315124673
1183,6.0,209.0,283.0,11.581666666666669,15.213216459530905,27,3,60000.0,72.25,15.197231,15.183129849368404,14.98963868018988,209.0,2,1.3057957702003877,11.883648727630806,15.517618243087526
1184,0.0,0.0,374.0,0.0,,1,5,80000.0,8.03,0.47161248,0.3593295504538714,0.48666058792941325,0.0,0,0.12462026119105143,24.510042505126265,3.0544478987926076
1185,4.0,206.0,265.0,16.7075,16.040480143738925,24,4,20000.0,71.91,16.054365,15.997876022661684,15.85153892096104,206.0,2,0.9636951057076246,16.97772269771178,16.36134826984609
1187,1.0,329.0,399.0,15.71,3.7235469122380227,8,2,40000.0,28.08,3.8685534,3.612586539117116,3.7036810816003367,329.0,0,0.22588042578629283,16.814336738820007,3.7980295418787695
1189,0.0,0.0,183.0,0.0,,4,3,20000.0,37.23,1.4255004,1.7466631189637383,1.5072406087471952,0.0,0,0.19531386613709673,24.510042505126265,4.787151160860782
1190,0.0,0.0,33.0,0.0,,5,5,40000.0,7.38,4.595526,3.340453807061711,3.739186699790209,0.0,0,,24.510042505126265,
1191,0.0,0.0,280.0,0.0,,4,2,20000.0,9.93,0.55847377,0.7067256880829904,0.6061037673802634,0.0,0,0.15161411198472327,24.510042505126265,3.7160683291225407
1192,1.0,362.0,497.0,4.76,1.3105674921684336,11,4,20000.0,14.28,1.3237132,1.3983888834272942,1.326657568107251,362.0,0,0.18467899655971054,7.238476384513178,1.3367945553130551
1193,4.0,311.0,720.0,6.54,2.048888106963384,20,0,100000.0,32.69,2.0483017,1.9385302488079834,2.0242701546621333,311.0,0,0.2917949026974278,7.162350132734324,2.089937260066121
1194,0.0,0.0,388.0,0.0,,3,1,140000.0,10.22,0.45496285,0.3539743052841927,0.4560608045066763,0.0,0,0.12140219044148998,24.510042505126265,2.975572847936353
1195,2.0,250.0,561.0,8.505,2.38403644006452,10,5,20000.0,35.54,2.449739,2.5118458617269277,2.2611902528019607,250.0,0,0.2539316502980921,9.576485582463473,2.4317727880108357
1196,2.0,564.0,692.0,10.925,3.036717007264736,11,1,60000.0,32.6,3.02774,3.175982019371024,3.1252026489872335,564.0,0,0.26173882169951745,11.834474446989693,3.097541397188131
1197,3.0,239.0,386.0,9.61,5.49628966667213,17,1,60000.0,31.85,5.4945364,5.495684317058506,5.096514836743712,239.0,1,0.5448196343574455,10.290185007594882,5.606294833308311
1201,0.0,0.0,451.0,0.0,,2,1,60000.0,2.5,0.32223234,0.28704166558632144,0.39623798318406855,0.0,0,0.10876562453150931,24.510042505126265,2.665850080363897
1202,2.0,650.0,683.0,15.09,4.204626130837227,12,1,60000.0,40.74,4.1829214,4.116608845315402,4.110558224319295,650.0,1,0.2728159557060433,15.720641232424285,4.288841762135661
1203,0.0,0.0,40.0,0.0,,3,2,40000.0,6.22,4.581196,3.3659085455163646,3.8239345966489586,0.0,0,0.34037796799751807,24.510042505126265,8.342678463427676
1204,0.0,0.0,486.0,0.0,,5,4,80000.0,11.88,0.4091499,0.26625447310475214,0.25823485718786277,0.0,0,0.10282099819526316,24.510042505126265,2.5201470361854112
1205,1.0,215.0,688.0,26.29,2.546095033187753,10,1,20000.0,37.379999999999995,2.8289967,2.773524635945812,2.710630650223772,215.0,0,0.09963225780474316,26.066629209008703,2.5970771214526036
1207,0.0,0.0,589.0,0.0,,4,2,40000.0,13.86,0.13575834,0.1597690279637137,0.22732982537735857,0.0,0,0.0885770101354541,24.510042505126265,2.17102628339698
1209,0.0,0.0,180.0,0.0,,5,3,,5.9,,,,0.0,0,0.1970719991857489,24.510042505126265,4.830243076612914
1212,0.0,0.0,353.0,0.0,,4,3,40000.0,11.2,0.49802724,0.3686539795633967,0.5831895416864441,0.0,0,0.1297810432512316,24.510042505126265,3.1809388864473167
1214,2.0,592.0,624.0,9.245000000000001,2.9543043582649737,15,3,40000.0,36.19,2.9592218,2.941047458522108,3.063007728428351,592.0,0,0.29351176034213683,10.266944987318599,3.01346909656376
1215,1.0,9.0,411.0,8.35,0.9763290099247349,10,1,40000.0,35.23,0.9677333,0.9226073369796653,0.8850416167292581,9.0,0,0.09595912131845089,10.377959368253954,0.9958598620562351
1216,2.0,566.0,722.0,12.129999999999999,3.1800569399581544,12,1,80000.0,29.61,3.1920679,3.1237152969374855,3.0832844063165106,566.0,0,0.25031293595496223,12.958803613003782,3.243756178834749
1217,0.0,0.0,327.0,0.0,,4,3,80000.0,4.45,0.5765078,0.6202880037784128,0.6376705376054819,0.0,0,0.13679591799310528,24.510042505126265,3.3528737645387774
1221,0.0,0.0,365.0,0.0,,3,1,140000.0,10.7,0.7621871,0.3642127683862242,0.6031334773605916,0.0,0,0.12678081624215562,24.510042505126265,3.1074031949298364
1222,7.0,296.0,364.0,10.624285714285715,13.773976560823346,27,3,40000.0,79.22,13.765233,13.67572057873359,13.581847570811131,296.0,2,1.2885825018435708,10.903226196608454,14.049706490592083
1224,0.0,0.0,572.0,0.0,,3,3,20000.0,5.21,0.20545188,0.1680530009601469,0.23232000108243778,0.0,0,0.09064943369296567,24.510042505126265,2.2218214728802135
1228,1.0,144.0,283.0,6.59,2.2275269399705238,10,3,40000.0,15.959999999999999,2.480585,2.2212409819079793,2.1608347656646485,144.0,0,0.25705347430804676,8.838825649205553,2.2720508419313643
1232,0.0,0.0,23.0,0.0,,4,2,40000.0,14.63,4.561035,3.3659085455163646,3.8239345966489586,0.0,0,,24.510042505126265,
1234,1.0,341.0,518.0,7.2,1.5923452108280391,8,0,100000.0,11.02,1.600766,1.7294269423846067,1.5963036458362367,341.0,0,0.1732998292864061,9.37227540410301,1.6242137275562345
1235,4.0,531.0,629.0,16.5275,8.493925978541384,23,2,40000.0,76.13,8.432838,8.597215999929706,8.50049946012276,531.0,1,0.5155970781298528,16.803956574112473,8.664070910633322
1236,2.0,182.0,306.0,9.22,4.6007027013696264,12,3,80000.0,21.080000000000002,4.594182,4.671633223824895,4.462046844970942,182.0,1,0.4581119458233891,10.243618656073492,4.6927240748065975
1237,0.0,0.0,257.0,0.0,,4,2,20000.0,12.86,0.62644416,0.7729021606910749,0.649807635685252,0.0,0,0.16010388934744493,24.510042505126265,3.9241531331419073
1240,0.0,0.0,118.0,0.0,,5,2,60000.0,10.3,2.2033272,2.1240384205285507,2.032892237797159,0.0,0,0.24215537904174667,24.510042505126265,5.935238633158173
1241,0.0,0.0,359.0,0.0,,4,5,80000.0,4.64,0.6276215,0.3593295504538714,0.5592765565684372,0.0,0,0.12826335965577032,24.510042505126265,3.143740397013228
1244,1.0,192.0,523.0,6.4,1.1839696589279483,9,1,120000.0,18.68,1.3880383,1.3898484449185127,1.209070411953765,192.0,0,0.13924958149379255,8.672669168171918,1.2076655521020576
1245,1.0,123.0,527.0,20.57,2.3785041303355037,9,2,40000.0,27.2,2.416391,2.3836350014375594,2.357860873737505,123.0,0,0.11517550482124013,21.06444462210139,2.4261080431295845
1249,1.0,395.0,712.0,4.13,0.8176322467607766,9,2,40000.0,32.5,0.82652307,0.843541186521935,0.7684045735681693,395.0,0,0.1247103681046845,6.687536473717443,0.834005135350806
1253,5.0,615.0,661.0,14.404000000000002,8.857020425507205,31,4,140000.0,83.57000000000001,8.859901,8.99253952568003,8.870090179446983,615.0,1,0.6151769536846206,14.685952149286713,9.034459305156306
1254,0.0,0.0,717.0,0.0,,4,0,100000.0,24.11,-0.18092072,0.1183877674928898,0.13383427801682402,0.0,0,0.07557036138243324,24.510042505126265,1.852232769611191
1256,1.0,225.0,462.0,9.0,1.849896633129071,9,5,40000.0,20.1,1.8519764,1.8163261865117766,1.878288526449615,225.0,0,0.17237751903554285,10.946389434947967,1.8869114531932085
1259,10.0,312.0,343.0,15.562999999999999,29.515232111279783,50,0,20000.0,171.4,29.512117,30.90271078641807,29.646759611329585,312.0,2,1.9188579033780329,15.689574061581927,30.106063188701466
1260,0.0,0.0,207.0,0.0,,5,4,40000.0,24.76,1.172952,1.0990476060494123,0.9951134040472764,0.0,0,0.18230589039126666,24.510042505126265,4.468325122424836
1261,0.0,0.0,640.0,0.0,,7,3,40000.0,12.71,0.12629728,0.17199791475794404,0.205115271249249,0.0,0,0.08289218321516273,24.510042505126265,2.0316909339463525
1262,0.0,0.0,104.0,0.0,,3,5,40000.0,4.84,2.5974042,2.2546878949439666,2.1406412496424156,0.0,0,0.25536151753363356,24.510042505126265,6.258921648922905
1265,5.0,218.0,317.0,11.072,11.283280411956364,28,2,60000.0,85.5,11.377615,11.752928096476516,11.992531136733769,218.0,1,1.0054307353477083,11.446912827113543,11.509077981225884
1266,2.0,544.0,652.0,9.02,2.7247734636941,12,4,40000.0,25.099999999999998,2.726206,2.8291125705801865,2.7224326659386886,544.0,0,0.2763590356575003,10.057008006112648,2.7793450341690513
1268,0.0,0.0,78.0,0.0,,4,2,80000.0,10.26,2.8053768,2.1382362860374644,2.470002210767144,0.0,0,0.28416565792877535,24.510042505126265,6.964912354331454
1270,0.0,0.0,247.0,0.0,,4,0,20000.0,9.44,0.728706,0.9577056912963112,0.7366502256775362,0.0,0,0.1640998029550461,24.510042505126265,4.0220931455110245
1271,4.0,474.0,635.0,17.942500000000003,8.818481770747972,20,2,100000.0,86.23,8.808065,8.928575765061824,8.611187855584886,474.0,1,0.4950552723406678,18.169951379073684,8.995130228384015
1274,0.0,0.0,460.0,0.0,,3,2,40000.0,5.69,0.33691543,0.29636303432358474,0.29529457527460323,0.0,0,0.10717224164995082,24.510042505126265,2.626796198209958
1275,0.0,0.0,719.0,0.0,,4,4,20000.0,1.56,0.05713462,0.12447430303297004,0.15203743044233242,0.0,0,0.07539738964788589,24.510042505126265,1.8479932250452502
1277,2.0,287.0,324.0,16.8,8.069774288585236,11,0,60000.0,37.14,8.0044985,7.687830439781607,7.820260388245333,287.0,1,0.4753478562641853,17.316162289589506,8.231200623079099
1279,0.0,0.0,316.0,0.0,,6,3,40000.0,16.42,0.61107594,0.6571576753498423,0.6415034754573448,0.0,0,0.13999781208601997,24.510042505126265,3.431352324853029
1281,2.0,202.0,275.0,14.055,7.451122517987981,15,4,80000.0,40.21,7.493281,7.626822926213984,7.4486495609476275,202.0,1,0.5150905246148916,14.754931118876913,7.600125210678899
1282,7.0,390.0,516.0,18.084285714285716,17.1353955678128,31,3,40000.0,135.95000000000002,17.074108,16.930957683312812,16.802497915375525,390.0,2,0.9596573422369669,18.213367890037777,17.478592222537767
1284,4.0,252.0,323.0,17.2125,14.430361469265247,19,1,40000.0,84.78999999999999,14.401552,14.13424055760666,14.51871159615777,252.0,2,0.8427670372089133,17.465233211143165,14.71912284751784
1285,0.0,0.0,401.0,0.0,,7,5,80000.0,15.05,0.50668365,0.294900077658088,0.43837486478760024,0.0,0,0.11855951364079308,24.510042505126265,2.9058987187229355
1286,1.0,7.0,242.0,3.4,1.1600032257249069,8,4,40000.0,6.8,1.1610307,1.2452982310581762,1.0708842593145516,7.0,0,0.19559473027809468,6.049145783430321,1.1831810379229273
1289,2.0,241.0,469.0,19.21,6.034231885581994,15,4,40000.0,47.11,6.0671515,6.271766912927044,5.991146635590032,241.0,1,0.31459636983690337,19.564820621617685,6.1550215440711105
1293,0.0,0.0,737.0,0.0,,1,3,20000.0,2.41,0.055689707,0.16686404379885025,0.13198376874008932,0.0,0,0.07387557719202634,24.510042505126265,1.8106935370673019
1295,4.0,229.0,372.0,18.9125,13.300626206451446,22,3,60000.0,92.86,13.321482,13.654688115908275,13.664323512823263,229.0,1,0.710069657756536,19.106357711803277,13.566844881394104
1297,12.0,537.0,549.0,17.976666666666667,28.72606332476265,55,4,40000.0,222.85,28.734665,28.04779010218728,28.792932526336337,537.0,2,1.6230035590885854,18.05387191368715,29.301498371243696
1300,0.0,0.0,209.0,0.0,,3,0,40000.0,0.73,1.030364,1.0465908579660537,0.9495175088204855,0.0,0,0.18129989362377114,24.510042505126265,4.443668098893501
1304,1.0,270.0,693.0,14.21,1.668797697233272,9,3,60000.0,21.91,1.5786304,1.685308579106494,1.6190047750385208,270.0,0,0.10980198403335097,15.50257504644921,1.7022134977260412
1306,0.0,0.0,430.0,0.0,,5,4,60000.0,10.4,0.4221941,0.30112275763636415,0.46739454924339796,0.0,0,0.11267463372423693,24.510042505126265,2.7616600618305807
1309,1.0,38.0,510.0,15.48,1.344163516685732,7,1,40000.0,42.7,1.301606,0.9607346769078287,1.0873318733907702,38.0,0,0.0825286061472909,16.613199945989816,1.371064235188788
1310,10.0,629.0,667.0,14.822,17.02605882876611,51,4,20000.0,164.16,17.039377,16.71464852614504,17.163732800253506,629.0,2,1.1609819852230867,14.959057009391605,17.367195703828795
1311,0.0,0.0,93.0,0.0,,4,4,60000.0,14.28,2.7653947,2.3315264607843633,2.2648050937737194,0.0,0,0.2667993073001619,24.510042505126265,6.5392623622652115
1312,2.0,51.0,229.0,5.405,2.963131276354716,10,2,40000.0,21.509999999999998,3.0334196,2.8494386169866623,2.9224393245993694,51.0,0,0.45217755014765315,6.68402050807038,3.0223640184759364
1313,1.0,167.0,708.0,10.47,1.0090082464245596,8,1,40000.0,18.770000000000003,1.0123425,0.8722938069316675,0.9305953334601869,167.0,0,0.08414161919230205,12.23191589347135,1.0292132091007333
1316,0.0,0.0,514.0,0.0,,3,3,20000.0,23.98,0.28601593,0.2756920409556079,0.22762189214601136,0.0,0,0.09851400020937061,24.510042505126265,2.4145823324816913
1317,0.0,0.0,90.0,0.0,,3,2,20000.0,8.42,2.6913464,2.5318668853808277,2.281998861954461,0.0,0,0.2700997271742443,24.510042505126265,6.620155793663735
1319,0.0,0.0,40.0,0.0,,5,1,40000.0,36.61,4.7613626,3.9841530309945044,3.850662911305873,0.0,0,0.34037796799751807,24.510042505126265,8.342678463427676
1321,0.0,0.0,570.0,0.0,,5,3,60000.0,15.25,0.16579512,0.16950205188189207,0.22373691979528143,0.0,0,0.09089964689977971,24.510042505126265,2.2279542092145697
1322,2.0,208.0,579.0,14.055,3.192322468902538,14,5,40000.0,39.99,3.1925092,3.239917330835785,3.239031514062552,208.0,0,0.2206887003080328,14.754931118876913,3.2562465717594944
1325,7.0,233.0,239.0,18.867142857142856,32.77504804281803,38,4,40000.0,143.47,28.590513,27.042326068718822,27.695752585086822,233.0,2,1.7613175824172682,18.980498806927713,33.43068627169176
1328,6.0,489.0,520.0,16.351666666666667,14.285060291004543,32,5,140000.0,104.59,14.300978,13.955690729535759,13.918749614720568,489.0,2,0.8808463161168755,16.542230677227764,14.571162952391642
1329,2.0,460.0,694.0,20.36,4.994773047964138,11,3,20000.0,49.07,5.0421224,4.933378805267846,5.030864196747323,460.0,1,0.24686784287337776,20.637831858892543,5.094817032588274
1330,2.0,540.0,623.0,16.825000000000003,4.914087449458988,17,4,80000.0,46.230000000000004,4.911841,4.892270770755231,5.185722823414367,540.0,1,0.2890800239948398,17.339488620834615,5.012499786569122
1331,0.0,0.0,405.0,0.0,,3,4,40000.0,11.66,0.4997432,0.29831386665254167,0.46787140544997374,0.0,0,0.11771147083906863,24.510042505126265,2.885113153606503
1332,2.0,229.0,642.0,14.425,2.933586018652853,16,3,20000.0,61.33,2.862625,2.569069450008061,2.8647441020952207,229.0,0,0.1981659909328019,15.100160821304476,2.9923383323984734
1334,3.0,383.0,640.0,6.043333333333333,2.396028767932724,16,3,60000.0,31.09,2.4466517,2.322566811367112,2.3275372926332234,383.0,0,0.3549088574038754,6.886336211610159,2.4440217165614935
1337,0.0,0.0,418.0,0.0,,3,5,80000.0,11.02,0.4639434,0.3057411399814059,0.47342901611116606,0.0,0,0.11503732077376835,24.510042505126265,2.819569621840907
1338,0.0,0.0,367.0,0.0,,3,5,40000.0,8.3,0.77691454,0.35890080944781266,0.5895094162478776,0.0,0,0.12629423360612924,24.510042505126265,3.0954770338385735
1339,3.0,178.0,230.0,11.083333333333334,9.418569555707485,16,2,80000.0,74.83,9.407607,9.517248129912883,9.577880710500683,178.0,1,0.8213648710917506,11.69626086537549,9.606897797944626
1341,6.0,614.0,657.0,6.98,5.2882248644965975,25,3,40000.0,55.88,5.296315,5.1202064034225065,5.201036219269177,614.0,1,0.7299808938576949,7.3894681675898495,5.394170578110222
1343,2.0,136.0,248.0,12.91,7.00270116016934,11,1,20000.0,39.019999999999996,6.9486485,7.368131239694784,7.0056356866837275,136.0,1,0.5218765155139866,13.686585147851078,7.142707366246002
1344,0.0,0.0,208.0,0.0,,3,3,100000.0,18.36,0.9153607,1.0682692468897206,0.9090625161391532,0.0,0,0.18180149632348702,24.510042505126265,4.455962402384223
1345,2.0,338.0,374.0,21.380000000000003,9.121284050433614,15,5,40000.0,58.040000000000006,8.181158,8.618432256380189,9.231161506418132,338.0,1,0.43093978641920455,21.589546173692852,9.303794416978752
1346,1.0,33.0,409.0,2.27,0.562158674561362,7,4,80000.0,12.76,0.5824075,0.491479561997914,0.602452877027952,33.0,0,0.11329967103343988,5.060951975177653,0.5734041939036658
1347,0.0,0.0,646.0,0.0,,3,2,60000.0,11.47,0.07483284,0.16697868036616398,0.19749324344025165,0.0,0,0.08227102746462062,24.510042505126265,2.0164663800982616
1350,1.0,17.0,231.0,10.76,2.665933579768693,11,5,60000.0,21.23,2.6683652,2.6786411252495195,2.681510796215471,17.0,0,0.21778785622972127,12.485523153996372,2.719195321615418
1352,8.0,341.0,451.0,18.14375,21.492297359263617,45,4,60000.0,159.73,21.498585,20.900923066227783,21.820394780205625,341.0,2,1.2008526314976418,18.255933383201988,21.922685643663755
1357,0.0,0.0,153.0,0.0,,5,5,20000.0,9.52,1.69028,1.7239192235654037,1.6812253450481007,0.0,0,0.21445112082183881,24.510042505126265,5.256206086615237
1360,1.0,447.0,637.0,13.48,2.174346603456394,7,4,80000.0,19.240000000000002,2.1878226,2.1453963218382417,2.1276368916016226,447.0,0,0.14920962001809943,14.864184356162085,2.2178792996619223
1361,2.0,332.0,551.0,6.905,2.3028215648320924,14,0,60000.0,41.410000000000004,2.2961764,2.2461343736304906,2.250900272704042,332.0,0,0.2905797279007064,8.083600382776714,2.3489303996853037
1362,0.0,0.0,152.0,0.0,,4,4,60000.0,14.64,1.849666,1.7751580580365844,1.6919945011456825,0.0,0,0.2151540787641185,24.510042505126265,5.273435615659828
1366,5.0,528.0,644.0,8.642,5.450338268922149,20,4,100000.0,46.410000000000004,4.8185596,5.088011642006934,5.121714891125187,528.0,1,0.6119651752192992,9.084708279430231,5.559525094037739
1367,2.0,237.0,257.0,9.200000000000001,5.589981561125079,8,3,40000.0,34.72,5.593213,5.348138016076282,5.621399540829469,237.0,1,0.5576307835311548,10.224957591077409,5.701751113085325
1368,0.0,0.0,442.0,0.0,,2,1,40000.0,21.81,0.266313,0.28795988038134546,0.4569186032228014,0.0,0,0.11040716022865923,24.510042505126265,2.7060841900747237
1370,5.0,622.0,653.0,8.108,5.236189084495876,23,2,20000.0,47.5,4.430302,4.7987347682025625,5.154867065865705,622.0,1,0.6235504374668768,8.565606539322047,5.341087704763403
1371,1.0,187.0,239.0,28.65,8.766246213074322,10,3,40000.0,39.5,7.8621025,7.923913795464476,8.895958716772734,187.0,1,0.3178545768522415,28.130467605005425,8.941397877244686
1374,1.0,24.0,258.0,10.53,2.39603088555704,10,1,40000.0,30.939999999999998,2.4472833,2.3615551424811243,2.1422570251298207,24.0,0,0.1989446270767366,12.284386361166181,2.443912663488755
1376,0.0,0.0,215.0,0.0,,3,5,120000.0,9.94,0.9721911,1.055189694812899,0.8822723214359716,0.0,0,0.17834761657235354,24.510042505126265,4.3713076628763465
1377,3.0,171.0,326.0,13.01,7.806689266255098,17,3,20000.0,55.900000000000006,7.780767,7.805894247442873,7.922253509855771,171.0,1,0.5883194421296661,13.534975448627051,7.962889205174995
1378,2.0,469.0,637.0,14.23,3.999413735472734,9,0,60000.0,39.21,4.0658765,3.9729109730216883,3.870955323549481,469.0,0,0.27345837523395644,14.918215437592652,4.0795109549542135
1379,1.0,34.0,699.0,35.37,1.5283502202240116,10,2,40000.0,67.69,1.5385351,1.7362707656769105,1.4814600041569168,34.0,0,0.04584193886895217,34.0071599868266,1.5589541492227814
1380,0.0,0.0,85.0,0.0,,4,1,20000.0,14.52,2.7276561,2.519172255777988,2.4837450327156607,0.0,0,0.2757867621292345,24.510042505126265,6.759545262138683
1386,1.0,48.0,104.0,12.5,6.409276793759204,9,4,80000.0,16.95,6.7916327,6.963234990438039,6.533199206219609,48.0,1,0.46669623855838466,14.007166717146497,6.537092019752467
1387,1.0,104.0,705.0,13.19,0.9644474529734355,7,1,80000.0,18.75,0.9455274,0.8843339256858237,0.8783689865815045,104.0,0,0.06733204069624743,14.610577095637066,0.9837599715990955
1388,0.0,0.0,94.0,0.0,,3,1,120000.0,9.83,2.780378,2.208132580704492,2.2366392487727573,0.0,0,0.26571711375333995,24.510042505126265,6.512737752433833
1389,1.0,246.0,391.0,12.82,2.9899414357552847,9,1,40000.0,40.870000000000005,3.0894718,2.8401513758879426,2.936716159846729,246.0,0,0.21346294813828173,14.287009211518935,3.0497471063696198
1390,6.0,264.0,314.0,6.838333333333334,8.907431625831107,24,1,140000.0,43.84,8.910396,8.504890671997948,8.644306676142607,264.0,1,1.2530069614338135,7.251110562517963,9.085692012961262
1391,2.0,306.0,447.0,6.050000000000001,2.547759581381155,10,0,40000.0,15.93,2.2964365,2.3431223339672473,2.666694199229342,306.0,0,0.35668569695952035,7.285839854194104,2.598754866328674
1392,0.0,0.0,656.0,0.0,,4,2,20000.0,2.81,0.09876496,0.1655296294444188,0.18413046723530702,0.0,0,0.08125621420881317,24.510042505126265,1.9915932640636556
1393,1.0,293.0,345.0,9.52,2.8250750305294057,10,5,60000.0,38.22,2.8377376,2.680986560796486,2.9086288013582937,293.0,0,0.252743975000089,11.401133488303177,2.8815677973403755
1394,2.0,53.0,56.0,9.075,11.036262422607287,12,0,40000.0,25.689999999999998,11.0265665,10.237053824511971,10.873779152153347,53.0,1,1.1135671496019228,10.108325934851878,11.256299698520198
1395,0.0,0.0,213.0,0.0,,3,1,20000.0,16.53,0.88027626,1.0648634841796807,0.9595465120080764,0.0,0,0.17932093699861923,24.510042505126265,4.3951637878952265
1396,0.0,0.0,287.0,0.0,,6,5,20000.0,6.96,0.4970282,0.6788705903292737,0.5764640371084919,0.0,0,0.14920650090368365,24.510042505126265,3.6570576791904466
1397,0.0,0.0,79.0,0.0,,5,0,20000.0,2.57,2.7567813,2.454809215972412,2.497182804871663,0.0,0,0.28293745252749425,24.510042505126265,6.934808987741029
1402,7.0,152.0,192.0,9.652857142857144,19.049953917346453,32,4,80000.0,80.18,15.934632,16.817592845465086,18.42818403430124,152.0,2,1.9525955573869902,9.95131192017568,19.43088744550723
1406,2.0,256.0,289.0,8.05,4.6090320452543745,13,2,40000.0,23.689999999999998,4.538701,4.442351865561526,4.587631639969408,256.0,1,0.513684130421766,9.15194635380255,4.701209604419715
1408,3.0,111.0,204.0,15.886666666666665,13.270257648805394,24,5,40000.0,84.27,13.271541,13.701040645283689,13.607189058817696,111.0,1,0.8314049419966653,16.28032265510819,13.53554071275722
1409,1.0,19.0,637.0,15.7,0.8019684699925131,10,1,40000.0,17.669999999999998,0.8114822,0.9286915844214864,0.7401581334570135,19.0,0,0.04867574645241964,16.805591660870867,0.8180247186674482
1410,2.0,42.0,413.0,13.940000000000001,2.5184456722361652,9,0,20000.0,43.660000000000004,2.4533343,2.2241527624059083,2.6059439990425486,42.0,0,0.17537629865660612,14.647629995149428,2.568847132640788
1412,0.0,0.0,378.0,0.0,,4,2,40000.0,7.05,0.4724389,0.3686539795633967,0.5312964320812048,0.0,0,0.1236835087691238,24.510042505126265,3.0314880571143816
1414,1.0,235.0,551.0,9.6,1.5847995940821802,7,0,40000.0,25.700000000000003,1.5780905,1.6306362030772228,1.6155165669300953,235.0,0,0.14092123559992004,11.471094111896289,1.6165207559313923
1415,8.0,534.0,642.0,13.26125,12.424077403548555,39,1,60000.0,126.5,12.455973,12.490463610753212,12.572356932658618,534.0,1,0.9415667432300341,13.459470172752997,12.672989496160824
1417,0.0,0.0,446.0,0.0,,1,2,120000.0,9.32,0.34361675,0.29676321242006914,0.35431117627684117,0.0,0,0.10967150506130946,24.510042505126265,2.6880532506538652
1418,0.0,0.0,295.0,0.0,,4,4,100000.0,9.94,0.59867734,0.6588765719948708,0.5487702657635216,0.0,0,0.14654709033585403,24.510042505126265,3.591875413134361
1419,7.0,283.0,344.0,13.022857142857143,17.49135548264688,30,1,80000.0,133.04,20.10216,19.670739338428046,20.030964209185182,283.0,2,1.346158744916718,13.253614535035844,17.841469108093822
1420,2.0,41.0,316.0,9.485,2.8640729354530023,8,2,,30.98,,,,41.0,0,0.27846693308482784,10.490877767271611,2.9213625572199318
1421,0.0,0.0,149.0,0.0,,5,4,20000.0,5.69,1.6916283,1.7662445008410677,1.75302365932236,0.0,0,0.21729098707761238,24.510042505126265,5.3258113292531215
1423,1.0,450.0,702.0,5.44,1.0235502480057168,8,0,60000.0,11.72,1.0015383,0.9376920865837453,1.0240374316557492,450.0,0,0.13328574494878334,7.833141685054607,1.0440461247818713
1424,4.0,182.0,300.0,11.4025,9.668922835727864,17,3,40000.0,84.00999999999999,12.673607,10.245653202409489,10.161181990947568,182.0,1,0.8318156319062078,11.856448888298903,9.862379524184007
1425,6.0,291.0,341.0,16.055,18.899964441333395,39,3,40000.0,118.33,18.912796,19.021365434860765,19.298101955846484,291.0,2,1.186171971685453,16.252493574841928,19.27825234847541
1427,2.0,468.0,637.0,9.600000000000001,2.8396670222537037,16,4,100000.0,42.120000000000005,2.8082678,2.809873969777273,2.8238717313069905,468.0,0,0.2733052296574462,10.5981788909991,2.896537715755207
1428,2.0,353.0,605.0,22.825,5.9738479595496905,17,5,60000.0,67.98,5.809065,6.085626675755506,6.239452879190545,353.0,1,0.2656521633936843,22.93780811965995,6.093478350496884
1429,3.0,715.0,720.0,12.553333333333333,4.743696760294051,17,4,40000.0,51.72,4.753913,4.914136836012767,4.618840613603709,715.0,1,0.36939243310288683,13.099155556057044,4.83872894244511
1430,6.0,383.0,516.0,15.93,13.164360305086355,28,2,40000.0,98.02,11.677208,11.638617183245401,12.015409807975951,383.0,1,0.8324656257219039,16.130413335072618,13.428014630134168
1431,1.0,203.0,285.0,3.98,1.782358175361599,8,1,,6.779999999999999,,,,203.0,0,0.27728564532515554,6.5563603044803624,1.8179845980120706
1432,4.0,360.0,502.0,8.0175,4.983744079731241,19,4,20000.0,43.17,4.9923186,5.07088407536031,4.855847272178481,360.0,1,0.5918887731951591,8.588680397278626,5.083543503710557
1434,0.0,0.0,48.0,0.0,,3,3,100000.0,27.86,3.2799857,3.880544516733231,3.0353464415145113,0.0,0,0.326756335866914,24.510042505126265,8.008811680917375
1437,0.0,0.0,82.0,0.0,,2,1,80000.0,6.94,2.868909,2.188546370801031,2.472138496191366,0.0,0,0.27931608460091295,24.510042505126265,6.84604910593382
1438,3.0,433.0,578.0,18.19,7.577235145498928,15,3,20000.0,75.31,7.544432,7.377054329607754,7.6499406754665955,433.0,1,0.41826896058815705,18.47850912055253,7.728986803072287
1442,3.0,649.0,674.0,11.173333333333332,4.485678603698549,19,3,40000.0,36.370000000000005,4.4722967,4.247478582574114,4.259417249546333,649.0,1,0.3883444936168892,11.782152377049869,4.575533998582459
1443,1.0,36.0,50.0,12.58,8.753694537791127,11,4,60000.0,57.94,12.046382,10.956169287445098,10.327201656667581,36.0,1,0.6342223626541424,14.077127340739608,8.9280289614271
1444,11.0,295.0,347.0,11.452727272727273,23.33389425802497,52,5,20000.0,133.28,23.33003,23.143335471041087,23.002392893754497,295.0,2,2.0481253889692694,11.620872801123312,23.80100462596309
1446,1.0,92.0,635.0,39.2,2.7930741911626527,6,3,20000.0,53.35,2.813738,2.9065521233935474,2.656823162114268,92.0,0,0.07626496768404173,37.35652484134671,2.848994159813409
1447,0.0,0.0,272.0,0.0,,5,1,80000.0,12.96,0.7260112,0.7062845611124353,0.5499707485725329,0.0,0,0.15446281008540655,24.510042505126265,3.7858900406545604
1448,1.0,132.0,251.0,20.52,5.818980992297539,9,3,80000.0,22.7,5.8434405,5.807315228008374,5.519135136513452,132.0,1,0.2823527969078814,21.0207192323557,5.9352588682709255
1449,4.0,581.0,664.0,15.362499999999999,7.637883217496766,22,4,60000.0,83.25999999999999,7.630244,7.812800344058304,7.667956025755911,581.0,1,0.49689013782583535,15.67930360748363,7.790891330535659
1451,2.0,362.0,395.0,12.67,5.47913097200116,13,3,20000.0,45.79,5.5417533,5.344980519540021,5.6456786326389885,362.0,1,0.41513183074674304,13.462652367898063,5.5887755241924975
1455,0.0,0.0,333.0,0.0,,3,2,40000.0,14.66,0.5154351,0.6193862709786494,0.5766049065146719,0.0,0,0.13511050676778594,24.510042505126265,3.311564263767583
1457,0.0,0.0,467.0,0.0,,5,2,120000.0,17.17,0.33503667,0.29130386738414366,0.28449074510893446,0.0,0,0.10596489225972978,24.510042505126265,2.597204013337102
1460,1.0,202.0,262.0,11.23,3.7754249664255943,10,1,20000.0,22.4,3.6734047,3.80801610733858,3.711425041489537,202.0,0,0.2985974849140645,12.89654181760589,3.8508749508261766
1466,2.0,611.0,662.0,9.38,2.8365463251179874,11,1,60000.0,37.97,2.934594,2.826857659273201,2.869931786280402,611.0,0,0.2783973426253366,10.392907176042169,2.8933577399619312
1467,0.0,0.0,687.0,0.0,,5,3,40000.0,14.16,0.08512858,0.16884125099743938,0.21367568908262236,0.0,0,0.07826363247486394,24.510042505126265,1.9182449585644954
1468,3.0,275.0,540.0,14.36,5.524378389673863,22,2,40000.0,62.9,5.524855,5.5200318009613305,5.392454891211054,275.0,1,0.3801439236143792,14.823348123742765,5.6350057168614205
1469,0.0,0.0,35.0,0.0,,4,5,20000.0,34.22,4.622392,3.9912682293733046,3.90169191341793,0.0,0,,24.510042505126265,
1470,3.0,531.0,633.0,17.543333333333333,6.985936053721794,13,4,40000.0,63.81999999999999,6.95952,7.037549754063138,6.732556491360746,531.0,1,0.3989540874716296,17.861362703336606,7.125863658309455
1473,0.0,0.0,355.0,0.0,,2,0,20000.0,4.83,0.39182737,0.3755788827624087,0.6438400134784761,0.0,0,0.12927116732280483,24.510042505126265,3.168441805769236
1475,1.0,16.0,81.0,7.89,4.83554776352983,8,3,20000.0,17.95,4.8353815,4.6924385549263885,4.695340303238016,16.0,1,0.4943951256330908,9.975685782593576,4.931930425761589
1478,1.0,88.0,321.0,10.5,2.373580707365707,5,4,40000.0,19.32,2.3625205,2.2291585480377596,2.344996228726578,88.0,0,0.19750428951795188,12.258151127318765,2.4210374292047736
1480,0.0,0.0,56.0,0.0,,4,3,20000.0,10.15,3.375836,3.2821383173359706,2.985153629268768,0.0,0,0.3141900948631404,24.510042505126265,7.700812579785225
1481,3.0,505.0,571.0,7.896666666666666,3.7165383305631354,16,2,140000.0,31.639999999999997,3.7149577,3.6739540369362236,3.670559747686623,505.0,0,0.43800586486048904,8.655065118682595,3.790969282732421
1484,2.0,285.0,557.0,21.134999999999998,5.6807380017980655,13,4,40000.0,54.28,5.590876,5.9180365128393255,5.610239948828513,285.0,1,0.2712652998762118,21.360948127490815,5.794483999444
1485,0.0,0.0,478.0,0.0,,4,1,60000.0,14.67,0.36281633,0.25160046266210917,0.27174710659048706,0.0,0,0.10412169244402622,24.510042505126265,2.552027107508767
1487,0.0,0.0,177.0,0.0,,3,1,80000.0,14.81,1.4265263,1.4466720909635626,1.2842946403144113,0.0,0,0.1988621793367062,24.510042505126265,4.874120468204711
1490,3.0,135.0,641.0,9.373333333333333,1.3253717410132535,18,4,60000.0,45.21,1.7364573,1.4576827445470206,1.329184973304396,135.0,0,0.13432790080263896,10.064322143562253,1.351919266546233
1491,10.0,381.0,607.0,16.014,12.88176230122884,48,1,140000.0,166.12,12.881821,13.467935923470176,13.5144296838495,381.0,1,0.8144090958295179,16.13419375191639,13.139834145436483
1494,1.0,129.0,216.0,4.51,2.2090135231965813,5,4,20000.0,6.1499999999999995,2.206799,2.1216372418925267,2.1269844265313083,129.0,0,0.32096695133266123,7.019849435784712,2.253139672218121
1495,4.0,232.0,312.0,26.972499999999997,22.533317704859265,29,3,40000.0,121.69,20.865345,22.170838743697384,21.96262060464948,232.0,2,0.8548373062913815,26.887218579638855,22.984197504286065
1497,3.0,514.0,599.0,9.276666666666667,4.097717391891548,14,3,40000.0,44.81,4.178935,4.200160250082304,4.2229202978578915,514.0,1,0.41914954418888906,9.97206829768977,4.179787881597138
1498,0.0,0.0,207.0,0.0,,2,0,20000.0,7.66,0.83763725,1.0532323397103198,1.0450965724389194,0.0,0,0.18230589039126666,24.510042505126265,4.468325122424836
1499,1.0,134.0,406.0,5.28,1.2737944944681145,12,0,20000.0,22.98,1.25201,1.124239312490289,1.2139180454954293,134.0,0,0.16888575078234627,7.693220437868389,1.2992753095834937
1501,2.0,59.0,235.0,7.09,3.6750654465679506,10,2,20000.0,28.15,4.43761,3.5928883599927164,3.463087793567668,59.0,0,0.4540256617949059,8.256215233990496,3.7485335855337185
1502,0.0,0.0,121.0,0.0,,2,5,80000.0,7.68,2.2349074,2.0510600387436844,1.8376663366963832,0.0,0,0.23950204412865142,24.510042505126265,5.8702052816578725
1503,1.0,30.0,210.0,2.49,1.316197104689457,4,1,40000.0,10.49,1.3170979,1.3167676580777044,1.1790167425529505,30.0,0,0.2555490632300931,5.253343690058704,1.3424870588202222
1504,0.0,0.0,199.0,0.0,,3,3,120000.0,11.03,1.0700754,1.185567015209363,0.9717158630709228,0.0,0,0.18644439961941636,24.510042505126265,4.569760159514642
1507,2.0,374.0,606.0,16.95,4.628990743869418,12,1,60000.0,55.23,4.649465,4.727771411751156,4.7112644085723545,374.0,1,0.2704890667671633,17.456120277060137,4.7216896831173525
1508,1.0,167.0,288.0,7.67,2.5142457579447273,7,1,60000.0,10.11,2.541363,2.56315825767508,2.585961848415891,167.0,0,0.2621307912244121,9.783294067712527,2.5645026147505816
1511,1.0,15.0,218.0,6.16,1.9053187018364777,7,3,20000.0,28.7,1.9051377,1.8560974137758728,1.73214809206757,15.0,0,0.22963819728494622,8.462787297392591,1.9433792189791768
1512,0.0,0.0,641.0,0.0,,4,5,60000.0,16.74,0.13580498,0.1784623145523541,0.17734030326308226,0.0,0,0.08278800624709488,24.510042505126265,2.0291375520309543
1519,1.0,40.0,322.0,11.34,2.0877125854165453,9,0,40000.0,29.48,2.1497295,2.1902087029194752,2.1703648722706053,40.0,0,0.16389571471996642,12.992737675046413,2.1294540274207665
1520,0.0,0.0,358.0,0.0,,4,2,20000.0,2.82,0.41276616,0.3766819841077303,0.6187106433837322,0.0,0,0.12851383317159334,24.510042505126265,3.1498795135324587
1523,1.0,122.0,173.0,4.19,2.502644595309173,6,1,80000.0,24.82,2.487031,2.421682301976517,2.451938655405989,122.0,0,0.3787251446009749,6.740006941412275,2.5526101034979387
1524,3.0,417.0,584.0,12.713333333333333,5.316320631294726,18,4,20000.0,47.379999999999995,5.3256483,5.235737202995923,5.295075749262743,417.0,1,0.4092102760656608,13.251851576811498,5.422793842128195
1528,4.0,509.0,538.0,9.067499999999999,5.6124412310584155,18,4,40000.0,72.92999999999999,6.209652,5.672441459103352,6.406223304928917,509.0,1,0.5961938393005327,9.602316118274574,5.724841712731506
1529,0.0,0.0,516.0,0.0,,3,4,40000.0,6.75,0.3098013,0.264608699969721,0.19851901747766298,0.0,0,0.09822013689853398,24.510042505126265,2.4073797302423885
1531,0.0,0.0,171.0,0.0,,5,1,60000.0,10.25,1.4265275,1.620178648699576,1.2987937202209663,0.0,0,0.2025422618904496,24.510042505126265,4.964319448019335
1532,1.0,380.0,663.0,19.14,2.6103341344581246,9,4,120000.0,33.13,2.7797458,2.696685837038351,2.761674137062044,380.0,0,0.13438038504783692,19.813898475374565,2.6625993064195828
1533,12.0,588.0,663.0,16.223333333333333,21.838503741083674,50,3,40000.0,206.67000000000002,21.83319,22.90155376545469,21.926202574207178,588.0,2,1.3648500322040231,16.321257812869476,22.276069251505067
1537,0.0,0.0,185.0,0.0,,4,3,40000.0,3.54,1.2354406,1.4322570664862717,1.2123847049391445,0.0,0,0.1941591577482881,24.510042505126265,4.758849209170057
1538,3.0,291.0,510.0,5.286666666666666,2.5505962999643446,18,2,120000.0,21.57,2.5315468,2.4004876816472396,2.5143870912562427,291.0,0,0.4220602098248281,6.164211280125549,2.6016683062943615
1539,2.0,445.0,504.0,11.809999999999999,4.261202089462768,12,2,60000.0,31.38,4.3363676,3.8479495402019226,4.18730535560601,445.0,1,0.3433201337231226,12.66022657306643,4.346510680030197
1541,0.0,0.0,177.0,0.0,,4,4,20000.0,2.04,1.3036126,1.4760258362778913,1.2946137078722417,0.0,0,0.1988621793367062,24.510042505126265,4.874120468204711
1542,2.0,104.0,147.0,37.12,26.485697524771076,9,3,60000.0,82.47,26.489685,23.685555455679317,25.963430969220376,104.0,2,0.7447019613234463,36.275804325611325,27.01466262986831
1545,1.0,28.0,487.0,22.52,1.8638373284504317,6,0,60000.0,33.1,1.873147,1.8370898303460186,1.7309960848503776,28.0,0,0.08349394353871578,22.76973482218343,1.901134953634914
1547,1.0,74.0,127.0,6.84,3.8592473107296223,6,5,80000.0,17.560000000000002,3.4527643,3.6688960808021935,3.742805142326854,74.0,0,0.434586080294945,9.057452597934018,3.9362428219934116
1548,1.0,404.0,680.0,9.74,1.5145135764565794,10,2,20000.0,12.6,1.5110544,1.4881646216261526,1.4917412628256095,404.0,0,0.1332501579127473,11.593525203184228,1.544839064089714
1549,2.0,284.0,618.0,20.365000000000002,4.774903118078823,12,4,40000.0,55.43,4.8244095,4.860923790293007,4.889835298150745,284.0,1,0.23594659494079828,20.642497125141567,4.87052690775237
1550,9.0,246.0,322.0,14.52222222222222,24.885037890844202,41,2,40000.0,142.36,24.816872,24.598241609786538,24.250169958946994,246.0,2,1.7292164398151504,14.678973574948497,25.38312242541311
1551,5.0,554.0,664.0,8.370000000000001,5.18351830157703,20,4,40000.0,51.75,5.186552,4.963460934450198,5.001442711273129,554.0,1,0.5994541900419813,8.820296906191604,5.287363937830881
1553,5.0,218.0,337.0,19.688,18.266831138547168,28,1,40000.0,109.76,18.251606,18.512226475148985,18.487328316639807,218.0,2,0.9399616128403407,19.82253191470178,18.632419069122214
1554,2.0,82.0,281.0,4.92,2.463322736424395,9,3,20000.0,24.240000000000002,2.436355,2.325671709255148,2.3977439550299646,82.0,0,0.40320772657629095,6.231489681915331,2.512584787828695
1556,3.0,409.0,622.0,10.09,3.982006270357225,14,3,60000.0,42.08,3.3569655,3.6336236963894786,4.0139861157234735,409.0,0,0.37789917352729807,10.748273069858248,4.061763509945147
1559,0.0,0.0,121.0,0.0,,4,2,20000.0,8.77,2.0983508,2.12037800522865,1.881972379606447,0.0,0,0.23950204412865142,24.510042505126265,5.8702052816578725
1560,0.0,0.0,165.0,0.0,,4,1,40000.0,8.82,1.4378738,1.7126647719667734,1.4232798901153974,0.0,0,0.20636161640824802,24.510042505126265,5.057931989592721
1561,0.0,0.0,697.0,0.0,,5,4,20000.0,11.72,0.1011019,0.1311068779996104,0.19542203157583415,0.0,0,0.07734478224683618,24.510042505126265,1.89572390041969
1563,2.0,88.0,134.0,6.29,5.700477049223359,10,4,40000.0,24.66,5.5394354,5.982211657307176,5.710527233723872,88.0,1,0.7742317287032043,7.509772634147117,5.814304248703738
1564,1.0,2.0,50.0,14.61,9.108885437751361,8,4,40000.0,21.33,9.099567,9.20820450285577,9.105703387782654,2.0,1,0.5860504700512238,15.852378164414752,9.29029367468502
1565,0.0,0.0,685.0,0.0,,4,5,60000.0,9.83,0.09387891,0.17107850012854625,0.19626500366936028,0.0,0,0.07845003027854297,24.510042505126265,1.9228135766555308
1567,13.0,652.0,659.0,11.616153846153846,17.46340375964864,61,2,60000.0,165.63,17.47076,17.116001093824373,17.32134415963947,652.0,2,1.5151327567777342,11.756928976829792,17.81330821190415
1568,0.0,0.0,209.0,0.0,,3,0,80000.0,13.86,1.037505,1.0421363944573305,0.9311441782146348,0.0,0,0.18129989362377114,24.510042505126265,4.443668098893501
1571,8.0,258.0,317.0,9.395,15.22136831885287,34,0,100000.0,95.23,15.230101,15.35522802180582,15.714629028743602,258.0,2,1.6070234617593815,9.661349151268427,15.52601475833745
1572,0.0,0.0,204.0,0.0,,5,4,60000.0,24.63,1.1974578,1.1099834790658125,0.9896073215828016,0.0,0,0.1838360563868678,24.510042505126265,4.505829556016919
1575,1.0,87.0,323.0,9.22,2.1347525050185667,6,2,20000.0,24.770000000000003,2.0516064,2.1454889574829035,2.13692150858423,87.0,0,0.19548231731080418,11.138781149829018,2.1774347511864804
1576,1.0,19.0,359.0,17.37,2.255747451460773,11,4,100000.0,37.980000000000004,2.2401094,2.181985951739799,2.467259014775643,19.0,0,0.12596391394731604,18.266019678377024,2.300859330927065
1577,0.0,0.0,162.0,0.0,,3,4,20000.0,34.29,1.3952287,1.8032774540431784,1.6310570738503207,0.0,0,0.20832602289727487,24.510042505126265,5.1060796761361145
1578,4.0,210.0,299.0,8.7625,7.93160615480784,21,1,40000.0,54.379999999999995,7.959855,7.8283036118976925,8.040559222005564,210.0,1,0.8691885068684853,9.307879075509085,8.090301515754158
1580,0.0,0.0,581.0,0.0,,3,4,20000.0,4.42,0.24577259,0.182137369446092,0.20596505906445994,0.0,0,0.08954032607580474,24.510042505126265,2.19463719804084
1582,0.0,0.0,412.0,0.0,,4,4,40000.0,13.18,0.49704865,0.31946109688907776,0.48947757159245775,0.0,0,0.11625626573300238,24.510042505126265,2.849446014603142
1583,0.0,0.0,125.0,0.0,,5,1,120000.0,11.48,2.282917,2.042874923642147,1.8324171756211545,0.0,0,0.23605380490518893,24.510042505126265,5.785688791722963
1584,1.0,35.0,527.0,26.32,1.9609181193154681,8,3,20000.0,27.54,1.964033,2.073991139810439,1.9568109082672684,35.0,0,0.07665560739093079,26.09286444285612,2.0001643724363567
1586,0.0,0.0,49.0,0.0,,1,2,40000.0,2.5,3.48767,3.3659085455163646,3.015327217688596,0.0,0,0.3251304581059684,24.510042505126265,7.9689613478884604
1587,3.0,271.0,461.0,14.703333333333333,6.901573771315473,18,2,,58.26,,,,271.0,1,0.46463876493426776,15.151008334945033,7.0397458002576565
1588,0.0,0.0,261.0,0.0,,5,1,120000.0,19.88,0.8230095,0.7589496536537065,0.5376441288090987,0.0,0,0.15855961093598295,24.510042505126265,3.8863028036372254
1589,0.0,0.0,51.0,0.0,,2,0,40000.0,3.74,3.483881,3.3659085455163646,3.032281218383523,0.0,0,0.3219271074994206,24.510042505126265,7.8904470883631515
1590,3.0,169.0,328.0,24.429999999999996,13.938814041428657,18,1,20000.0,83.87,11.486167,12.418800924537766,12.763089340197144,169.0,2,0.5818905170761779,24.43365392997627,14.217711519374278
1593,11.0,246.0,360.0,11.39,19.22796841212916,44,2,40000.0,132.94,19.219402,19.218862726258045,19.30844091826839,246.0,2,1.6967717910955762,11.558953298617547,19.612905891685415
1594,4.0,499.0,659.0,16.0225,7.713221767291529,24,2,100000.0,71.88,7.701266,7.5825674862805466,7.593429509369325,499.0,1,0.4821967711094271,16.316446060681088,7.867737606441552
1596,1.0,547.0,725.0,13.34,1.9798729424908545,7,2,80000.0,16.12,1.9858137,1.8626284890062783,1.9460003221739894,547.0,0,0.13699324207819355,14.741753264874145,2.0195205736719037
1598,3.0,287.0,497.0,15.326666666666668,6.69199080520624,19,0,20000.0,54.1,6.7081027,6.753083204463731,6.375382468719228,287.0,1,0.4335089579751481,15.745886582467598,6.8259828847603945
1599,2.0,284.0,336.0,13.9,6.588841014240065,9,4,20000.0,30.29,6.5238705,6.345981194415375,6.175983014513161,284.0,1,0.45999388486074827,14.610307865157258,6.720652273905233
1601,0.0,0.0,283.0,0.0,,5,1,80000.0,17.1,0.6637476,0.6708064446194851,0.5874084451873358,0.0,0,0.1505728100271229,24.510042505126265,3.6905459738810844
1602,1.0,34.0,651.0,14.45,0.8069735020286165,9,5,20000.0,19.799999999999997,0.80382663,0.8978646180452287,0.5925057842208146,34.0,0,0.05238713207405702,15.712456917228536,0.8231305557307821
1603,2.0,8.0,493.0,4.585,0.46699915530887803,6,3,20000.0,16.22,0.46610007,0.648826985779968,0.4319892261846645,8.0,0,0.08047892405000195,5.918916843230916,0.47634805908465816
1605,0.0,0.0,433.0,0.0,,4,1,60000.0,18.9,0.24854995,0.2870195898968808,0.48917096421252193,0.0,0,0.1120990676175826,24.510042505126265,2.747552912091973
1606,2.0,181.0,311.0,16.43,7.494573050033617,14,1,60000.0,54.58,7.6218443,8.03663039330215,7.923527980510648,181.0,1,0.4504455580288703,16.970932587161943,7.644481199494502
1607,6.0,468.0,506.0,12.641666666666666,11.366995744315648,30,0,60000.0,95.24,11.4126835,11.586479500762868,11.537467922143044,468.0,1,0.8974956169511203,12.91888916087457,11.594646397762265
1610,6.0,490.0,506.0,12.895000000000001,11.659685084484517,31,0,40000.0,84.93,11.624675,11.534316463305064,11.329875594606456,490.0,1,0.9033056292905071,13.166305113473712,11.893197525957191
1611,1.0,56.0,545.0,12.84,1.1524937895425442,7,0,80000.0,22.8,1.1552484,1.2589995590984704,1.1533087894113931,56.0,0,0.08218124051352284,14.304499367417211,1.1755615029392492
1612,8.0,248.0,346.0,17.61875,24.947427445986406,43,3,140000.0,156.66,25.997246,25.88935686383769,24.61779148258816,248.0,2,1.4344160192755389,17.740184650895646,25.446805048150747
1614,6.0,188.0,318.0,15.848333333333334,17.115368444803426,30,3,60000.0,117.71000000000001,17.119751,16.924118418589682,17.34809622854772,188.0,2,1.087675150247192,16.05065424509,17.457897767593998
1615,0.0,0.0,266.0,0.0,,4,4,40000.0,8.18,0.787458,0.7657353488273712,0.5528571262784601,0.0,0,0.15667074957986432,24.510042505126265,3.8400067315124673
1616,1.0,10.0,360.0,4.14,0.776033269147671,8,3,40000.0,9.1,0.76415545,0.736443159699875,0.9139384091363629,10.0,0,0.11820783905115896,6.696281551666582,0.7915529719006483
1617,1.0,99.0,456.0,11.55,1.6870848757677122,8,4,140000.0,16.77,1.6582583,1.7088778029606895,1.5046904972729243,99.0,0,0.13060040256267802,13.176384311978325,1.7208410954649245
1620,0.0,0.0,161.0,0.0,,4,0,80000.0,7.95,1.4136244,1.6824657285894464,1.633216343987323,0.0,0,0.2089891929355208,24.510042505126265,5.122334001961648
1622,3.0,534.0,558.0,11.146666666666667,5.206836715385611,16,1,80000.0,45.03,5.0671043,5.085342226671493,5.174752736334465,534.0,1,0.45175167363937097,11.756703040257461,5.311110274917389
1624,2.0,344.0,601.0,5.205,1.6899406170464988,9,4,40000.0,33.93,1.7286692,1.7098251421480972,1.6770757465016093,344.0,0,0.26530302501298964,6.497409858109535,1.7237824901056793
1625,0.0,0.0,70.0,0.0,,3,0,,5.09,,,,0.0,0,0.2943915037511381,24.510042505126265,7.215548270088433
1626,3.0,345.0,362.0,8.33,5.557867918221709,15,0,140000.0,27.91,5.5649457,5.350086894231441,5.4683912335790215,345.0,1,0.625133163038893,9.068616841559244,5.669093130551706
1628,0.0,0.0,645.0,0.0,,4,5,100000.0,2.27,0.047246605,0.1773328061613633,0.1738820628649247,0.0,0,0.08237390567423496,24.510042505126265,2.0189879293887603
1631,0.0,0.0,608.0,0.0,,4,3,40000.0,8.46,0.152217,0.1597690279637137,0.1861938774020686,0.0,0,0.08637020004919957,24.510042505126265,2.11693727438214
1633,4.0,631.0,687.0,16.595,8.060816009720515,21,4,20000.0,77.22,8.085471,8.134482932188313,8.058119723924989,631.0,1,0.48741749718535027,16.869118870462213,8.222303699562854
1634,3.0,642.0,729.0,14.32,5.196644014946645,16,1,20000.0,51.54,5.1895375,5.076226707074826,5.077994970532885,642.0,1,0.3585180584388259,14.785174118554151,5.300751918664013
1636,7.0,192.0,256.0,8.68142857142857,14.21202581557084,30,2,40000.0,69.0,14.20733,14.130483236274475,14.113659259209818,192.0,2,1.6108144140368585,8.999397643742906,14.496359442190414
1638,0.0,0.0,457.0,0.0,,3,1,,8.85,,,,0.0,0,0.10769815053712864,24.510042505126265,2.63968624738851
1639,0.0,0.0,94.0,0.0,,1,4,40000.0,8.49,2.7187462,2.3361774094587258,2.233747169452106,0.0,0,0.26571711375333995,24.510042505126265,6.512737752433833
1641,4.0,310.0,315.0,13.08,11.729863927988085,15,2,,66.94,,,,310.0,1,0.887853005105184,13.4758526235091,11.964576248137131
1642,0.0,0.0,415.0,0.0,,3,4,40000.0,10.3,0.51879334,0.30915492897585956,0.48947757159245775,0.0,0,0.11564357702460484,24.510042505126265,2.834428988317908
1643,2.0,287.0,429.0,6.195,2.6636349463081097,13,1,80000.0,32.45,2.627194,2.844610156280364,2.9377636229632196,287.0,0,0.3661093058991226,7.421132575415716,2.716945696170816
1646,2.0,52.0,110.0,7.16,6.728256818953847,9,2,80000.0,39.75,6.734737,7.104754013797408,6.980673198835614,52.0,1,0.8246747753751116,8.321528961476792,6.862555027083359
1647,0.0,0.0,401.0,0.0,,4,1,120000.0,4.86,0.4504454,0.3016808759577839,0.44896917964338634,0.0,0,0.11855951364079308,24.510042505126265,2.9058987187229355
1648,2.0,28.0,675.0,16.375,0.7831554532216363,14,3,60000.0,42.21,0.7789429,0.8379982700618407,0.7492377335140015,28.0,0,0.04721391373491405,16.91961465842271,0.7988412269107571
1650,0.0,0.0,453.0,0.0,,2,2,20000.0,8.25,0.3257448,0.30977634886355243,0.416499424574142,0.0,0,0.10840745363341317,24.510042505126265,2.6570712964274614
1654,0.0,0.0,85.0,0.0,,5,1,20000.0,11.62,2.7418823,2.519172255777988,2.4837450327156607,0.0,0,0.2757867621292345,24.510042505126265,6.759545262138683
1655,0.0,0.0,643.0,0.0,,4,2,40000.0,23.04,-0.023039235,0.18375230968980816,0.19916350612417588,0.0,0,0.08258043646465664,24.510042505126265,2.024050007840613
1656,0.0,0.0,389.0,0.0,,4,4,20000.0,13.32,0.5037549,0.36053288089062724,0.44596922458410937,0.0,0,0.12117868533013129,24.510042505126265,2.9700947281568384
1658,0.0,0.0,186.0,0.0,,2,3,40000.0,8.22,1.2309283,1.4322570664862717,1.2123847049391445,0.0,0,0.19358692487928963,24.510042505126265,4.744823757228074
1659,3.0,183.0,530.0,10.229999999999999,3.1491824611173067,14,1,40000.0,37.41,3.1400862,3.3887237852511163,3.3098545883517745,183.0,0,0.2951919507089955,10.881882088018395,3.212244000947427
1660,3.0,122.0,311.0,9.163333333333332,5.281812265549999,16,4,20000.0,42.269999999999996,5.2127786,5.266121777902043,5.133422990381005,122.0,1,0.5461814814439101,9.863908616322028,5.387484220890115
1662,0.0,0.0,273.0,0.0,,5,1,20000.0,13.49,0.56553936,0.7118339142075645,0.6030859648755484,0.0,0,0.15410086951959562,24.510042505126265,3.777018862002205
1663,1.0,16.0,113.0,15.79,6.718502961884374,8,2,40000.0,30.18,6.7466,6.48723798572906,7.009303243258773,16.0,1,0.4058509850108192,16.884297362413115,6.852508715750939
1665,2.0,533.0,606.0,8.620000000000001,2.8145963063171817,10,4,80000.0,21.78,2.77992,2.69684186792422,2.7303497205654392,533.0,0,0.29647086945838363,9.68378670619096,2.8709606644339707
1666,0.0,0.0,371.0,0.0,,4,3,20000.0,8.32,0.48057148,0.3766819841077303,0.5463010799740582,0.0,0,0.125332204851079,24.510042505126265,3.0718976681611383
1669,1.0,324.0,444.0,23.14,4.612293348472383,11,5,40000.0,39.78,4.6041036,4.734224902131676,4.702547080593827,324.0,1,0.20180971920024632,23.311929655030028,4.704573977697505
1674,0.0,0.0,134.0,0.0,,4,0,20000.0,14.12,1.6883402,1.7672477775734143,1.7438121813334773,0.0,0,0.22864838077945207,24.510042505126265,5.6041815316326655
1675,0.0,0.0,559.0,0.0,,4,2,140000.0,6.08,0.1393605,0.14889059067481475,0.22085252742738426,0.0,0,0.0923009127715421,24.510042505126265,2.2622992952924488
1676,6.0,271.0,524.0,9.958333333333334,5.99343264268258,29,3,40000.0,76.05,6.02575,6.228282959265047,6.388018644610305,271.0,1,0.5936426960921389,10.29823334716,6.1134710091940345
1681,3.0,610.0,719.0,19.606666666666666,6.998187363260312,22,5,80000.0,88.45,7.8304667,8.008867846641877,7.664474720447558,610.0,1,0.3599698678543388,19.830505137649265,7.1383843138843925
1682,3.0,515.0,667.0,23.373333333333335,8.60714483303613,18,0,20000.0,81.78,8.737422,8.563599608996205,8.344462773621016,515.0,1,0.3747907577149116,23.42522395957706,8.779557437451388
1683,0.0,0.0,471.0,0.0,,2,3,60000.0,16.7,0.31611082,0.28998547449263523,0.31697737992976815,0.0,0,0.10528712720345981,24.510042505126265,2.580591962999436
1684,1.0,478.0,499.0,3.76,1.2340649705387525,7,3,60000.0,24.060000000000002,1.228305,1.3869466676174957,1.2286413328702244,478.0,0,0.19779501413067566,6.363968589599312,1.258761257106972
1686,0.0,0.0,276.0,0.0,,4,0,,14.36,,,,0.0,0,0.15302517583163286,24.510042505126265,3.7506535639877416
1690,3.0,269.0,332.0,7.62,5.334276555558372,14,2,,28.6,,,,269.0,1,0.6484319485931621,8.391028249461352,5.441010798498494
1692,1.0,487.0,605.0,2.16,0.7900370186672799,10,3,60000.0,8.879999999999999,0.7894547,0.7914394431757991,0.899192007313963,487.0,0,0.16231471420135657,4.964756117737128,0.8058529703299385
1693,10.0,277.0,323.0,14.081,27.569350319594708,47,3,40000.0,148.75,29.087683,27.541756338507334,27.365351681467807,277.0,2,1.9763923086847421,14.228539957201283,28.121176935226146
1696,5.0,542.0,636.0,5.816,3.878451343382819,15,3,140000.0,33.84,4.2048497,3.931957267014092,3.8766376333902857,542.0,0,0.6242390327109534,6.33755187953186,3.9561472550344527
1701,0.0,0.0,192.0,0.0,,2,0,20000.0,3.15,0.86854523,1.411739280999541,1.0374990092702605,0.0,0,0.19022334637271027,24.510042505126265,4.662382305062485
1702,0.0,0.0,160.0,0.0,,4,2,60000.0,10.21,1.4142938,1.7202694941230692,1.6377186116394826,0.0,0,0.20965661417548534,24.510042505126265,5.1386925249220035
1706,3.0,168.0,509.0,13.746666666666664,4.152803296374929,19,3,60000.0,45.959999999999994,4.153337,4.274467325040957,4.291873613399338,168.0,1,0.2975103913040196,14.238013377517351,4.235956931337053
1718,3.0,604.0,663.0,20.043333333333333,7.744709473605729,18,4,40000.0,67.8,6.876923,7.103565999224043,7.367881461274418,604.0,1,0.39016902323914976,20.247238027624967,7.8998450845290025
1719,0.0,0.0,105.0,0.0,,4,3,40000.0,5.92,2.5990899,2.27584099232651,2.1666709533812067,0.0,0,0.25437039900107217,24.510042505126265,6.234629291562206
1720,16.0,567.0,613.0,13.6725,26.145745715592895,74,4,40000.0,228.99,26.13628,24.595928685473464,26.036398844201315,567.0,2,1.9369523755818763,13.768835459024892,26.66957855135424
1721,2.0,430.0,462.0,7.58,3.163731644365967,12,4,60000.0,29.86,3.1594543,3.189290010236951,3.1779683424703986,430.0,0,0.3703554874314892,8.713411326394565,3.2270596989779183
1722,1.0,26.0,291.0,3.71,1.0768599283388003,7,3,40000.0,17.59,1.1201044,1.1506779367784752,0.9198489198250739,26.0,0,0.17378850498180468,6.3202431998536195,1.0983856168239778
1726,1.0,124.0,177.0,4.05,2.422522827634316,6,1,60000.0,22.68,2.4153306,2.4221868815435603,2.445707238297618,124.0,0,0.37338314567063235,6.617575850124334,2.470891287633433
1728,0.0,0.0,447.0,0.0,,1,4,100000.0,3.08,0.3630276,0.2881258425405791,0.35763675947682305,0.0,0,0.10948912234666917,24.510042505126265,2.6835830425658314
1729,0.0,0.0,417.0,0.0,,4,1,120000.0,22.88,0.54903764,0.34480324721916505,0.48965376247382064,0.0,0,0.1152386977448,24.510042505126265,2.824505379960446
1730,0.0,0.0,652.0,0.0,,6,1,40000.0,6.52,0.102704376,0.16905410585163025,0.21280946531819467,0.0,0,0.08165911824664643,24.510042505126265,2.0014684591564356
1731,0.0,0.0,274.0,0.0,,5,5,20000.0,7.7,0.5974483,0.7172806515821477,0.57688381372063,0.0,0,0.1537406248802351,24.510042505126265,3.7681892505792347
1736,0.0,0.0,588.0,0.0,,3,0,80000.0,23.73,0.052859753,0.17096474149018653,0.22192739086396074,0.0,0,0.08869628863620473,24.510042505126265,2.1739498045203254
1737,0.0,0.0,246.0,0.0,,3,5,40000.0,4.86,0.9716453,0.9878860652530493,0.8280072078734317,0.0,0,0.16451041912116818,24.510042505126265,4.032157365195968
1738,1.0,203.0,380.0,11.62,2.701032546030319,10,4,20000.0,42.36,2.6917562,2.4269176673769173,2.663530306261902,203.0,0,0.20812353761536415,13.237599857622296,2.755056111904993
1740,0.0,0.0,43.0,0.0,,1,1,60000.0,5.01,4.63934,3.1699375073915523,3.0488998427682645,0.0,0,0.3351378164852305,24.510042505126265,8.214242127128205
1741,0.0,0.0,706.0,0.0,,3,4,80000.0,4.75,0.0965915,0.14566937462158766,0.17415226356449498,0.0,0,0.07653608247611607,24.510042505126265,1.8759026346654544
1742,0.0,0.0,97.0,0.0,,2,2,40000.0,4.93,2.705085,2.3370934918717845,2.2560566290203363,0.0,0,0.2625228472567665,24.510042505126265,6.434446144830117
1743,2.0,255.0,670.0,19.1,3.7678158380633873,12,3,60000.0,40.18,3.7303221,3.502719683054603,3.544609889603007,255.0,0,0.19747425233869836,19.462184764139224,3.8432803851759996
1744,7.0,402.0,544.0,12.665714285714285,11.493828110142676,31,3,40000.0,100.08,11.507197,11.6446706428125,11.466801549418491,402.0,1,0.9085842090538814,12.903646051053206,11.724049041207417
1745,5.0,281.0,349.0,10.462,10.410385993698991,29,3,20000.0,65.0,10.373475,10.966390934183412,10.824181651775447,281.0,1,0.9783320555717087,10.853931438600448,10.618749055360368
1747,0.0,0.0,368.0,0.0,,4,1,40000.0,14.35,0.7087829,0.3657101706570829,0.6227876234686827,0.0,0,0.12605234237503457,24.510042505126265,3.089548269482826
1748,2.0,434.0,713.0,13.940000000000001,3.3643513654688175,11,1,20000.0,54.38,3.080608,3.5914574328553974,3.4349578454754,434.0,0,0.23428643411966218,14.647629995149428,3.431740999867764
1750,1.0,470.0,644.0,6.24,1.2524383505768153,8,3,80000.0,11.34,1.2400241,1.1737195845664903,1.137928785994724,470.0,0,0.14971893680417347,8.532747920985699,1.2775139467480006
1753,7.0,305.0,345.0,10.438571428571427,14.332414454219135,30,3,20000.0,82.32,14.34245,14.532625820188786,14.14916021525729,305.0,2,1.363582507642083,10.72124258493748,14.619298849008137
1754,2.0,268.0,334.0,14.35,6.746037283976608,12,5,80000.0,49.120000000000005,6.728234,6.650985452630138,6.896973751149915,268.0,1,0.4578116100372551,15.030181827569159,6.880991741632131
1755,0.0,0.0,225.0,0.0,,4,1,120000.0,22.72,1.101596,1.097212409509321,0.8629014178240482,0.0,0,0.17363572742427785,24.510042505126265,4.2558190595775685
1758,3.0,620.0,703.0,13.266666666666667,4.99325747423099,15,4,40000.0,42.260000000000005,4.971294,4.766981362386117,4.988882472139628,620.0,1,0.36961637798290187,13.77992531525399,5.093286083899077
1759,0.0,0.0,209.0,0.0,,4,0,20000.0,6.34,0.82008696,1.0532323397103198,0.961571677857731,0.0,0,0.18129989362377114,24.510042505126265,4.443668098893501
1763,2.0,154.0,291.0,25.814999999999998,11.656471933568287,12,4,60000.0,70.59,11.688795,11.904735654162582,11.77265928374708,154.0,1,0.462133254472417,25.72763733657458,11.889596772237278
1765,0.0,0.0,91.0,0.0,,4,2,120000.0,21.47,2.7741783,2.2004162027123377,2.256460392550637,0.0,0,0.26899050235431304,24.510042505126265,6.59296864617948
1767,0.0,0.0,230.0,0.0,,2,1,80000.0,8.22,0.992396,1.0394438114108597,0.8842662006135598,0.0,0,0.17137217055785858,24.510042505126265,4.200339184568862
1769,3.0,241.0,316.0,12.469999999999999,8.474523814085547,16,4,40000.0,39.68,8.516176,8.123419520199676,8.079753147905203,241.0,1,0.66392661882513,13.019626378580764,8.644076519897599
1770,7.0,275.0,339.0,17.617142857142856,23.59605774397729,36,5,40000.0,125.41,23.600798,23.0042203786564,22.891562162052264,275.0,2,1.355535264813815,17.755609112988484,24.068354300905433
1771,0.0,0.0,361.0,0.0,,3,4,120000.0,4.05,0.7144877,0.36041678778039105,0.5396477482766358,0.0,0,0.12776533487875996,24.510042505126265,3.131533788560098
1773,5.0,634.0,646.0,15.828,9.950486820400045,22,2,40000.0,84.18,9.922289,9.653022134772002,9.646918943904438,634.0,1,0.6315920934343863,16.07022345624187,10.14982607468618
1774,0.0,0.0,665.0,0.0,,2,1,100000.0,11.6,0.046602517,0.16342879496347618,0.2009627908661109,0.0,0,0.08036406693463431,24.510042505126265,1.9697266964526992
1777,0.0,0.0,60.0,0.0,,3,3,20000.0,9.6,3.3773644,3.2821383173359706,2.985153629268768,0.0,0,0.30826494274662536,24.510042505126265,7.555586849560102
1780,2.0,434.0,624.0,11.92,3.426840871027492,13,3,60000.0,45.6,3.329947,3.323318116948183,3.5720879096820783,434.0,0,0.273878131863724,12.762862430544896,3.495468919711344
1781,0.0,0.0,192.0,0.0,,5,0,40000.0,33.84,1.1728572,1.4962719268164024,1.2855435965022899,0.0,0,0.19022334637271027,24.510042505126265,4.662382305062485
1782,2.0,33.0,55.0,15.21,16.978902597576838,14,0,60000.0,36.61,15.3423,15.189507189699272,16.54732634969109,33.0,2,1.0937815137142715,15.832607622400792,17.31741353127365
1783,1.0,332.0,630.0,9.7,1.541581040089543,4,1,40000.0,25.369999999999997,1.4089289,1.502881101420597,1.5035752982970578,332.0,0,0.13604173666995645,11.558544891387672,1.572444520402032
1785,5.0,157.0,362.0,11.322,7.701905073776574,19,5,80000.0,77.50999999999999,7.709377,7.455071068703133,7.52883732813188,157.0,1,0.6720367025311242,11.689937986340219,7.856067377133411
1787,12.0,272.0,331.0,11.025833333333333,24.864875569165637,55,2,20000.0,138.57999999999998,23.920483,24.04613028275519,23.96304170755657,272.0,2,2.267519308404145,11.18517694461861,25.362604689839575
1788,3.0,147.0,240.0,9.946666666666667,7.967557530594377,18,5,40000.0,44.0,7.9527636,8.067359646839462,8.11227023823567,147.0,1,0.7658576325976211,10.61148288459905,8.126885160349204
1791,2.0,128.0,513.0,17.2,3.524789907093151,13,1,120000.0,48.62,3.597815,3.527557184532472,3.6860225122806183,128.0,0,0.20324946297427407,17.689383589511195,3.595357714914087
1792,2.0,164.0,279.0,9.57,5.057253072168237,14,4,20000.0,38.8,5.0380855,5.2591814765771225,5.041134534208052,164.0,1,0.4880128900154541,10.57018729350497,5.158387649107992
1793,0.0,0.0,576.0,0.0,,3,0,60000.0,21.28,0.042807788,0.16172552190492132,0.23864371574398113,0.0,0,0.09015312057223925,24.510042505126265,2.209656817195357
1794,2.0,379.0,663.0,17.14,4.212764323682393,12,4,80000.0,39.489999999999995,4.2166467,4.07224170281983,4.023600986839915,379.0,1,0.24369317537876414,17.633400394522944,4.297139334866449
1795,1.0,177.0,375.0,14.95,3.20864878527826,10,4,60000.0,50.08,3.2405849,3.2347463106719654,3.319229628112403,177.0,0,0.20265523320860906,16.149710814685466,3.272823411401679
1796,0.0,0.0,217.0,0.0,,2,2,40000.0,2.37,1.0215601,1.0665511213373624,0.867898430390575,0.0,0,0.1773848342286961,24.510042505126265,4.347709826710118
1798,5.0,437.0,492.0,11.142,8.717225056747179,25,0,20000.0,76.41,8.696053,8.498751925028284,8.765873770648685,437.0,1,0.7721948904415087,11.514959871697013,8.891793176563443
1799,1.0,79.0,331.0,14.82,2.9097988138930515,9,5,80000.0,33.870000000000005,2.9691255,3.40195190947661,3.1822923904234997,79.0,0,0.185082059326424,16.036024801346667,2.9679804936428504
1802,2.0,173.0,532.0,11.92,2.8448025942046713,12,1,60000.0,28.95,3.2397418,2.760144705068889,2.8860330542732275,173.0,0,0.2273596675866691,12.762862430544896,2.901760159663075
1805,2.0,258.0,324.0,12.57,6.1216488483651625,16,1,40000.0,64.38,6.189728,6.513984766238806,6.778400482105826,258.0,1,0.4670463865449359,13.369347042917642,6.244105226859909
1807,0.0,0.0,452.0,0.0,,5,1,20000.0,2.28,0.33144256,0.30683253995723864,0.39988622525108486,0.0,0,0.1085862433793727,24.510042505126265,2.6614534407004102
1808,0.0,0.0,689.0,0.0,,4,4,20000.0,13.62,0.117394514,0.16592079064210527,0.2067594205295613,0.0,0,0.0780781189059655,24.510042505126265,1.913698013105517
1810,0.0,0.0,580.0,0.0,,2,0,60000.0,0.9,0.15734366,0.16718486694084683,0.23301328423711265,0.0,0,0.0896622170607326,24.510042505126265,2.1976247512624134
1811,1.0,68.0,221.0,14.0,4.153326810305841,10,4,40000.0,36.54,4.8825636,4.461758892282141,4.492195383154092,68.0,1,0.2765399728940354,15.318928409517294,4.236296047133582
1812,6.0,296.0,322.0,15.69,19.46999506237382,26,5,40000.0,98.63,16.00385,17.129656155808505,17.548674648910236,296.0,2,1.2493477263287067,15.896019274715535,19.85965553854315
1813,2.0,147.0,562.0,13.085,2.5561180079561705,17,4,40000.0,33.84,2.5487118,2.528420173136167,2.6868585313576494,147.0,0,0.1882544924108888,13.849869466566817,2.607300146385603
1814,0.0,0.0,66.0,0.0,,3,2,40000.0,3.76,2.8336453,2.447622245721759,2.8897118316924724,0.0,0,0.2997873016467266,24.510042505126265,7.3477995058583785
1815,0.0,0.0,224.0,0.0,,6,5,40000.0,3.42,0.99352795,1.0765600712976962,0.8309941964681888,0.0,0,0.17409565271667507,24.510042505126265,4.267091848043407
1820,2.0,361.0,638.0,8.129999999999999,2.2699374982903255,13,4,80000.0,31.11,2.2506115,2.3667929263536487,2.0997529918212923,361.0,0,0.2509484038832431,9.226590613786888,2.3153981878139316
1821,0.0,0.0,653.0,0.0,,5,4,40000.0,21.28,-0.051335342,0.17008639468020958,0.1894112764088769,0.0,0,0.08155801785658552,24.510042505126265,1.998990484298758
1822,0.0,0.0,493.0,0.0,,4,2,140000.0,1.46,0.27628657,0.24902692921291714,0.20367131405696437,0.0,0,0.10170928748309833,24.510042505126265,2.492898959376847
1823,2.0,272.0,331.0,8.555,4.3647736489797655,14,2,20000.0,24.12,4.2809205,4.137944569876061,4.311994985364764,272.0,1,0.462644233419593,9.623138244953683,4.4520894164273646
1825,2.0,198.0,423.0,16.955,5.679057410633961,13,5,40000.0,57.41,5.51688,5.852731234343696,6.196151275393211,198.0,1,0.33175579747508205,17.460785543309157,5.792716832461913
1826,0.0,0.0,286.0,0.0,,2,0,40000.0,9.29,0.5986634,0.6407925628796387,0.6107739853670742,0.0,0,0.1495457434467254,24.510042505126265,3.665372528339947
1829,0.0,0.0,288.0,0.0,,4,3,60000.0,22.92,0.71162015,0.6963218797765044,0.5713661526809517,0.0,0,0.14886879716858037,24.510042505126265,3.6487805462889256
1832,0.0,0.0,404.0,0.0,,3,4,20000.0,8.56,0.4685252,0.30634187119687534,0.47209231125025397,0.0,0,0.11792234058015773,24.510042505126265,2.890281579923642
1836,3.0,300.0,329.0,5.25,3.993480339395231,13,3,40000.0,22.22,4.003916,4.119783069296246,4.116933506083927,300.0,0,0.6645847503183067,6.129218442035986,4.073385107946846
1838,0.0,0.0,584.0,0.0,,3,3,20000.0,4.69,0.21500196,0.1535683487586071,0.21823939599447328,0.0,0,0.08917663512585622,24.510042505126265,2.185723117398872
1839,0.0,0.0,554.0,0.0,,4,3,80000.0,26.64,0.16515632,0.09984241344643846,0.2722910268485137,0.0,0,0.09295224720396152,24.510042505126265,2.2782635299161007
1841,1.0,275.0,369.0,3.94,1.4916613307197264,6,1,60000.0,10.66,1.4221348,1.3606304942878293,1.5942629876120291,275.0,0,0.23330863954717795,6.5213799926838085,1.5214942940632448
1843,2.0,48.0,237.0,11.825,5.330391995744919,14,2,60000.0,53.75,5.299642,5.089137587930763,5.292365490701762,48.0,1,0.4289772905475899,12.674222371813494,5.436953572858201
1844,1.0,17.0,162.0,17.93,5.681214418579364,7,1,40000.0,38.03,5.691292,5.458798517758318,5.761876906568847,17.0,1,0.3089519100731639,18.755744043528786,5.794622947091585
1845,3.0,89.0,162.0,10.826666666666666,10.778963962627511,20,2,40000.0,70.86,10.768998,10.924039561663974,11.11227305133924,89.0,1,0.9600951610033561,11.451310998748552,10.994348277042993
1848,0.0,0.0,120.0,0.0,,3,0,60000.0,10.21,2.1873543,2.094859019183001,2.044402575796526,0.0,0,0.24037997512119516,24.510042505126265,5.891723407601687
1849,0.0,0.0,334.0,0.0,,5,0,80000.0,14.53,0.5147621,0.5956645089831282,0.5997262541425181,0.0,0,0.13483364128875247,24.510042505126265,3.304778279108271
1850,8.0,600.0,636.0,11.97875,11.709894364459391,37,1,140000.0,101.23,11.71829,11.795370453327934,11.322753479291277,600.0,1,0.9790915296788125,12.19956969811893,11.944495357154553
1852,0.0,0.0,222.0,0.0,,3,0,40000.0,1.53,1.0375671,1.0322321941046284,0.8748104483189652,0.0,0,0.17502287168474165,24.510042505126265,4.289818024362278
1853,6.0,320.0,359.0,12.193333333333333,14.100501959021699,25,4,20000.0,81.7,14.091605,14.074143225963251,13.818235369622975,320.0,2,1.1523690839110814,12.481028034235305,14.382750842080263
1856,0.0,0.0,246.0,0.0,,5,1,40000.0,19.58,0.8243085,0.9769799828425397,0.8521922352053455,0.0,0,0.16451041912116818,24.510042505126265,4.032157365195968
1861,1.0,9.0,27.0,23.1,16.17032668565338,7,4,60000.0,38.83,16.169487,15.331232094150192,15.701297690294462,9.0,2,0.708517275551231,23.276949343233472,16.492120731811795
1862,1.0,102.0,247.0,7.81,2.6262870417371214,9,3,40000.0,27.09,3.1224194,3.028107943348125,2.665111123734128,102.0,0,0.2704259263567169,9.905725159000468,2.6787649023577385
1864,0.0,0.0,248.0,0.0,,4,4,140000.0,15.29,0.93189514,0.9705550051914493,0.6786223087001382,0.0,0,0.16369123642074296,24.510042505126265,4.012079162389083
1865,2.0,94.0,659.0,12.285,1.2752481893059602,9,2,40000.0,35.74,1.8962938,1.3033878775852343,1.4112991007076632,94.0,0,0.0992709146101685,13.103426866723437,1.3007891695870901
1866,0.0,0.0,53.0,0.0,,4,1,40000.0,10.62,3.4399228,3.3659085455163646,3.018843446227521,0.0,0,0.3187867022206464,24.510042505126265,7.813475621497073
1869,1.0,647.0,676.0,19.43,3.055389152913869,8,4,60000.0,27.65,3.0471992,2.952642583280913,2.9962414031131956,647.0,0,0.15530417298755236,20.067505735899584,3.1165673822368483
1871,8.0,287.0,326.0,12.73875,20.360771596290583,40,0,40000.0,117.98,20.389172,20.245889742602966,20.691686379067093,287.0,2,1.6042031455628587,12.94617738679097,20.768298486904822
1872,1.0,428.0,628.0,2.81,0.811313794938237,7,4,20000.0,9.540000000000001,0.78784275,0.7352377961340056,0.7341407982166013,428.0,0,0.14956242593869148,5.53318618443114,0.8275567489139734
1874,3.0,368.0,472.0,9.416666666666666,4.914610967853752,16,2,60000.0,35.949999999999996,4.9089427,4.936505134833262,4.525322865289919,368.0,1,0.49605848658349416,10.105677315849917,5.013006995201657
1877,0.0,0.0,203.0,0.0,,4,0,80000.0,7.22,1.059203,1.0532368197954989,1.0040729357919904,0.0,0,0.18435185284314248,24.510042505126265,4.518471749084204
1882,1.0,206.0,352.0,10.08,2.6419706637947744,9,5,60000.0,16.62,2.550917,2.4290713999003803,2.659688690490629,206.0,0,0.22662824312190208,11.890857853454943,2.6948042245407655
1883,0.0,0.0,322.0,0.0,,3,1,80000.0,10.66,0.6227827,0.6200709246365174,0.639012202378697,0.0,0,0.13823294414694892,24.510042505126265,3.388095336650463
1887,0.0,0.0,106.0,0.0,,3,5,40000.0,11.91,2.5808203,2.2546878949439666,2.1406412496424156,0.0,0,0.25338698227134104,24.510042505126265,6.210525705716244
1890,0.0,0.0,419.0,0.0,,5,4,60000.0,23.94,0.5694982,0.3350586780829733,0.49322448185975354,0.0,0,0.11483664729286608,24.510042505126265,2.8146511062943405
1891,0.0,0.0,336.0,0.0,,6,0,20000.0,36.77,0.88553035,1.089361626965679,0.6624031895380895,0.0,0,0.13428330633754706,24.510042505126265,3.2912895460621696
1893,1.0,169.0,329.0,27.19,6.059885204206901,5,2,40000.0,42.84,6.053256,6.009624039180621,6.133354694826771,169.0,1,0.23017515950691458,26.853686224431183,6.181051510057082
1894,0.0,0.0,93.0,0.0,,5,3,20000.0,10.01,2.7119594,2.5318668853808277,2.2816459886367517,0.0,0,0.2667993073001619,24.510042505126265,6.5392623622652115
1896,1.0,370.0,483.0,4.02,1.2380589104422846,3,3,20000.0,8.149999999999999,1.2350364,1.290218887459005,1.2968783582396544,370.0,0,0.19158978920480363,6.591340616276917,1.262833559249555
1897,2.0,535.0,688.0,10.235,2.853568806042506,10,4,140000.0,33.19,2.8832238,2.896310596010836,2.9159202657303402,535.0,0,0.26010282904463855,11.19066770462478,2.910724328871377
1898,0.0,0.0,619.0,0.0,,3,1,80000.0,18.47,0.024029871,0.1659670398731474,0.1873422866997343,0.0,0,0.08514215510884894,24.510042505126265,2.086837840695941
1899,0.0,0.0,501.0,0.0,,6,3,,22.56,,,,0.0,0,0.10046786790551798,24.510042505126265,2.462471712763657
1900,1.0,26.0,740.0,6.32,0.32569587800301203,6,3,140000.0,20.32,0.31527972,0.37096784944798955,0.41459305359237764,26.0,0,0.038617867814176435,8.602708544578809,0.3322182614184306
1901,0.0,0.0,173.0,0.0,,3,2,40000.0,18.58,1.3185472,1.4626735226397602,1.3050172699195173,0.0,0,0.20130047500300816,24.510042505126265,4.933883198625837
1904,1.0,292.0,338.0,3.4,1.5266560149655715,5,2,40000.0,8.38,1.5020065,1.4889052390845727,1.5269404061934813,292.0,0,0.25742197308296144,6.049145783430321,1.5571830430371099
1906,1.0,21.0,733.0,11.5,0.48634707499642027,9,1,60000.0,29.42,0.48369238,0.513035079832281,0.43121639301531545,21.0,0,0.03777502441932219,13.132658922232633,0.4960865114779672
1910,1.0,14.0,124.0,17.33,6.751075961098707,7,1,20000.0,26.79,7.311982,6.477955408061075,6.933344478151573,14.0,1,0.3776942596451938,18.231039366580468,6.8857589161229935
1913,0.0,0.0,374.0,0.0,,3,3,80000.0,3.35,0.49304768,0.3663274278954627,0.5044300589739299,0.0,0,0.12462026119105143,24.510042505126265,3.0544478987926076
1915,0.0,0.0,550.0,0.0,,6,1,,18.56,,,,0.0,0,0.09347997688441252,24.510042505126265,2.2911982068151717
1916,0.0,0.0,517.0,0.0,,3,3,20000.0,7.25,0.2858891,0.26393764602374364,0.21890711619082115,0.0,0,0.09807386234382143,24.510042505126265,2.4037945346889655
1917,1.0,418.0,537.0,32.54,5.4714585205626545,8,1,80000.0,50.86,5.4513526,5.273435866901549,5.443354746625921,418.0,1,0.1769921270700907,31.53230292722036,5.580969366507179
1918,0.0,0.0,732.0,0.0,,5,0,40000.0,13.41,0.0052087707,0.14975024507914023,0.15401998700536623,0.0,0,0.07429210231001178,24.510042505126265,1.8209025854135779
1920,0.0,0.0,463.0,0.0,,5,2,,16.62,,,,0.0,0,0.10665144983661035,24.510042505126265,2.6140315687286613
1921,0.0,0.0,48.0,0.0,,5,4,40000.0,19.26,3.4027975,3.39976308789105,2.959381176258737,0.0,0,0.326756335866914,24.510042505126265,8.008811680917375
1922,0.0,0.0,454.0,0.0,,3,2,60000.0,13.77,0.30032936,0.28998547449263523,0.4118721042011586,0.0,0,0.1082292523705285,24.510042505126265,2.652703575899691
1925,0.0,0.0,462.0,0.0,,1,4,80000.0,3.52,0.36139694,0.2881258425405791,0.28067953521686206,0.0,0,0.10682448316645968,24.510042505126265,2.618272622998072
1926,0.0,0.0,269.0,0.0,,4,2,40000.0,27.43,1.1959577,0.8370431951449626,0.5869230946203681,0.0,0,0.15555892819472109,24.510042505126265,3.8127559421044985
1928,1.0,87.0,428.0,20.63,2.827433850969424,9,2,20000.0,23.82,3.0403955,3.010372565844415,2.920852776087434,87.0,0,0.13657296100346544,21.116915089796223,2.8839996210722303
1929,0.0,0.0,171.0,0.0,,3,1,40000.0,8.7,1.4297773,1.6151299082435584,1.3014463506958966,0.0,0,0.2025422618904496,24.510042505126265,4.964319448019335
1930,6.0,209.0,264.0,12.823333333333332,17.869904913193544,26,4,20000.0,84.24000000000001,17.836761,17.986072098645597,17.35060044074131,209.0,2,1.3917980246532886,13.096312442672637,18.22742178795406
1931,1.0,157.0,692.0,19.66,1.681841233126348,7,1,120000.0,30.27,1.9234499,1.8004866924489182,1.6103185065600245,157.0,0,0.08463902471911176,20.268642528729774,1.7155181360119993
1932,1.0,542.0,593.0,13.0,2.4174928137971046,8,2,40000.0,31.71,2.7060158,2.576658167282658,2.6060813150900795,542.0,0,0.170715570133494,14.44442061460343,2.4658875004700187
1934,0.0,0.0,593.0,0.0,,1,2,120000.0,3.32,0.12429853,0.16152753149936755,0.18154834265735076,0.0,0,0.0881030896438292,24.510042505126265,2.159410472003203
1935,0.0,0.0,44.0,0.0,,4,4,100000.0,26.22,3.4440522,3.9591664778667903,2.9465009759436094,0.0,0,0.3334270386539515,24.510042505126265,8.17231088976673
1936,1.0,51.0,220.0,1.91,1.2269756284543853,9,4,20000.0,11.99,1.2313424,1.2807283648610166,1.3518648762899126,51.0,0,0.26368564600105904,4.746129169008661,1.2514861359345184
1938,1.0,36.0,672.0,6.53,0.43151231864503936,9,3,80000.0,12.72,0.39199352,0.5467295293506962,0.4289231296175915,36.0,0,0.05009499612579242,8.786355181510721,0.44015242877761573
1939,1.0,62.0,328.0,2.22,0.8658558182871983,9,5,20000.0,9.6,0.90924394,0.9355336279432463,0.9890480625781892,62.0,0,0.17602719682155796,5.01722658543196,0.8831683316521848
1940,2.0,650.0,727.0,15.040000000000001,3.9360674302470424,11,1,100000.0,40.93,3.9451575,3.8404389549551494,3.8692696462900784,650.0,0,0.2561511983391374,15.673988569934075,4.014910954942556
1941,1.0,290.0,474.0,12.95,2.5687478230902108,10,5,140000.0,25.1,2.5747252,2.641236159236164,2.490244521474525,290.0,0,0.18194599591231375,14.400695224857735,2.6201488345164416
1942,12.0,268.0,325.0,9.008333333333333,20.7331282174412,56,2,100000.0,111.78,20.530735,21.841383740555536,19.72596275777003,268.0,2,2.300832047376745,9.191517848573179,21.148138830032522
1946,0.0,0.0,148.0,0.0,,3,4,60000.0,7.48,1.8404936,1.7751580580365844,1.7597121339705604,0.0,0,0.21801279100972798,24.510042505126265,5.343502774309642
1947,2.0,32.0,344.0,9.14,2.2481810328411953,11,0,100000.0,34.81,2.2759092,2.012997502452293,2.25347306263337,32.0,0,0.22550537960482261,10.168974396089155,2.2931584313818067
1948,3.0,134.0,297.0,9.333333333333334,5.903064802694184,17,1,140000.0,53.980000000000004,5.934332,5.936744606856492,6.187906964869961,134.0,1,0.6005452873149734,10.026148138373639,6.021156014422083
1950,1.0,24.0,652.0,7.47,0.45666212110079374,11,3,60000.0,30.73,0.42823458,0.369700478985124,0.5163019738046435,24.0,0,0.04847900805379606,9.608392508729754,0.4658053378147435
1952,0.0,0.0,247.0,0.0,,3,1,40000.0,4.86,0.9704539,0.9824393278784656,0.7111582844842879,0.0,0,0.1640998029550461,24.510042505126265,4.0220931455110245
1953,0.0,0.0,731.0,0.0,,3,1,80000.0,1.43,-0.021046173,0.17563741499015775,0.14397623540293214,0.0,0,0.07437597193067123,24.510042505126265,1.8229582333808299
1954,0.0,0.0,625.0,0.0,,5,3,80000.0,8.66,0.045795918,0.18066836701362773,0.1667040001348976,0.0,0,0.08448692905207998,24.510042505126265,2.0707782221940674
1956,0.0,0.0,98.0,0.0,,6,0,40000.0,9.88,2.6451883,2.312085316926145,2.178290325619053,0.0,0,0.2614751784404526,24.510042505126265,6.408767737610968
1957,2.0,357.0,567.0,13.11,3.9143237175066643,15,2,140000.0,36.97,3.9727278,3.9738494656134513,3.89152043991694,357.0,0,0.28779978957015834,13.87319579781192,3.9927028312758757
1958,1.0,97.0,293.0,13.57,3.2877663022767294,9,4,,21.59,,,,97.0,0,0.22442027587832253,14.942890057704332,3.353487509169449
1959,1.0,54.0,278.0,3.74,1.2932756002983081,9,0,40000.0,18.78,1.3264219,1.2948629841774764,1.2584728066717714,54.0,0,0.20785142612935165,6.346478433701035,1.3191245933439342
1961,0.0,0.0,76.0,0.0,,4,5,80000.0,1.98,2.8325708,2.1127815475828107,2.444865000570741,0.0,0,0.2866545328862259,24.510042505126265,7.025914785328511
1962,0.0,0.0,223.0,0.0,,2,0,40000.0,7.49,1.0337816,1.0397382155966923,0.8748104483189652,0.0,0,0.174558027580304,24.510042505126265,4.278424675604254
1965,9.0,650.0,705.0,16.38111111111111,16.188755458360138,42,3,40000.0,164.59,16.209732,15.668899278987745,16.42093576568039,650.0,2,1.000269193594136,16.50868859610171,16.513132629319365
1966,0.0,0.0,51.0,0.0,,4,5,40000.0,5.62,3.5308168,3.340453807061711,2.9577080669930944,0.0,0,0.3219271074994206,24.510042505126265,7.8904470883631515
1972,5.0,273.0,340.0,12.236,12.284446181615237,25,2,60000.0,86.68,12.3034115,12.502461695012968,12.856199126912484,273.0,1,0.9961735930225742,12.578437968472958,12.530307745665276
1973,0.0,0.0,170.0,0.0,,3,2,20000.0,14.26,1.2774544,1.6138210732043374,1.4033957407396915,0.0,0,0.20316893847156126,24.510042505126265,4.9796793176593495
1974,2.0,143.0,630.0,7.375,1.2452386048542787,7,1,20000.0,22.28,1.2779006,1.265120254123638,1.265151618964854,143.0,0,0.1490444384203517,8.522135410184699,1.2701768863531722
1975,1.0,3.0,111.0,18.68,7.4466224056720645,7,2,20000.0,24.18,7.426983,7.739229696213209,7.782788421307095,3.0,1,0.39126788008333785,19.411624889714187,7.595145319571427
1976,0.0,0.0,205.0,0.0,,4,4,120000.0,19.24,1.0474175,1.089535478119844,0.966757624507224,0.0,0,0.1833231465995987,24.510042505126265,4.493258115329658
1977,3.0,591.0,652.0,12.25,4.96305036603807,16,4,20000.0,43.83,5.0155463,5.143838549145888,4.968277465367569,591.0,1,0.39520643997460403,12.80966935004339,5.0624638210824475
1978,0.0,0.0,359.0,0.0,,5,3,120000.0,7.33,0.6953909,0.3663274278954627,0.572438300366521,0.0,0,0.12826335965577032,24.510042505126265,3.143740397013228
1979,7.0,598.0,647.0,13.234285714285715,11.217900075284927,29,5,40000.0,102.62,11.181444,10.807734206827831,10.960026073067816,598.0,1,0.8500718959162494,13.460795877553565,11.442644272173593
1980,0.0,0.0,306.0,0.0,,3,4,20000.0,9.24,0.53139085,0.6739244876501201,0.6670472879389777,0.0,0,0.1430417785465,24.510042505126265,3.505960072183573
1983,1.0,145.0,364.0,9.47,2.195934911626293,10,5,40000.0,56.269999999999996,2.1741748,2.403793552201164,1.9232529018231608,145.0,0,0.1972150612216389,11.357408098557485,2.2398519334761517
1984,0.0,0.0,627.0,0.0,,3,0,40000.0,12.71,0.060260072,0.17931940830134707,0.2036501273603415,0.0,0,0.08427075735918024,24.510042505126265,2.06547984481269
1985,0.0,0.0,308.0,0.0,,1,2,40000.0,10.22,0.6319359,0.6571576753498423,0.6865993842931095,0.0,0,0.14242242142507588,24.510042505126265,3.4907796028116156
1987,3.0,367.0,603.0,7.566666666666666,3.0769833195522356,15,0,60000.0,32.5,3.148833,3.118070788774092,3.0404170411225997,367.0,0,0.37632638120521394,8.340129575876531,3.138610782072191
1990,2.0,583.0,661.0,4.155,1.4950739617878834,15,2,20000.0,19.0,1.4756055,1.4243053638449485,1.5662489157848265,583.0,0,0.2763863036929807,5.5177039458151,1.52501779845601
1991,4.0,438.0,634.0,11.4175,5.608881827940654,23,1,60000.0,49.39,5.433692,5.7019301039677615,5.51125749901428,438.0,1,0.48195355045196164,11.870929398598847,5.721236570819284
1995,0.0,0.0,28.0,0.0,,5,5,120000.0,39.73,4.1444764,3.840964586613292,4.211805473722412,0.0,0,,24.510042505126265,
1996,1.0,160.0,224.0,14.15,4.925050420307457,9,1,40000.0,16.64,4.9407015,4.9317758198737645,4.938890097762086,160.0,1,0.3251394925503764,15.450104578754377,5.023439162586445
1999,0.0,0.0,687.0,0.0,,3,2,40000.0,7.62,0.10971349,0.16884125099743938,0.2081248749659963,0.0,0,0.07826363247486394,24.510042505126265,1.9182449585644954
2001,1.0,32.0,57.0,42.56,23.73522740759886,13,4,40000.0,49.36,23.718803,20.859362589863167,23.58161473592917,32.0,2,0.6007718478959334,40.2948710322573,24.208024130777535
2002,0.0,0.0,199.0,0.0,,2,3,20000.0,7.26,0.94368345,1.18958711661256,1.0099413601441638,0.0,0,0.18644439961941636,24.510042505126265,4.569760159514642
2011,2.0,472.0,700.0,8.085,2.2186119309566488,11,3,80000.0,34.97,2.1974633,2.348689187580054,2.1533658630143773,472.0,0,0.24639612949734707,9.184603217545698,2.2630506837721405
2015,3.0,311.0,354.0,11.613333333333335,7.511670625877265,15,2,60000.0,40.160000000000004,7.4679575,7.144322856472266,7.502361966601585,311.0,1,0.6279255952983199,12.202066434124623,7.661989829517352
2019,8.0,695.0,714.0,12.06,10.768050050247812,41,4,20000.0,126.67,10.7848,10.676493188206582,10.969812724205628,695.0,1,0.8944917590310063,12.279387954309199,10.983811331074184
2022,2.0,75.0,154.0,10.005,7.445400439283034,9,3,60000.0,24.28,7.432567,7.49672177808716,7.374413122262143,75.0,1,0.6918792536386872,10.976065457169808,7.5941119763960225
2023,7.0,272.0,330.0,15.268571428571429,21.01571226656654,31,1,40000.0,116.71000000000001,21.026926,21.20140869289419,20.621084756712044,272.0,2,1.3870869972902014,15.454216362318666,21.4363425694817
2024,1.0,32.0,354.0,10.51,1.667533108585819,8,2,40000.0,19.13,1.59685,1.3916996809824214,1.5394525704764908,32.0,0,0.1386561408120561,12.266896205267905,1.7008804875645032
2029,1.0,107.0,183.0,3.53,2.1425423325981665,9,1,60000.0,17.18,2.114752,2.2080293578053056,2.109533736729955,107.0,0,0.35459737947706116,6.162831796769123,2.1853240052922396
2032,3.0,734.0,736.0,13.593333333333334,5.013768035262159,18,3,20000.0,60.28,5.017309,5.248926923968705,5.1198799054268935,734.0,1,0.36292433558582593,14.091679690961001,5.114213489130298
2034,1.0,10.0,96.0,5.16,3.281457792046254,8,5,20000.0,16.25,3.2933462,3.227536910072145,3.2929406059982846,10.0,0,0.4410599786910599,7.588279502478724,3.3468863956650727
2035,3.0,446.0,712.0,8.17,2.885770000902651,15,5,60000.0,53.51,2.832893,2.98772978398632,2.7806169722076106,446.0,0,0.33014883035778325,8.91592082080479,2.943580830551308
2039,1.0,23.0,144.0,18.3,6.5203576196809845,7,1,40000.0,26.64,6.5962133,6.594851857392866,6.477113462547114,23.0,1,0.3485703131062149,19.079311927646916,6.650481732471026
2041,0.0,0.0,607.0,0.0,,3,1,40000.0,3.87,0.19168259,0.1568252190573999,0.17990515318159073,0.0,0,0.08648360080319774,24.510042505126265,2.1197167316827485
2043,0.0,0.0,639.0,0.0,,3,4,120000.0,2.75,0.08705026,0.17904415842730262,0.17866348131224807,0.0,0,0.0829966228869634,24.510042505126265,2.034250754741408
2044,0.0,0.0,336.0,0.0,,3,1,60000.0,16.92,0.48462042,0.6053715427984048,0.6103230738138583,0.0,0,0.13428330633754706,24.510042505126265,3.2912895460621696
2047,0.0,0.0,30.0,0.0,,5,3,100000.0,11.88,4.5927076,3.05652258583207,3.819618150816368,0.0,0,,24.510042505126265,
2048,1.0,21.0,302.0,12.08,2.157725187107751,10,3,20000.0,25.35,2.1822696,2.1039372591174668,2.1593048749942376,21.0,0,0.16135488802595402,13.639873443282674,2.20086025212906
2050,0.0,0.0,140.0,0.0,,6,3,80000.0,17.76,1.8810534,1.75440165833866,1.7635829249680137,0.0,0,0.22396529968047416,24.510042505126265,5.489399014841763
2051,0.0,0.0,47.0,0.0,,3,3,40000.0,8.91,3.469766,3.3659085455163646,3.014826668062667,0.0,0,0.32839867730364003,24.510042505126265,8.04906553933946
2052,0.0,0.0,670.0,0.0,,3,1,40000.0,7.11,0.100150466,0.16167029142782233,0.2146533844980567,0.0,0,0.07987684894039518,24.510042505126265,1.9577849627046358
2053,0.0,0.0,567.0,0.0,,6,5,100000.0,17.76,0.09486348,0.1594417574017518,0.20278123591144936,0.0,0,0.0912775696361814,24.510042505126265,2.237217111547429
2054,1.0,403.0,646.0,10.33,1.682379061345653,10,1,40000.0,15.01,1.6769783,1.6382491801427865,1.7156333079967672,403.0,0,0.14171229311054445,12.10948480218341,1.7160628597046987
2057,0.0,0.0,51.0,0.0,,4,2,60000.0,16.67,3.4607453,3.1869215109452274,3.054768006152238,0.0,0,0.3219271074994206,24.510042505126265,7.8904470883631515
2059,0.0,0.0,485.0,0.0,,3,1,20000.0,27.3,0.41757405,0.17446191090475688,0.28700609651503406,0.0,0,0.10298180312961679,24.510042505126265,2.5240883719614526
2060,0.0,0.0,46.0,0.0,,2,1,40000.0,1.34,3.4931474,3.3659085455163646,3.018843446227521,0.0,0,0.3300577352854833,24.510042505126265,8.089729120992908
2061,1.0,266.0,724.0,15.9,1.7055069392671904,7,3,20000.0,26.950000000000003,1.7276838,1.542232219313643,1.6132169094901645,266.0,0,0.1024505118722634,16.980493219853642,1.7396602222175037
2063,7.0,290.0,350.0,10.581428571428571,14.18212174461443,37,2,20000.0,90.05,14.189806,14.264535617965302,14.90995254586393,290.0,2,1.3318937512761784,10.861229978530536,14.466004339578323
2065,5.0,470.0,533.0,11.832,8.654999773170543,26,2,140000.0,64.22,8.680523,8.72159809602223,8.230129811136829,470.0,1,0.7244831991573719,12.185709311162647,8.82834166575289
2066,1.0,2.0,99.0,20.35,8.599440897304852,13,5,60000.0,39.32,8.609163,9.191585064284231,8.748339682849664,2.0,1,0.42022292362304764,20.872052907220343,8.770915094687064
2067,1.0,65.0,572.0,19.24,1.5532673818006528,10,3,60000.0,27.46,1.5290803,1.5045691661541825,1.5996140592397197,65.0,0,0.07961065864514437,19.90134925486595,1.5843595221069313
2068,1.0,116.0,181.0,19.18,7.060779303180016,8,3,40000.0,26.6,6.308839,7.217700426118657,6.777199340274786,116.0,1,0.362829727848578,19.848878787171117,7.201763288448709
2070,3.0,215.0,269.0,9.833333333333334,7.687913999785096,17,4,80000.0,34.059999999999995,7.6689625,7.455630045069239,7.486249343284983,215.0,1,0.7465906453746205,10.50332320323131,7.8416828488786905
2071,1.0,388.0,627.0,10.07,1.6883114450174435,6,2,40000.0,14.0,1.6558393,1.6268103445945545,1.7359491004906564,388.0,0,0.1449331713773948,11.882112775505803,1.7221122872179149
2075,2.0,277.0,343.0,19.31,8.668850963868032,13,1,140000.0,60.92,8.66122,8.762277108788195,9.154747169433985,277.0,1,0.44980280264789574,19.658125946598105,8.842280145585146
2076,0.0,0.0,449.0,0.0,,5,3,60000.0,14.12,0.32700443,0.28998547449263523,0.3953722169301388,0.0,0,0.10912617284393986,24.510042505126265,2.6746871348267214
2077,2.0,461.0,518.0,29.74,9.697084525739601,11,4,80000.0,72.77,9.691548,9.51246441393118,9.502676261357303,461.0,1,0.3365522534366078,29.389871342056157,9.89122742838098
2078,2.0,432.0,494.0,22.085,7.59203846824072,12,1,140000.0,46.410000000000004,7.5875363,7.515751182500042,7.072925811751849,432.0,1,0.34808753521829333,22.24734871480483,7.744024779278279
2082,2.0,155.0,206.0,12.795,8.271580134639542,8,5,60000.0,32.61,8.219875,7.980368681135052,8.108045696449773,155.0,1,0.621306122789827,13.579284024123591,8.436892307290067
2084,2.0,207.0,438.0,11.16,3.82006287972205,12,1,40000.0,34.849999999999994,3.8805375,4.20362617010145,3.8786004078712835,207.0,0,0.3232623970466867,12.053741960693687,3.8965215195960705
2086,10.0,653.0,718.0,9.849,10.689716152173258,44,1,20000.0,124.01,10.703698,10.933675380541505,11.014798638336629,653.0,1,1.0842750984663856,10.05641018004954,10.903915138191577
2088,0.0,0.0,117.0,0.0,,4,0,100000.0,20.59,2.1813898,2.057285123062846,2.029606654488295,0.0,0,0.24305299808713618,24.510042505126265,5.95723931411408
2090,1.0,98.0,119.0,13.01,6.657146990320834,7,2,20000.0,38.589999999999996,6.9700055,7.00581001047738,6.739370419644424,98.0,1,0.4697893958507848,14.45316569255257,6.789943978835561
2094,2.0,283.0,295.0,25.825,12.929207887354941,15,2,100000.0,64.21,12.926585,13.0980714769802,12.673917848356933,283.0,1,0.512406667667411,25.736967869072625,13.187793941654734
2095,0.0,0.0,253.0,0.0,,2,1,40000.0,4.9,0.75783175,0.7582604415916244,0.6581776361993015,0.0,0,0.16167861659459004,24.510042505126265,3.9627497649034145
2096,0.0,0.0,648.0,0.0,,5,1,40000.0,16.24,0.09853263,0.16905410585163025,0.21183549754588427,0.0,0,0.08206604058634459,24.510042505126265,2.0114421429987233
2099,8.0,339.0,366.0,9.58,14.38812013809878,34,0,40000.0,97.49000000000001,14.396301,14.637656838661718,15.026309306430074,339.0,2,1.4910111155840469,9.843089180747805,14.676155380180047
2106,3.0,507.0,551.0,5.193333333333333,2.701471588351908,15,5,80000.0,21.96,2.575223,2.5512814304324345,2.851904205042881,507.0,0,0.45358158496366685,6.075138601352117,2.7555709956752477
2107,0.0,0.0,247.0,0.0,,5,2,80000.0,11.88,0.9566729,0.9810899554382823,0.6833864390832005,0.0,0,0.1640998029550461,24.510042505126265,4.0220931455110245
2108,0.0,0.0,253.0,0.0,,3,5,40000.0,0.6,0.770948,0.7637071789662077,0.6235828554676734,0.0,0,0.16167861659459004,24.510042505126265,3.9627497649034145
2110,0.0,0.0,614.0,0.0,,4,3,40000.0,10.8,0.152217,0.1597690279637137,0.1861938774020686,0.0,0,0.08569599672962462,24.510042505126265,2.100412522362261
2111,1.0,57.0,129.0,5.28,3.1357086594220775,10,2,20000.0,15.420000000000002,3.0972853,3.111985821692211,2.9795041514568448,57.0,0,0.4157259146442613,7.693220437868389,3.19827110309276
2112,1.0,45.0,333.0,15.6,2.6333666731111562,9,2,40000.0,27.84,2.651898,2.7615378261810917,2.624754436670566,45.0,0,0.1606650995451927,16.71814088137948,2.68602176891739
2114,1.0,243.0,357.0,10.3,2.7666446846884774,8,3,40000.0,29.810000000000002,2.757491,2.7411734480539267,2.807149824046518,243.0,0,0.23354422403327968,12.083249568335994,2.821973144237491
2115,2.0,36.0,169.0,11.935,7.23852882370589,11,1,60000.0,34.08,7.254088,7.048930671795216,7.151164810547183,36.0,1,0.5778522180186856,12.77685822929196,7.383135867106655
2118,9.0,177.0,277.0,13.018888888888888,22.37060313208919,35,4,20000.0,134.81,22.374079,22.3233190910372,22.215776713514607,177.0,2,1.728755671521583,13.199233931421723,22.818250518685424
2123,1.0,204.0,289.0,14.84,4.313548910861358,8,0,60000.0,34.989999999999995,4.326168,4.426461680607156,4.590746389769541,204.0,1,0.2740691021831184,16.053514957244943,4.399772431215384
2124,0.0,0.0,363.0,0.0,,6,3,40000.0,26.11,0.6437227,0.34695470497874986,0.6074572359408936,0.0,0,0.1272711686519109,24.510042505126265,3.1194217533354296
2127,1.0,470.0,635.0,22.53,3.397605015640629,8,4,20000.0,42.86,3.4350224,3.4098206584147213,3.293463511525266,470.0,0,0.15214484348324525,22.77847990013257,3.465628259191918
2128,0.0,0.0,38.0,0.0,,4,3,120000.0,4.61,4.611277,3.0498394241124784,3.87746087432112,0.0,0,0.3439641304741128,24.510042505126265,8.4305754581593
2130,5.0,308.0,343.0,13.638,13.803392654520408,23,4,140000.0,76.71000000000001,13.8183,13.98230192741404,13.95202639781613,308.0,2,1.009922693296599,13.941323061416167,14.079658534303402
2132,1.0,473.0,681.0,19.82,2.813183088353298,11,3,140000.0,32.3,2.811587,2.8764859512799417,2.805725886074907,473.0,0,0.14060334338173683,20.408563775915994,2.869512300513192
2134,1.0,13.0,176.0,2.92,1.5551982855776547,7,4,,18.259999999999998,,,,13.0,0,0.2817803424030144,5.629382041871665,1.5862491992759782
2135,2.0,391.0,551.0,9.469999999999999,3.1321181864030727,5,3,120000.0,22.689999999999998,3.1358879,3.0573049057130697,3.1118936179028367,391.0,0,0.3049410917253344,10.476881968524546,3.194831825359346
2139,6.0,233.0,274.0,11.496666666666668,15.925171194696919,27,4,20000.0,79.06,15.910243,15.806709911727147,15.77983426552253,233.0,2,1.3765193166174665,11.80063416458767,16.243800875890948
2141,0.0,0.0,114.0,0.0,,5,0,80000.0,16.17,2.1881504,2.3587594328552703,2.038066267588504,0.0,0,0.2457864235525629,24.510042505126265,6.024235688456284
2143,5.0,490.0,708.0,12.831999999999999,6.8216373894765745,20,3,20000.0,71.61,6.8185472,6.8295106067281734,6.892023009542603,490.0,1,0.5288350911774674,13.157809948069357,6.958311623583046
2144,0.0,0.0,102.0,0.0,,6,4,60000.0,6.56,2.6412206,2.314857081490864,2.175528452373067,0.0,0,0.257367226357713,24.510042505126265,6.3080816574539975
2147,1.0,504.0,677.0,5.16,1.0750221065548418,9,1,40000.0,19.27,1.0803094,1.0899786219916854,1.041197090764432,504.0,0,0.1445054030133813,7.588279502478724,1.0965473876838687
2150,0.0,0.0,401.0,0.0,,2,4,40000.0,8.56,0.48443878,0.29831386665254167,0.45442342026889193,0.0,0,0.11855951364079308,24.510042505126265,2.9058987187229355
2151,0.0,0.0,263.0,0.0,,2,2,20000.0,12.64,0.6310816,0.7729021606910749,0.5859073066488776,0.0,0,0.15779861483005292,24.510042505126265,3.867650756734645
2153,1.0,12.0,68.0,7.85,5.187069369613276,7,4,20000.0,28.93,5.1925263,4.8848197062652305,5.5244780091497585,12.0,1,0.5321981393766346,9.940705470797022,5.290424955649308
2156,0.0,0.0,226.0,0.0,,4,3,60000.0,13.52,1.003422,1.0680054579472755,0.875207381715434,0.0,0,0.17317823224233675,24.510042505126265,4.244605833222302
2158,0.0,0.0,707.0,0.0,,4,3,20000.0,13.68,0.12461102,0.13783663399654547,0.1956797577134619,0.0,0,0.0764472702799748,24.510042505126265,1.8737258439630584
2162,0.0,0.0,136.0,0.0,,2,0,40000.0,5.3,1.8930199,1.760474142421664,1.720918429533869,0.0,0,0.22706565356009917,24.510042505126265,5.565388820212306
2163,0.0,0.0,32.0,0.0,,3,1,,15.66,,,,0.0,0,,24.510042505126265,
2168,3.0,567.0,652.0,15.38,6.074417870070524,16,3,120000.0,65.19,6.3858423,6.680972960355799,6.2729603708415596,567.0,1,0.39223757949000343,15.796785256052416,6.1960928125573735
2169,1.0,13.0,59.0,11.06,7.0901346188344645,6,3,140000.0,24.09,7.099193,7.501543212326581,7.201926406411337,13.0,1,0.5672612209885887,12.74787549247053,7.231375416869339
2171,3.0,600.0,651.0,5.603333333333333,2.515573063619666,17,1,40000.0,17.93,2.5171542,2.5798761601191034,2.6329762950224094,600.0,0,0.39681320327213226,6.466422154535408,2.5659616888510786
2175,13.0,349.0,370.0,16.485384615384614,38.1256303239206,61,5,120000.0,232.55,38.122498,37.179151425133256,37.87772826834748,349.0,2,2.3465244285397646,16.572997615072808,38.888943757899604
2176,6.0,265.0,332.0,16.505,19.50207119247886,33,5,20000.0,133.32999999999998,19.537907,19.87403571254508,20.129095113646635,265.0,2,1.1917334205657724,16.69198243801145,19.892393326875187
2177,2.0,322.0,343.0,14.219999999999999,6.736392032786403,9,1,20000.0,39.72,6.6748986,6.875981113084423,6.7390705911275335,322.0,1,0.46087688325307313,14.90888490509461,6.871160407838793
2178,1.0,87.0,178.0,31.68,10.545771958475413,9,0,20000.0,35.42,10.208021,9.983550762623127,9.867614826545356,87.0,1,0.34945595109098915,30.780226223594436,10.756333229762
2181,0.0,0.0,169.0,0.0,,3,5,140000.0,5.69,1.3278121,1.5614320264899844,1.3402062108799129,0.0,0,0.20379951865485418,24.510042505126265,4.995134864754749
2182,0.0,0.0,129.0,0.0,,2,3,80000.0,4.76,1.9962336,2.05952598520016,1.722465790855078,0.0,0,0.2327038710391762,24.510042505126265,5.703581770277629
2183,0.0,0.0,384.0,0.0,,6,4,40000.0,4.18,0.5408144,0.35250487634629357,0.44504191776104207,0.0,0,0.12230452905678364,24.510042505126265,2.9976892057512172
2185,0.0,0.0,579.0,0.0,,2,2,40000.0,11.2,0.20526168,0.17452128627367214,0.21843700770017094,0.0,0,0.08978444063491792,24.510042505126265,2.200620456260824
2187,0.0,0.0,478.0,0.0,,4,1,40000.0,21.38,0.30909553,0.2525186774571332,0.28026258711780017,0.0,0,0.10412169244402622,24.510042505126265,2.552027107508767
2188,1.0,159.0,505.0,3.67,0.8346182926041086,6,2,120000.0,9.08,0.806871,0.8971705918700913,0.7466160895857019,159.0,0,0.13544718701833883,6.285262888057065,0.8513211778580897
2191,2.0,27.0,190.0,7.945,4.395360102443452,13,5,20000.0,30.19,3.5658422,4.284613604034696,4.327425162831393,27.0,1,0.4951624904307289,9.053975762573106,4.483189186895157
2193,0.0,0.0,454.0,0.0,,5,3,60000.0,9.8,0.3293751,0.28998547449263523,0.4135286498521671,0.0,0,0.1082292523705285,24.510042505126265,2.652703575899691
2194,0.0,0.0,473.0,0.0,,3,2,40000.0,9.5,0.43417856,0.29636303432358474,0.2717995235151456,0.0,0,0.10495148920206336,24.510042505126265,2.5723654613188733
2198,3.0,535.0,722.0,11.246666666666664,4.028532560988947,18,3,60000.0,51.019999999999996,4.404771,4.231934354940024,4.057087445929456,535.0,0,0.3467085746474033,11.852138053228993,4.109237890959274
2200,1.0,126.0,277.0,17.15,4.501242682710995,10,0,60000.0,31.409999999999997,4.458907,4.6012218781338685,4.585261195126936,126.0,1,0.25402809599692594,18.07362796349597,4.591209299323679
2201,13.0,462.0,587.0,10.476153846153846,15.6116981126336,54,2,40000.0,143.67,15.607611,15.942225798519734,15.663837060765367,462.0,2,1.4981555384070226,10.62937546626484,15.924457724592399
2204,0.0,0.0,377.0,0.0,,7,5,80000.0,20.16,0.37712675,0.3538702054179459,0.4929207541769367,0.0,0,0.1239163721482732,24.510042505126265,3.0371955484352204
2206,0.0,0.0,316.0,0.0,,5,2,20000.0,18.56,0.3915925,0.6597263348582506,0.6482031604244964,0.0,0,0.13999781208601997,24.510042505126265,3.431352324853029
2208,0.0,0.0,403.0,0.0,,3,5,60000.0,15.14,0.5911462,0.2960295860490788,0.4685576284478694,0.0,0,0.11813396822345923,24.510042505126265,2.895468582456221
2211,3.0,508.0,641.0,12.946666666666667,5.15002008636306,20,5,80000.0,44.17,4.9377885,5.098173503614915,5.10611310403388,508.0,1,0.3898596086817763,13.47453327374508,5.253176269271831
2215,4.0,573.0,638.0,17.2875,8.869950220345952,22,1,140000.0,87.15,8.922717,8.855828624863296,8.865503431309232,573.0,1,0.5158979754240519,17.53763576264288,9.04763078367191
2217,0.0,0.0,364.0,0.0,,4,4,120000.0,12.77,0.7150607,0.36041678778039105,0.5569803385060474,0.0,0,0.12702551848861482,24.510042505126265,3.1134008573916514
2218,1.0,27.0,62.0,7.12,5.246100980153128,11,4,60000.0,18.84,5.2686725,5.543628529845881,5.432702655736147,27.0,1,0.575191883756514,9.302314780509901,5.350615961897553
2219,0.0,0.0,94.0,0.0,,4,3,40000.0,4.21,2.725698,2.3370934918717845,2.255947594781854,0.0,0,0.26571711375333995,24.510042505126265,6.512737752433833
2220,1.0,4.0,334.0,6.38,1.0715939278636464,8,2,20000.0,17.73,1.1877539,1.1319098036827115,1.0608139935488197,4.0,0,0.12628519488496395,8.65517901227364,1.0930209683292265
2221,6.0,204.0,243.0,7.4316666666666675,11.395786265148633,26,1,40000.0,54.0,11.41187,11.337602886222253,11.363519362120552,204.0,1,1.4844031732871945,7.830584767289632,11.623744877259098
2222,0.0,0.0,353.0,0.0,,5,2,40000.0,2.64,0.49135506,0.3686539795633967,0.5825345238163075,0.0,0,0.1297810432512316,24.510042505126265,3.1809388864473167
2224,7.0,425.0,497.0,14.122857142857143,14.501533889878433,33,3,100000.0,109.39,14.41845,14.326212302338899,14.090998111091007,425.0,2,1.0321281816499008,14.331517465702365,14.791963062159178
2227,1.0,17.0,357.0,5.24,0.9413226677340267,6,2,80000.0,12.83,0.9699116,0.8513822492540449,1.0452232015911056,17.0,0,0.125374445905318,7.658240126071834,0.9601476124161288
2228,0.0,0.0,268.0,0.0,,3,2,60000.0,5.32,0.7559995,0.760575069668512,0.5496486557199329,0.0,0,0.15592777389606963,24.510042505126265,3.8217963659223844
2229,3.0,275.0,356.0,9.213333333333333,5.942521839017762,23,4,40000.0,30.29,5.9323463,5.645600906306485,5.825777440647394,275.0,1,0.6115486251507043,9.911626122807798,6.061441328410915
2232,0.0,0.0,205.0,0.0,,3,2,20000.0,8.69,0.9170361,1.0821659569474198,1.029291173003025,0.0,0,0.1833231465995987,24.510042505126265,4.493258115329658
2234,2.0,275.0,282.0,13.18,7.229315568222724,13,1,40000.0,36.56,7.239596,7.152643549967242,7.235351524005674,275.0,1,0.5290300207000564,13.938509525298217,7.37388998269645
2237,0.0,0.0,47.0,0.0,,3,4,40000.0,16.19,3.4921818,3.39976308789105,2.9592400221554853,0.0,0,0.32839867730364003,24.510042505126265,8.04906553933946
2239,0.0,0.0,165.0,0.0,,3,2,40000.0,2.16,1.4347817,1.7152207536670516,1.4254992297926385,0.0,0,0.20636161640824802,24.510042505126265,5.057931989592721
2242,3.0,379.0,663.0,9.073333333333332,3.2273510486192976,13,4,100000.0,57.17,2.917009,3.421756470875184,3.156235830769838,379.0,0,0.33667344194121973,9.778017104647649,3.2919986739818436
2244,1.0,130.0,215.0,19.71,6.427002443528233,12,5,80000.0,27.580000000000002,6.437127,6.522396904740167,6.511380698947857,130.0,1,0.3227286772126617,20.312367918475466,6.555383629386493
2245,1.0,41.0,472.0,12.35,1.2957158504988,9,4,40000.0,28.46,1.1971636,1.3873153722462692,1.2569223550467372,41.0,0,0.09524675659684344,13.875990547909417,1.3216430942568285
2246,1.0,252.0,616.0,12.63,1.7334074706945475,10,3,140000.0,28.28,1.7230039,1.86790148659865,1.909446383496273,252.0,0,0.1252126995963984,14.1208527304853,1.7681100909872383
2248,0.0,0.0,342.0,0.0,,5,1,80000.0,5.83,0.60286707,0.630791276065963,0.6034528617337491,0.0,0,0.13265897497566106,24.510042505126265,3.251477115339934
2251,3.0,651.0,709.0,5.933333333333334,2.4576865322396833,15,0,40000.0,20.48,2.7015073,2.426986106607094,2.5027034947423252,651.0,0,0.36967837079511795,6.7813576973414715,2.5069212653321276
2252,0.0,0.0,246.0,0.0,,3,1,20000.0,29.33,1.0796742,1.0115658167351982,0.9333332840759168,0.0,0,0.16451041912116818,24.510042505126265,4.032157365195968
2254,1.0,525.0,687.0,3.74,0.8953974337429653,11,1,120000.0,15.27,0.8895299,0.9258976278187688,0.8349356159694654,525.0,0,0.1439107554643489,6.346478433701035,0.9133265059321137
2255,0.0,0.0,574.0,0.0,,4,3,60000.0,10.9,0.17327677,0.16950205188189207,0.22996641998705414,0.0,0,0.09040059535371667,24.510042505126265,2.2157224346083155
2257,0.0,0.0,183.0,0.0,,5,2,40000.0,20.01,1.0975695,1.4437817250040212,1.2215871493074326,0.0,0,0.19531386613709673,24.510042505126265,4.787151160860782
2258,1.0,60.0,126.0,10.94,5.268523524405133,7,1,20000.0,25.72,5.223586,5.325440251521017,5.093494155723923,60.0,1,0.4250305578514786,12.642934557080867,5.373633527675818
2259,1.0,182.0,647.0,9.77,1.1489646855366864,8,3,40000.0,28.44,1.1324778,1.1624458996688825,1.163160094322123,182.0,0,0.10085997730353853,11.619760437031644,1.1719687739515665
2260,2.0,282.0,408.0,4.635,2.2429550942089875,14,4,,26.47,,,,282.0,0,0.38350775946609417,5.965569505721127,2.287842195078364
2263,0.0,0.0,274.0,0.0,,5,0,20000.0,20.75,0.35467258,0.6803847608408534,0.6310877203656915,0.0,0,0.1537406248802351,24.510042505126265,3.7681892505792347
2269,3.0,660.0,666.0,9.94,4.093858874058039,16,0,20000.0,39.85,4.508325,4.185232013270772,4.0096234171213005,660.0,1,0.39375923620915065,10.605120550400946,4.175864167831843
2270,1.0,543.0,681.0,15.22,2.3589342842060814,8,3,60000.0,34.33,2.3424282,2.5607854776241723,2.4561448867502835,543.0,0,0.1468444528780237,16.385827919312213,2.4061679357648473
2271,0.0,0.0,141.0,0.0,,5,4,60000.0,4.49,1.9950944,1.815874464116353,1.7488992638956162,0.0,0,0.22320344838869827,24.510042505126265,5.470726007297751
2272,0.0,0.0,226.0,0.0,,4,1,60000.0,12.06,0.9870228,1.0650616490409617,0.8812521007041179,0.0,0,0.17317823224233675,24.510042505126265,4.244605833222302
2273,4.0,136.0,182.0,8.3925,10.59313920851655,20,0,20000.0,58.19,10.585544,10.928449044503854,10.515602861019108,136.0,1,1.207157221815632,8.950693154777179,10.804893882045013
2278,1.0,153.0,441.0,7.12,1.4535833572431278,7,2,60000.0,20.92,1.4155326,1.4440256998383456,1.4679240401211064,153.0,0,0.15938673508396395,9.302314780509901,1.482665581588774
2279,1.0,356.0,670.0,5.76,1.0286366026109328,9,0,60000.0,22.740000000000002,1.0121528,1.0723898264759457,0.9421965778514814,356.0,0,0.12932759662695834,8.112984179427045,1.0492327453978354
2280,2.0,67.0,561.0,5.57,0.7703388880380204,12,2,20000.0,15.7,0.9092426,1.0808150887941947,0.7144954580049463,67.0,0,0.11491175658908795,6.837974294288077,0.7857636376676719
2282,0.0,0.0,194.0,0.0,,3,5,140000.0,12.96,0.96965975,1.2089319710369077,0.9607756554143689,0.0,0,0.18912805787755158,24.510042505126265,4.635536737490769
2286,1.0,47.0,130.0,7.49,3.81213430766633,9,3,20000.0,23.130000000000003,3.8599877,3.8940439319039095,3.950149123098786,47.0,0,0.4039311498120798,9.625882664628032,3.8881938526793673
2293,0.0,0.0,394.0,0.0,,4,3,40000.0,18.79,0.37262586,0.2987651617316878,0.4785586886472952,0.0,0,0.120073408791034,24.510042505126265,2.9430043532036447
2294,0.0,0.0,73.0,0.0,,6,2,20000.0,30.62,2.9005916,2.98091360141096,3.082308878764407,0.0,0,0.29047119091616214,24.510042505126265,7.11946123586978
2295,3.0,602.0,700.0,8.68,3.4024764735346924,14,4,80000.0,50.72,3.4155385,3.564617290321801,3.4338030953902394,602.0,0,0.36911306088596557,9.402639386959613,3.470637004527602
2296,1.0,64.0,637.0,10.92,0.8153343697307713,9,4,60000.0,13.57,0.8106637,0.905673652787049,0.8257704588563053,64.0,0,0.06587159954850717,12.625444401182591,0.8316582177166416
2298,4.0,446.0,685.0,11.0275,4.9485160181813805,25,4,,48.67,,,,446.0,1,0.43913877173175075,11.49443613080035,5.0476525642287235
2300,1.0,34.0,148.0,23.4,8.16981921064369,9,5,20000.0,45.64,8.180434,8.53145787625535,8.619105227245656,34.0,1,0.3539982333773944,23.53930168170763,8.33287121026203
2302,0.0,0.0,354.0,0.0,,4,3,40000.0,20.22,0.46660244,0.3631946345274712,0.5858180670911421,0.0,0,0.12952560269963326,24.510042505126265,3.1746780276701085
2304,0.0,0.0,584.0,0.0,,3,1,40000.0,25.99,0.14134951,0.10356837264496661,0.21997442160214664,0.0,0,0.08917663512585622,24.510042505126265,2.185723117398872
2309,0.0,0.0,279.0,0.0,,5,4,40000.0,3.76,0.73324174,0.6995588762192867,0.5751901891113622,0.0,0,0.15196442742541466,24.510042505126265,3.724654575464089
2310,5.0,291.0,350.0,17.532,17.078517521531445,26,4,20000.0,111.8,17.080355,16.997115511525756,17.531980879062935,291.0,2,0.9827187855146056,17.72668294153091,17.42034433150373
2311,2.0,199.0,388.0,12.28,4.716764232849816,11,5,40000.0,25.9,4.6774964,4.771727044506237,4.448185129291259,199.0,1,0.3672980607771875,13.098761600474417,4.811149734436943
2313,1.0,196.0,708.0,4.82,0.6516210242830117,9,3,20000.0,15.620000000000001,0.67158514,0.6667241160143563,0.617188570291459,196.0,0,0.09116366813712563,7.29094685220801,0.6646694592401118
2314,0.0,0.0,637.0,0.0,,3,1,20000.0,9.34,0.09809494,0.1670524654780371,0.1881793499731126,0.0,0,0.08320629432931965,24.510042505126265,2.0393898107056714
2316,1.0,28.0,174.0,5.79,2.417511384107856,6,4,20000.0,21.15,2.4221346,2.467481042093898,2.3024544151626927,28.0,0,0.30295016348114473,8.13921941327446,2.4657778518604045
2318,0.0,0.0,353.0,0.0,,5,5,20000.0,34.3,0.7899866,0.7017457414925491,0.7827175396262183,0.0,0,0.1297810432512316,24.510042505126265,3.1809388864473167
2320,0.0,0.0,357.0,0.0,,1,1,40000.0,1.56,0.44630873,0.3657101706570829,0.6140325261876045,0.0,0,0.12876528841928309,24.510042505126265,3.156042692341471
2323,0.0,0.0,22.0,0.0,,3,3,20000.0,3.47,4.5295787,3.3857901453698576,3.8532566185546933,0.0,0,,24.510042505126265,
2324,1.0,95.0,232.0,6.38,2.397942855148368,7,4,140000.0,33.03,2.3920958,2.4775743470725544,2.4098191002484315,95.0,0,0.28258814591385134,8.65517901227364,2.445850989630887
2327,2.0,686.0,723.0,12.809999999999999,3.4668791484489767,12,4,20000.0,36.66,3.4683914,3.4863863875709153,3.3898525594748437,686.0,0,0.26015235903738415,13.593279822870654,3.536323812975076
2329,1.0,21.0,336.0,8.5,1.4418795585580608,8,2,120000.0,12.809999999999999,1.4410752,1.442469776726311,1.36586360950092,21.0,0,0.13994595597217535,10.509135537491035,1.4707110192353439
2330,0.0,0.0,223.0,0.0,,4,4,80000.0,4.2,1.0666322,1.0609653094412133,0.8147542012386753,0.0,0,0.174558027580304,24.510042505126265,4.278424675604254
2331,0.0,0.0,716.0,0.0,,3,4,100000.0,11.99,0.018748522,0.11840423946926244,0.13911717612593577,0.0,0,0.07565714538799714,24.510042505126265,1.8543598492763276
2334,0.0,0.0,151.0,0.0,,5,2,80000.0,13.94,1.8295418,1.7244874784088478,1.6975817328021243,0.0,0,0.21586167816604934,24.510042505126265,5.2907789070777556
2335,4.0,502.0,595.0,12.4925,6.825266124377814,18,2,20000.0,56.910000000000004,6.8660345,6.743434463684133,6.624326756377206,502.0,1,0.5393243023151194,12.908699303428033,6.961975245616992
2337,0.0,0.0,156.0,0.0,,6,5,20000.0,15.91,1.663731,1.695728723307528,1.690609736971,0.0,0,0.2123696420519655,24.510042505126265,5.205188953492125
2338,0.0,0.0,360.0,0.0,,2,0,120000.0,8.25,0.68001556,0.3625657463189254,0.5538479973096448,0.0,0,0.1280138621253678,24.510042505126265,3.137625201938138
2341,5.0,241.0,328.0,29.014,28.33259537683241,28,5,40000.0,163.07,28.355581,28.244405551188034,28.148760374756836,241.0,2,1.000390084017871,28.888342454493785,28.899611335188066
2343,0.0,0.0,591.0,0.0,,5,4,20000.0,12.31,0.1897545,0.16155913430879082,0.21485787674164758,0.0,0,0.0883394137612674,24.510042505126265,2.1652027861666
2344,1.0,5.0,668.0,3.24,0.2280781283679771,7,1,40000.0,9.25,0.20436807,0.22783162331107518,0.250284713518675,5.0,0,0.0393697781357234,5.9092245362441025,0.23264485894610332
2352,1.0,208.0,259.0,10.86,3.7405623124412024,8,3,100000.0,41.18,3.6958401,3.745305832950997,3.7198567150221105,208.0,0,0.3034535515250999,12.572973933487756,3.8153135933493645
2354,1.0,3.0,205.0,1.87,1.0625347642413732,8,2,60000.0,8.67,1.0608425,1.0762628354574089,1.0134177202893664,3.0,0,0.23004087790515604,4.711148857212107,1.0837568190549458
2355,0.0,0.0,481.0,0.0,,4,2,40000.0,18.61,0.32489058,0.255462486363447,0.24219212123825873,0.0,0,0.10363008977096583,24.510042505126265,2.539977905096423
2359,1.0,96.0,624.0,10.92,0.9893624452704413,5,2,20000.0,17.939999999999998,1.0115491,1.006261280572641,0.9737239975563661,96.0,0,0.07993142904663325,12.625444401182591,1.0091698133353393
2361,0.0,0.0,709.0,0.0,,3,3,20000.0,4.43,0.05937159,0.13783663399654547,0.1869344863303306,0.0,0,0.0762702631807932,24.510042505126265,1.8693873924384081
2362,0.0,0.0,158.0,0.0,,6,3,60000.0,15.4,1.809565,1.7301185901671619,1.6479954971047714,0.0,0,0.21100437536176123,24.510042505126265,5.171726208884385
2366,1.0,567.0,612.0,12.35,2.271987252135957,10,4,20000.0,36.2,2.260846,2.428765276429815,2.351596918062752,567.0,0,0.16701306133464594,13.875990547909417,2.3174716604569627
2368,2.0,186.0,429.0,16.88,5.430723217413778,16,1,20000.0,52.0,5.4418917,5.317757944450921,5.9792523507679975,186.0,1,0.3185254948188141,17.390806549573842,5.539415261501281
2371,8.0,438.0,557.0,11.64,12.021146852092109,35,1,20000.0,112.94,12.007795,12.040658854673424,12.249669735646368,438.0,1,1.033299163960921,11.866788968464125,12.26194312001466
2373,3.0,177.0,343.0,15.906666666666666,8.979307891615946,16,4,40000.0,56.769999999999996,9.194657,8.917565709237252,8.595237545963423,177.0,1,0.5619213657052111,16.299409657702498,9.158986535044894
2374,1.0,16.0,349.0,6.3,1.0830292586046129,7,3,40000.0,13.77,1.088528,0.9812908132734973,1.17561118222096,16.0,0,0.1286731438654388,8.58521838868053,1.1046870408429006
2376,1.0,204.0,698.0,19.35,1.8631240401551135,8,2,40000.0,38.17,2.213157,2.0648696237808015,1.9146882598394548,204.0,0,0.09503323711699956,19.997545112306476,1.9004314464157168
2377,0.0,0.0,528.0,0.0,,5,0,40000.0,16.12,0.257366,0.16126699145163917,0.31282899800885033,0.0,0,0.09649316047600942,24.510042505126265,2.3650514647209606
2378,4.0,562.0,601.0,13.97,7.65983315316425,24,4,80000.0,75.5,7.68965,7.687959847982997,7.962750445714358,562.0,1,0.5450467056590492,14.335029567972336,7.813260641548386
2379,0.0,0.0,107.0,0.0,,4,5,80000.0,2.85,2.5979812,2.181542282573782,2.1559784738331036,0.0,0,0.2524111775430864,24.510042505126265,6.1866086903500195
2381,3.0,569.0,595.0,15.56,6.719212029439911,18,3,40000.0,62.41,6.6852393,6.802074962889922,6.980452410943657,569.0,1,0.4292047541641629,15.968568279401177,6.853785422714032
2384,1.0,60.0,231.0,30.1,7.4544368329987005,7,5,20000.0,37.61,7.4779954,7.904698979386572,7.321966109025436,60.0,1,0.25863106529438207,29.39850390763053,7.603366383691538
2385,3.0,335.0,553.0,15.899999999999999,6.456442839476383,14,1,40000.0,78.56,6.464264,6.574189201338245,6.8247109952987595,335.0,1,0.4042055179725418,16.293047323504393,6.585739632748228
2388,0.0,0.0,249.0,0.0,,3,3,40000.0,6.91,0.965612,0.9853831367847795,0.598018780926151,0.0,0,0.1632847041768933,24.510042505126265,4.002115039812623
2389,2.0,149.0,683.0,13.100000000000001,1.7728556206086754,15,2,20000.0,48.64,1.7684683,1.7963907754660364,1.6364412921724307,149.0,0,0.13043726309063527,13.863865265313882,1.8083646410648668
2390,2.0,302.0,722.0,12.435,2.520144817390243,15,3,40000.0,35.91,2.5253513,2.4785445798764174,2.412914176446787,302.0,0,0.19410637724413812,13.24338485419407,2.5706254564974995
2391,1.0,78.0,207.0,19.43,5.9330371710858785,5,3,40000.0,26.66,5.796783,6.246377760909592,6.180714618847382,78.0,1,0.30155918609064225,20.067505735899584,6.051540696587173
2393,0.0,0.0,159.0,0.0,,5,3,60000.0,3.28,1.8474023,1.7301185901671619,1.638611105181873,0.0,0,0.21032832775894095,24.510042505126265,5.155156253403771
2394,0.0,0.0,144.0,0.0,,5,2,40000.0,5.38,1.8121226,1.7847632240174567,1.7587102950904896,0.0,0,0.22094880148677595,24.510042505126265,5.415464515897584
2396,0.0,0.0,698.0,0.0,,2,1,60000.0,6.96,0.030115696,0.12484915163894113,0.19934495603013502,0.0,0,0.07725408322982545,24.510042505126265,1.8935008636575839
2397,2.0,244.0,477.0,19.725,6.085296902425954,10,2,40000.0,49.45,6.0771255,5.996111108846578,5.952712330666948,244.0,1,0.30965358197124637,20.04534304526686,6.207112275809296
2398,5.0,569.0,711.0,8.746,5.040291102256399,23,4,60000.0,47.78,5.022842,4.885792355881399,4.929603775109969,569.0,1,0.5596978044791256,9.185806745668529,5.141275867920218
2400,0.0,0.0,22.0,0.0,,5,3,40000.0,2.39,4.547222,3.3659085455163646,3.8113705606713983,0.0,0,,24.510042505126265,
2402,0.0,0.0,133.0,0.0,,5,1,20000.0,10.86,1.7836769,2.0949962246997424,1.7303744091774744,0.0,0,0.22944808274526038,24.510042505126265,5.623782260806061
2404,1.0,20.0,446.0,11.59,1.181434458859925,10,2,60000.0,16.83,1.181607,1.1158099324766646,1.112302637101533,20.0,0,0.0912148215425871,13.21136462377488,1.205072266491674
2405,2.0,199.0,632.0,24.93,4.545851781004125,14,4,60000.0,60.36,4.5405283,4.359887400840508,4.535057870697148,199.0,1,0.18620644733570835,24.901885210497845,4.636891577008422
2408,0.0,0.0,223.0,0.0,,3,0,80000.0,4.34,1.0569859,1.0352837520879692,0.8564371177131145,0.0,0,0.174558027580304,24.510042505126265,4.278424675604254
2412,1.0,24.0,159.0,21.66,6.9658336033253345,9,5,80000.0,26.82,6.9743085,7.020622349788543,6.794429874438752,24.0,1,0.3226900721364962,22.017658118557506,7.104879686554033
2414,0.0,0.0,198.0,0.0,,3,5,40000.0,4.18,1.0585313,1.213593481058816,0.9735845460594641,0.0,0,0.18697500259786995,24.510042505126265,4.582765261069886
2420,0.0,0.0,162.0,0.0,,6,0,80000.0,30.74,1.6092154,1.627660759737673,1.523176640184305,0.0,0,0.20832602289727487,24.510042505126265,5.1060796761361145
2421,0.0,0.0,252.0,0.0,,4,1,40000.0,12.42,0.75082725,0.9824393278784656,0.6397797235187221,0.0,0,0.16207716205830328,24.510042505126265,3.972518131159251
2422,5.0,551.0,669.0,13.894,8.259839462601864,26,1,40000.0,90.64,8.251255,8.34280054015784,8.425885399321746,551.0,1,0.5937427579633847,14.190180824464289,8.425317098716564
2423,1.0,50.0,147.0,16.7,6.457836174832095,7,2,20000.0,24.89,6.4472,6.696238796607767,6.94583148197165,50.0,1,0.3725498652712483,17.68009945578473,6.5867186702348715
2426,3.0,573.0,661.0,13.75,5.411678554056193,15,2,100000.0,63.489999999999995,5.413793,5.952370903825586,5.630256944664514,573.0,1,0.38761357828347226,14.241194544616405,5.520080376469829
2428,0.0,0.0,530.0,0.0,,6,3,40000.0,15.05,0.29333135,0.1635841763926844,0.2919309384768898,0.0,0,0.09621122367475615,24.510042505126265,2.3581411817384836
2429,1.0,244.0,299.0,18.56,5.237305282742474,11,0,20000.0,28.169999999999998,5.2483087,5.24240143515225,5.300804995990651,244.0,1,0.2766918367691673,19.30668395432452,5.342001845243861
2431,1.0,57.0,570.0,6.16,0.6361811447524097,8,4,20000.0,17.73,0.6397614,0.6154294328997845,0.7106833789122229,57.0,0,0.07667871561528657,8.462787297392591,0.6489156604894261
2432,0.0,0.0,243.0,0.0,,3,4,60000.0,28.24,1.0140535,1.0392372540117907,0.8900449486644373,0.0,0,0.1657547211602531,24.510042505126265,4.062655261063155
2433,0.0,0.0,258.0,0.0,,2,1,40000.0,8.19,0.78489035,0.7687021800361291,0.6463452748988834,0.0,0,0.15971499998836897,24.510042505126265,3.914621438421164
2434,3.0,272.0,326.0,8.946666666666667,6.248735332172157,16,5,20000.0,50.19,6.360848,6.425001523077329,6.6419068878221665,272.0,1,0.6600057338078289,9.657132754883706,6.373762990366641
2435,0.0,0.0,102.0,0.0,,7,5,60000.0,11.76,2.6150613,2.207244835560766,2.171699173964025,0.0,0,0.257367226357713,24.510042505126265,6.3080816574539975
2437,0.0,0.0,322.0,0.0,,5,3,120000.0,14.12,0.6526672,0.6202880037784128,0.6204524335606916,0.0,0,0.13823294414694892,24.510042505126265,3.388095336650463
2438,2.0,308.0,399.0,16.89,6.815835360326952,14,1,20000.0,39.56,6.8114915,6.915956793312891,6.778832817337603,308.0,1,0.39955039366202266,17.400137082071886,6.95223162091498
2439,4.0,261.0,334.0,10.88,9.163281273698031,19,2,20000.0,52.22,9.1814165,9.335396663795738,8.87490459490875,261.0,1,0.823345561347934,11.352044446184253,9.346655406990271
2441,2.0,599.0,695.0,14.420000000000002,3.9064988355872776,13,5,40000.0,45.93,3.9639142,4.10579323478584,4.049544433920824,599.0,0,0.26396915030982715,15.095495555055455,3.9847451351737613
2443,3.0,535.0,678.0,9.82,3.823628681958491,15,4,40000.0,37.5,3.8487353,3.795873636916737,3.84381474559795,535.0,0,0.37178267196119713,10.490598534835106,3.9002227537532157
2444,3.0,455.0,532.0,10.853333333333333,5.180728193175145,18,0,80000.0,36.83,5.1238403,4.76199177094715,4.97110357189008,455.0,1,0.4604497552017605,11.47676033554096,5.28447148700911
2445,0.0,0.0,330.0,0.0,,4,2,60000.0,18.03,0.42947462,0.6107776505794719,0.72718678728691,0.0,0,0.13594797969925101,24.510042505126265,3.332090760914685
2446,7.0,281.0,343.0,13.592857142857143,18.24769527249785,29,0,20000.0,115.6,18.271713,18.28969181753805,18.266818271151898,281.0,2,1.3475763870102015,13.812164235472133,18.61294637722906
2447,0.0,0.0,206.0,0.0,,3,3,100000.0,10.56,1.0656061,1.0848290172638144,0.9897725782442599,0.0,0,0.18281309925338507,24.510042505126265,4.480756833194334
2448,10.0,641.0,703.0,16.250999999999998,17.71748928517045,46,1,20000.0,169.16,17.706581,17.28263645538032,17.647360567649443,641.0,2,1.1041469310659546,16.367840906260657,18.072501304823497
2449,2.0,110.0,315.0,18.48,7.136142848086387,13,1,40000.0,44.98,7.0784187,7.180941100946009,6.787627514056251,110.0,1,0.38545880000660915,18.883691749260603,7.278885161364698
2450,1.0,209.0,326.0,9.6,2.764314512721585,7,0,40000.0,13.19,2.769102,2.750445604343615,2.7143185906200764,209.0,0,0.2457991653198298,11.471094111896289,2.8195853580093218
2451,0.0,0.0,68.0,0.0,,4,2,100000.0,11.8,2.8424878,2.1382362860374644,2.8754867711094607,0.0,0,0.2970647471771156,24.510042505126265,7.281069580085691
2452,0.0,0.0,74.0,0.0,,3,0,80000.0,4.05,2.938488,2.1255416564346246,2.900609403111505,0.0,0,0.2891876602292451,24.510042505126265,7.08800184417681
2457,0.0,0.0,223.0,0.0,,6,2,120000.0,3.42,1.0190276,1.0629195176011115,0.832802605188439,0.0,0,0.174558027580304,24.510042505126265,4.278424675604254
2458,0.0,0.0,289.0,0.0,,2,4,100000.0,8.44,0.64003056,0.662180938886385,0.536244867779959,0.0,0,0.14853262177562437,24.510042505126265,3.6405408731183964
2459,1.0,385.0,457.0,16.7,3.554331909624829,9,4,120000.0,35.2,3.5633447,3.653478671161111,3.6795976323078725,385.0,0,0.20505820473584735,17.68009945578473,3.625449453954449
2460,2.0,63.0,490.0,14.645,2.2312900148613175,13,5,40000.0,60.39,2.2470903,2.1356188050246168,1.7977774704596952,63.0,0,0.14870262392102304,15.305432536261405,2.2759579783882695
2462,1.0,30.0,306.0,19.56,3.2944912360958125,9,3,100000.0,24.779999999999998,3.290767,3.4348341179269473,3.2602935470033336,30.0,0,0.16650916237326227,20.181191749238387,3.3603533338598752
2463,0.0,0.0,81.0,0.0,,5,4,20000.0,14.17,2.779544,2.548737424201838,2.45905544864398,0.0,0,0.2805128028220991,24.510042505126265,6.875380720401752
2464,1.0,12.0,289.0,15.94,2.7030583246051227,9,1,60000.0,25.52,2.6830344,2.7821546866631377,2.7199936524589035,12.0,0,0.16203426527019624,17.015473531650194,2.7570897519254105
2467,1.0,255.0,262.0,18.94,6.026690673907571,12,4,80000.0,32.400000000000006,6.667612,5.935290687486119,6.29456192035391,255.0,1,0.31300636720343955,19.638996916391793,6.147131080319347
2468,4.0,584.0,619.0,13.28,7.1417924571351,21,4,140000.0,60.959999999999994,7.124148,6.83760346474284,7.104903559362022,584.0,1,0.5329496399089185,13.668926094174996,7.284849239832184
2471,2.0,473.0,586.0,12.18,3.8159440970243343,10,2,20000.0,33.92,3.7708323,3.918838259552761,3.9560614162868224,473.0,0,0.2992864801880984,13.005456275493994,3.8923572319328135
2472,1.0,4.0,465.0,26.07,1.913732050446086,6,4,20000.0,34.93,1.9985904,1.9003541288566275,1.9855245021515673,4.0,0,0.07544278952477755,25.87423749412765,1.95202465338358
2475,5.0,258.0,308.0,17.676,18.85021050650653,24,5,40000.0,92.37,18.859468,18.942019593187094,18.0321717817994,258.0,2,1.0761614548660574,17.866665433245476,19.22741666624655
2476,0.0,0.0,43.0,0.0,,4,4,20000.0,8.37,4.522087,3.402660684190868,2.991741688115881,0.0,0,0.3351378164852305,24.510042505126265,8.214242127128205
2478,0.0,0.0,160.0,0.0,,4,4,120000.0,9.02,1.4233932,1.708945558159972,1.5784682200602944,0.0,0,0.20965661417548534,24.510042505126265,5.1386925249220035
2479,1.0,73.0,165.0,7.57,3.42492754128168,11,4,60000.0,30.35,3.4039145,3.3424621808429213,3.619406934716817,73.0,0,0.36028830490606334,9.695843288221141,3.493298942948026
2480,4.0,224.0,332.0,6.375,5.477660126026296,21,0,40000.0,35.09,5.4695415,5.41692282783277,5.618243069040608,224.0,1,0.7978331546729304,7.003064519434961,5.587277057918864
2481,4.0,241.0,344.0,11.7925,9.421039478636745,21,3,60000.0,63.51,9.349773,9.565858713121457,9.290246331350197,241.0,1,0.7855494816097296,12.2329421560974,9.60958136928412
2482,1.0,98.0,278.0,10.58,2.8757287573015624,7,4,40000.0,26.82,2.9075701,3.0147854780614862,2.8186701541800154,98.0,0,0.23792829430313645,12.328111750911876,2.9332066008729156
2483,0.0,0.0,572.0,0.0,,5,4,100000.0,40.32,0.5499888,0.09366374857695559,0.2994440127205724,0.0,0,0.09064943369296567,24.510042505126265,2.2218214728802135
2489,0.0,0.0,229.0,0.0,,5,4,40000.0,10.71,0.978118,1.0409314437108252,0.8799725427348868,0.0,0,0.1718201358256834,24.510042505126265,4.211318832324068
2491,0.0,0.0,303.0,0.0,,3,5,20000.0,20.73,0.40328687,0.6768787111975358,0.6440221489196425,0.0,0,0.14398100063415373,24.510042505126265,3.5289804454737195
2492,1.0,34.0,321.0,7.8,1.5503196976537823,6,4,40000.0,14.66,1.5716221,1.5863539035952705,1.618863215838946,34.0,0,0.15977766466624602,9.896980081051328,1.5813163645987354
2493,3.0,271.0,410.0,22.209999999999997,11.600185342869601,16,1,120000.0,76.78999999999999,11.580362,11.522597849176721,11.483670130531834,271.0,1,0.5302434324727915,22.314996642008207,11.832380415077248
2494,0.0,0.0,295.0,0.0,,5,1,60000.0,8.37,0.5766722,0.6577923950406134,0.5976314062020851,0.0,0,0.14654709033585403,24.510042505126265,3.591875413134361
2496,1.0,10.0,233.0,12.31,2.820457118473746,7,2,60000.0,15.27,3.1488292,3.0108495459723836,2.9583456448514696,10.0,0,0.20784661805140006,13.841010236112865,2.876807167990869
2500,5.0,198.0,291.0,16.072,17.036392329129328,26,0,40000.0,100.95,17.060104,17.543307207982053,17.584859969295586,198.0,2,1.0656053284244693,16.307416011647106,17.377269394845666
2501,0.0,0.0,225.0,0.0,,2,2,40000.0,3.92,0.96385825,1.0740571428294263,0.8883423894642215,0.0,0,0.17363572742427785,24.510042505126265,4.2558190595775685
2502,1.0,13.0,44.0,19.26,12.30876711739287,10,1,20000.0,26.330000000000002,12.3100195,12.397018656028239,11.899094212313033,13.0,1,0.6302504327468912,19.918839410764228,12.553857158449986
2506,0.0,0.0,337.0,0.0,,4,3,100000.0,17.94,0.43670055,0.6069070148318084,0.5868041407119176,0.0,0,0.1340098229869541,24.510042505126265,3.284586457514692
2507,3.0,374.0,453.0,6.05,3.500838413457916,13,4,20000.0,27.0,3.4923463,3.3728837235329543,3.59777825860274,374.0,0,0.5180735049566653,6.892698545808262,3.570924494236596
2510,8.0,329.0,357.0,19.85125,29.636972468621828,36,1,20000.0,171.99,28.925297,30.584876971286054,27.72944695863998,329.0,2,1.5165669012758338,19.93334473636976,30.230250858899243
2511,3.0,378.0,477.0,22.516666666666666,10.94406963830811,18,2,40000.0,99.22,10.948641,11.055046433896498,11.119786419181995,378.0,1,0.49377882931092787,22.607664015120914,11.163185870841197
2512,1.0,73.0,302.0,6.4,1.7188222525291306,5,2,20000.0,19.14,1.6963248,1.8119718249433825,1.7593191728573405,73.0,0,0.20215036211961382,8.672669168171918,1.7531832128895632
2513,1.0,465.0,678.0,3.2,0.8093279417963563,9,2,40000.0,14.219999999999999,0.7972265,0.7843536131493588,0.7498545571376285,465.0,0,0.14053437493897972,5.874244224447548,0.8255332403216478
2516,1.0,42.0,94.0,14.25,7.430485637433099,11,5,120000.0,25.02,7.4442906,7.534197817085359,7.163737458945457,42.0,1,0.4877623688524611,15.537555358245761,7.578634807714202
2518,1.0,342.0,360.0,2.94,1.391933923455369,5,1,60000.0,9.13,1.4121857,1.2996070411734937,1.4626836939512762,342.0,0,0.25142606837491716,5.646872197769943,1.4197708753009244
2519,0.0,0.0,99.0,0.0,,5,1,140000.0,23.04,2.6567574,2.2063375540614425,2.155414864350387,0.0,0,0.2604358815291101,24.510042505126265,6.383294526138517
2523,2.0,209.0,695.0,17.975,2.937483564420916,11,3,100000.0,42.43,2.964282,3.009902003694062,3.108489970444045,209.0,0,0.16273296551473446,18.41249985810947,2.9963207044497815
2524,0.0,0.0,416.0,0.0,,4,3,40000.0,28.56,0.59833187,0.26271567990261646,0.5599614870891747,0.0,0,0.11544078191625753,24.510042505126265,2.8294584715924835
2525,1.0,23.0,693.0,8.34,0.435394227135816,8,0,80000.0,23.65,0.4421217,0.42975453735670066,0.5304319088952658,23.0,0,0.04282990931871906,10.369214290304818,0.4441125077601211
2526,1.0,81.0,317.0,11.94,2.5989510305590393,7,3,40000.0,26.66,2.5509698,2.766943982089754,2.5106837162864153,81.0,0,0.19611049359802057,13.517442351994731,2.650912291832475
2527,0.0,0.0,334.0,0.0,,5,4,40000.0,39.1,1.3451957,1.159097052976396,0.781954424623116,0.0,0,0.13483364128875247,24.510042505126265,3.304778279108271
2528,4.0,223.0,283.0,19.845,18.137168233775903,21,1,40000.0,100.38,17.409893,19.223941728303497,17.8859384270042,223.0,2,0.9246976057122671,20.00656276878301,18.500020690825835
2530,1.0,219.0,239.0,16.93,5.7476269722830455,10,3,20000.0,39.05,5.7785788,5.80935180308616,6.164526383596876,219.0,1,0.32785573835590265,17.881236248614922,5.862465913005976
2531,1.0,30.0,272.0,3.78,1.204381687142798,5,3,20000.0,11.72,1.216101,1.2592428112739085,1.10741946986355,30.0,0,0.1925034355325425,6.381458745497589,1.2284527322174748
2532,1.0,4.0,256.0,26.5,4.62147737896365,7,4,40000.0,35.1,4.6148834,4.413613212276909,4.434773514304476,4.0,1,0.1795726023981148,26.250275845940614,4.71383034732393
2533,3.0,474.0,726.0,23.77333333333333,7.708350897626105,18,1,60000.0,85.84,7.7363963,8.082698983313495,7.867820834745437,474.0,1,0.33027213008457773,23.806964011463194,7.862776714912832
2535,1.0,387.0,527.0,21.9,3.8500851475343674,10,2,40000.0,34.25,3.8468359,3.708301417813145,3.861411725208647,387.0,0,0.17667909329150183,22.227539989336833,3.92714161141663
2542,0.0,0.0,87.0,0.0,,5,4,20000.0,3.66,2.7073514,2.548737424201838,2.259445563306995,0.0,0,0.27348329039810965,24.510042505126265,6.703087072099457
2544,1.0,113.0,410.0,5.37,1.2009187129107302,5,4,100000.0,11.370000000000001,1.1941185,1.161095010318939,1.1616443822794826,113.0,0,0.15761115049030994,7.7719261394106365,1.2249422203582234
2547,6.0,545.0,678.0,14.496666666666668,9.905831713612343,32,3,80000.0,94.63,9.862365,9.803985567287796,9.650470661547766,545.0,1,0.6859410311735755,14.730559919051167,10.104295460638099
2548,0.0,0.0,241.0,0.0,,4,1,80000.0,7.29,0.9800623,0.9935252291635074,0.848453689741544,0.0,0,0.16659479233461064,24.510042505126265,4.08324544125399
2549,1.0,158.0,168.0,16.13,6.800874166342551,7,3,80000.0,26.97,6.786104,6.80763175856965,6.516658562753672,158.0,1,0.40372449367823965,17.18163001268383,6.936644877437625
2550,1.0,6.0,191.0,7.95,2.4733777281560525,8,3,120000.0,30.63,2.5696673,2.670991392048232,2.391224463247279,6.0,0,0.2515687161797573,10.02815625028841,2.522770393535064
2551,7.0,223.0,281.0,13.692857142857141,20.945823191628733,28,4,80000.0,102.28,20.952894,21.023146677282604,20.686735421572955,223.0,2,1.5359241185360595,13.910155410987269,21.36494318832022
2553,15.0,623.0,659.0,14.271333333333333,24.30765292552794,64,2,60000.0,221.09,24.308447,23.504727397002792,24.80989360285619,623.0,2,1.725646166202964,14.368355730317909,24.79469798066349
2554,1.0,22.0,413.0,3.74,0.6489445261916096,6,0,60000.0,26.5,0.6541756,0.6692651807256851,0.7017281246499705,22.0,0,0.10429821730167778,6.346478433701035,0.6619263867785622
2555,0.0,0.0,532.0,0.0,,6,4,60000.0,15.12,0.31090146,0.17129098504768006,0.2797904985377704,0.0,0,0.09593093116290045,24.510042505126265,2.3512712003590317
2556,3.0,266.0,593.0,16.36,5.285915657221593,16,2,120000.0,65.77000000000001,5.5730166,5.3520151610577935,5.5199603878983385,266.0,1,0.3222428084952675,16.732048383173453,5.391782262872513
2557,0.0,0.0,302.0,0.0,,2,0,20000.0,10.92,0.42209062,0.6509015105280925,0.6634280093192491,0.0,0,0.14429682692080711,24.510042505126265,3.5367213611838304
2559,0.0,0.0,30.0,0.0,,5,3,120000.0,14.8,4.568562,3.0498394241124784,3.87746087432112,0.0,0,,24.510042505126265,
2563,0.0,0.0,30.0,0.0,,4,2,40000.0,9.36,4.554568,3.3659085455163646,3.8239345966489586,0.0,0,,24.510042505126265,
2564,0.0,0.0,108.0,0.0,,5,4,80000.0,5.21,2.6674829,2.223867559849446,2.1598077522421457,0.0,0,0.25144289641055056,24.510042505126265,6.162876078634655
2566,0.0,0.0,195.0,0.0,,4,3,60000.0,4.56,1.102828,1.1933796853199454,0.9952656762906233,0.0,0,0.18858514446970864,24.510042505126265,4.622229906787936
2568,3.0,162.0,381.0,17.94666666666667,8.456970941050214,15,2,60000.0,59.510000000000005,8.475727,8.443957870381883,7.974168770157566,162.0,1,0.4727663299558473,18.246283922321798,8.626228685288458
2570,10.0,604.0,666.0,13.11,15.002497362920673,47,2,80000.0,139.64,14.999511,15.246494921518233,14.94160424826076,604.0,2,1.1530985017654645,13.271276721470105,15.303089304042064
2571,0.0,0.0,73.0,0.0,,3,2,140000.0,3.24,2.851405,2.116392965840243,2.8476222299181693,0.0,0,0.29047119091616214,24.510042505126265,7.11946123586978
2572,0.0,0.0,326.0,0.0,,5,5,40000.0,28.08,0.76284575,0.9126225411289186,0.6411076190152647,0.0,0,0.13708092375903247,24.510042505126265,3.3598592679758585
2575,0.0,0.0,93.0,0.0,,4,1,120000.0,12.22,2.7703302,2.181863209081439,2.2366392487727573,0.0,0,0.2667993073001619,24.510042505126265,6.5392623622652115
2577,0.0,0.0,64.0,0.0,,3,1,40000.0,3.5,2.8391228,3.2622567174824777,2.8932280602313973,0.0,0,0.302560551766563,24.510042505126265,7.415771984172914
2581,0.0,0.0,249.0,0.0,,3,1,40000.0,10.35,0.96726304,0.9824393278784656,0.6173009643203216,0.0,0,0.1632847041768933,24.510042505126265,4.002115039812623
2582,0.0,0.0,282.0,0.0,,7,4,20000.0,5.76,0.55841863,0.6813657504254957,0.5874108731289551,0.0,0,0.15091831439526768,24.510042505126265,3.69901430063002
2584,0.0,0.0,66.0,0.0,,3,1,40000.0,12.18,2.7764177,2.434927616118919,2.8932280602313973,0.0,0,0.2997873016467266,24.510042505126265,7.3477995058583785
2586,0.0,0.0,166.0,0.0,,5,1,60000.0,4.2,1.4421934,1.620178648699576,1.3842314677191245,0.0,0,0.20571505014536728,24.510042505126265,5.042084623007133
2587,9.0,445.0,564.0,11.076666666666666,12.579765643842672,40,1,80000.0,105.66999999999999,11.9775505,12.646351298014826,12.491490326093945,445.0,1,1.1368122085222103,11.287493431137317,12.831760336131156
2588,4.0,416.0,640.0,15.6575,7.282107648837263,22,3,20000.0,79.64999999999999,7.288906,7.370228663524408,7.254084385689352,416.0,1,0.4652932279942285,15.964086976715828,7.427981561376732
2589,0.0,0.0,320.0,0.0,,4,4,20000.0,6.86,0.5075972,0.6257100834537922,0.6539201137299768,0.0,0,0.13881625941724984,24.510042505126265,3.402392418719428
2591,0.0,0.0,297.0,0.0,,2,1,20000.0,4.76,0.49143088,0.6768913188588781,0.6330465175373545,0.0,0,0.1458970138658256,24.510042505126265,3.575942011222381
2592,0.0,0.0,34.0,0.0,,5,0,40000.0,7.38,4.5766006,3.3659085455163646,3.8408885973438855,0.0,0,,24.510042505126265,
2594,2.0,328.0,434.0,9.3,3.7771833178453758,16,3,80000.0,30.68,3.8121362,3.9118947254937724,3.963641086920836,328.0,0,0.3733944878147179,10.318262916057831,3.8527824966790116
2596,0.0,0.0,30.0,0.0,,5,4,80000.0,2.08,4.6311493,3.0733931246530806,3.746567233764477,0.0,0,,24.510042505126265,
2599,0.0,0.0,448.0,0.0,,2,2,60000.0,5.93,0.31097353,0.28998547449263523,0.3855196832457004,0.0,0,0.10930734594814304,24.510042505126265,2.679127695311527
2600,1.0,232.0,344.0,15.12,3.8258453789912688,9,4,40000.0,19.14,3.839081,3.6764240466193034,3.8512735242157543,232.0,0,0.23943181210098347,16.298377139820825,3.9023499728925444
2601,0.0,0.0,105.0,0.0,,2,4,20000.0,13.35,2.4714863,2.3037868073713814,2.1687950245733205,0.0,0,0.25437039900107217,24.510042505126265,6.234629291562206
2605,0.0,0.0,197.0,0.0,,5,2,20000.0,23.74,1.0830027,1.2268238174270831,1.0181340228111067,0.0,0,0.18750864352413096,24.510042505126265,4.595844822855018
2612,0.0,0.0,547.0,0.0,,6,1,20000.0,4.56,0.21433192,0.1415615809103269,0.27297720186174157,0.0,0,0.09387972698051743,24.510042505126265,2.300996098662131
2613,1.0,505.0,693.0,2.69,0.7489743048942931,7,2,40000.0,18.080000000000002,0.67968875,0.7563539199705391,0.7430304051973255,505.0,0,0.1407400807259468,5.428245249041476,0.7639716745503344
2614,3.0,428.0,623.0,17.346666666666668,6.639731569394141,15,3,20000.0,72.63,6.7157555,6.767366374256457,6.867668577718539,428.0,1,0.3832096167285581,17.67367384449259,6.772721780133547
2618,3.0,166.0,309.0,5.436666666666667,3.821155622583829,14,5,40000.0,19.380000000000003,4.0787973,3.8271019209161796,3.6637988562937855,166.0,0,0.6179449594596246,6.307363799582852,3.897603667430329
2619,1.0,306.0,451.0,18.0,3.6027509666894533,8,2,20000.0,23.22,3.5967932,3.4800757599609815,3.696238343443866,306.0,0,0.1952937928197426,18.816959589172757,3.6748354075053733
2621,0.0,0.0,137.0,0.0,,4,4,40000.0,5.04,1.9328586,1.8108257236603353,1.6926747672079392,0.0,0,0.22628251237145533,24.510042505126265,5.54619399639113
2622,1.0,33.0,333.0,20.88,3.1681660424877434,8,4,80000.0,31.64,3.1812522,3.3565179013276993,3.0532260769141,33.0,0,0.15146156748923367,21.33554203852469,3.2315146403873896
2623,1.0,563.0,594.0,8.46,1.7666295977580981,9,2,40000.0,19.96,1.7299557,1.6572371516319904,1.8615966386304086,563.0,0,0.17204204229280035,10.474155225694481,1.8019950563202858
2625,2.0,343.0,686.0,6.6,1.7079988596501126,15,3,80000.0,16.79,1.7262273,1.7378888452556724,1.506937545381871,343.0,0,0.22338822726986915,7.7990191415864265,1.7422090604827685
2627,1.0,13.0,238.0,20.57,4.259392650907449,9,1,20000.0,23.93,4.3057184,4.1555303218597075,4.287916129502146,13.0,1,0.20624780592066602,21.06444462210139,4.344495486245785
2628,1.0,13.0,229.0,15.79,3.565563120226992,8,3,140000.0,46.11,3.5766158,3.2573015836466923,3.7877360893098735,13.0,0,0.21539521090742733,16.884297362413115,3.636796791400692
2629,0.0,0.0,149.0,0.0,,5,4,80000.0,6.48,1.8343583,1.7429329285375499,1.74399143383964,0.0,0,0.21729098707761238,24.510042505126265,5.3258113292531215
2632,1.0,369.0,605.0,10.35,1.766919690764702,6,3,20000.0,17.759999999999998,1.7540349,1.7097870025842399,1.889269059836793,369.0,0,0.14861844036908897,12.126974958081686,1.8022921046650981
2634,2.0,39.0,353.0,9.895,2.4349312364803013,13,5,40000.0,23.9,2.4473279,2.3999740738155824,2.4268795494843824,39.0,0,0.22841433368412267,10.873429599691343,2.483647176874715
2636,1.0,43.0,141.0,21.84,8.200003128619173,8,2,20000.0,33.94,8.206685,8.43867698418437,8.201841270730059,43.0,1,0.3771640649782548,22.175069521642,8.363639361957901
2638,2.0,327.0,381.0,12.55,5.5182222156028375,11,3,60000.0,33.62,5.2893867,5.635261660853571,5.545908520770506,327.0,1,0.42159943737478256,13.350685977921557,5.628641696859128
2641,1.0,213.0,310.0,21.96,5.663643679367979,9,0,40000.0,40.35,5.6699247,5.579844679220098,5.695685627092784,213.0,1,0.2592849856395923,22.280010457031665,5.776872191401421
2646,5.0,84.0,213.0,10.896,11.812138498162923,21,2,40000.0,68.43,15.242738,15.065066384255486,13.177405989020464,84.0,1,1.068512143457691,11.275823115017964,12.048353925877622
2647,0.0,0.0,215.0,0.0,,6,2,60000.0,8.89,1.0004399,1.0604994364552116,0.9330876932931105,0.0,0,0.17834761657235354,24.510042505126265,4.3713076628763465
2648,0.0,0.0,356.0,0.0,,4,1,40000.0,16.46,0.41058835,0.3657101706570829,0.6240699809391206,0.0,0,0.12901773119054766,24.510042505126265,3.1622300753952777
2649,1.0,64.0,266.0,20.51,4.6591525883934235,7,3,20000.0,31.82,4.6770434,4.84213810084971,4.630628919647268,64.0,1,0.22616945224455734,21.011974154406563,4.752266685078928
2651,1.0,111.0,253.0,17.57,4.869967969103034,9,5,140000.0,43.870000000000005,4.902972,5.0003343968994125,5.003403233277119,111.0,1,0.26936202954688293,18.440921237359795,4.96728397120945
2652,0.0,0.0,54.0,0.0,,4,1,40000.0,8.37,3.3358326,3.3659085455163646,2.9517618902243097,0.0,0,0.31723952384230814,24.510042505126265,7.77555421368099
2654,1.0,24.0,358.0,20.08,2.6381792948582685,9,3,140000.0,28.79,2.6634626,2.6453061502185684,2.720528088139948,24.0,0,0.1304006272338991,20.635935802593597,2.6909389722166805
2656,3.0,421.0,430.0,7.933333333333334,4.715429041007111,16,2,20000.0,36.31,4.7256474,4.90185601700913,4.792288481213616,421.0,1,0.5534857124802494,8.690057956772158,4.809822919698698
2657,0.0,0.0,49.0,0.0,,4,2,40000.0,7.56,3.482356,3.3659085455163646,3.015327217688596,0.0,0,0.3251304581059684,24.510042505126265,7.9689613478884604
2658,1.0,2.0,558.0,11.65,0.6997238198551079,11,4,40000.0,18.3,0.7058618,0.7342061404796454,0.6563802286636644,2.0,0,0.053810208673618465,13.263835091469712,0.7137297340844485
2660,0.0,0.0,195.0,0.0,,1,5,40000.0,3.54,1.0585313,1.213593481058816,0.9735845460594641,0.0,0,0.18858514446970864,24.510042505126265,4.622229906787936
2662,1.0,265.0,631.0,8.82,1.3100352843670195,7,4,40000.0,33.1,1.2586856,1.3822982010054585,1.2918507536792916,265.0,0,0.12385446814721392,10.788978031863472,1.3362631359884252
2663,1.0,303.0,411.0,4.78,1.5271467178434786,9,1,40000.0,13.129999999999999,1.5430255,1.5093223592934835,1.485919196798843,303.0,0,0.2146779930094556,7.255966540411456,1.5576963342392942
2664,2.0,339.0,704.0,16.765,3.6312532018263797,11,3,60000.0,36.28,3.6398482,3.4560837848250117,3.6047316499119413,339.0,0,0.21430766645520014,17.283505425846357,3.703987715978923
2665,0.0,0.0,171.0,0.0,,5,5,20000.0,6.7,1.2814517,1.5883447635402204,1.289311406198495,0.0,0,0.2025422618904496,24.510042505126265,4.964319448019335
2667,0.0,0.0,21.0,0.0,,3,1,60000.0,4.65,4.63934,3.1699375073915523,3.8789783446757364,0.0,0,,24.510042505126265,
2668,0.0,0.0,389.0,0.0,,4,0,80000.0,10.25,0.42997184,0.35232728321689394,0.47116499703115,0.0,0,0.12117868533013129,24.510042505126265,2.9700947281568384
2670,1.0,460.0,731.0,25.01,3.127251727676112,9,0,80000.0,46.63,3.1207864,3.3052525464700966,3.1815052798598225,460.0,0,0.1278648209117731,24.947259231518956,3.1898768338777495
2672,0.0,0.0,540.0,0.0,,5,1,20000.0,26.12,0.24477594,0.09027562549901555,0.2907096279964376,0.0,0,0.09482591939005582,24.510042505126265,2.324187314837945
2673,2.0,278.0,713.0,8.875,1.8329620119645238,9,5,60000.0,40.81,1.8221656,1.96431828474908,1.674584893251203,278.0,0,0.18844293560072414,9.921715284891036,1.869677154479442
2674,1.0,449.0,656.0,13.59,2.1178547389253346,6,0,20000.0,27.7,2.1305902,2.2278071522883924,2.1425247828533376,449.0,0,0.14439863821710788,14.960380213602612,2.160258530054383
2675,0.0,0.0,190.0,0.0,,3,0,120000.0,12.46,1.0805069,1.3982887665694268,0.9948735881350146,0.0,0,0.19133143524225046,24.510042505126265,4.689541610354373
2677,3.0,447.0,499.0,13.416666666666666,6.661527784258096,16,1,60000.0,71.27000000000001,6.654648,6.644453136681616,6.8714939720074915,447.0,1,0.4880322315376346,13.92307783471129,6.7949107455463285
2678,1.0,224.0,281.0,15.25,4.619236920199948,7,1,100000.0,24.2,4.617828,4.547368593877188,4.61791414514206,224.0,1,0.2870793806526147,16.41206315315963,4.711564925240665
2680,0.0,0.0,482.0,0.0,,3,4,80000.0,11.32,0.41725355,0.2598907903599563,0.21117381903367427,0.0,0,0.10346725328805727,24.510042505126265,2.535986775978949
2682,3.0,352.0,683.0,6.449999999999999,2.205499958321651,14,3,40000.0,32.48,2.1401668,2.292440964650481,2.179235658080449,352.0,0,0.30925829419573103,7.274438597694399,2.2496804719545556
2684,0.0,0.0,654.0,0.0,,3,4,20000.0,4.37,0.11407377,0.16907745440260985,0.1960689632332535,0.0,0,0.0814571676716831,24.510042505126265,1.9965186419801497
2686,0.0,0.0,261.0,0.0,,4,0,20000.0,11.72,0.54388136,0.7439685434539756,0.6079368870557564,0.0,0,0.15855961093598295,24.510042505126265,3.8863028036372254
2687,0.0,0.0,157.0,0.0,,6,5,60000.0,24.3,1.8246392,1.673690324325362,1.6214234085325447,0.0,0,0.21168479920263686,24.510042505126265,5.188403426145748
2688,3.0,286.0,524.0,13.183333333333332,5.429494733216471,16,5,60000.0,55.03,5.483811,5.393527134298996,5.399998251539603,286.0,1,0.4042377301622407,13.700396137777709,5.53821703705879
2689,6.0,416.0,621.0,16.2,10.806135680676185,27,1,40000.0,113.78999999999999,10.722417,10.587645953157699,10.718733612497754,416.0,1,0.6723521812165388,16.39410665297433,11.022613367223862
2690,3.0,456.0,495.0,11.520000000000001,5.857666056915022,16,0,80000.0,54.370000000000005,5.851714,5.87300573506114,5.66345917094874,456.0,1,0.4932679765197887,12.11299375535119,5.974951919298919
2692,1.0,112.0,290.0,7.98,2.319892399249794,6,1,60000.0,11.72,2.2893496,2.4216096096264694,2.331427977280538,112.0,0,0.23534642467150746,10.054391484135826,2.366265088039018
2693,0.0,0.0,189.0,0.0,,3,4,40000.0,10.56,1.2268614,1.4491060340978186,1.190184279609392,0.0,0,0.19189035034287644,24.510042505126265,4.703240643227471
2694,0.0,0.0,381.0,0.0,,4,2,80000.0,12.64,0.46518314,0.3588156945578496,0.537867771068699,0.0,0,0.12299014802670771,24.510042505126265,3.0144937558463774
2695,0.0,0.0,198.0,0.0,,5,3,20000.0,3.02,0.9459403,1.18958711661256,1.0099413601441638,0.0,0,0.18697500259786995,24.510042505126265,4.582765261069886
2697,4.0,241.0,335.0,9.34,7.799094411895599,22,1,40000.0,59.76,7.9996724,8.189200481642468,7.9216052395997645,241.0,1,0.8063724344735822,9.865378722056859,7.955169457108866
2698,0.0,0.0,320.0,0.0,,5,2,40000.0,14.34,0.59878814,0.6235927190245301,0.6535820662730387,0.0,0,0.13881625941724984,24.510042505126265,3.402392418719428
2699,0.0,0.0,542.0,0.0,,4,3,40000.0,13.3,0.23529653,0.15097367513016594,0.28158777666897006,0.0,0,0.09455363629459822,24.510042505126265,2.3175136445948517
2700,0.0,0.0,316.0,0.0,,6,4,40000.0,22.36,0.5396189,0.6835283441728337,0.6226203085679272,0.0,0,0.13999781208601997,24.510042505126265,3.431352324853029
2701,0.0,0.0,344.0,0.0,,3,2,40000.0,6.38,0.5155963,0.5108738120195613,0.6152997302520911,0.0,0,0.13212624324539285,24.510042505126265,3.2384198379872307
2703,0.0,0.0,107.0,0.0,,4,2,40000.0,22.26,2.4955277,2.2816993563545687,2.177547981550979,0.0,0,0.2524111775430864,24.510042505126265,6.1866086903500195
2704,0.0,0.0,225.0,0.0,,2,1,40000.0,7.64,0.9879966,1.0711133339231125,0.8907100167441131,0.0,0,0.17363572742427785,24.510042505126265,4.2558190595775685
2705,1.0,10.0,232.0,8.01,2.0642079748431237,9,1,140000.0,42.23,2.7107477,1.545003061540006,2.2714146300830933,10.0,0,0.20886087045652393,10.08062671798324,2.105448471065271
2706,0.0,0.0,77.0,0.0,,4,4,80000.0,15.96,2.855405,2.155106824858475,2.45807867090268,0.0,0,0.28540463701469876,24.510042505126265,6.9952797843904
2708,0.0,0.0,8.0,0.0,,6,5,40000.0,33.12,4.630507,3.9713866295198117,3.7923379871840823,0.0,0,,24.510042505126265,
2709,1.0,242.0,474.0,20.09,3.470237996152126,7,4,40000.0,48.620000000000005,4.3490963,3.539156020448182,3.531139548920535,242.0,0,0.17145714072262527,20.644680880542737,3.5396779549089072
2711,0.0,0.0,159.0,0.0,,4,1,140000.0,9.48,1.7915777,1.663189912431882,1.6116968644871372,0.0,0,0.21032832775894095,24.510042505126265,5.155156253403771
2712,0.0,0.0,361.0,0.0,,5,4,20000.0,28.78,0.8507866,0.5027092903665545,0.6402599604785753,0.0,0,0.12776533487875996,24.510042505126265,3.131533788560098
2715,0.0,0.0,555.0,0.0,,4,3,20000.0,20.02,0.19268422,0.14376578728577352,0.29845388247569726,0.0,0,0.0928212453055434,24.510042505126265,2.275052667817621
2716,1.0,406.0,519.0,19.07,3.5265678837434375,11,4,40000.0,38.44,3.483379,3.5337569740704535,3.616045517006087,406.0,0,0.18210930521165097,19.752682929730593,3.5971473643992766
2718,0.0,0.0,290.0,0.0,,4,1,60000.0,10.64,0.6227772,0.6610967619321275,0.5851060082185224,0.0,0,0.14819796435387592,24.510042505126265,3.632338405486686
2723,3.0,325.0,349.0,10.43,6.94285041829373,16,2,80000.0,55.05,6.9169574,7.059870108211325,7.367422950584924,325.0,1,0.639568478470785,11.072752113961466,7.081783222010503
2725,2.0,92.0,112.0,4.16,4.666233675975705,12,2,40000.0,12.350000000000001,4.683135,5.153608963526617,5.112155968655831,92.0,1,0.8618359705755452,5.522369212064121,4.759376429755791
2727,0.0,0.0,62.0,0.0,,3,1,60000.0,18.53,3.234092,3.0832696829113404,2.9909221290218415,0.0,0,0.3053859347102443,24.510042505126265,7.485022240215802
2728,0.0,0.0,49.0,0.0,,5,3,,8.4,,,,0.0,0,0.3251304581059684,24.510042505126265,7.9689613478884604
2732,0.0,0.0,253.0,0.0,,2,2,20000.0,1.7,0.6053072,0.7624604222465702,0.6556282413320407,0.0,0,0.16167861659459004,24.510042505126265,3.9627497649034145
2733,0.0,0.0,61.0,0.0,,3,1,40000.0,8.32,3.337361,3.2622567174824777,2.9517618902243097,0.0,0,0.30681864010076837,24.510042505126265,7.520137910234871
2735,2.0,99.0,333.0,5.859999999999999,2.4186262105056016,14,3,140000.0,22.37,2.3997889,2.5121328647264107,2.4009217361975375,99.0,0,0.347047873750186,7.1085597367313005,2.46701054205878
2741,0.0,0.0,736.0,0.0,,4,3,80000.0,19.18,-0.07277004,0.1656896144297758,0.11509645022237969,0.0,0,0.0739585079326704,24.510042505126265,1.8127261730454696
2742,2.0,318.0,683.0,4.145,1.170152356772523,10,3,40000.0,26.02,0.9392251,1.1776416450458045,1.1338461549914864,318.0,0,0.2166864109669952,5.508373413317057,1.1935896651976898
2743,1.0,200.0,311.0,16.13,4.287260153120414,10,4,40000.0,30.909999999999997,4.266367,4.2754635179420895,4.332094449493091,200.0,1,0.2545144082054873,17.18163001268383,4.372972394683864
2747,2.0,152.0,526.0,24.705,5.210318825962977,13,4,80000.0,60.33,5.175838,5.180751361422561,5.108931276763293,152.0,1,0.21523761057159352,24.691948229291892,5.3146359372302765
2749,1.0,31.0,201.0,11.0,3.3350735361988724,10,1,80000.0,16.4,3.3003085,3.3602110511178895,3.1916863966852107,31.0,0,0.26794592342582124,12.695405024775699,3.4016820226283357
2750,1.0,2.0,326.0,10.02,1.4953664546059355,8,0,20000.0,28.63,1.511018,1.6005560485710786,1.5877118311311929,2.0,0,0.12884064180221244,11.838387385760111,1.5252654286845486
2751,0.0,0.0,433.0,0.0,,4,3,40000.0,5.4,0.3494949,0.3018003036700696,0.4855862318213733,0.0,0,0.1120990676175826,24.510042505126265,2.747552912091973
2752,1.0,68.0,152.0,9.06,4.089893165200723,8,3,140000.0,25.509999999999998,4.1157513,4.08183530139749,4.298427171146264,68.0,1,0.37926873155054147,10.9988599026428,4.171523643777446
2756,4.0,584.0,652.0,16.16,8.16941003984934,21,1,40000.0,68.56,8.177271,7.999181544382976,7.7614851254766375,584.0,1,0.5065942601376056,16.44918407176389,8.333062234702515
2757,0.0,0.0,537.0,0.0,,3,5,80000.0,10.88,0.25980958,0.19036816947510535,0.24347849830742607,0.0,0,0.09523729985240885,24.510042505126265,2.334270267455996
2759,2.0,216.0,424.0,18.03,6.1730582936492855,8,4,40000.0,44.67,6.1382513,6.090417587265941,6.215169579854231,216.0,1,0.3410240035787087,18.463817786848704,6.296605063018918
2760,0.0,0.0,277.0,0.0,,4,4,60000.0,2.24,0.7381715,0.6884879569453558,0.5642879790843454,0.0,0,0.15266994792535407,24.510042505126265,3.7419469129058416
2762,4.0,402.0,440.0,15.272499999999997,10.582245633009034,22,2,80000.0,65.33,10.5721655,10.23981576189488,10.092878990230616,402.0,1,0.6922666179268872,15.592420545683975,10.794112236454353
2769,10.0,661.0,680.0,13.09,14.915085866409134,42,1,20000.0,159.54999999999998,14.916527,14.699017102937933,15.172114378916673,661.0,2,1.1480862669385246,13.251559662031772,15.213933663495194
2770,1.0,63.0,417.0,20.24,2.615960355712342,9,5,40000.0,26.529999999999998,2.640567,2.6354340665481217,2.720496529983079,63.0,0,0.12843237089066364,20.775857049779816,2.6682925781887303
2771,0.0,0.0,56.0,0.0,,4,2,40000.0,1.96,3.342103,3.2622567174824777,2.9482456616853847,0.0,0,0.3141900948631404,24.510042505126265,7.700812579785225
2775,3.0,106.0,714.0,15.839999999999998,1.1152480745492048,21,4,80000.0,51.83,1.1205081,1.4779947073050836,1.0333512113923913,106.0,0,0.0700668249502473,16.235786315721473,1.1375899977132768
2776,0.0,0.0,150.0,0.0,,2,1,100000.0,1.72,1.8287425,1.7117928488060075,1.691162640919467,0.0,0,0.21657396530504883,24.510042505126265,5.308237095130488
2777,2.0,74.0,248.0,17.455,7.945064487648487,13,4,80000.0,46.79,7.9276066,7.829015221652005,8.25106691572489,74.0,1,0.4520427518312931,17.927312168211273,8.10391152545685
2779,2.0,385.0,437.0,13.21,5.240130755434523,13,1,40000.0,36.22,5.2270412,5.216519445503463,5.286541206980809,385.0,1,0.38270226837682964,13.966501122792344,5.345011660980168
2781,0.0,0.0,559.0,0.0,,5,3,20000.0,7.0,0.20299818,0.1425613821929788,0.24072997130349627,0.0,0,0.0923009127715421,24.510042505126265,2.2622992952924488
2787,6.0,498.0,662.0,12.938333333333333,8.82538291176682,34,3,40000.0,82.81,9.682941,9.18797251423169,8.437071601772464,498.0,1,0.6815390543530314,13.208626263260406,9.002194652765112
2788,0.0,0.0,139.0,0.0,,6,3,140000.0,7.28,1.930809,1.72854044743021,1.723314695697744,0.0,0,0.2247323910198213,24.510042505126265,5.5082004561744755
2790,6.0,317.0,350.0,18.213333333333335,21.17262205645668,30,2,40000.0,120.59,21.169842,21.247390539389922,21.116884952830645,317.0,2,1.176248949228338,18.36041238152539,21.596415771168203
2791,0.0,0.0,6.0,0.0,,4,5,80000.0,6.43,4.594809,3.0310678473774164,3.7556029212422954,0.0,0,,24.510042505126265,
2795,1.0,9.0,304.0,4.5,1.0228150522731139,6,3,20000.0,12.45,0.97799855,1.0725610049815624,1.1034608899025837,9.0,0,0.14880144267832407,7.011104357835573,1.0432624432142181
2796,0.0,0.0,333.0,0.0,,3,3,60000.0,4.36,0.5788888,0.6083153517047185,0.5660312471731315,0.0,0,0.13511050676778594,24.510042505126265,3.311564263767583
2797,0.0,0.0,194.0,0.0,,5,2,40000.0,7.48,1.0481145,1.1883309448639279,0.9970258132231642,0.0,0,0.18912805787755158,24.510042505126265,4.635536737490769
2799,0.0,0.0,184.0,0.0,,4,2,100000.0,3.68,1.2041684,1.438903028315717,1.1899206563663611,0.0,0,0.19473479465000154,24.510042505126265,4.7729580940985725
2801,0.0,0.0,89.0,0.0,,3,3,40000.0,1.88,2.7272265,2.511985285527335,2.255947594781854,0.0,0,0.2712181888567335,24.510042505126265,6.6475693370419
2802,3.0,233.0,307.0,14.729999999999999,10.069709086315305,15,5,40000.0,57.09,8.918877,9.637923714509068,9.97518496436053,233.0,1,0.676782869680322,15.17645767173744,10.271166574660402
2808,0.0,0.0,216.0,0.0,,3,1,40000.0,8.91,1.0517986,1.0636073124310486,0.8702660576704666,0.0,0,0.17786491889228803,24.510042505126265,4.3594767222208155
2813,1.0,508.0,568.0,18.62,3.3350057823319332,8,5,20000.0,30.5,3.3414485,3.2581287682743976,3.4016101362662674,508.0,0,0.1757185515868514,19.359154422019355,3.4017625749834304
2814,5.0,274.0,330.0,13.686000000000002,14.04586967408267,26,4,40000.0,86.31,13.978109,14.608017531927334,14.422633622292976,274.0,2,1.024234123349546,13.987983891987692,14.326970419037584
2815,0.0,0.0,523.0,0.0,,1,2,120000.0,2.57,0.27202374,0.2509245095802603,0.2305291875109079,0.0,0,0.09720529198567981,24.510042505126265,2.3825058382922215
2817,1.0,189.0,270.0,6.01,2.340684168200797,9,4,80000.0,25.089999999999996,2.3301373,2.1708957398142754,2.343343891929575,189.0,0,0.2865549989346924,8.33161112815551,2.3874648179528735
2818,2.0,588.0,685.0,22.395,5.897615612049645,13,2,140000.0,51.93,5.8555207,5.748338945404618,5.8917267296811735,588.0,1,0.2669321180830173,22.536595222244138,6.015741097053236
2821,0.0,0.0,612.0,0.0,,4,1,100000.0,3.38,0.08685708,0.15858372259305376,0.16945701630950794,0.0,0,0.08591955770285806,24.510042505126265,2.1058920113186996
2825,0.0,0.0,435.0,0.0,,3,4,20000.0,30.8,0.67955637,0.30688885184813564,0.6060993090884228,0.0,0,0.11171861661921345,24.510042505126265,2.738228041950827
2826,1.0,72.0,206.0,4.42,2.0305759246778985,10,2,20000.0,7.75,1.8598255,1.8435144098385634,2.0660706401100013,72.0,0,0.2983850000562281,6.941143734242464,2.0711331735322247
2828,0.0,0.0,261.0,0.0,,5,0,40000.0,21.87,0.6249169,0.7318677166737839,0.6006381629194255,0.0,0,0.15855961093598295,24.510042505126265,3.8863028036372254
2829,2.0,314.0,477.0,9.565,3.475021721380169,11,1,40000.0,32.11,3.5518801,3.754904392629242,3.4706287402484777,314.0,0,0.33548599301995446,10.565522027255948,3.544584649088164
2830,0.0,0.0,56.0,0.0,,8,4,20000.0,24.450000000000003,3.2001655,3.0307821743757843,2.9663399381622764,0.0,0,0.3141900948631404,24.510042505126265,7.700812579785225
2832,2.0,485.0,606.0,15.01,4.459165968662534,11,4,20000.0,34.64,4.165239,4.262250673625336,4.427885081471026,485.0,1,0.29071103938451714,15.645996972439946,4.548464042065025
2834,0.0,0.0,303.0,0.0,,2,3,80000.0,5.16,0.6606987,0.6647872121099425,0.6164706516854981,0.0,0,0.14398100063415373,24.510042505126265,3.5289804454737195
2838,1.0,207.0,333.0,14.5,3.708570131182946,8,1,60000.0,19.759999999999998,3.7127044,3.8194053078133723,3.627582226952887,207.0,0,0.24007873391018267,15.756182306974228,3.782724299516394
2840,0.0,0.0,121.0,0.0,,6,2,140000.0,10.8,2.20757,2.0606033134999464,1.8296345258449476,0.0,0,0.23950204412865142,24.510042505126265,5.8702052816578725
2842,0.0,0.0,373.0,0.0,,4,3,20000.0,6.4,0.48210365,0.3766819841077303,0.5463010799740582,0.0,0,0.12485667397604129,24.510042505126265,3.0602423862014643
2844,0.0,0.0,49.0,0.0,,4,2,,7.3,,,,0.0,0,0.3251304581059684,24.510042505126265,7.9689613478884604
2846,3.0,586.0,654.0,12.646666666666667,5.0866475221869685,17,1,60000.0,43.11,5.0921755,5.101372411325945,5.095619186109207,586.0,1,0.39342184943595054,13.188228234830476,5.188537142930427
2848,1.0,187.0,583.0,6.86,1.0567934659089127,7,4,20000.0,25.58,0.99763316,1.0701812289639046,1.1207676266868862,187.0,0,0.11878293001873039,9.074942753832296,1.077948290052446
2850,1.0,332.0,455.0,15.56,3.238758557915503,8,4,20000.0,29.92,3.262244,3.1912872102901866,3.2932168492710923,332.0,0,0.19801771431990103,16.683160569582927,3.3035613236207095
2852,6.0,275.0,332.0,13.945,16.718962484938295,29,0,40000.0,105.94,16.67449,15.871723830699441,16.68734792070928,275.0,2,1.201652184140312,14.191779127535934,17.053582385440446
2856,0.0,0.0,37.0,0.0,,4,5,140000.0,31.67,4.5691705,3.610871750319034,3.8191863020238617,0.0,0,,24.510042505126265,
2857,0.0,0.0,393.0,0.0,,3,1,40000.0,5.76,0.46107692,0.3554717075550514,0.4855141677465351,0.0,0,0.12029284586104075,24.510042505126265,2.948382765116711
2858,1.0,276.0,327.0,31.5,7.868378136660291,7,3,80000.0,46.09,7.868397,8.034665081878572,7.836553579521457,276.0,1,0.2620824653915082,30.62281482050994,8.02570280538686
2861,1.0,653.0,670.0,8.64,1.6379221573737788,6,5,40000.0,22.32,1.6434726,1.5958464020986405,1.6375785309764401,653.0,0,0.15714691318022153,10.631566628778977,1.6707178779824703
2862,6.0,348.0,369.0,7.165,8.45479617513859,25,1,60000.0,54.55,8.477595,8.65161360828872,8.709205246313967,348.0,1,1.139217355035866,7.570146922448432,8.624042754224604
2863,3.0,500.0,551.0,10.06,4.75608886388653,20,0,80000.0,47.43,4.7375574,4.754115504419084,4.900707381623629,500.0,1,0.45256488797214267,10.719642565966788,4.8513338369681716
2866,0.0,0.0,272.0,0.0,,3,2,40000.0,11.7,0.6986806,0.7135215513652462,0.5824399875874278,0.0,0,0.15446281008540655,24.510042505126265,3.7858900406545604
2868,3.0,213.0,314.0,12.533333333333333,8.345068429284554,15,1,140000.0,49.379999999999995,8.283427,8.351774182382716,8.430751666686232,213.0,1,0.650763343487422,13.080068553462738,8.512029144896099
2869,4.0,257.0,606.0,10.5,3.7204606360286254,22,2,20000.0,65.5,3.8427563,3.607558766374644,3.5166642197951394,257.0,0,0.34546308923739427,10.98520485191905,3.7949828040495674
2870,1.0,194.0,598.0,29.74,3.3203530536333625,6,3,20000.0,39.15,3.36639,3.4676455665319743,3.7019403307667202,194.0,0,0.1164509632242644,29.083681101461536,3.386822678372531
2872,0.0,0.0,391.0,0.0,,3,4,40000.0,6.53,0.4977047,0.35250487634629357,0.4613984703778824,0.0,0,0.12073413842864865,24.510042505126265,2.959198864705977
2876,0.0,0.0,435.0,0.0,,4,0,80000.0,7.8,0.3213455,0.29571207042559833,0.48497302234548023,0.0,0,0.11171861661921345,24.510042505126265,2.738228041950827
2878,7.0,637.0,705.0,8.118571428571428,6.5316748867751135,31,4,40000.0,74.05,6.526524,6.452344789328185,6.675479675783215,637.0,1,0.7886679856155536,8.44784731298627,6.6625467231206486
2879,0.0,0.0,370.0,0.0,,2,1,140000.0,4.0,0.49723348,0.3642127683862242,0.6070842470608486,0.0,0,0.1255713332944671,24.510042505126265,3.0777587164727653
2880,0.0,0.0,110.0,0.0,,2,2,40000.0,3.69,2.5856917,2.27584099232651,2.1667799876196883,0.0,0,0.2495285581256958,24.510042505126265,6.115955565903674
2882,0.0,0.0,510.0,0.0,,4,2,20000.0,6.27,0.29207572,0.26393764602374364,0.2284560786337302,0.0,0,0.09910703912197154,24.510042505126265,2.429117741436734
2883,0.0,0.0,145.0,0.0,,5,0,40000.0,17.5,1.7615043,1.7671084811896554,1.7781326634428147,0.0,0,0.22020738069028414,24.510042505126265,5.397292260661385
2885,0.0,0.0,265.0,0.0,,3,3,140000.0,7.94,0.7848107,0.7627284974641841,0.5358259753216634,0.0,0,0.1570449049094815,24.510042505126265,3.849177294544904
2886,2.0,366.0,443.0,20.98,7.786877657220501,9,3,40000.0,55.82,7.7854624,7.582085510321329,7.463284590751611,366.0,1,0.37436904557100437,21.21632487377116,7.942735293518069
2890,4.0,648.0,703.0,15.4,7.3724561772462724,24,4,40000.0,79.82,7.3880963,7.5091229368394,7.5569657357092215,648.0,1,0.4785183705384949,15.715504883233487,7.520157788914648
2893,1.0,100.0,498.0,8.5,1.190173858415951,8,1,80000.0,17.98,1.1908344,1.2186098570345738,1.1163687956294401,100.0,0,0.11551775056608679,10.509135537491035,1.213991697685088
2894,0.0,0.0,412.0,0.0,,2,5,20000.0,11.05,0.60566735,0.32364657143289904,0.4888651179643393,0.0,0,0.11625626573300238,24.510042505126265,2.849446014603142
2896,1.0,616.0,687.0,21.25,3.19973856616172,9,5,60000.0,28.25,3.2004566,3.224349184813364,3.1142974259656797,616.0,0,0.15068988683586917,21.65910992264282,3.2638088232086977
2897,0.0,0.0,109.0,0.0,,4,1,80000.0,24.13,2.6621406,2.141211074417606,2.1899562438041595,0.0,0,0.2504820518364856,24.510042505126265,6.139325737283502
2901,1.0,64.0,318.0,23.8,4.315057615757403,9,5,120000.0,26.130000000000003,3.8340454,4.450484091655617,4.272181171361352,64.0,1,0.18424005108664404,23.889104799673177,4.4013298887059795
2903,0.0,0.0,74.0,0.0,,3,1,140000.0,6.55,2.8639886,2.1036983362374033,2.8526302515017243,0.0,0,0.2891876602292451,24.510042505126265,7.08800184417681
2905,2.0,318.0,340.0,14.379999999999999,6.8420478109319305,11,1,60000.0,32.26,6.843364,6.832576371083309,6.528789621021981,318.0,1,0.463464421623076,15.058173425063284,6.978927637146929
2907,3.0,166.0,642.0,12.17,2.149549995897016,16,3,40000.0,56.45,2.614738,2.257046593154814,2.0900379261362856,166.0,0,0.1721943592598353,12.733321339666162,2.1926061093334024
2908,5.0,497.0,537.0,19.16,13.747060107375878,26,4,40000.0,125.28,13.779956,14.268048425396755,14.338849487440967,497.0,2,0.7262000923875878,19.30926277841504,14.022388413621211
2911,1.0,8.0,59.0,3.92,3.567705089019812,9,5,40000.0,5.14,3.5646057,3.6114569012727693,3.580303360840889,8.0,0,0.5594769500862184,6.503889836785531,3.638776449581522
2915,1.0,30.0,532.0,7.06,0.6616955829386749,8,0,140000.0,15.370000000000001,0.6752095,0.7336111735198155,0.7715207282351377,30.0,0,0.07296762170885182,9.249844312815068,0.6749391406832643
2916,1.0,137.0,309.0,9.95,2.6802809157381104,8,5,40000.0,15.87,2.7279818,2.5865575900089928,2.4688432459260947,137.0,0,0.23213256872652785,11.77717184011614,2.733865151579888
2918,8.0,632.0,694.0,16.9775,15.190755420195991,44,3,20000.0,150.66,15.197095,15.035919103456422,15.244447217698307,632.0,2,0.9056056646835968,17.11023441357861,15.49512520900101
2919,3.0,56.0,133.0,12.13,12.864710455543701,17,1,100000.0,40.33,12.885754,12.84901308138068,12.482379022028322,56.0,1,1.0335977610182037,12.69514733447755,13.121675860712212
2921,9.0,597.0,711.0,10.918888888888889,10.545822470195182,38,4,40000.0,107.86,10.534361,10.643767928130337,10.291919544198993,597.0,1,0.9663086391239479,11.132191857315588,10.75713316410932
2924,4.0,611.0,716.0,14.995000000000001,6.977020486567899,25,5,40000.0,83.25,7.273983,7.196276711874455,6.853192967084249,611.0,1,0.464405924606013,15.32453110513505,7.116803037033849
2925,0.0,0.0,440.0,0.0,,4,0,40000.0,4.33,0.35180292,0.29404584938253947,0.46701945526542854,0.0,0,0.1107787057790808,24.510042505126265,2.715190787308147
2927,2.0,265.0,600.0,27.759999999999998,6.421208590699617,14,4,40000.0,76.82,6.4387302,6.623629613357598,6.738842594407426,265.0,1,0.23780752183706308,27.542425907443796,6.549796050430133
2929,2.0,515.0,574.0,11.5,3.769593779062161,12,4,80000.0,32.03,3.7720745,3.685816362534758,3.689321658325,515.0,0,0.31081420431517687,12.370980065627123,3.845076325696809
2933,0.0,0.0,87.0,0.0,,4,1,100000.0,6.8,2.7790172,2.188546370801031,2.2542175707895336,0.0,0,0.27348329039810965,24.510042505126265,6.703087072099457
2936,1.0,52.0,255.0,7.14,2.0751521140431537,10,3,80000.0,30.32,2.2906287,1.927383756913929,1.8528813261311408,52.0,0,0.22710994582623031,9.319804936408179,2.116620394218695
2942,4.0,401.0,516.0,19.7575,11.577384606874148,19,3,40000.0,91.1,11.548328,11.77133742088208,11.48573642101611,401.0,1,0.5927705975437214,19.922093125366683,11.809231046245273
2946,0.0,0.0,174.0,0.0,,3,2,120000.0,9.23,1.40508,1.4425449109442492,1.2584836331492477,0.0,0,0.20068529354513334,24.510042505126265,4.918805074944959
2947,4.0,236.0,313.0,11.727500000000001,10.207275367124359,22,1,80000.0,69.18,10.223476,10.080809969501225,10.303856035419244,236.0,1,0.8554932916083061,12.170193278130984,10.411518707017557
2951,0.0,0.0,530.0,0.0,,6,3,40000.0,20.59,0.22272635,0.1581248313567589,0.29756136998375826,0.0,0,0.09621122367475615,24.510042505126265,2.3581411817384836
2952,3.0,359.0,421.0,8.96,5.221250983835791,15,1,40000.0,41.94,5.191994,5.264338486222531,5.5100309949881145,359.0,1,0.5507595969187864,9.669857423279911,5.325766776707778
2954,0.0,0.0,290.0,0.0,,2,3,100000.0,21.22,0.59292275,0.6626322339655312,0.5530541829266502,0.0,0,0.14819796435387592,24.510042505126265,3.632338405486686
2957,1.0,432.0,508.0,20.41,3.885695200457782,8,3,,54.61,,,,432.0,0,0.18941692908419192,20.92452337491517,3.963458960226823
2958,0.0,0.0,362.0,0.0,,5,1,60000.0,2.09,0.5443752,0.3593326108261334,0.5881057236591678,0.0,0,0.12751777225870436,24.510042505126265,3.125466018219855
2961,2.0,281.0,532.0,14.905,4.354762106514942,11,4,40000.0,44.03,4.317901,4.4472274845957145,4.356842349423433,281.0,1,0.28569230610893226,15.548026381210503,4.4419515122905455
2963,2.0,486.0,508.0,9.695,3.623877988065264,13,4,100000.0,27.009999999999998,3.5932777,3.3564235480470312,3.5716585685048434,486.0,0,0.34588668734757544,10.6868189497305,3.6964284048055776
2965,0.0,0.0,352.0,0.0,,3,4,40000.0,1.17,0.50202465,0.36274333944832504,0.5842734330873176,0.0,0,0.13003749495488048,24.510042505126265,3.1872245286042626
2966,2.0,455.0,532.0,8.9,3.189663183313715,11,2,60000.0,20.310000000000002,3.180472,3.1850081775884314,3.265917454213799,455.0,0,0.32715050807281776,9.945041616136141,3.253525417524255
2967,0.0,0.0,312.0,0.0,,3,1,40000.0,7.68,0.638586,0.6542138664435285,0.6217895235975783,0.0,0,0.14119968945500613,24.510042505126265,3.460810390252829
2968,1.0,520.0,677.0,5.11,1.0792358118599112,6,5,40000.0,10.870000000000001,1.0697355,1.1160699619060475,1.0579632681431006,520.0,0,0.14591259443645455,7.544554112733032,1.1008454644551
2970,0.0,0.0,263.0,0.0,,7,3,20000.0,5.67,0.65993375,0.7534528631486519,0.5809848480799884,0.0,0,0.15779861483005292,24.510042505126265,3.867650756734645
2973,1.0,142.0,255.0,15.16,4.530428688680848,8,5,60000.0,24.130000000000003,4.472929,4.224682263150486,4.36353821788762,142.0,1,0.2829155845172345,16.33335745161738,4.620961370553259
2974,1.0,155.0,291.0,10.92,3.153234883823568,6,1,40000.0,18.58,3.1564102,3.0513549860839864,3.123006066499582,155.0,0,0.2547447658681683,12.625444401182591,3.2162658779608355
2976,0.0,0.0,489.0,0.0,,5,4,40000.0,4.03,0.40493467,0.26858102477268614,0.27365798847541534,0.0,0,0.10234158565660027,24.510042505126265,2.508396614485293
2977,2.0,168.0,648.0,14.325,2.3315389311349466,13,4,120000.0,38.91,2.3788078,2.4819415979577286,2.2560376087912575,168.0,0,0.15847653133086678,15.006855496324052,2.378234405240989
2981,5.0,178.0,620.0,12.596,1.8336291571388803,23,1,120000.0,78.52,2.4577024,2.2545973588675596,2.59311455664711,178.0,0,0.14467075238246835,12.928394197759374,1.870360515686987
2984,1.0,60.0,117.0,11.26,5.646876670286562,5,2,140000.0,17.88,5.643071,5.599757311292076,5.670975145875048,60.0,1,0.4456872183746526,12.922777051453306,5.759516557738018
2986,3.0,72.0,351.0,17.746666666666666,5.922091195488809,17,4,60000.0,75.34,5.9318347,5.683971056529063,6.164244886504983,72.0,1,0.3345588700555277,18.055413896378727,6.04059887155734
2988,0.0,0.0,217.0,0.0,,3,1,40000.0,10.17,1.0546483,1.0636073124310486,0.8702660576704666,0.0,0,0.1773848342286961,24.510042505126265,4.347709826710118
2990,1.0,213.0,249.0,18.46,5.9406099489442745,9,2,40000.0,25.85,5.936258,5.895993504773713,5.87738104269505,213.0,1,0.3152735603615018,19.219233174833136,6.059316070447532
2994,0.0,0.0,150.0,0.0,,3,1,40000.0,15.21,1.7873076,1.736242508084606,1.6887733225883688,0.0,0,0.21657396530504883,24.510042505126265,5.308237095130488
2996,1.0,315.0,681.0,18.32,2.2543478508689323,12,4,20000.0,29.3,2.2581258,2.160663998085564,2.3153850891954453,315.0,0,0.12041216779213788,19.096802083545196,2.2994873367770925
2997,0.0,0.0,722.0,0.0,,6,4,20000.0,17.57,0.03025326,0.1091659524395588,0.14947475748169303,0.0,0,0.07513941252449308,24.510042505126265,1.841670194785542
2998,10.0,272.0,347.0,17.212,30.875637348134752,61,4,140000.0,183.1,30.879122,32.20957625957185,30.897253774034763,272.0,2,1.8188429232361607,17.31524561227267,31.493711945978127
3000,4.0,170.0,646.0,12.385,1.875519175915799,21,1,40000.0,61.41,1.899031,1.8457615868369728,1.9513110570591463,170.0,0,0.14940268005072604,12.804922312945115,1.9130897113953418
3001,1.0,633.0,709.0,2.08,0.7036764128608499,9,1,40000.0,46.86,0.71758556,0.7717809796535942,0.7311200308740098,633.0,0,0.14663886734267825,4.894795494144018,0.7177672671353239
3002,1.0,8.0,125.0,15.5,5.98176532446192,10,0,120000.0,23.0,5.9826026,5.6544491634489935,6.085361312759159,8.0,1,0.3668580644570959,16.630690101888096,6.10110278136445
3003,0.0,0.0,94.0,0.0,,4,2,60000.0,18.72,2.617522,2.3216315279319817,2.295216867817872,0.0,0,0.26571711375333995,24.510042505126265,6.512737752433833
3004,0.0,0.0,218.0,0.0,,5,1,140000.0,39.1,1.5687762,1.1757038074858266,1.217716910114338,0.0,0,0.17690734136899733,24.510042505126265,4.336006456423006
3010,1.0,289.0,580.0,4.1,0.934418681239408,9,3,100000.0,18.21,0.9288503,0.8759727148580523,0.8491229374868627,289.0,0,0.1430837019920607,6.661301239870026,0.9531236414849071
3011,0.0,0.0,602.0,0.0,,4,2,20000.0,3.69,0.15253308,0.15330074265018845,0.21295314564076673,0.0,0,0.08705510436116205,24.510042505126265,2.133724308180285
3012,1.0,160.0,700.0,13.8,1.245283394151521,7,4,80000.0,22.18,1.2535022,1.161864519656251,1.108647175902453,160.0,0,0.08387592141024745,15.144026850534523,1.270219205950111
3015,0.0,0.0,564.0,0.0,,6,1,20000.0,36.89,0.28506893,0.13762188777177917,0.2427678389880068,0.0,0,0.09165865071683851,24.510042505126265,2.246557425032234
3016,2.0,168.0,284.0,7.345,4.018974572548279,11,1,20000.0,30.71,4.0225906,3.9321272050271614,3.9900704439299917,168.0,0,0.4826088036810358,8.494143812690572,4.099348583737269
3018,0.0,0.0,85.0,0.0,,5,3,20000.0,12.03,2.7712736,2.5318668853808277,2.4812558739737307,0.0,0,0.2757867621292345,24.510042505126265,6.759545262138683
3019,0.0,0.0,649.0,0.0,,4,4,20000.0,8.95,0.14563379,0.16907745440260985,0.1976576684215816,0.0,0,0.08196393000004026,24.510042505126265,2.008939408188181
3020,2.0,457.0,698.0,5.715,1.6727946244429446,12,1,40000.0,33.22,1.660595,1.7766786572228734,1.6391756012236733,457.0,0,0.2446916958834452,6.9732670155096885,1.7063005318731561
3021,5.0,372.0,469.0,25.25,19.33585583054012,28,3,60000.0,136.98,19.325733,18.637828993306375,19.054486569599966,372.0,2,0.781749716913875,25.22935565717692,19.72304164291753
3023,1.0,79.0,220.0,7.5,2.7009277478053066,8,2,40000.0,12.21,2.891959,2.883977842456164,2.8944787604960345,79.0,0,0.28593553666933136,9.63462774257717,2.7548824541830315
3024,0.0,0.0,459.0,0.0,,3,2,100000.0,3.72,0.33718967,0.29676321242006914,0.27950772028332516,0.0,0,0.1073469723324415,24.510042505126265,2.6310788546647546
3025,4.0,346.0,377.0,6.8725,5.694338294388899,20,2,40000.0,38.620000000000005,4.693117,5.429974095398392,5.9959965222048375,346.0,1,0.7761667792739949,7.483334777716375,5.808315852649195
3027,0.0,0.0,625.0,0.0,,5,3,40000.0,13.32,0.0997095,0.1816365932423923,0.18768365627945105,0.0,0,0.08448692905207998,24.510042505126265,2.0707782221940674
3032,3.0,152.0,317.0,17.81,10.347879227782212,18,2,40000.0,62.449999999999996,10.340555,10.09546305192328,10.057551117311819,152.0,1,0.5826340167086024,18.115856071260698,10.55491398891354
3033,0.0,0.0,183.0,0.0,,6,2,20000.0,26.0,1.2292329,1.6293485970351285,1.2403239054336233,0.0,0,0.19531386613709673,24.510042505126265,4.787151160860782
3034,0.0,0.0,442.0,0.0,,3,4,100000.0,2.6,0.3768169,0.2881258425405791,0.41799788702167273,0.0,0,0.11040716022865923,24.510042505126265,2.7060841900747237
3035,0.0,0.0,356.0,0.0,,2,4,60000.0,3.66,0.43729296,0.35636577961737553,0.5765431237483645,0.0,0,0.12901773119054766,24.510042505126265,3.1622300753952777
3037,1.0,581.0,641.0,17.23,2.8452670339473327,6,4,40000.0,25.53,2.8303063,2.9092003138621467,2.8195302998552156,581.0,0,0.1599591424001215,18.14358858708908,2.9022328704514013
3038,0.0,0.0,203.0,0.0,,3,2,20000.0,5.56,0.9181872,1.0821659569474198,1.0199092872006537,0.0,0,0.18435185284314248,24.510042505126265,4.518471749084204
3039,3.0,527.0,599.0,22.986666666666668,9.518776172882465,19,3,20000.0,81.38,9.459918,9.526740625280764,9.311690313501554,527.0,1,0.42111960670307136,23.05620857608713,9.709421487625793
3041,1.0,341.0,434.0,22.15,4.610004083599716,9,5,40000.0,27.979999999999997,4.6162796,4.497088386323074,4.582375277317976,341.0,1,0.20948942715225682,22.446166938065296,4.702234653619225
3044,0.0,0.0,199.0,0.0,,3,3,80000.0,6.47,1.102726,1.1922501769289546,0.979544976159703,0.0,0,0.18644439961941636,24.510042505126265,4.569760159514642
3045,1.0,35.0,359.0,2.62,0.7272468615558951,6,0,140000.0,12.809999999999999,0.93699145,0.6419483903527308,0.7653703667293241,35.0,0,0.138212540299278,5.367029703397506,0.7417908091682499
3048,1.0,14.0,229.0,2.65,1.144930194585037,8,1,20000.0,28.49,1.1492108,1.0692590342277215,1.1019191290576096,14.0,0,0.21653004199019377,5.393264937244922,1.1678038833258828
3049,0.0,0.0,671.0,0.0,,6,3,40000.0,5.98,0.10501879,0.16461410033413612,0.21633687734644091,0.0,0,0.07978011387582098,24.510042505126265,1.9554139821601861
3052,0.0,0.0,652.0,0.0,,4,2,40000.0,13.37,0.103097215,0.17199791475794404,0.20440340483605812,0.0,0,0.08165911824664643,24.510042505126265,2.0014684591564356
3056,2.0,36.0,226.0,9.61,4.444384181165566,11,3,60000.0,24.7,4.4623356,4.369102042384172,4.2986335346680695,36.0,1,0.427359944501523,10.607509423497138,4.533224638525119
3060,1.0,9.0,311.0,2.89,0.792756311337671,9,5,60000.0,11.620000000000001,0.76561624,0.7913448842760985,0.7931920691646521,9.0,0,0.14431271754348096,5.603146808024249,0.8086053426610604
3065,6.0,379.0,429.0,14.530000000000001,14.61867701895791,32,3,60000.0,111.33,14.591744,14.607642373531466,14.763493353828755,379.0,2,1.0100429280024839,14.76311464965632,14.911379547175233
3066,2.0,106.0,121.0,4.96,5.14676241200776,13,5,80000.0,19.79,4.4361377,5.255263921712716,5.493661747409915,106.0,1,0.8374014895215869,6.2688118119075,5.249512348821859
3067,0.0,0.0,396.0,0.0,,3,1,40000.0,4.97,0.46558544,0.3012806978612995,0.4855141677465351,0.0,0,0.11963693104092793,24.510042505126265,2.9323062649960034
3068,3.0,89.0,146.0,14.15333333333333,14.816450341271326,17,4,20000.0,63.56,14.793324,14.831574000731099,14.713300429666939,89.0,2,1.0332512655266706,14.626115763601591,15.11245262248093
3070,1.0,336.0,642.0,21.67,2.8819790592291117,9,3,40000.0,30.090000000000003,2.8566191,2.958792743964196,2.87422107088935,336.0,0,0.13346164801808164,22.026403196506646,2.939680070516518
3075,2.0,509.0,687.0,17.65,4.566553050766304,11,3,60000.0,41.730000000000004,4.6888046,4.615039521102196,4.491924059338345,509.0,1,0.2572175346279597,18.109257551923097,4.65801858144842
3077,1.0,175.0,306.0,11.09,3.131010373950973,8,5,40000.0,14.71,3.116189,3.0824270203253192,3.094264500229432,175.0,0,0.25000599249333383,12.774110726317947,3.1936042303528596
3080,2.0,169.0,347.0,6.725,3.0666552948219126,11,4,40000.0,18.49,3.0438085,2.9173079005534177,3.0921027230022005,169.0,0,0.39516753458380377,7.915650797811954,3.128008210397669
3081,0.0,0.0,573.0,0.0,,2,2,100000.0,14.82,0.13339268,0.176279789809326,0.21454890105953517,0.0,0,0.09052484337467921,24.510042505126265,2.2187677588832853
3085,2.0,142.0,272.0,12.49,6.305639364085291,12,3,60000.0,27.39,6.3740563,6.103970178131718,5.798747107204228,142.0,1,0.4837816053163979,13.294702782933303,6.4317326545318565
3086,1.0,372.0,495.0,33.1,5.868494415149945,10,1,40000.0,68.98,5.694869,6.068762728145538,6.177815346270604,372.0,1,0.18693175470371187,32.02202729237213,5.985933750933274
3087,1.0,107.0,264.0,3.69,1.5829060142858338,8,2,80000.0,12.87,1.4490484,1.5041801218561557,1.376679465745779,107.0,0,0.25616427386551277,6.302753043955342,1.6145401568584703
3090,0.0,0.0,211.0,0.0,,5,4,40000.0,9.45,1.0404911,1.060640481222291,0.9068330645651752,0.0,0,0.18030496991893746,24.510042505126265,4.41928247659867
3092,0.0,0.0,703.0,0.0,,4,0,60000.0,37.65,0.1353359,0.08658366663447781,0.286667381191112,0.0,0,0.07680376229698965,24.510042505126265,1.8824634784528305
3097,3.0,453.0,736.0,22.49333333333333,7.045877147664214,18,1,40000.0,81.93,7.0386405,7.116312738005911,7.11594638147232,453.0,1,0.318215973397505,22.585395845427552,7.1870337235206945
3098,0.0,0.0,592.0,0.0,,5,3,40000.0,15.81,0.18605751,0.1597690279637137,0.22996235436304335,0.0,0,0.08822109331047469,24.510042505126265,2.162302746888445
3099,2.0,444.0,532.0,11.15,3.8443720869304325,12,4,40000.0,38.720000000000006,3.9252732,3.8519212561329885,3.893600998330088,444.0,0,0.32557362221104696,12.044411428195644,3.9213426560777855
3100,1.0,453.0,503.0,8.02,1.9157551123550862,10,3,40000.0,23.73,1.932307,2.024598199758317,1.99154072956855,453.0,0,0.19367846763613372,10.08937179593238,1.9540940688474098
3101,3.0,86.0,665.0,4.63,0.37346066296165886,17,3,80000.0,19.6,0.90590125,0.6690653077687896,0.15024095075447175,86.0,0,0.06879279076531575,5.537521361612473,0.38094154838787325
3102,1.0,347.0,398.0,11.97,3.045516725843021,6,1,20000.0,19.26,3.0336847,3.019167554710866,3.0122858345655983,347.0,0,0.22936431281360659,13.54367758584215,3.106436302445731
3104,1.0,94.0,113.0,14.5,7.438820262904374,7,4,40000.0,22.23,7.42446,7.0294240801725785,7.33463190155652,94.0,1,0.4815375423024818,15.756182306974228,7.587193304170218
3108,0.0,0.0,344.0,0.0,,5,1,40000.0,25.81,0.5078125,0.460299247257003,0.6306195448902656,0.0,0,0.13212624324539285,24.510042505126265,3.2384198379872307
3109,0.0,0.0,474.0,0.0,,10,4,40000.0,8.49,0.4661203,0.2622173420278903,0.28092109398483167,0.0,0,0.10478447227791336,24.510042505126265,2.568271869408881
3111,0.0,0.0,54.0,0.0,,4,1,60000.0,8.16,3.391396,3.1699375073915523,2.981818286765053,0.0,0,0.31723952384230814,24.510042505126265,7.77555421368099
3113,4.0,403.0,641.0,13.07,6.031156029272673,20,3,20000.0,68.52,5.599704,6.2449460929793466,6.059668912975025,403.0,1,0.45684542227989233,13.466198949975807,6.15197134580674
3115,0.0,0.0,397.0,0.0,,3,3,20000.0,15.48,0.44433022,0.3122525113119469,0.48385994716074965,0.0,0,0.1194198816420847,24.510042505126265,2.9269863750046436
3116,1.0,321.0,381.0,13.71,3.4693895885096824,6,2,60000.0,24.65,3.4672773,3.3596632784368294,3.4901053293144617,321.0,0,0.23489585634049318,15.065321148992275,3.538781512337083
3119,1.0,31.0,193.0,3.35,1.6403974123865743,9,1,80000.0,25.48,1.6289318,1.6059977010306128,1.545166365001366,31.0,0,0.27860772191300154,6.005420393684627,1.6731564950143547
3121,0.0,0.0,70.0,0.0,,4,4,60000.0,11.95,2.887939,2.268521746417957,2.8904444139050223,0.0,0,0.2943915037511381,24.510042505126265,7.215548270088433
3124,3.0,314.0,647.0,25.496666666666666,7.808270563015926,17,4,60000.0,120.69,7.812756,8.100090915789979,8.04992795745506,314.0,1,0.31293378780158,25.45162740167264,7.964674168519904
3125,8.0,291.0,316.0,10.35625,17.167732267917323,43,5,,100.39999999999999,,,,291.0,2,1.6511307528416388,10.605660520657898,17.51133223985672
3127,0.0,0.0,494.0,0.0,,4,2,80000.0,8.7,0.2914296,0.2509245095802603,0.2056462372347534,0.0,0,0.10155243312067087,24.510042505126265,2.4890544522866356
3130,3.0,592.0,631.0,13.913333333333334,5.761158530862974,17,5,80000.0,63.540000000000006,5.77955,5.9956929290110095,5.860747041971834,592.0,1,0.40817699357489823,14.397071732469913,5.87655345604172
3131,1.0,156.0,391.0,7.56,1.763996350261832,12,2,20000.0,25.61,1.7082987,2.042684902066062,1.7506960805721423,156.0,0,0.18573986500122186,9.687098210272001,1.7992803138294995
3132,0.0,0.0,712.0,0.0,,6,4,80000.0,15.73,-0.012973219,0.14714864967059446,0.13934705437862327,0.0,0,0.07600628506938299,24.510042505126265,1.8629172777073209
3138,2.0,206.0,247.0,22.67,12.60088863244329,12,1,60000.0,55.02,12.573867,12.333341049172065,12.489363117575552,206.0,1,0.563888652013487,22.7931848659403,12.852818289149289
3139,1.0,42.0,498.0,15.64,1.4440821889665074,7,5,80000.0,21.62,1.4370493,1.424063050374407,1.2237929015636064,42.0,0,0.08792279610659506,16.753121193176035,1.472981258816693
3140,0.0,0.0,107.0,0.0,,4,2,60000.0,20.59,2.5499282,2.260379028386707,2.2076043780917187,0.0,0,0.2524111775430864,24.510042505126265,6.1866086903500195
3143,0.0,0.0,27.0,0.0,,5,2,,4.08,,,,0.0,0,,24.510042505126265,
3146,0.0,0.0,196.0,0.0,,4,4,40000.0,16.43,1.0514691,1.2051799124754747,0.9841007455778277,0.0,0,0.18804534863467845,24.510042505126265,4.608999487927256
3152,1.0,34.0,290.0,6.84,1.6128591591427166,10,0,60000.0,17.53,1.6285005,1.6415546849830955,1.5388582678148524,34.0,0,0.18162930836305607,9.057452597934018,1.6450988508939213
3153,4.0,299.0,704.0,11.835,3.521484076799119,21,0,80000.0,68.22,3.8835113,4.0862254275520815,3.704617287380124,299.0,0,0.2926546510567833,12.273970268613903,3.5920344860425346
3157,0.0,0.0,394.0,0.0,,3,2,60000.0,5.76,0.41893655,0.2978469469366638,0.47041613437992336,0.0,0,0.120073408791034,24.510042505126265,2.9430043532036447
3158,0.0,0.0,609.0,0.0,,4,3,140000.0,11.28,0.06619054,0.15690322136760598,0.1713807024488574,0.0,0,0.08625709652703585,24.510042505126265,2.1141651022464276
3160,1.0,245.0,687.0,15.66,1.7470250817098036,6,1,20000.0,38.1,1.7472355,1.7654396904376493,1.6653388577495738,245.0,0,0.10625771241717243,16.77061134907431,1.7820067977901062
3161,0.0,0.0,35.0,0.0,,4,3,20000.0,28.2,4.440421,4.138942763869981,3.9455294241603083,0.0,0,,24.510042505126265,
3162,0.0,0.0,280.0,0.0,,2,1,80000.0,2.88,0.7293697,0.6982325260815475,0.58039846503506,0.0,0,0.15161411198472327,24.510042505126265,3.7160683291225407
3163,1.0,163.0,621.0,23.56,2.3659188441529695,7,0,40000.0,33.879999999999995,2.4030604,2.4026532622490966,2.4140600259791833,163.0,0,0.10191571506305765,23.67922292889385,2.4132849369357667
3164,0.0,0.0,484.0,0.0,,4,1,20000.0,15.72,0.36901507,0.2713913370330264,0.26527663508269494,0.0,0,0.10314311236839412,24.510042505126265,2.5280420682603544
3166,0.0,0.0,184.0,0.0,,4,1,40000.0,3.4,1.2243619,1.4297010847859934,1.2148613664575185,0.0,0,0.19473479465000154,24.510042505126265,4.7729580940985725
3168,1.0,127.0,250.0,35.25,9.337565831773658,13,5,20000.0,49.769999999999996,9.564108,10.680183081683259,9.532395341119294,127.0,1,0.2809300517357664,33.90221905143694,9.524152152077464
3169,0.0,0.0,195.0,0.0,,3,3,,7.8,,,,0.0,0,0.18858514446970864,24.510042505126265,4.622229906787936
3172,0.0,0.0,292.0,0.0,,3,1,20000.0,12.47,0.5007356,0.6734238529546904,0.6231937646731351,0.0,0,0.1475331624080695,24.510042505126265,3.6160440815374795
3174,5.0,155.0,244.0,11.894,14.166707081840729,26,5,140000.0,68.59,14.172224,14.17917729325348,14.007074453988292,155.0,2,1.1799854351463575,12.245979550650862,14.450077508868151
3177,1.0,24.0,284.0,11.97,2.3538011959799143,7,1,60000.0,32.72,2.3034785,2.3234390268567986,2.193024311093918,24.0,0,0.1772671740557915,13.54367758584215,2.4008494519650028
3178,0.0,0.0,457.0,0.0,,4,3,40000.0,22.45,0.2421027,0.3041451044524838,0.3625799797095679,0.0,0,0.10769815053712864,24.510042505126265,2.63968624738851
3179,0.0,0.0,92.0,0.0,,2,5,60000.0,8.73,2.7786748,2.289201183508699,2.2609758153646755,0.0,0,0.2678903999237104,24.510042505126265,6.566005088845415
3180,1.0,96.0,374.0,22.62,3.7704168762225816,13,4,20000.0,46.620000000000005,3.8149033,3.608820025812576,3.890231997779416,96.0,0,0.16825460447184518,22.857185601674818,3.845826722749351
3185,0.0,0.0,273.0,0.0,,5,2,40000.0,12.44,0.6960217,0.7135215513652462,0.5824399875874278,0.0,0,0.15410086951959562,24.510042505126265,3.777018862002205
3186,5.0,125.0,244.0,17.314,18.665738814589204,26,3,80000.0,103.25,18.650223,18.877670292803305,18.9982484117206,125.0,2,1.0870315072333165,17.514765002685245,19.039101399706286
3187,0.0,0.0,390.0,0.0,,2,3,60000.0,8.93,0.4665512,0.3520379566304157,0.4761526125873621,0.0,0,0.12095600283890125,24.510042505126265,2.9646367708316426
3188,0.0,0.0,454.0,0.0,,6,2,40000.0,5.5,0.35320356,0.29636303432358474,0.4147571532216032,0.0,0,0.1082292523705285,24.510042505126265,2.652703575899691
3191,0.0,0.0,86.0,0.0,,4,1,,5.86,,,,0.0,0,0.2746301690233849,24.510042505126265,6.731197115953174
3192,0.0,0.0,301.0,0.0,,4,2,40000.0,15.66,0.55627865,0.671807123220858,0.6346291708154235,0.0,0,0.14461404451857424,24.510042505126265,3.5444963779884766
3193,0.0,0.0,431.0,0.0,,3,2,20000.0,12.08,0.41460925,0.3214389621267189,0.4860239091084573,0.0,0,0.11248212194115309,24.510042505126265,2.756941589844458
3194,0.0,0.0,208.0,0.0,,6,1,80000.0,11.4,1.0290282,1.0735115127837507,0.917706406058632,0.0,0,0.18180149632348702,24.510042505126265,4.455962402384223
3195,1.0,118.0,269.0,7.67,2.4686905659630316,9,5,120000.0,26.21,2.4826999,2.6245352224583054,2.4468427675567623,118.0,0,0.2573804996913912,9.783294067712527,2.5180291157756733
3196,2.0,581.0,732.0,21.295,5.233690243667192,12,2,60000.0,53.39,5.252816,5.1393835397716545,5.090012324246941,581.0,1,0.2481854375936524,21.510236647459493,5.3385274950927535
3197,5.0,447.0,724.0,10.98,5.347125473632568,24,5,60000.0,89.46000000000001,5.3462315,5.042755270525841,5.422999235427576,447.0,1,0.4802350840905307,11.357479568518126,5.454260155643786
3198,1.0,370.0,395.0,11.6,3.039063223912908,9,4,80000.0,28.020000000000003,3.0280883,3.219378530958135,2.8896853589125877,370.0,0,0.23448010759830148,13.220109701724017,3.0998527453215967
3199,0.0,0.0,496.0,0.0,,4,4,40000.0,3.19,0.31570283,0.264608699969721,0.20762764631521158,0.0,0,0.10124017282310216,24.510042505126265,2.481400939120563
3201,1.0,569.0,617.0,6.13,1.3707109361801637,8,0,60000.0,26.13,1.3745562,1.3709911077580297,1.4233517920813155,569.0,0,0.16572558081013364,8.436552063545173,1.3981524907659553
3202,0.0,0.0,651.0,0.0,,5,4,60000.0,5.98,0.10389688,0.17052650532435504,0.18599609273826267,0.0,0,0.08176046977476546,24.510042505126265,2.0039525894185926
3204,1.0,30.0,676.0,8.06,0.4706084843664228,7,0,40000.0,15.45,0.46613383,0.4653235154599562,0.5534076509694792,30.0,0,0.04741355293473545,10.124352107728935,0.48003150458970634
3205,0.0,0.0,39.0,0.0,,4,1,140000.0,33.06,4.692633,3.661958971560854,4.013679723514536,0.0,0,0.34216157930962604,24.510042505126265,8.386394852500066
3206,1.0,186.0,232.0,5.29,2.4575177021012213,9,4,20000.0,26.419999999999998,2.7301655,2.603231671057529,2.5601064309111585,186.0,0,0.32545147965343074,7.701965515817527,2.506616073362513
3207,0.0,0.0,281.0,0.0,,3,5,80000.0,16.13,0.6334179,0.7037078263657052,0.5585122327378054,0.0,0,0.15126541136170366,24.510042505126265,3.707521662030766
3208,0.0,0.0,441.0,0.0,,4,5,40000.0,4.82,0.4350383,0.2866098642080007,0.4316514066366137,0.0,0,0.11059262056496341,24.510042505126265,2.710629830800554
3209,0.0,0.0,64.0,0.0,,4,4,20000.0,24.05,2.8118927,3.315992859710656,2.8960483868149685,0.0,0,0.302560551766563,24.510042505126265,7.415771984172914
3210,8.0,258.0,308.0,17.695,28.842903859523588,44,2,40000.0,158.84,28.851282,29.439294979257344,29.24542126553928,258.0,2,1.6514173293435417,17.815091014397282,29.420150025008088
3211,1.0,444.0,665.0,14.36,2.1697330670071455,3,3,40000.0,15.6,2.1589172,2.1396142581502438,2.12053655531325,444.0,0,0.14156401328144322,15.633751215686289,2.2131765647361927
3213,2.0,211.0,595.0,12.545,2.7894197004160484,13,2,40000.0,39.519999999999996,2.8503888,2.7663741059031812,2.9431816869313416,211.0,0,0.21319300866275495,13.346020711672535,2.84527830919691
3216,0.0,0.0,547.0,0.0,,3,1,20000.0,6.34,0.2313012,0.1415615809103269,0.27297720186174157,0.0,0,0.09387972698051743,24.510042505126265,2.300996098662131
3218,2.0,325.0,614.0,9.075,2.503955419856721,12,2,20000.0,24.189999999999998,2.5156612,2.4352870060499785,2.543834305278027,325.0,0,0.2526728939189692,10.108325934851878,2.5540999666351936
3219,0.0,0.0,359.0,0.0,,3,4,60000.0,8.39,0.5651058,0.35636577961737553,0.5770645101557905,0.0,0,0.12826335965577032,24.510042505126265,3.143740397013228
3222,0.0,0.0,544.0,0.0,,5,1,80000.0,15.18,0.20943572,0.14843004432033652,0.2681788692278406,0.0,0,0.09428291381028636,24.510042505126265,2.310878224997275
3223,0.0,0.0,229.0,0.0,,6,1,20000.0,21.48,0.69895077,1.0396951016322895,0.9293387751709563,0.0,0,0.1718201358256834,24.510042505126265,4.211318832324068
3225,6.0,304.0,337.0,9.435,11.583665649442997,33,1,,75.03999999999999,,,,304.0,1,1.2072505968142413,9.787124076659143,11.81551138264178
3226,1.0,30.0,177.0,19.97,6.053252826684007,10,3,20000.0,35.0,6.0326977,5.76207631103438,5.964172454766257,30.0,1,0.3005935329122537,20.53973994515307,6.174112995212502
3228,0.0,0.0,216.0,0.0,,5,0,60000.0,29.17,1.3568795,1.0052642379321488,0.9445752458268082,0.0,0,0.17786491889228803,24.510042505126265,4.3594767222208155
3229,0.0,0.0,345.0,0.0,,3,1,40000.0,1.46,0.49104008,0.5079300031132475,0.6455120254524092,0.0,0,0.13186148133598377,24.510042505126265,3.231930512333876
3231,4.0,415.0,493.0,13.365,8.43515870889066,22,3,20000.0,74.44,8.443705,8.544854224636678,8.42797028431786,415.0,1,0.6257057066995922,13.750982319208001,8.60406810985364
3233,3.0,223.0,422.0,11.526666666666666,5.689407247391544,23,5,40000.0,42.75,5.6954365,5.813216155184585,5.899856098669171,223.0,1,0.47884513932626316,12.11935608954929,5.803294755244826
3234,6.0,193.0,342.0,11.891666666666666,11.834844308735715,28,2,20000.0,80.57,11.847513,11.67924734938783,12.009791888168314,193.0,1,0.9905891325477455,12.186407722258696,12.071723054465389
3236,1.0,196.0,618.0,20.02,2.2524903174720956,12,3,80000.0,29.59,2.2984889,2.131233647300925,2.3476389328366722,196.0,0,0.11162285527498675,20.583465334898765,2.2975851721351117
3238,0.0,0.0,191.0,0.0,,5,1,20000.0,11.02,0.9534965,1.4377290893303272,1.0240612371142577,0.0,0,0.19077577673820242,24.510042505126265,4.67592239680182
3239,6.0,677.0,697.0,14.831666666666669,10.323481119295373,33,4,60000.0,112.75,10.349108,10.297585904196392,10.44468754204554,677.0,1,0.6993295747798018,15.057734961632928,10.530319387865712
3242,3.0,682.0,710.0,13.723333333333334,5.183229511140115,14,3,20000.0,44.8,5.1505704,5.170590851222575,5.085723736876245,682.0,1,0.37191614284318036,14.215745207823996,5.287065125335326
3243,4.0,466.0,623.0,17.2525,8.636285194805371,21,2,20000.0,74.63,8.56234,8.523056718717285,8.282954489104027,466.0,1,0.5032767428061945,17.503847905276345,8.80927956034251
3244,1.0,70.0,197.0,26.1,7.845069599892603,7,1,80000.0,40.59,7.84808,7.974937483969473,7.896111681113631,70.0,1,0.308942039014436,25.900472727975067,8.001744856018409
3245,3.0,319.0,489.0,23.27,10.509531050894067,17,2,40000.0,76.3,10.448659,10.380227084132358,10.076018202372062,319.0,1,0.4595591244725836,23.326607779506475,10.719955448065354
3247,1.0,52.0,325.0,4.38,1.1575755124024503,3,3,20000.0,6.01,1.1695093,1.2181513016582943,1.3042883127645757,52.0,0,0.17096618265677174,6.906163422445909,1.1807203971394031
3250,2.0,339.0,627.0,15.25,3.893394704327135,13,3,20000.0,50.050000000000004,3.8396275,3.8369063957891156,3.9230890070341022,339.0,0,0.2502447631554679,15.86992975239296,3.9713668121814893
3252,0.0,0.0,652.0,0.0,,3,1,20000.0,7.26,0.100697614,0.162585820538105,0.21339435784512784,0.0,0,0.08165911824664643,24.510042505126265,2.0014684591564356
3253,2.0,134.0,585.0,10.85,1.89805684346041,12,3,80000.0,29.7,1.8882242,1.6673658524028623,2.0489555654090488,134.0,0,0.1645684482415998,11.764495453254376,1.936064761087429
3256,0.0,0.0,202.0,0.0,,5,4,40000.0,4.95,1.0708821,1.2051799124754747,0.9852887281744849,0.0,0,0.18487056047121253,24.510042505126265,4.531185295095934
3258,2.0,516.0,674.0,13.620000000000001,3.7077447756090303,10,3,40000.0,34.8,3.6729171,3.6570130422644684,3.710554763791354,516.0,0,0.26357187660594916,14.349052955212077,3.782006814923388
3259,0.0,0.0,246.0,0.0,,2,0,40000.0,8.1,0.9391934,0.9510642095520451,0.8640294260867281,0.0,0,0.16451041912116818,24.510042505126265,4.032157365195968
3267,0.0,0.0,342.0,0.0,,4,2,20000.0,5.7,0.59591675,0.6460562708631077,0.632820647347959,0.0,0,0.13265897497566106,24.510042505126265,3.251477115339934
3268,0.0,0.0,196.0,0.0,,5,5,80000.0,22.33,0.9204918,1.254749413938366,0.9621824393368605,0.0,0,0.18804534863467845,24.510042505126265,4.608999487927256
3269,0.0,0.0,210.0,0.0,,5,4,20000.0,8.65,0.905293,1.0990149245589667,0.9186433945231949,0.0,0,0.18080105912566521,24.510042505126265,4.431441644141901
3271,3.0,504.0,607.0,6.82,3.080265409572096,19,2,20000.0,30.23,3.09572,3.1378238094172244,3.067961433105222,504.0,0,0.4119225637529445,7.627548145689076,3.141959187321262
3273,0.0,0.0,568.0,0.0,,4,1,20000.0,33.76,0.37464154,0.15099442281275183,0.4650420034977314,0.0,0,0.09115124640947092,24.510042505126265,2.23412092389137
3277,0.0,0.0,348.0,0.0,,4,4,20000.0,8.28,0.4721672,0.4342954546932138,0.6329434966430023,0.0,0,0.13107353450990247,24.510042505126265,3.212617902134844
3278,0.0,0.0,309.0,0.0,,4,2,20000.0,11.63,0.4959767,0.6651856798941761,0.6073027954810266,0.0,0,0.1421147536425908,24.510042505126265,3.483238652385448
3279,0.0,0.0,471.0,0.0,,4,1,40000.0,14.49,0.325388,0.29341922541727095,0.3113438032812441,0.0,0,0.10528712720345981,24.510042505126265,2.580591962999436
3280,2.0,131.0,327.0,17.08,6.725427571841241,12,1,60000.0,62.379999999999995,6.7313895,6.637608684981608,7.007576732048623,131.0,1,0.3902714577730207,17.577417199534686,6.859964234346969
3282,1.0,15.0,582.0,13.56,0.815340757509851,7,5,60000.0,36.1,0.80976564,0.727056388990665,0.6108782885474389,15.0,0,0.05568863484374185,14.934144979755196,0.8316621464810876
3283,0.0,0.0,476.0,0.0,,4,2,60000.0,26.28,0.39434052,0.2133134118086612,0.2748552261924173,0.0,0,0.10445202983205856,24.510042505126265,2.560123690930472
3285,3.0,480.0,533.0,13.046666666666667,6.172632693144507,15,2,40000.0,70.7,6.1387753,5.932562206911496,6.376169881738514,480.0,1,0.4639833300875745,13.569968286716614,6.296239074853553
3286,1.0,142.0,644.0,1.85,0.4160628614259306,5,5,20000.0,7.51,0.41627464,0.36754606353209796,0.38592777640015363,142.0,0,0.09041838326322206,4.693658701313829,0.42439303136215095
3287,0.0,0.0,619.0,0.0,,5,4,40000.0,4.66,0.18025959,0.1808700819383353,0.1853817719237858,0.0,0,0.08514215510884894,24.510042505126265,2.086837840695941
3288,4.0,559.0,610.0,14.59,7.859645822848108,19,2,40000.0,67.11,7.755047,7.64847628611742,7.6458766014024615,559.0,1,0.536849900699004,14.93355732703661,8.017078768102486
3289,0.0,0.0,308.0,0.0,,3,5,140000.0,8.74,0.6169948,0.6534984050138458,0.6512017822261322,0.0,0,0.14242242142507588,24.510042505126265,3.4907796028116156
3291,1.0,23.0,53.0,12.96,8.555204650335838,9,2,40000.0,20.400000000000002,8.555792,9.41736749762879,8.832197237362852,23.0,1,0.6055475517724207,14.409440302806875,8.725601297775551
3292,0.0,0.0,248.0,0.0,,5,2,40000.0,6.42,0.9364934,0.9853831367847795,0.7085650552541161,0.0,0,0.16369123642074296,24.510042505126265,4.012079162389083
3293,2.0,326.0,603.0,29.8,7.472787596695419,12,2,40000.0,64.83000000000001,7.4581575,7.763791192155001,7.375476643404251,326.0,1,0.2588627377657345,29.445854537044415,7.6224345213108915
3295,2.0,242.0,270.0,15.9,8.692159680784632,10,1,60000.0,46.78,8.673373,8.697589855435828,8.720868159172303,242.0,1,0.5381009012822359,16.476414364765706,8.865973419580005
3297,0.0,0.0,637.0,0.0,,3,0,60000.0,16.78,0.011629228,0.16912814036505083,0.18620629082870366,0.0,0,0.08320629432931965,24.510042505126265,2.0393898107056714
3300,2.0,129.0,642.0,16.275,2.194105449084795,11,3,60000.0,52.6,2.193705,2.3217117052274228,2.0279933814475797,129.0,0,0.1330088370301399,16.826309333442286,2.238047835950547
3301,0.0,0.0,301.0,0.0,,4,1,40000.0,28.08,0.8501489,0.9494725866141792,0.6360761545815299,0.0,0,0.14461404451857424,24.510042505126265,3.5444963779884766
3302,5.0,566.0,584.0,12.288,8.468412537990694,23,2,40000.0,80.09,8.526114,8.32347579763216,8.617909363901582,566.0,1,0.6839850779200322,12.628987201592107,8.638038795132067
3305,0.0,0.0,650.0,0.0,,5,3,40000.0,6.16,0.115290955,0.17199791475794404,0.20995421895268418,0.0,0,0.08186207337848955,24.510042505126265,2.0064428980645443
3306,0.0,0.0,280.0,0.0,,4,3,40000.0,41.36,1.4267511,1.2226948369334816,0.8628300912188944,0.0,0,0.15161411198472327,24.510042505126265,3.7160683291225407
3308,3.0,420.0,588.0,16.6,6.76705863866898,16,1,,71.33,,,,420.0,1,0.4069660040931069,16.961092414305135,6.902588004903668
3310,6.0,594.0,697.0,9.715000000000002,6.728152477047784,27,1,20000.0,61.55,6.6888776,6.642029243824402,6.665787378309332,594.0,1,0.682162776286182,10.060583813742404,6.862955785442344
3311,1.0,44.0,263.0,17.78,3.88678854096852,8,2,80000.0,25.34,3.8516843,3.653149481928258,3.8285183883766645,44.0,0,0.21286210671781675,18.62456787429171,3.9644647544307032
3313,0.0,0.0,716.0,0.0,,3,0,40000.0,10.96,0.015900506,0.11350745579879071,0.15401998700536623,0.0,0,0.07565714538799714,24.510042505126265,1.8543598492763276
3316,1.0,355.0,389.0,3.75,1.4686477344918998,4,0,140000.0,9.6,1.4738419,1.4166890193156627,1.402180571452667,355.0,0,0.23571534961806628,6.355223511650173,1.4980237319495755
3317,2.0,184.0,252.0,13.725,7.721058362311532,11,3,60000.0,48.56,7.7588387,7.735683254751305,8.028607520759916,184.0,1,0.5451248697909081,14.44702354644152,7.875431829620117
3319,1.0,2.0,29.0,20.52,14.140487078009656,12,3,20000.0,48.870000000000005,14.127888,14.5057282102499,14.199986994621483,2.0,2,0.6860805788738334,21.0207192323557,14.421907219278921
3321,0.0,0.0,614.0,0.0,,4,3,40000.0,6.87,0.14912261,0.1597690279637137,0.1861938774020686,0.0,0,0.08569599672962462,24.510042505126265,2.100412522362261
3322,0.0,0.0,317.0,0.0,,3,3,20000.0,28.92,0.9003397,0.919014453911213,0.7044347421612507,0.0,0,0.1397005387798407,24.510042505126265,3.4240661434829356
3324,0.0,0.0,180.0,0.0,,3,3,40000.0,14.45,1.2340975,1.4511488641220107,1.2123847049391445,0.0,0,0.1970719991857489,24.510042505126265,4.830243076612914
3325,1.0,87.0,245.0,17.3,4.696731320056994,6,2,60000.0,23.94,4.7368536,4.906892123050578,4.894617200930075,87.0,1,0.2631491395658381,18.204804132733052,4.790578543493316
3327,1.0,5.0,375.0,4.79,0.764177124800877,10,4,40000.0,22.68,0.779509,0.788133528200917,0.8548103726784522,5.0,0,0.10729415031329916,7.264711618360594,0.7794610603631523
3328,4.0,561.0,616.0,14.7525,7.871574907606027,24,4,20000.0,74.14,7.898214,7.709059435180588,7.942236145280947,561.0,1,0.5320755696542463,15.09042952195265,8.029248884220213
3329,1.0,55.0,121.0,9.5,4.818655405441989,9,2,40000.0,12.56,4.829971,4.61218114044706,4.738700939052031,55.0,1,0.43174065585375304,11.383643332404901,4.914781638337695
3330,1.0,129.0,157.0,22.2,9.031433816210185,10,1,80000.0,37.1,9.030934,9.070966507080135,8.868652107231227,129.0,1,0.4095931734763398,22.489892327810992,9.21170636968929
3334,4.0,618.0,714.0,12.7,6.000335242475023,25,2,80000.0,62.98,5.844912,6.209777480056592,5.736110310263042,618.0,1,0.4668963071775126,13.109013029243899,6.120549774095875
3335,1.0,221.0,342.0,16.38,4.056767316967651,10,2,60000.0,20.119999999999997,4.0692654,4.170672320076083,4.11509819375345,221.0,1,0.23780617603996862,17.400256961412296,4.137888570106302
3336,0.0,0.0,685.0,0.0,,5,2,40000.0,2.96,0.09194849,0.16461410033413612,0.19698267872063902,0.0,0,0.07845003027854297,24.510042505126265,1.9228135766555308
3338,1.0,8.0,211.0,11.42,2.9367084445564466,8,4,40000.0,31.22,2.9267232,2.968335317382593,2.8515707265690025,8.0,0,0.22930694455089956,13.062698298639521,2.995367434451263
3342,0.0,0.0,245.0,0.0,,5,2,20000.0,4.28,0.8049886,0.9866393085334116,0.860052593737799,0.0,0,0.16492310041543012,24.510042505126265,4.0422722012594
3345,1.0,517.0,626.0,30.16,4.591177920964878,9,3,120000.0,50.58,4.5832634,4.651985430939743,4.6229587536329815,517.0,1,0.15901325684400888,29.450974375325362,4.683095352649936
3349,2.0,465.0,541.0,18.005,5.842240350143431,14,1,,59.839999999999996,,,,465.0,1,0.3231592106545116,18.440491455603595,5.959214662874123
3350,1.0,89.0,576.0,17.98,1.6280750786589557,9,4,20000.0,33.81,1.6042134,1.4497415171775305,1.5834901815664377,89.0,0,0.08833574157576521,18.79946943327448,1.6606650736192319
3352,1.0,63.0,595.0,20.16,1.4961267881955846,7,0,80000.0,29.64,1.4871083,1.4436614345160985,1.5872348746995373,63.0,0,0.07370254424969212,20.70589642618671,1.526077247580568
3357,0.0,0.0,251.0,0.0,,6,0,20000.0,15.64,0.7075353,0.9577056912963112,0.6521772974364684,0.0,0,0.16247768195828727,24.510042505126265,3.982334890932008
3359,0.0,0.0,156.0,0.0,,6,3,80000.0,12.67,1.8420527,1.6904381735673182,1.6984742263445147,0.0,0,0.2123696420519655,24.510042505126265,5.205188953492125
3360,2.0,65.0,358.0,6.5649999999999995,2.0325671782802734,12,1,80000.0,21.45,2.0546227,1.8953984644363164,2.215842588072473,65.0,0,0.2669504697184252,7.766362277843278,2.0732340580737216
3361,1.0,42.0,428.0,17.49,2.006212022369716,7,1,20000.0,30.81,1.9835371,1.9983394518873245,2.320156044877592,42.0,0,0.11139038585272791,18.370960613766684,2.0463483912527383
3363,1.0,243.0,340.0,34.01,7.884630924048741,9,3,20000.0,39.4,7.875612,7.626850146068738,7.77604576881591,243.0,1,0.24505868526026625,32.81782938574374,8.042294122366092
3365,0.0,0.0,134.0,0.0,,5,5,80000.0,16.22,1.925976,1.738707905992042,1.702956327588617,0.0,0,0.22864838077945207,24.510042505126265,5.6041815316326655
3366,10.0,280.0,316.0,9.789,19.813488891069746,46,1,80000.0,107.21000000000001,19.809143,19.522927727522504,19.504513740270834,280.0,2,2.021560188882984,9.997259001734534,20.210060795858578
3370,0.0,0.0,26.0,0.0,,4,3,140000.0,14.76,4.511253,3.0389036428612566,3.8676183405853215,0.0,0,,24.510042505126265,
3371,0.0,0.0,353.0,0.0,,4,1,60000.0,12.96,0.47383088,0.3593326108261334,0.583799145038828,0.0,0,0.1297810432512316,24.510042505126265,3.1809388864473167
3372,2.0,61.0,106.0,5.0600000000000005,5.331869257176936,12,1,40000.0,23.37,5.3317027,5.4001950561256375,5.591562507436275,61.0,1,0.8547921283557912,6.362117136887923,5.43828764828928
3373,1.0,5.0,684.0,19.32,0.7359534699316206,12,5,100000.0,46.44,0.7394459,0.7206318318646463,0.5925519367203194,5.0,0,0.037588410552867324,19.97130987845906,0.750689794990054
3377,1.0,86.0,243.0,31.14,7.862748634773562,7,4,60000.0,42.18,7.8489914,7.939292028726687,7.772154470457314,86.0,1,0.2646118648514814,30.30799201434095,8.019854286818566
3386,1.0,62.0,733.0,5.16,0.37575080423299856,6,4,40000.0,19.939999999999998,0.37137702,0.4256116159149945,0.3953623131859878,62.0,0,0.05050887672112731,7.588279502478724,0.3832754739161552
3387,0.0,0.0,585.0,0.0,,5,1,40000.0,30.89,0.14300768,0.08301316091825961,0.2651479227500131,0.0,0,0.08905606100392396,24.510042505126265,2.182767840545294
3388,5.0,672.0,704.0,10.356,6.180254134562743,21,4,40000.0,55.879999999999995,6.187708,6.121638180336603,5.989448649386365,672.0,1,0.5863773015308218,10.750888771088338,6.304077146648792
3390,4.0,227.0,360.0,9.5875,7.278983377216214,17,2,40000.0,55.510000000000005,7.27915,7.451288960833808,7.226628751102282,227.0,1,0.7348022726479218,10.104307142005904,7.424667851478565
3395,0.0,0.0,72.0,0.0,,4,4,20000.0,13.8,2.865969,2.4843743843962622,2.8850848834383025,0.0,0,0.2917662369393665,24.510042505126265,7.151202868944614
3396,2.0,163.0,350.0,8.97,3.799429126608247,13,2,80000.0,21.880000000000003,3.8120189,3.555823621658653,3.7064827261240385,163.0,0,0.38714344936133815,10.010355343622438,3.875443497062694
3397,5.0,465.0,644.0,14.418000000000001,8.436841379123702,23,2,40000.0,86.85,8.4293,8.386332245929923,8.235553141103699,465.0,1,0.5854499058206055,14.699561558203406,8.605856929854378
3399,0.0,0.0,169.0,0.0,,2,1,20000.0,6.19,1.3026277,1.6112650915040592,1.3964819498189964,0.0,0,0.20379951865485418,24.510042505126265,4.995134864754749
3401,2.0,253.0,624.0,22.869999999999997,4.941903728172024,13,0,60000.0,65.96,5.0026474,4.971474386784361,5.1569226155309185,253.0,1,0.219361106383935,22.97979551590114,5.040873368844663
3404,0.0,0.0,518.0,0.0,,4,2,40000.0,8.91,0.2637333,0.2505243314837759,0.21990904413578338,0.0,0,0.09792802324560866,24.510042505126265,2.4002200121928614
3406,3.0,269.0,336.0,7.333333333333333,5.106202211970347,13,2,80000.0,37.44,5.147889,5.369213152685485,5.161788435526667,269.0,1,0.6416271666075202,8.117447878942952,5.208375082650391
3408,0.0,0.0,198.0,0.0,,4,2,80000.0,31.02,1.414072,1.128399309630677,1.0665876375905565,0.0,0,0.18697500259786995,24.510042505126265,4.582765261069886
3409,1.0,37.0,568.0,3.19,0.392823275481997,4,3,,8.85,,,,37.0,0,0.06831241584875758,5.86549914649841,0.400686416856132
3410,1.0,9.0,142.0,15.05,5.312785958120991,6,0,140000.0,25.85,5.3095183,5.248905007794469,5.496716432903319,9.0,1,0.33372875130709195,16.237161594176854,5.418807663596112
3411,0.0,0.0,276.0,0.0,,2,4,20000.0,10.38,0.59294754,0.7008150479679187,0.5780156213160952,0.0,0,0.15302517583163286,24.510042505126265,3.7506535639877416
3412,1.0,613.0,708.0,9.52,1.6271958021838913,9,5,40000.0,26.31,1.7051197,1.6015682309724746,1.6322465841497316,613.0,0,0.14558023642795104,11.401133488303177,1.6597797087738067
3413,0.0,0.0,196.0,0.0,,4,4,20000.0,3.32,0.93737525,1.2064360842241069,0.9877409348144104,0.0,0,0.18804534863467845,24.510042505126265,4.608999487927256
3414,0.0,0.0,563.0,0.0,,3,0,100000.0,10.89,0.11417514,0.14847098610111267,0.23891895534153562,0.0,0,0.09178638645621283,24.510042505126265,2.249688233433722
3415,0.0,0.0,693.0,0.0,,2,5,40000.0,5.24,0.13166435,0.17238907595563052,0.19116343929183177,0.0,0,0.07770971940832153,24.510042505126265,1.904668525759396
3416,0.0,0.0,360.0,0.0,,4,3,120000.0,20.18,0.74309945,0.3608680828595372,0.5320386264244652,0.0,0,0.1280138621253678,24.510042505126265,3.137625201938138
3417,0.0,0.0,317.0,0.0,,2,5,80000.0,2.85,0.60155946,0.655395985381189,0.6000957190821685,0.0,0,0.1397005387798407,24.510042505126265,3.4240661434829356
3418,2.0,252.0,635.0,29.63,6.1211128821272744,13,3,100000.0,76.66,6.1045256,5.908558447814431,6.157643650637723,252.0,1,0.21318848306314733,29.287235484577693,6.243701306070299
3419,1.0,2.0,238.0,13.73,2.8618406650317936,10,3,60000.0,38.370000000000005,2.9188187,2.91955772579035,3.0532382009423515,2.0,0,0.19353290953856953,15.082811304890551,2.9190203558566967
3422,4.0,334.0,381.0,12.67,9.809904639647842,24,1,40000.0,57.68,9.779295,9.868422173821399,9.596597692030247,334.0,1,0.765001742780831,13.080052008644016,10.00626258227658
3423,0.0,0.0,397.0,0.0,,4,2,60000.0,7.8,0.41363448,0.2978469469366638,0.47041613437992336,0.0,0,0.1194198816420847,24.510042505126265,2.9269863750046436
3424,1.0,42.0,263.0,3.47,1.2648192522835318,7,0,40000.0,5.5600000000000005,1.2828372,1.2361461852810252,1.169897421053479,42.0,0,0.21113256434343883,6.1103613290742915,1.2900962564724383
3425,0.0,0.0,312.0,0.0,,3,4,,7.33,,,,0.0,0,0.14119968945500613,24.510042505126265,3.460810390252829
3426,0.0,0.0,552.0,0.0,,5,1,80000.0,6.84,0.20759977,0.15314978682539487,0.27894441424378424,0.0,0,0.09321536446055176,24.510042505126265,2.2847125450589596
3434,0.0,0.0,526.0,0.0,,6,5,40000.0,41.69,0.62272906,0.17143623790913254,0.40034191227513816,0.0,0,0.09677675609118783,24.510042505126265,2.3720024053032507
3435,1.0,288.0,361.0,22.51,5.380046024842774,11,3,20000.0,31.480000000000004,5.408958,5.3577508301320345,5.393532627785923,288.0,1,0.24109851893009251,22.76098974423429,5.487640916717913
3436,0.0,0.0,274.0,0.0,,5,2,40000.0,6.72,0.6969892,0.7135215513652462,0.585064700589732,0.0,0,0.1537406248802351,24.510042505126265,3.7681892505792347
3437,1.0,248.0,433.0,6.35,1.621315383933892,9,3,60000.0,14.99,1.8255545,1.6230609466626351,1.6296406112407578,248.0,0,0.19165175998126976,8.628943778426224,1.6537522619148137
3438,0.0,0.0,570.0,0.0,,5,3,20000.0,6.44,0.19385399,0.1680530009601469,0.22609050089066507,0.0,0,0.09089964689977971,24.510042505126265,2.2279542092145697
3439,1.0,84.0,166.0,6.65,3.1978365268994313,5,2,80000.0,13.48,3.1889966,3.1820663913324285,3.028241003339104,84.0,0,0.3668391419593761,8.891296116900385,3.26167543843047
3440,5.0,189.0,276.0,11.152,12.51985107056937,25,4,20000.0,72.02,12.515362,12.605367331542794,12.789701857930432,189.0,1,1.1080857524577838,11.524680878066079,12.770334682607684
3441,1.0,60.0,253.0,5.34,1.7884277934955648,5,2,120000.0,18.46,1.7855725,1.7019506904811696,1.722162863671282,60.0,0,0.2355071690581886,7.74569090556322,1.8241657375689513
3442,1.0,224.0,415.0,11.03,2.4278167714048156,8,2,40000.0,45.88,2.4253447,2.09187178730631,2.3635187927232075,224.0,0,0.1946592305287789,12.721640258623115,2.4763847038075113
3446,2.0,524.0,707.0,11.105,2.954867358638256,9,4,40000.0,35.27,3.3710463,3.0914908736528433,3.0437702805707034,524.0,0,0.2511204499195437,12.002424031954455,3.0140541230295463
3448,2.0,84.0,112.0,11.1,10.05351554850395,14,2,40000.0,35.88,9.617319,10.220123796395411,10.420834995759495,84.0,1,0.8546757864659755,11.997758765705433,10.254193908908343
3449,0.0,0.0,105.0,0.0,,5,2,40000.0,7.26,2.5776715,2.27584099232651,2.1667799876196883,0.0,0,0.25437039900107217,24.510042505126265,6.234629291562206
3450,0.0,0.0,185.0,0.0,,4,1,60000.0,3.08,1.2342166,1.434749825242011,1.2122087359825882,0.0,0,0.1941591577482881,24.510042505126265,4.758849209170057
3452,0.0,0.0,644.0,0.0,,3,3,60000.0,12.56,0.09165858,0.16697868036616398,0.20129913657018772,0.0,0,0.08247704168394848,24.510042505126265,2.021515797370648
3454,0.0,0.0,194.0,0.0,,4,0,60000.0,22.41,0.92470264,1.1962974589017346,1.0161482782865034,0.0,0,0.18912805787755158,24.510042505126265,4.635536737490769
3455,0.0,0.0,348.0,0.0,,3,4,40000.0,8.0,0.4917801,0.42626745014888023,0.6174706834159762,0.0,0,0.13107353450990247,24.510042505126265,3.212617902134844
3457,0.0,0.0,90.0,0.0,,5,1,40000.0,21.49,2.6231048,2.5051490199525537,2.2603092115699086,0.0,0,0.2700997271742443,24.510042505126265,6.620155793663735
3458,0.0,0.0,734.0,0.0,,5,5,20000.0,6.66,0.09809681,0.1704118687570413,0.14783154464372394,0.0,0,0.07412492957362556,24.510042505126265,1.8168051745390532
3462,1.0,58.0,616.0,5.38,0.51495766246094,8,4,40000.0,9.870000000000001,0.51775575,0.5852783079648655,0.6028038194192753,58.0,0,0.06750922145208421,7.7806712173597745,0.5252670562585987
3463,4.0,637.0,703.0,14.3325,6.868884583133231,19,0,20000.0,62.37,6.244312,6.307960885574077,6.499863651238669,637.0,1,0.4771201452792719,14.684975233554269,7.006497516855922
3466,0.0,0.0,457.0,0.0,,3,1,40000.0,17.7,0.27047116,0.28795988038134546,0.36702077811106637,0.0,0,0.10769815053712864,24.510042505126265,2.63968624738851
3468,2.0,278.0,318.0,15.69,7.669833062790607,11,1,20000.0,47.84,7.7458076,7.729175506523438,7.697224664854902,278.0,1,0.4805298582720546,16.280473182306817,7.823253470895881
3469,2.0,332.0,587.0,10.855,3.109588941383552,10,4,60000.0,26.46,2.7447708,3.0462150207954326,3.2062912898117912,332.0,0,0.2695058523472794,11.769160719503398,3.171857691121884
3470,1.0,523.0,670.0,16.01,2.47613492699697,11,2,60000.0,20.6,2.4597335,2.338004061543809,2.399427687960301,523.0,0,0.14790419667686916,17.076689077294166,2.52571397987786
3471,0.0,0.0,493.0,0.0,,5,4,100000.0,24.19,0.4578419,0.24397582821858838,0.19796636720994787,0.0,0,0.10170928748309833,24.510042505126265,2.492898959376847
3473,0.0,0.0,532.0,0.0,,3,3,60000.0,12.16,0.27260348,0.15720661656173487,0.2986801649776156,0.0,0,0.09593093116290045,24.510042505126265,2.3512712003590317
3476,5.0,486.0,651.0,20.808,12.059195875497554,30,4,40000.0,109.82,12.03595,12.106106530838861,11.949436604912112,486.0,1,0.5882365303096413,20.9112846280373,12.300781513914
3478,0.0,0.0,409.0,0.0,,5,4,60000.0,29.43,0.7452694,0.2734316623567887,0.5573498635922647,0.0,0,0.11687548994720043,24.510042505126265,2.86462322641334
3480,1.0,264.0,701.0,5.06,0.786216227079201,8,2,20000.0,29.5,0.78895485,0.7638223185610437,0.7527490856462196,264.0,0,0.10691613545525579,7.500828722987338,0.8019596197735875
3485,0.0,0.0,111.0,0.0,,5,3,80000.0,3.84,2.6669216,2.2026953799563254,2.182008177571894,0.0,0,0.24858233089919546,24.510042505126265,6.092763496362643
3486,0.0,0.0,69.0,0.0,,5,2,40000.0,7.45,2.8283315,2.447622245721759,2.8897118316924724,0.0,0,0.2957220461344392,24.510042505126265,7.248159920458015
3487,1.0,53.0,354.0,21.2,3.258730028254189,9,3,40000.0,28.43,3.1461983,2.720528210086139,3.4302911220805767,53.0,0,0.15377465099786664,21.615384532897128,3.32389821273094
3489,0.0,0.0,170.0,0.0,,5,4,40000.0,4.1,1.4321474,1.6345348575553835,1.3642196182921262,0.0,0,0.20316893847156126,24.510042505126265,4.9796793176593495
3490,1.0,305.0,726.0,16.19,1.8384731033875934,8,1,20000.0,39.32,1.8264518,1.7350941630394736,1.6796055231311309,305.0,0,0.10881271336392595,17.23410048037866,1.8752892356565418
3491,6.0,508.0,676.0,9.943333333333333,6.747237209801417,28,3,80000.0,73.29,6.73749,6.965967521194735,6.893936372303756,508.0,1,0.6692625925002527,10.283583718387682,6.882417899561529
3495,8.0,246.0,288.0,18.475,31.62273564972591,49,4,20000.0,151.7,31.60835,31.68582352661276,31.366772085155,246.0,2,1.735910063787489,18.58134627382385,32.25554599545098
3497,6.0,636.0,698.0,12.211666666666666,8.473102972671676,27,2,60000.0,78.31,8.44899,8.294199474266334,8.39339924119003,636.0,1,0.6914884494121083,12.498933136068135,8.642867893565375
3499,0.0,0.0,388.0,0.0,,4,1,140000.0,26.57,0.5363394,0.3559222777000578,0.4510673013002542,0.0,0,0.12140219044148998,24.510042505126265,2.975572847936353
3500,0.0,0.0,125.0,0.0,,5,0,100000.0,16.37,2.2430975,2.050057317172704,1.8728176617168302,0.0,0,0.23605380490518893,24.510042505126265,5.785688791722963
3501,3.0,122.0,305.0,13.823333333333332,7.860475281818767,18,4,40000.0,59.76,7.9477057,7.704225726558831,8.136121119412902,122.0,1,0.5602425652922174,14.31118022079553,8.01773231925773
3503,3.0,531.0,698.0,8.159999999999998,3.1381996017416616,20,2,60000.0,38.64,3.1703773,3.355348358299584,3.3013143420158273,531.0,0,0.35941276932391486,8.906377319507634,3.2010657370479443
3504,3.0,548.0,622.0,7.0566666666666675,3.1458094863828454,10,4,60000.0,25.8,2.8690338,2.9736003304301244,2.9306306623977614,548.0,0,0.408589107721812,7.853411009721707,3.208818197034847
3508,0.0,0.0,401.0,0.0,,4,1,20000.0,9.18,0.43899316,0.30930870240563313,0.4833822432405457,0.0,0,0.11855951364079308,24.510042505126265,2.9058987187229355
3512,0.0,0.0,437.0,0.0,,5,1,40000.0,18.81,0.2783118,0.28795988038134546,0.4581841704862164,0.0,0,0.11134074246647613,24.510042505126265,2.7289663304056466
3513,2.0,584.0,604.0,3.535,1.4636136434066052,12,1,120000.0,19.77,1.490597,1.4526156855225907,1.4713314375141362,584.0,0,0.30225950143816294,4.939210930936481,1.4929234334827854
3516,0.0,0.0,40.0,0.0,,4,1,60000.0,7.74,4.6295295,3.1699375073915523,3.8789783446757364,0.0,0,0.34037796799751807,24.510042505126265,8.342678463427676
3517,1.0,49.0,180.0,4.61,2.1984754154629247,6,3,60000.0,18.080000000000002,2.1311123,2.191160486564304,2.18182761874544,49.0,0,0.3155026765335575,7.107300215276099,2.2423722408471387
3518,3.0,186.0,262.0,16.453333333333333,12.273660269924783,14,3,40000.0,54.22,12.220031,12.249609149085597,12.019279665693986,186.0,1,0.7442511175042105,16.821121061946883,12.51913814802758
3524,2.0,255.0,601.0,5.715,1.591145493013205,12,1,40000.0,18.15,1.6970489,1.5818275813891374,1.3947463536187055,255.0,0,0.23274728224544233,6.9732670155096885,1.6230089462316668
3525,0.0,0.0,97.0,0.0,,4,1,40000.0,9.83,2.6972861,2.3243988622689447,2.2480505056868267,0.0,0,0.2625228472567665,24.510042505126265,6.434446144830117
3526,0.0,0.0,231.0,0.0,,3,0,40000.0,6.82,0.9470331,1.0125231565931627,0.9192544989177485,0.0,0,0.17092654113325753,24.510042505126265,4.189416788430355
3527,1.0,225.0,451.0,13.2,2.541452976111518,11,5,20000.0,23.06,2.7759323,2.4763853791323194,2.553899733844586,225.0,0,0.17732031344261326,14.619322173586202,2.5923027901388513
3528,6.0,581.0,663.0,9.768333333333333,7.096134055144956,32,4,40000.0,70.4,7.0983815,6.993326645575041,6.81825446643872,581.0,1,0.7157655210322276,10.112671382710644,7.238301501273582
3529,0.0,0.0,228.0,0.0,,6,2,60000.0,32.02,1.0896997,1.180563046575939,0.96445826269591,0.0,0,0.1722704553941605,24.510042505126265,4.222356184088332
3532,1.0,172.0,191.0,13.2,5.352889137608318,11,4,20000.0,33.58,5.3716283,5.4004334781259375,5.76642964593914,172.0,1,0.37346361070690887,14.619322173586202,5.459784845035078
3533,4.0,677.0,726.0,11.45,5.446708440890801,25,1,40000.0,54.94,5.4540215,5.358763394686612,5.375125484732007,677.0,1,0.46678639588771004,11.902303837582053,5.555833511105387
3537,1.0,37.0,131.0,17.28,6.976014120724358,10,2,80000.0,25.47,6.955431,6.900236089577049,6.943685189409548,37.0,1,0.391217838559204,18.187313976834776,7.1152016632149016
3538,0.0,0.0,383.0,0.0,,4,0,20000.0,20.3,0.35371593,0.35988107462445174,0.5889147722393284,0.0,0,0.12253221654604345,24.510042505126265,3.0032698357908605
3539,4.0,573.0,635.0,14.5075,7.547738906065874,17,2,100000.0,73.15,7.487351,7.783480742149635,7.4710360909311015,573.0,1,0.5183099928016147,14.85391452038693,7.69893232813755
3541,0.0,0.0,298.0,0.0,,5,2,60000.0,26.52,0.6397755,0.7682006506617332,0.5943364877479231,0.0,0,0.14557413789433282,24.510042505126265,3.5680283074372094
3542,0.0,0.0,217.0,0.0,,3,0,60000.0,16.22,0.99921966,1.0261805092224776,0.8904355912744375,0.0,0,0.1773848342286961,24.510042505126265,4.347709826710118
3543,0.0,0.0,124.0,0.0,,6,4,60000.0,9.02,2.2664232,2.132523449495604,1.8600804666869095,0.0,0,0.23690648074865137,24.510042505126265,5.806587912889322
3548,3.0,290.0,549.0,22.436666666666667,8.436130959446624,15,1,100000.0,74.00999999999999,8.444841,8.292625239389679,8.228418978859576,290.0,1,0.38191604877745805,22.53131600474369,8.605071182288013
3549,2.0,250.0,565.0,3.295,1.1624551001444576,6,2,20000.0,10.75,1.2056062,1.2616988060329049,1.078411437134573,250.0,0,0.2514658830006425,4.715278150983467,1.1857315838306943
3551,0.0,0.0,355.0,0.0,,4,2,40000.0,8.69,0.48531446,0.3686539795633967,0.602472604670055,0.0,0,0.12927116732280483,24.510042505126265,3.168441805769236
3552,5.0,616.0,688.0,8.46,5.1634551615319175,28,4,20000.0,46.65,5.1526594,5.33248808123966,5.126039097886143,616.0,1,0.5912696431516304,8.90778596351321,5.2669034279175575
3553,2.0,130.0,230.0,15.265,8.603163894083224,11,3,40000.0,48.010000000000005,8.532484,8.688044496347652,8.658943154708675,130.0,1,0.552454235382325,15.883925551140024,8.775141945224837
3558,0.0,0.0,124.0,0.0,,5,0,80000.0,29.68,2.4644163,2.2562187251416344,1.9195536265599582,0.0,0,0.23690648074865137,24.510042505126265,5.806587912889322
3559,0.0,0.0,420.0,0.0,,4,3,40000.0,4.37,0.48921755,0.3150655690909312,0.5028857519690284,0.0,0,0.11463667361773439,24.510042505126265,2.8097497430169565
3560,2.0,152.0,338.0,18.205,7.192984118889106,13,5,100000.0,44.81,7.2252307,7.427633460806953,7.092258591965466,152.0,1,0.3938821506547306,18.62710210556444,7.336883037804982
3561,0.0,0.0,253.0,0.0,,5,1,60000.0,11.93,0.77804935,0.7471895223176935,0.6487197201593062,0.0,0,0.16167861659459004,24.510042505126265,3.9627497649034145
3563,0.0,0.0,516.0,0.0,,3,0,60000.0,1.02,0.21830468,0.24182958671178115,0.22603730250612575,0.0,0,0.09822013689853398,24.510042505126265,2.4073797302423885
3564,1.0,377.0,555.0,8.55,1.7118472594029348,5,4,60000.0,20.130000000000003,1.7189578,1.6758430871183299,1.7793011647957675,377.0,0,0.16546336203608986,10.552860927236729,1.7461118481198779
3567,14.0,691.0,712.0,8.947857142857142,13.590692892559648,60,1,80000.0,141.88,13.587691,13.531943425392747,13.553523349397105,691.0,2,1.522447384206616,9.105751548566607,13.863027626350574
3571,1.0,43.0,100.0,11.34,6.014835017798917,10,3,40000.0,15.28,5.9939895,5.8564756435885075,5.802519226480018,43.0,1,0.472169487427036,12.992737675046413,6.134774288300605
3577,1.0,523.0,588.0,7.96,1.6794791053884475,8,4,80000.0,25.95,1.6708573,1.7346324738439527,1.810255250384004,523.0,0,0.1706801002305927,10.036901328237548,1.7130993247081538
3580,0.0,0.0,248.0,0.0,,3,1,60000.0,10.73,0.9727927,0.9713684086045344,0.7017003684442926,0.0,0,0.16369123642074296,24.510042505126265,4.012079162389083
3583,0.0,0.0,162.0,0.0,,2,2,40000.0,4.28,1.4235843,1.7152207536670516,1.4254992297926385,0.0,0,0.20832602289727487,24.510042505126265,5.1060796761361145
3584,5.0,252.0,326.0,12.922,13.21540024802744,21,2,40000.0,66.42999999999999,13.131678,13.40378407093255,12.648613752152873,252.0,1,1.017710157407754,13.245299005390962,13.479875335689204
3585,0.0,0.0,34.0,0.0,,3,4,40000.0,6.26,4.5696497,3.382779084337375,3.7301510123123913,0.0,0,,24.510042505126265,
3586,1.0,358.0,659.0,22.43,2.944317636784754,9,3,40000.0,38.53,2.8805327,3.2402676516775197,2.9641963986326356,358.0,0,0.13235492080309802,22.691029120641183,3.0032693622032545
3587,2.0,180.0,468.0,8.915,2.735802423235767,11,3,20000.0,22.61,2.7577243,2.926312112591108,2.860893322078712,180.0,0,0.2802043780931549,9.959037414883204,2.7905658852438093
3588,0.0,0.0,74.0,0.0,,4,0,20000.0,4.56,2.8501298,2.454809215972412,2.93260806532152,0.0,0,0.2891876602292451,24.510042505126265,7.08800184417681
3589,3.0,493.0,521.0,20.233333333333334,9.532565939973528,18,5,20000.0,67.0,8.428813,8.917378412762456,8.778857200063618,493.0,1,0.4759731420233098,20.42856455227088,9.72344805697038
3592,0.0,0.0,237.0,0.0,,2,3,120000.0,11.8,0.879739,1.0396608905527551,0.8361604602940353,0.0,0,0.16830080766069835,24.510042505126265,4.1250599494107965
3593,3.0,623.0,717.0,7.863333333333333,3.0650901867016525,21,2,,33.53,,,,623.0,0,0.362565466395947,8.623253447692084,3.1264939081129386
3594,0.0,0.0,64.0,0.0,,4,1,20000.0,27.66,2.7452435,4.106160248237127,2.9540082242830046,0.0,0,0.302560551766563,24.510042505126265,7.415771984172914
3596,0.0,0.0,336.0,0.0,,5,3,80000.0,9.29,0.5305185,0.6123663598677339,0.5769721768089386,0.0,0,0.13428330633754706,24.510042505126265,3.2912895460621696
3598,0.0,0.0,252.0,0.0,,4,1,120000.0,11.09,0.806863,0.9781461465319683,0.6061058926592544,0.0,0,0.16207716205830328,24.510042505126265,3.972518131159251
3599,2.0,439.0,701.0,4.42,1.357373187952865,12,2,40000.0,13.67,1.510208,1.2020050909027142,1.3377582910730856,439.0,0,0.24016830412068768,5.764963057013219,1.38456140072128
3600,1.0,2.0,198.0,5.36,1.8058965208122304,7,1,20000.0,17.6,1.7414358,1.7492142923339506,1.599570108987037,2.0,0,0.23726907963326177,7.763181061461498,1.8419628254793377
3601,4.0,249.0,271.0,5.762499999999999,6.120080993943809,17,2,40000.0,40.33,6.121051,6.515965083830897,6.363158261965201,249.0,1,0.9736005915425526,6.411777015520656,6.242509895149853
3602,8.0,296.0,317.0,12.712499999999999,20.909431061828407,36,4,40000.0,122.22999999999999,20.920622,21.180509934409432,21.32391450608312,296.0,2,1.6507180281476443,12.920389950175652,21.32792062145259
3604,0.0,0.0,307.0,0.0,,3,4,60000.0,5.59,0.6735682,0.6401761159608397,0.6615788073373574,0.0,0,0.14273142680730563,24.510042505126265,3.4983533378643794
3605,0.0,0.0,596.0,0.0,,1,3,40000.0,6.57,0.14722423,0.1597690279637137,0.22065318980256166,0.0,0,0.08775096666802219,24.510042505126265,2.150779922899142
3608,4.0,175.0,246.0,14.905,14.86331089605557,19,0,120000.0,69.78999999999999,14.860091,14.912935579229869,14.70867882119319,175.0,2,0.9949429887005121,15.237648043335396,15.160591085002629
3610,0.0,0.0,284.0,0.0,,3,1,100000.0,28.55,0.9298203,0.885509736780238,0.634111518314187,0.0,0,0.15022888730058995,24.510042505126265,3.682116413235283
3611,0.0,0.0,536.0,0.0,,4,1,20000.0,10.95,0.27780235,0.15841291306476332,0.27599821297253957,0.0,0,0.09537522175288252,24.510042505126265,2.3376507390989936
3612,0.0,0.0,641.0,0.0,,5,0,20000.0,9.96,0.010988674,0.16321244450337355,0.2082031338402146,0.0,0,0.08278800624709488,24.510042505126265,2.0291375520309543
3613,1.0,331.0,348.0,20.29,5.257506729731384,9,1,20000.0,28.299999999999997,5.2508855,5.042326596146163,5.368577126153985,331.0,1,0.25757685655143764,20.819582439525508,5.362642599486492
3615,0.0,0.0,350.0,0.0,,4,1,60000.0,13.1,0.4355799,0.4228567215266886,0.583778609257017,0.0,0,0.1305534559656856,24.510042505126265,3.199870754910084
3616,0.0,0.0,182.0,0.0,,6,4,60000.0,22.56,1.1048186,1.4730741283734714,1.1976265870451392,0.0,0,0.19589640312990378,24.510042505126265,4.801429167315291
3620,0.0,0.0,506.0,0.0,,4,0,80000.0,20.52,0.19267647,0.24314797960328952,0.23156870522478457,0.0,0,0.09970726854054289,24.510042505126265,2.443829389998745
3625,0.0,0.0,220.0,0.0,,3,0,40000.0,15.18,0.9782207,1.0322321941046284,0.8837038298264694,0.0,0,0.1759600473552829,24.510042505126265,4.312788239882014
3626,0.0,0.0,70.0,0.0,,4,2,60000.0,14.58,2.8338587,2.2516512075969466,2.919768228233216,0.0,0,0.2943915037511381,24.510042505126265,7.215548270088433
3627,0.0,0.0,474.0,0.0,,5,1,80000.0,27.08,0.4254926,0.19638453440895406,0.2529036731452372,0.0,0,0.10478447227791336,24.510042505126265,2.568271869408881
3630,2.0,39.0,51.0,14.045,16.337473959723077,12,0,,36.849999999999994,,,,39.0,2,1.130042983444141,14.74560058637887,16.663162479307253
3633,0.0,0.0,54.0,0.0,,4,3,40000.0,11.35,3.3161383,3.3659085455163646,2.9477451120594558,0.0,0,0.31723952384230814,24.510042505126265,7.77555421368099
3634,0.0,0.0,220.0,0.0,,4,5,80000.0,13.94,0.99403626,1.0618728565324906,0.8225157751507153,0.0,0,0.1759600473552829,24.510042505126265,4.312788239882014
3636,0.0,0.0,324.0,0.0,,1,4,100000.0,4.35,0.5974085,0.6143773636633411,0.6221080638450749,0.0,0,0.13765451937606243,24.510042505126265,3.3739181209300173
3639,0.0,0.0,364.0,0.0,,5,2,40000.0,7.13,0.586536,0.3686539795633967,0.604173692666059,0.0,0,0.12702551848861482,24.510042505126265,3.1134008573916514
3640,0.0,0.0,422.0,0.0,,5,2,140000.0,3.04,0.43051785,0.3135681668200725,0.4881815932857858,0.0,0,0.11423881107568229,24.510042505126265,2.799998115200062
3642,0.0,0.0,155.0,0.0,,4,2,,27.24,,,,0.0,0,0.213058947240914,24.510042505126265,5.222083852972257
3643,2.0,175.0,236.0,6.395,4.251713716428871,7,2,140000.0,32.17,4.252547,3.9907468311325234,4.152583738644436,175.0,1,0.5700390018747373,7.60774322537656,4.336710354712949
3644,1.0,211.0,311.0,15.97,4.308869196026488,9,4,40000.0,31.55,4.2951646,4.271421960980867,4.307585127978806,211.0,1,0.25789746279496106,17.04170876549761,4.395013452312481
3645,0.0,0.0,192.0,0.0,,2,3,40000.0,4.41,1.1113394,1.4322570664862717,1.0047179127165524,0.0,0,0.19022334637271027,24.510042505126265,4.662382305062485
3648,0.0,0.0,73.0,0.0,,4,2,20000.0,20.22,2.7061973,2.4733622096033105,2.9266175680032585,0.0,0,0.29047119091616214,24.510042505126265,7.11946123586978
3650,0.0,0.0,663.0,0.0,,3,2,20000.0,9.28,0.10218662,0.15814581502061087,0.19546471551089795,0.0,0,0.08056062357454911,24.510042505126265,1.9745443080516758
3652,0.0,0.0,395.0,0.0,,3,3,20000.0,14.08,0.44433022,0.3122525113119469,0.47447555523785123,0.0,0,0.1198547719760996,24.510042505126265,2.9376455555764176
3654,0.0,0.0,38.0,0.0,,5,3,40000.0,18.56,4.408907,3.3828925490700397,3.8208961066975484,0.0,0,0.3439641304741128,24.510042505126265,8.4305754581593
3655,0.0,0.0,312.0,0.0,,6,3,40000.0,7.95,0.64064956,0.6571576753498423,0.6097532522342384,0.0,0,0.14119968945500613,24.510042505126265,3.460810390252829
3656,4.0,259.0,259.0,11.125,11.49292529834846,20,3,60000.0,49.480000000000004,11.49299,11.62049744769439,11.425730543566093,259.0,1,1.0115852830213174,11.588559447749974,11.72281618876152
3658,0.0,0.0,22.0,0.0,,5,5,40000.0,5.35,4.5993114,3.340453807061711,3.739186699790209,0.0,0,,24.510042505126265,
3661,7.0,313.0,372.0,11.48857142857143,14.735053152950268,35,1,120000.0,89.1,15.255832,14.708879485995723,15.111890680186026,313.0,2,1.2791353516533337,11.750149927846435,15.030032159935242
3663,0.0,0.0,413.0,0.0,,2,2,40000.0,23.08,0.53515106,0.35765304594221264,0.5110906486782412,0.0,0,0.11605131513004878,24.510042505126265,2.8444226666132986
3664,0.0,0.0,290.0,0.0,,2,5,20000.0,1.7,0.5537656,0.6788705903292737,0.5764640371084919,0.0,0,0.14819796435387592,24.510042505126265,3.632338405486686
3665,0.0,0.0,28.0,0.0,,3,1,20000.0,2.18,4.567252,3.3857901453698576,3.869580722150402,0.0,0,,24.510042505126265,
3667,1.0,450.0,704.0,15.05,2.1143802881159,11,2,60000.0,22.89,2.1203687,2.1987374116969978,2.115001406001751,450.0,0,0.13282613810420527,16.237161594176854,2.1567194683284323
3673,1.0,632.0,704.0,10.21,1.7385093422697724,5,1,40000.0,27.01,1.7127411,1.6266590522906152,1.8550242368139997,632.0,0,0.14772089259801804,12.004543866793746,1.7733219352348353
3676,1.0,445.0,639.0,24.86,3.6117061280221288,10,4,40000.0,32.57,3.5907829,3.711158929282829,3.6589998998769357,445.0,0,0.1484527854976944,24.816083062281873,3.684016655737898
3679,0.0,0.0,523.0,0.0,,5,0,100000.0,22.14,0.15189439,0.24314797960328952,0.27042640407674323,0.0,0,0.09720529198567981,24.510042505126265,2.3825058382922215
3680,1.0,477.0,576.0,15.1,2.7173260407965643,12,3,20000.0,25.810000000000002,2.7570517,2.5844864319812295,2.6656482457923647,477.0,0,0.17024380311807266,16.280886983922546,2.771720118278502
3681,2.0,238.0,512.0,23.65,6.523712040970039,14,2,20000.0,53.96,6.5652843,6.683913260954955,6.482309244516467,238.0,1,0.28068322301781196,23.707577050748437,6.654319136547184
3682,0.0,0.0,521.0,0.0,,6,4,40000.0,17.12,0.33142886,0.2591493549337955,0.21366973002138234,0.0,0,0.09749309931365147,24.510042505126265,2.3895600081340937
3683,1.0,74.0,165.0,12.79,5.048345242055848,9,1,80000.0,23.369999999999997,5.06708,5.185774146768989,5.2475270456294405,74.0,1,0.3610690932359165,14.26077397767152,5.14912472896021
3688,0.0,0.0,547.0,0.0,,5,3,60000.0,13.35,0.21901779,0.1445961152992164,0.27230388623407364,0.0,0,0.09387972698051743,24.510042505126265,2.300996098662131
3689,0.0,0.0,257.0,0.0,,4,4,20000.0,20.22,0.54192907,0.7615321755400777,0.638544176723606,0.0,0,0.16010388934744493,24.510042505126265,3.9241531331419073
3691,4.0,542.0,666.0,9.862499999999999,4.958581493591758,24,3,140000.0,46.169999999999995,5.013512,4.6975422130136115,4.889287517684394,542.0,1,0.48775524264791176,10.369783164171508,5.057916103446704
3692,8.0,598.0,668.0,12.365,11.48228302311185,36,0,80000.0,104.14,11.466098,11.44202430896233,11.159888345357645,598.0,1,0.9311014476589816,12.57901340831574,11.712337594604525
3693,3.0,593.0,625.0,9.423333333333334,4.08492864963143,20,0,40000.0,49.75,4.0735655,4.106148623205108,4.21494711471216,593.0,1,0.4120581068656727,10.11203965004802,4.166747914749407
3695,1.0,142.0,252.0,12.34,3.888481153086053,9,5,60000.0,29.72,3.9131067,4.074875864367882,3.743301577782532,142.0,0,0.28601091058989936,13.867245469960277,3.9661835042369957
3700,0.0,0.0,673.0,0.0,,3,4,20000.0,16.41,0.10998487,0.161693639978802,0.19215111077923286,0.0,0,0.07958734542399956,24.510042505126265,1.9506892192123955
3701,0.0,0.0,105.0,0.0,,3,1,120000.0,6.1,2.6655178,2.1860443183983125,2.15344129654898,0.0,0,0.25437039900107217,24.510042505126265,6.234629291562206
3702,0.0,0.0,140.0,0.0,,4,1,120000.0,8.21,1.9940485,1.7262259382628968,1.7252048519315615,0.0,0,0.22396529968047416,24.510042505126265,5.489399014841763
3703,0.0,0.0,220.0,0.0,,1,2,60000.0,6.77,1.022581,1.0604994364552116,0.8652457999156447,0.0,0,0.1759600473552829,24.510042505126265,4.312788239882014
3706,5.0,513.0,638.0,4.706,3.1620244704910347,19,2,80000.0,28.71,3.4792304,3.5046805526064535,3.446285289948801,513.0,0,0.6133605190011104,5.258520172565409,3.225368662222528
3709,1.0,317.0,420.0,4.75,1.5062470748162156,7,1,20000.0,25.99,1.5296799,1.6582562996410708,1.6006788592172914,317.0,0,0.2125085830344414,7.229731306564039,1.5363799556776645
3711,0.0,0.0,78.0,0.0,,3,2,120000.0,10.42,2.812471,2.1315531243178727,2.4438115720045346,0.0,0,0.28416565792877535,24.510042505126265,6.964912354331454
3713,0.0,0.0,189.0,0.0,,3,4,40000.0,6.0,1.2255439,1.4491060340978186,1.190184279609392,0.0,0,0.19189035034287644,24.510042505126265,4.703240643227471
3714,3.0,308.0,319.0,10.096666666666666,7.2101923205394405,16,3,140000.0,39.02,7.8251753,7.365510881453107,7.133400114377372,308.0,1,0.683840159652729,10.75463540405635,7.354451591716786
3716,3.0,305.0,630.0,22.616666666666664,7.129795132732026,16,4,80000.0,89.07,7.0774784,7.199866004413918,7.116821773756364,305.0,1,0.32033526649045346,22.703099028092446,7.272603277323149
3718,0.0,0.0,413.0,0.0,,5,2,100000.0,15.66,0.44603574,0.3257719151006338,0.499057754102993,0.0,0,0.11605131513004878,24.510042505126265,2.8444226666132986
3719,5.0,89.0,548.0,8.364,0.4483661837323334,24,3,20000.0,49.72,0.49526373,0.6015789702536559,0.37799163652389556,89.0,0,0.051885897001925065,8.814464302370165,0.4573463869199237
3721,0.0,0.0,346.0,0.0,,1,1,20000.0,1.97,0.47210157,0.5239862652963707,0.6619823346313716,0.0,0,0.13159778014929982,24.510042505126265,3.2254671850396
3724,0.0,0.0,60.0,0.0,,4,1,20000.0,5.93,3.3961236,3.2821383173359706,2.9894142465128457,0.0,0,0.30826494274662536,24.510042505126265,7.555586849560102
3725,3.0,356.0,449.0,17.05333333333333,8.8223910334853,15,4,120000.0,65.38,8.846332,8.797028847645162,8.689921663345576,356.0,1,0.5173709372040635,17.393731139776087,8.999010981261456
3727,0.0,0.0,360.0,0.0,,4,4,40000.0,8.8,0.579856,0.36274333944832504,0.5439831461518114,0.0,0,0.1280138621253678,24.510042505126265,3.137625201938138
3728,3.0,620.0,642.0,16.41,6.649952228509958,18,4,40000.0,58.599999999999994,6.6257787,6.58889695549934,6.6533141533406805,620.0,1,0.40424596838995935,16.77976588965922,6.783152711422099
3729,0.0,0.0,299.0,0.0,,4,4,20000.0,19.08,0.4121254,0.6684651426141947,0.6210179329890009,0.0,0,0.14525269065142818,24.510042505126265,3.560149621850461
3730,1.0,24.0,326.0,5.32,1.1242139197159438,9,3,20000.0,12.280000000000001,1.1537917,1.2050244835189095,1.2330581589369833,24.0,0,0.14837760482286177,7.728200749664943,1.146691916825529
3731,0.0,0.0,44.0,0.0,,3,5,20000.0,11.4,3.479323,3.360335406915204,2.9995941248763884,0.0,0,0.3334270386539515,24.510042505126265,8.17231088976673
3735,0.0,0.0,624.0,0.0,,4,2,20000.0,21.78,-0.13957636,0.16970896289294155,0.2219113940628059,0.0,0,0.08459543163742436,24.510042505126265,2.073437625172774
3738,0.0,0.0,467.0,0.0,,4,4,60000.0,24.26,0.4123214,0.2617961894913998,0.3004601223077996,0.0,0,0.10596489225972978,24.510042505126265,2.597204013337102
3739,0.0,0.0,207.0,0.0,,3,4,40000.0,3.59,1.083127,1.0977587528103345,0.9891437079449013,0.0,0,0.18230589039126666,24.510042505126265,4.468325122424836
3742,1.0,26.0,433.0,9.52,1.1120366033789548,5,2,20000.0,22.32,1.1151797,1.0524990970949974,1.0560533170663087,26.0,0,0.09948875580016346,11.401133488303177,1.1342845854628607
3744,1.0,349.0,512.0,8.86,1.8764660549081524,8,1,80000.0,17.89,1.850272,1.921241030425978,1.9786948664310247,349.0,0,0.17683179786361378,10.823958343660026,1.9140200139102654
3746,1.0,144.0,267.0,26.52,7.002049830633544,7,3,20000.0,46.230000000000004,7.0031986,6.853545815905333,7.017459677376469,144.0,1,0.27189173253197707,26.26776600183889,7.14198840798454
3747,3.0,190.0,274.0,21.213333333333335,15.056979445157369,21,4,80000.0,101.53999999999999,15.047781,15.539888604044323,15.986967218111895,190.0,2,0.7188856969629818,21.363827679391918,15.3581501510967
3748,2.0,163.0,254.0,14.82,8.035619514977666,18,4,40000.0,56.44,8.024363,8.080776332229172,8.225869467901436,163.0,1,0.5298619735291624,15.468716854977144,8.196284840742008
3749,3.0,454.0,632.0,17.006666666666664,6.532430017910476,16,1,40000.0,59.84,6.526635,6.406217376405306,6.501683455766617,454.0,1,0.3840681790157343,17.34919480038937,6.663273654374791
3750,0.0,0.0,669.0,0.0,,6,2,60000.0,26.1,0.016106755,0.0974378266480853,0.2062773868601555,0.0,0,0.07997381903467579,24.510042505126265,1.9601617038371797
3751,0.0,0.0,410.0,0.0,,3,1,20000.0,14.62,0.4280209,0.3304559326421692,0.5184363945641115,0.0,0,0.11666834925696346,24.510042505126265,2.8595461992910907
3753,7.0,296.0,351.0,18.87,24.837068930743754,43,4,40000.0,143.01,24.844782,24.614913249654936,25.02370966597575,296.0,2,1.334553796808109,18.98329855479958,25.334233162249664
3755,4.0,457.0,698.0,21.3,9.093817845581308,22,3,40000.0,103.6,9.09096,9.01994779388325,9.294913071770603,457.0,1,0.4332319544557713,21.4111722678774,9.276004008801735
3756,1.0,17.0,77.0,8.3,5.154706117585754,6,3,60000.0,19.64,5.1409883,4.992554041924362,4.825336572035126,17.0,1,0.5087402063344415,10.334233978508262,5.25744032653469
3757,0.0,0.0,154.0,0.0,,1,2,60000.0,6.99,1.81415,1.7539858781434639,1.7133024329330446,0.0,0,0.21375275867066418,24.510042505126265,5.239089200605976
3758,1.0,17.0,606.0,8.82,0.5558880347758237,9,3,80000.0,11.99,0.5676369,0.5053966973667182,0.5997643496841691,17.0,0,0.052555165943885776,10.788978031863472,0.567016530829523
3759,1.0,374.0,496.0,13.79,2.7719650569955316,6,2,40000.0,30.09,2.7749467,2.8959952680185803,2.743169599100493,374.0,0,0.1868110168071505,15.135281772585383,2.8274373775994066
3760,1.0,174.0,292.0,18.6,4.954895810075048,8,4,80000.0,52.53,6.726265,6.555700043473828,5.893281102382342,174.0,1,0.2612981731026475,19.34166426612108,5.053941537502197
3761,4.0,136.0,215.0,18.0525,18.973445134490568,18,4,60000.0,75.81,18.982136,18.791090934734243,18.393830251406783,136.0,2,1.058912650341927,18.276141787939924,19.352837738692312
3762,4.0,309.0,349.0,9.48,7.999129564591843,25,4,60000.0,58.62,8.164391,8.377144481968976,8.365543768851172,309.0,1,0.8158786378396358,10.000530151522986,8.15921891769878
3763,0.0,0.0,550.0,0.0,,6,4,60000.0,18.11,0.20872532,0.15322113874923593,0.258719495728136,0.0,0,0.09347997688441252,24.510042505126265,2.2911982068151717
3768,1.0,441.0,578.0,15.31,2.677142591038212,9,2,40000.0,30.48,2.7124524,2.8260889452998335,2.8380604280055683,441.0,0,0.16585544989781745,16.46453362085446,2.7307326310445577
3771,1.0,167.0,257.0,4.7,2.0528283394947175,10,5,80000.0,8.76,2.0462413,1.8820250319497047,2.0042166858726977,167.0,0,0.2913790059629741,7.186005916818346,2.0938512608865802
3773,2.0,154.0,708.0,24.09,2.93571080825511,16,1,120000.0,57.19,2.9590948,3.1783875383963904,3.4054718555966113,154.0,0,0.12416033749846166,24.118120480662295,2.994513978707591
3776,5.0,669.0,711.0,7.8759999999999994,4.7450312350471595,19,4,40000.0,46.08,4.739259,4.695985281839597,4.7001327768718175,669.0,1,0.5803422497188718,8.340079191559688,4.840100320863299
3777,0.0,0.0,42.0,0.0,,5,0,100000.0,21.42,4.475766,3.073506589385745,3.027925036313675,0.0,0,0.33686637603709085,24.510042505126265,8.256609195216944
3780,0.0,0.0,41.0,0.0,,5,3,120000.0,31.35,4.691394,3.654695017276576,3.930580656704607,0.0,0,0.3386129977436437,24.510042505126265,8.29941896748493
3782,0.0,0.0,626.0,0.0,,3,2,40000.0,3.8,0.09886452,0.1816365932423923,0.182132842162825,0.0,0,0.08437870464906501,24.510042505126265,2.0681256374760784
3784,0.0,0.0,166.0,0.0,,4,1,40000.0,21.06,1.5104291,1.626654566761308,1.3887086970694718,0.0,0,0.20571505014536728,24.510042505126265,5.042084623007133
3787,3.0,422.0,575.0,14.946666666666667,6.299604081323454,16,5,20000.0,50.96,6.245849,6.254413045810479,6.170706644728041,422.0,1,0.4177123913551262,15.383233533175767,6.425767265917218
3790,0.0,0.0,577.0,0.0,,2,1,60000.0,3.28,0.1623561,0.16655824297557828,0.2195755120811098,0.0,0,0.09002989101525227,24.510042505126265,2.2066364555157185
3794,0.0,0.0,52.0,0.0,,3,0,40000.0,20.52,3.3175397,3.3828925490700397,3.042150096896686,0.0,0,0.320349153899291,24.510042505126265,7.851771378552857
3795,2.0,79.0,105.0,11.52,10.68336966722174,16,2,60000.0,39.6,10.675427,11.338976741995733,11.09401386866491,79.0,1,0.8794923396125618,12.389641130623206,10.896594464931828
3796,0.0,0.0,174.0,0.0,,5,3,20000.0,3.72,1.3055153,1.4591768686663444,1.315592512977628,0.0,0,0.20068529354513334,24.510042505126265,4.918805074944959
3797,2.0,53.0,292.0,5.88,2.3563387462504246,12,5,60000.0,36.31,2.34943,2.3820667785524403,2.3859299009278376,53.0,0,0.33722329909399,7.127220801727385,2.4034649121298215
3799,2.0,52.0,727.0,13.47,0.7245491669170212,14,2,40000.0,41.81,0.72645783,0.8200614752028278,0.8230580406445691,52.0,0,0.052013350747673215,14.209094967741443,0.739062640364134
3801,0.0,0.0,635.0,0.0,,3,2,40000.0,8.74,0.09039367,0.1816365932423923,0.17755814905949663,0.0,0,0.0834170285998756,24.510042505126265,2.0445549166342842
3802,0.0,0.0,165.0,0.0,,5,4,120000.0,15.91,1.4203498,1.708945558159972,1.3802494109158072,0.0,0,0.20636161640824802,24.510042505126265,5.057931989592721
3804,0.0,0.0,511.0,0.0,,6,4,80000.0,8.4,0.31966943,0.262282148301787,0.19797396106205767,0.0,0,0.09895811035862094,24.510042505126265,2.425467491116775
3805,1.0,5.0,104.0,3.07,2.32659064545856,7,5,100000.0,17.78,2.337169,2.288497643869767,2.332306235664154,5.0,0,0.41193716781922807,5.760558211108745,2.3729880345419354
3807,0.0,0.0,177.0,0.0,,3,2,40000.0,11.15,1.4216235,1.4511488641220107,1.3003003436403704,0.0,0,0.1988621793367062,24.510042505126265,4.874120468204711
3808,7.0,288.0,336.0,22.455714285714286,30.46417302382344,39,4,120000.0,183.10999999999999,30.477385,30.30147411682774,30.722802053567033,288.0,2,1.3812489262616363,22.496982133985256,31.07393241669435
3809,0.0,0.0,441.0,0.0,,2,3,60000.0,7.33,0.3552648,0.28998547449263523,0.4475373564415577,0.0,0,0.11059262056496341,24.510042505126265,2.710629830800554
3810,0.0,0.0,150.0,0.0,,2,0,120000.0,1.76,1.8078991,1.6886249153437052,1.6870220910586946,0.0,0,0.21657396530504883,24.510042505126265,5.308237095130488
3816,2.0,109.0,580.0,15.42,2.2885710085629816,14,2,80000.0,39.26,2.0166178,2.2823659800551646,2.3352769545348524,109.0,0,0.14564002332726406,16.02854880485968,2.334398221841954
3817,1.0,4.0,159.0,4.29,1.9834454588330408,7,4,60000.0,8.99,2.0197794,2.0721286716406198,2.0382021935660832,4.0,0,0.29630902210982646,6.827457720903661,2.0230373207771484
3819,2.0,144.0,412.0,14.785,4.579119908500881,10,3,60000.0,45.47,4.700701,4.722708838935075,4.522574562353585,144.0,1,0.30258764779521485,15.436059991233996,4.67076108397332
3821,0.0,0.0,56.0,0.0,,3,1,40000.0,5.06,3.349109,3.2622567174824777,2.9517618902243097,0.0,0,0.3141900948631404,24.510042505126265,7.700812579785225
3823,2.0,45.0,260.0,12.02,4.752642621264179,13,2,20000.0,28.090000000000003,4.7315173,4.675170512200678,4.570607243736376,45.0,1,0.37706976333265657,12.856167755525318,4.847672132940862
3825,0.0,0.0,564.0,0.0,,5,5,40000.0,12.78,0.25761387,0.16311403599244909,0.20492915447578053,0.0,0,0.09165865071683851,24.510042505126265,2.246557425032234
3826,8.0,636.0,646.0,11.71875,11.38765163405859,37,2,60000.0,107.49,11.385335,11.335802921002175,11.366951905327685,636.0,1,0.9725095360311877,11.944151278310075,11.615801017955649
3827,0.0,0.0,385.0,0.0,,5,2,80000.0,8.28,0.4564402,0.3588156945578496,0.44510628767325944,0.0,0,0.1220776873949934,24.510042505126265,2.9921293069788053
3828,1.0,410.0,441.0,3.77,1.34806785436905,8,5,40000.0,29.69,1.3646294,1.4405689167198572,1.4737379504486574,410.0,0,0.21576977627488492,6.372713667548451,1.3750390023108308
3829,0.0,0.0,37.0,0.0,,4,4,20000.0,14.66,4.491081,3.402660684190868,3.7720370701956853,0.0,0,,24.510042505126265,
3833,0.0,0.0,264.0,0.0,,6,0,40000.0,14.26,0.7242585,0.7373270617097094,0.5988843355582816,0.0,0,0.15742085566586045,24.510042505126265,3.8583918635635865
3838,0.0,0.0,513.0,0.0,,4,5,20000.0,9.28,0.3361289,0.28605206720818777,0.21241449383557232,0.0,0,0.09866159291086636,24.510042505126265,2.4181998358687986
3840,1.0,20.0,525.0,30.54,2.02986408215355,9,0,140000.0,46.08,2.0510197,1.974504448872994,2.1341653143318142,20.0,0,0.06951851624333592,29.78328733739263,2.0704899445444704
3841,1.0,23.0,171.0,18.1,5.593935053779057,10,2,40000.0,27.400000000000002,5.5229883,5.816840398786657,5.344688826095743,23.0,1,0.30181398332745174,18.904410368664145,5.7056153958233065
3847,0.0,0.0,78.0,0.0,,3,1,20000.0,11.72,2.7274323,2.454809215972412,2.4837450327156607,0.0,0,0.28416565792877535,24.510042505126265,6.964912354331454
3848,0.0,0.0,112.0,0.0,,3,1,20000.0,2.57,2.4719203,2.403698340382309,2.1894208890641433,0.0,0,0.2476432870689604,24.510042505126265,6.069747492169405
3849,0.0,0.0,721.0,0.0,,6,4,40000.0,24.9,-0.074940264,0.093416496271595,0.1456680905802692,0.0,0,0.07522520840446593,24.510042505126265,1.8437730554504417
3852,0.0,0.0,215.0,0.0,,5,1,60000.0,16.24,1.0276483,1.0575556275488978,0.9448397124959005,0.0,0,0.17834761657235354,24.510042505126265,4.3713076628763465
3854,2.0,289.0,567.0,12.3,3.429609227076056,13,1,100000.0,37.2,3.4460492,3.529830293480421,3.489822993637957,289.0,0,0.26668978111199304,13.117422665470501,3.4982825794078245
3855,0.0,0.0,182.0,0.0,,4,2,40000.0,21.28,1.0784177,1.4437817250040212,1.2215871493074326,0.0,0,0.19589640312990378,24.510042505126265,4.801429167315291
3856,0.0,0.0,113.0,0.0,,3,1,60000.0,2.74,2.6444185,2.4073587556822096,2.1949089500037893,0.0,0,0.2467113448132615,24.510042505126265,6.046905547869902
3857,2.0,136.0,218.0,9.065,5.76633424077582,14,2,20000.0,34.45,5.7850327,5.77444727176466,6.127192589626006,136.0,1,0.5823936816148528,10.098995402353838,5.881591112988324
3858,8.0,221.0,243.0,10.85375,21.29980429223798,37,1,20000.0,104.69,21.270607,20.84752307898747,21.223748596591474,221.0,2,1.958278969351596,11.094393843176766,21.72591814079689
3859,3.0,177.0,322.0,4.89,3.4214370225675266,16,4,20000.0,21.28,3.4177778,3.6187791288235807,3.496542827476627,177.0,0,0.6031978743316847,5.785652395338463,3.4898932264901807
3861,1.0,19.0,716.0,5.8,0.31074361662420313,3,4,40000.0,12.95,0.31769457,0.30830609199134734,0.3940910473762891,19.0,0,0.038901278863305765,8.147964491223597,0.3169662388414024
3864,8.0,192.0,246.0,15.85375,29.601377872542994,37,3,80000.0,135.9,24.868063,25.1943941815759,25.034474161584505,192.0,2,1.88635767585869,16.006286531808605,30.193581461270732
3869,0.0,0.0,495.0,0.0,,5,3,60000.0,22.12,0.20711659,0.23868742661690093,0.2302642230223526,0.0,0,0.10139606231226951,24.510042505126265,2.485221797126157
3870,5.0,319.0,333.0,17.856,18.390903661615898,29,1,60000.0,102.3,18.417244,18.441957904684777,18.385072403711906,319.0,2,1.0397593404043108,18.041643547888686,18.75896739516243
3871,0.0,0.0,301.0,0.0,,2,1,80000.0,5.52,0.6338121,0.6645701329680471,0.6115936455845663,0.0,0,0.14461404451857424,24.510042505126265,3.5444963779884766
3873,1.0,14.0,454.0,17.8,1.551660786419253,8,4,20000.0,25.46,1.577263,1.5230810584306578,1.5812157637211834,14.0,0,0.08489980469478162,18.642058030189986,1.5827070858719152
3875,1.0,11.0,408.0,15.71,1.623883405809251,9,1,20000.0,38.96,1.5867542,1.5482834469351794,1.60220575892044,11.0,0,0.09850924902524369,16.814336738820007,1.6563676849987239
3878,7.0,419.0,529.0,14.265714285714285,13.613099989084795,33,2,80000.0,109.18,13.63959,13.776535255712307,13.405925596892295,419.0,2,0.9595242295535731,14.47150485929542,13.885759550596227
3879,1.0,119.0,218.0,10.05,3.6440281779454695,7,5,40000.0,12.71,3.6325665,3.6859593341716073,3.6104685955736313,119.0,0,0.3132692169658269,11.864622619607527,3.7168210376394875
3880,2.0,212.0,279.0,11.535,6.2402655389619195,10,1,40000.0,51.97,6.2598634,5.909062085256043,6.420632458536055,212.0,1,0.5131606115936601,12.40363692937027,6.3650579126613565
3881,1.0,207.0,307.0,11.83,3.419628699103793,7,1,40000.0,17.02,3.4077797,3.321031281589331,3.40945782245457,207.0,0,0.2598859201431948,13.421246494554207,3.4879929947058477
3882,3.0,584.0,672.0,8.823333333333332,3.577867629661699,16,3,80000.0,32.93,3.582243,3.4338108588505816,3.608030356662141,584.0,0,0.3825740091987889,9.539429572218813,3.6495378169132393
3888,0.0,0.0,103.0,0.0,,2,1,80000.0,12.8,2.6590707,2.192727480117904,2.17918824987287,0.0,0,0.25636042909370915,24.510042505126265,6.28340501371922
3889,2.0,43.0,376.0,12.524999999999999,2.7559500188787744,13,4,140000.0,27.39,2.7199876,2.8325494795448023,2.941449013500448,43.0,0,0.21092663727659636,13.32735964667645,2.811095154049271
3890,0.0,0.0,219.0,0.0,,5,5,20000.0,5.52,0.9087046,1.0703102215542644,0.8516979079337137,0.0,0,0.1764324193300966,24.510042505126265,4.324366097062929
3892,0.0,0.0,399.0,0.0,,2,4,120000.0,8.06,0.48348707,0.2959873149846077,0.42133139206046,0.0,0,0.11898814023728643,24.510042505126265,2.9164043748218154
3893,0.0,0.0,221.0,0.0,,3,5,20000.0,16.28,0.8627618,1.0703102215542644,0.8610822998566121,0.0,0,0.1754902049111795,24.510042505126265,4.301272381606328
3897,1.0,332.0,510.0,20.25,3.563562065574078,7,4,20000.0,31.41,3.5687714,3.4325416246253972,3.6639141074824257,332.0,0,0.17488328821696159,20.784602127728956,3.634879564378496
3898,0.0,0.0,129.0,0.0,,4,5,20000.0,20.64,1.7548313,2.0980624154377883,1.7195947534453806,0.0,0,0.2327038710391762,24.510042505126265,5.703581770277629
3900,0.0,0.0,79.0,0.0,,3,4,40000.0,15.18,2.768001,2.4644927845427693,2.433357054789085,0.0,0,0.28293745252749425,24.510042505126265,6.934808987741029
3901,2.0,109.0,222.0,12.49,7.173110161086512,13,3,80000.0,36.5,7.1806197,7.514146991795889,6.9933338170218775,109.0,1,0.5503312861837786,13.294702782933303,7.316490881962745
3902,1.0,20.0,303.0,9.22,1.744642074639716,8,3,60000.0,16.37,1.7083626,1.7187174939278322,1.6777984686139797,20.0,0,0.15975890314780036,11.138781149829018,1.7795194589000785
3903,3.0,263.0,429.0,11.763333333333334,6.050224329437813,16,1,40000.0,41.67,5.992282,6.119890361917146,5.961856484828625,263.0,1,0.4998969897016345,12.345218953581924,6.171337792103166
3904,3.0,252.0,260.0,10.416666666666666,8.49149008167325,16,2,20000.0,53.010000000000005,8.864874,7.999565736070368,9.167529739339844,252.0,1,0.783119273368471,11.06002744556526,8.661320656606412
3906,0.0,0.0,64.0,0.0,,5,2,40000.0,14.12,2.7737987,3.2622567174824777,2.8897118316924724,0.0,0,0.302560551766563,24.510042505126265,7.415771984172914
3909,4.0,304.0,336.0,13.31,11.28786279502879,19,4,40000.0,67.28,11.363827,11.45129548225095,11.16163762874845,304.0,1,0.8405497827203325,13.69788711477488,11.51375603805167
3911,1.0,112.0,420.0,2.58,0.7961617655762258,8,3,40000.0,11.69,0.80187833,0.7093777590756577,0.7960390448998496,112.0,0,0.15230338989398914,5.332049391600951,0.8120891974230073
3912,0.0,0.0,114.0,0.0,,4,3,60000.0,24.89,2.2250507,2.3190453484705666,2.0428781414693535,0.0,0,0.2457864235525629,24.510042505126265,6.024235688456284
3916,1.0,3.0,38.0,24.44,15.393505472536077,11,4,40000.0,43.34,15.395482,15.357828501389394,15.498230464975304,3.0,2,0.6421568761982079,24.44878978841805,15.69995847735718
3917,0.0,0.0,249.0,0.0,,2,0,20000.0,4.42,0.7362751,0.9577056912963112,0.6427929055135699,0.0,0,0.1632847041768933,24.510042505126265,4.002115039812623
3918,0.0,0.0,628.0,0.0,,5,5,80000.0,24.15,-0.053910494,0.1686651645626127,0.16231082788023432,0.0,0,0.08416308611870243,24.510042505126265,2.062840818131999
3921,4.0,585.0,647.0,16.4525,8.376003331109558,16,1,40000.0,71.69,8.383153,8.486306521030755,8.230381901651324,585.0,1,0.510639499695456,16.731554022612762,8.543792375234474
3922,6.0,345.0,455.0,12.583333333333334,11.698914851846522,25,3,40000.0,87.69,9.66553,10.762399498631703,11.553543577039559,345.0,1,0.9277913813636698,12.861918382315558,11.933177022915329
3925,1.0,521.0,651.0,7.74,1.4727483244728465,9,1,40000.0,22.200000000000003,1.5581644,1.5327910854404545,1.550926196644757,521.0,0,0.15259626336074988,9.844509613356497,1.502235381617182
3928,1.0,126.0,383.0,23.9,4.179431950494857,10,0,40000.0,30.409999999999997,4.1739,4.224321089162007,4.097242313083314,126.0,1,0.1777997879183663,23.97655557916456,4.263026496988381
3929,1.0,4.0,569.0,12.96,0.7467147296171331,10,2,60000.0,23.62,0.73424906,0.7188874430996525,0.7614596533349518,4.0,0,0.05285852510762742,14.409440302806875,0.7616617620327756
3930,1.0,249.0,687.0,9.89,1.2306842391455537,7,1,40000.0,13.88,1.2276963,1.1546354951863118,1.2425753037685423,249.0,0,0.10706685973418265,11.724701372421308,1.255326957266211
3932,4.0,605.0,647.0,11.932500000000001,6.225833922632994,25,2,40000.0,52.84,6.2440515,6.2489800604988135,6.239125478802152,605.0,1,0.5134623607547032,12.368093585563527,6.35055053047855
3933,1.0,37.0,177.0,18.65,5.85656756911402,7,3,40000.0,40.12,5.870661,5.539601844108709,6.037163550616683,37.0,1,0.30814447353678975,19.385389655866767,5.973500689812595
3935,2.0,293.0,667.0,6.595,1.642736971751356,11,1,20000.0,24.89,1.6404245,1.720074557690527,1.4929293372993175,293.0,0,0.21498108906631716,7.794353875337405,1.6756386846883051
3936,2.0,469.0,550.0,6.59,2.4321086618998082,12,4,40000.0,35.81,2.4335325,2.4324325963616027,2.4048469008628337,469.0,0,0.3184730691718739,7.789688609088384,2.480806039229563
3937,1.0,363.0,585.0,6.43,1.3115081366277603,7,2,120000.0,11.129999999999999,1.3575172,1.2887847867147801,1.3418254360892705,363.0,0,0.15378511155728702,8.698904402019334,1.3377619838907184
3938,2.0,682.0,716.0,9.375,2.6727098643529095,14,4,40000.0,33.29,2.6547909,2.7829893312461356,2.719995292544885,682.0,0,0.2624357338360515,10.388241909793146,2.7262458888629895
3939,0.0,0.0,65.0,0.0,,5,1,40000.0,11.7,2.7778375,2.434927616118919,2.8932280602313973,0.0,0,0.30116750118798463,24.510042505126265,7.381628255280168
3941,3.0,271.0,333.0,11.32,7.568791269450445,13,1,60000.0,52.98,7.570948,7.719921116123269,7.606156210309518,271.0,1,0.6475555199769453,11.92212372940812,7.720237030826354
3942,1.0,68.0,650.0,26.68,1.6827619128485733,10,3,20000.0,45.3,1.0173459,1.6789717187230675,1.6368645402892312,68.0,0,0.06499826031066147,26.40768724902511,1.7164537300146698
3945,0.0,0.0,527.0,0.0,,6,1,40000.0,12.31,0.28881112,0.24758052257746216,0.2812118801916599,0.0,0,0.0966347500173969,24.510042505126265,2.368521830398649
3946,1.0,260.0,483.0,4.26,1.145877577502825,7,3,120000.0,16.79,1.1453626,1.22193611250814,1.0251327807410604,260.0,0,0.17185257487228095,6.801222487056245,1.1688075966798743
3949,0.0,0.0,314.0,0.0,,2,5,40000.0,8.96,0.66243535,0.6596606038181118,0.5697545634827303,0.0,0,0.1405961774910188,24.510042505126265,3.4460182863631474
3950,0.0,0.0,288.0,0.0,,4,5,40000.0,19.34,0.53473157,0.6721550735447162,0.5662542884250925,0.0,0,0.14886879716858037,24.510042505126265,3.6487805462889256
3951,3.0,253.0,444.0,15.816666666666668,7.525535317844602,17,4,120000.0,49.54,7.545407,7.477756143222021,7.106185995103809,253.0,1,0.4734438280058364,16.213518146028118,7.676190096497644
3952,0.0,0.0,226.0,0.0,,3,1,40000.0,27.75,1.2114018,1.1715096805260956,0.890977022695858,0.0,0,0.17317823224233675,24.510042505126265,4.244605833222302
3953,0.0,0.0,257.0,0.0,,2,4,20000.0,2.5,0.6687963,0.7669915205760032,0.6307043873743705,0.0,0,0.16010388934744493,24.510042505126265,3.9241531331419073
3957,2.0,52.0,124.0,17.09,13.215441351198391,12,4,40000.0,57.94,13.229359,13.933742337535723,13.529553325548676,52.0,1,0.766445689349039,17.58674773203273,13.479286988885475
3961,6.0,163.0,285.0,18.491666666666664,21.281064022895393,30,3,40000.0,120.99,21.286364,21.20603754888755,21.33110598345114,163.0,2,1.1650170667072208,18.632244382078387,21.706882696181058
3964,0.0,0.0,197.0,0.0,,4,3,60000.0,4.1,1.102828,1.1933796853199454,0.9952656762906233,0.0,0,0.18750864352413096,24.510042505126265,4.595844822855018
3965,1.0,38.0,468.0,8.26,0.9576590080302632,11,0,40000.0,19.4,0.8055749,1.0232467591903307,0.9999394285020964,38.0,0,0.09484390346145316,10.299253666711707,0.9768214204906226
3966,4.0,349.0,381.0,6.9675,5.718831178418334,20,2,20000.0,34.53,4.940171,4.787878210958823,5.747464784395396,349.0,1,0.7700681960480222,7.575044676282676,5.833300988848175
3968,1.0,17.0,217.0,8.89,2.4792558789095254,7,1,40000.0,16.810000000000002,2.4717662,2.5612554544330592,2.570712725558146,17.0,0,0.23306319590696448,10.850193577507444,2.528780791383105
3969,2.0,295.0,441.0,22.33,7.896224321228514,16,3,20000.0,49.97,7.9315596,7.863086120737812,7.579009086662932,295.0,1,0.3583506139017018,22.47594676100686,8.054269319828775
3970,0.0,0.0,296.0,0.0,,5,2,40000.0,4.33,0.57475495,0.671807123220858,0.6083010592666334,0.0,0,0.14622132812980285,24.510042505126265,3.5838909676174824
3974,1.0,33.0,248.0,21.15,4.590243020068019,8,2,40000.0,33.71,4.590673,4.587267972804447,4.71003516288391,33.0,1,0.21704241784023806,21.571659143151432,4.681965057255065
3976,3.0,374.0,687.0,17.463333333333335,5.540388784293578,17,2,40000.0,65.19,5.2974005,6.001211834446372,5.755027344389982,374.0,1,0.31776046617990855,17.785014692959383,5.6513745598512966
3977,2.0,542.0,630.0,16.19,4.69623462760725,10,2,40000.0,45.99,4.6926794,4.468818298932513,4.735136344155035,542.0,1,0.28603843978596816,16.74699980720893,4.790285695949952
3978,1.0,1.0,349.0,11.72,1.5141683077698738,10,4,40000.0,34.81,1.4970984,1.4677042563187903,1.5124369817317227,1.0,0,0.11590558244337133,13.325050637113684,1.5444477551820777
3979,5.0,346.0,520.0,11.028,7.529388637340244,27,1,40000.0,58.09,7.5190234,7.406589018905221,7.6316925422093895,346.0,1,0.6734555444021437,11.404140399089648,7.6801815809074
3980,1.0,17.0,87.0,20.74,9.927195015338173,8,2,20000.0,53.620000000000005,9.921185,10.468667450097318,9.836574978868516,17.0,1,0.47730352771788814,21.213110947236746,10.125092688987051
3981,1.0,518.0,603.0,12.14,2.2245119762089947,8,4,20000.0,20.240000000000002,2.2516482,2.3607211989635295,2.325856487883481,518.0,0,0.16571631571183032,13.692343910977506,2.2690447863865058
3982,5.0,280.0,331.0,7.9159999999999995,8.424323270020318,25,3,40000.0,54.1,9.0677805,8.804301428784242,8.658659827697404,280.0,1,1.025535061885724,8.378963217035956,8.592920561321174
3985,0.0,0.0,36.0,0.0,,6,3,20000.0,2.86,4.535347,3.3857901453698576,3.8532566185546933,0.0,0,,24.510042505126265,
3986,0.0,0.0,52.0,0.0,,2,2,20000.0,13.78,3.4145393,3.3857901453698576,3.0574571146511147,0.0,0,0.320349153899291,24.510042505126265,7.851771378552857
3987,0.0,0.0,585.0,0.0,,4,4,40000.0,6.44,0.22528483,0.1682950257307347,0.1973784282023736,0.0,0,0.08905606100392396,24.510042505126265,2.182767840545294
3989,1.0,42.0,60.0,2.74,3.221303329167803,10,4,20000.0,6.43,3.3459723,3.529316916101732,3.5682461236570644,42.0,0,0.6004191399525015,5.47197063878717,3.2854759047859328
3993,0.0,0.0,420.0,0.0,,3,1,100000.0,4.22,0.4457823,0.3125219382811018,0.4986568634537809,0.0,0,0.11463667361773439,24.510042505126265,2.8097497430169565
3994,0.0,0.0,243.0,0.0,,4,1,100000.0,12.6,0.9915142,0.9935252291635074,0.8314688458032267,0.0,0,0.1657547211602531,24.510042505126265,4.062655261063155
3996,0.0,0.0,63.0,0.0,,3,2,20000.0,2.49,2.8914552,3.2821383173359706,2.9156540646265925,0.0,0,0.30396663469052787,24.510042505126265,7.450235136405026
4001,1.0,121.0,193.0,16.63,6.00638357311817,8,1,20000.0,20.66,6.0184965,5.945614840988961,6.062703377035777,121.0,1,0.34771398417285776,17.61888391014076,6.126332321074102
4003,5.0,203.0,288.0,19.354,20.73055210248133,29,4,40000.0,108.11,20.751883,20.802223197748074,20.973592531183918,203.0,2,1.084495826171406,19.49785030197494,21.145337271806707
4004,4.0,34.0,400.0,17.875,1.8223053674678562,23,3,20000.0,79.56,1.8262312,2.581711931033388,2.31993009480888,34.0,0,0.1026680883122302,18.104789082723943,1.858784084419403
4005,0.0,0.0,188.0,0.0,,5,0,60000.0,11.07,1.2023957,1.4033747069155909,1.225646508138591,0.0,0,0.19245255083442203,24.510042505126265,4.717020201171657
4006,1.0,254.0,518.0,6.86,1.3951530833340542,9,2,20000.0,18.78,1.56681,1.5544799987793596,1.3410094040585756,254.0,0,0.15681367030893423,9.074942753832296,1.4230750810719093
4007,0.0,0.0,562.0,0.0,,4,4,60000.0,18.64,0.15823448,0.1526354565647435,0.22408921114505898,0.0,0,0.09191447902860451,24.510042505126265,2.2528277878276333
4009,3.0,321.0,356.0,18.323333333333334,11.452162000346778,16,3,60000.0,62.69,11.452269,11.633729573062496,11.17367831995428,321.0,1,0.6278346570915827,18.605755804514576,11.681338315457133
4010,0.0,0.0,339.0,0.0,,3,3,80000.0,21.75,0.4301463,0.6069070148318084,0.5840146075567345,0.0,0,0.13346619026398326,24.510042505126265,3.271261996367499
4011,1.0,296.0,610.0,15.54,2.213847251670515,7,2,100000.0,20.24,2.0493968,2.0897010260805358,2.1546617371127335,296.0,0,0.1354981471978198,16.665670413684648,2.258167462863793
4015,0.0,0.0,219.0,0.0,,3,3,60000.0,10.18,1.0649718,1.0604994364552116,0.8615687082068524,0.0,0,0.1764324193300966,24.510042505126265,4.324366097062929
4016,1.0,198.0,708.0,21.22,1.943228094801448,10,5,80000.0,26.46,1.9342861,1.872718618286125,1.9547407753900892,198.0,0,0.09162630684460298,21.632874688795404,1.9821404141664127
4018,1.0,192.0,422.0,10.13,2.1267950488353273,7,4,100000.0,17.51,2.1447742,2.050320511140976,2.27519352860301,192.0,0,0.18176944528379094,11.934583243200638,2.1693425758098064
4019,1.0,359.0,554.0,13.73,2.4136248044790753,10,4,40000.0,38.89,2.576468,2.451140594433102,2.5390514041645647,359.0,0,0.1632279332327421,15.082811304890551,2.4619361166367226
4020,0.0,0.0,39.0,0.0,,5,2,140000.0,6.46,4.5867753,3.0389036428612566,3.8791808487820094,0.0,0,0.34216157930962604,24.510042505126265,8.386394852500066
4021,10.0,517.0,718.0,15.118,13.767821103465069,46,3,40000.0,155.86,13.769359,13.601059594794249,13.949601239150581,517.0,2,0.9208457735025722,15.250869489078969,14.043698711257703
4023,0.0,0.0,96.0,0.0,,5,4,40000.0,9.5,2.7172177,2.3361774094587258,2.233747169452106,0.0,0,0.26357899000097273,24.510042505126265,6.460332248382093
4026,11.0,329.0,356.0,18.274545454545457,36.90223172073446,61,5,100000.0,239.44,36.91424,34.997381265527785,37.021521384495074,329.0,2,2.0507388329627383,18.35484304464884,37.6409894045974
4027,0.0,0.0,386.0,0.0,,2,2,100000.0,6.74,0.46712255,0.3588156945578496,0.4452377083486798,0.0,0,0.12185168684993054,24.510042505126265,2.986590024013133
4028,0.0,0.0,309.0,0.0,,4,1,40000.0,10.88,0.63649726,0.6542138664435285,0.6079399156772585,0.0,0,0.1421147536425908,24.510042505126265,3.483238652385448
4029,11.0,279.0,460.0,12.623636363636365,12.606740104984635,58,3,20000.0,151.97,12.602567,14.044071923754405,12.966375698531523,279.0,1,1.0064578328741958,12.776703514564263,12.859213330544469
4030,1.0,37.0,452.0,19.97,2.0052552173983207,10,0,40000.0,44.17,1.5026554,2.009267910800038,1.7964805627486706,37.0,0,0.09958143973790982,20.53973994515307,2.0453768755805997
4032,1.0,438.0,470.0,22.62,4.610456006399907,11,3,40000.0,41.25,4.4243493,4.58903721206843,4.496985445088093,438.0,1,0.20574319308087693,22.857185601674818,4.702710350530822
4033,0.0,0.0,84.0,0.0,,4,5,80000.0,20.22,2.7466617,2.1816446259772757,2.4571237064538227,0.0,0,0.2769531942645993,24.510042505126265,6.78813456335582
4039,0.0,0.0,635.0,0.0,,5,0,80000.0,5.62,-0.00085771154,0.18107791183700092,0.17742079777221065,0.0,0,0.0834170285998756,24.510042505126265,2.0445549166342842
4040,1.0,211.0,345.0,7.74,2.2473583826705164,8,0,,19.67,,,,211.0,0,0.2328504610774773,9.844509613356497,2.292298602551718
4041,3.0,239.0,671.0,18.146666666666665,4.205470361730799,20,3,80000.0,66.65,4.2162905,3.9139251675887876,4.344194028035305,239.0,1,0.2326667250033704,18.437153948264864,4.289712227525746
4043,3.0,181.0,314.0,32.266666666666666,19.514549199515166,17,4,40000.0,119.55,19.51816,19.730958047454155,19.28635307315875,181.0,2,0.6237346008538149,31.912577779845513,19.904978963728265
4044,0.0,0.0,269.0,0.0,,6,2,120000.0,23.92,0.8383396,0.7996341165340085,0.5414115861764985,0.0,0,0.15555892819472109,24.510042505126265,3.8127559421044985
4045,0.0,0.0,200.0,0.0,,5,5,20000.0,22.57,0.81691104,1.2520863536219713,1.0050212910877363,0.0,0,0.1859168086516661,24.510042505126265,4.5568288824697625
4048,1.0,10.0,154.0,9.05,3.375533391893117,6,4,40000.0,16.0,3.7096715,4.13880843636989,3.6724299962030242,10.0,0,0.3132731551665059,10.990114824693663,3.4429079467739747
4049,10.0,234.0,287.0,14.555000000000001,30.45633635662393,47,4,80000.0,179.07,30.47939,30.24235608032107,30.84261127382913,234.0,2,2.113921015827683,14.695834265889832,31.065832899785107
4051,2.0,270.0,361.0,8.855,4.148767785833847,12,5,20000.0,25.450000000000003,4.1441493,4.143441735238766,4.035076790563986,270.0,1,0.427320305971824,9.903054219894951,4.231776159301074
4056,2.0,331.0,643.0,11.385,2.8830827929809564,14,3,40000.0,38.79,2.9968739,2.883472681989457,2.833231940242188,331.0,0,0.23979947630506374,12.263678941899636,2.940823787840971
4058,0.0,0.0,249.0,0.0,,5,3,80000.0,8.62,0.9754486,0.9783632256738638,0.5738416925361074,0.0,0,0.1632847041768933,24.510042505126265,4.002115039812623
4061,4.0,511.0,577.0,4.984999999999999,3.097436309888679,21,4,40000.0,31.580000000000002,3.5839937,3.407886721117495,3.306764980418214,511.0,0,0.5580924031693947,5.6612038983069874,3.159474888438092
4063,0.0,0.0,450.0,0.0,,6,4,40000.0,14.96,0.39151117,0.2904523942085131,0.3818166381775905,0.0,0,0.10894560003233625,24.510042505126265,2.670261287539047
4065,1.0,71.0,468.0,5.73,0.8921193787544732,9,1,140000.0,26.16,0.8899056,0.9798969796250927,0.8239903653576173,71.0,0,0.11252610572172432,8.086748945579629,0.9099703667953359
4066,1.0,15.0,710.0,5.18,0.2850083814179283,6,3,140000.0,12.11,0.2430764,0.3454284549262137,0.42748622497526156,15.0,0,0.03822303233447876,7.605769658377001,0.2907155795807416
4067,0.0,0.0,486.0,0.0,,2,3,40000.0,17.38,0.39102802,0.24903731125081563,0.29730102434110073,0.0,0,0.10282099819526316,24.510042505126265,2.5201470361854112
4068,7.0,274.0,347.0,19.82857142857143,25.843075594722308,32,4,40000.0,155.43,25.863457,25.596919056029456,25.686880451655618,274.0,2,1.3231380011361134,19.922613965808974,26.3603676201269
4069,3.0,262.0,364.0,16.113333333333333,9.586777227729076,18,1,120000.0,65.98,9.588581,10.018918333525772,9.657826155804916,262.0,1,0.5927649795018801,16.49664201784367,9.778631667556956
4070,4.0,480.0,701.0,12.455,5.562597995206637,22,2,20000.0,81.4,7.1724334,6.612254297637233,6.15894803879766,480.0,1,0.44078779809791674,12.872498027678178,5.67404006164004
4071,0.0,0.0,265.0,0.0,,5,5,40000.0,11.26,0.7870366,0.7741489174107123,0.5568635383242801,0.0,0,0.1570449049094815,24.510042505126265,3.849177294544904
4072,0.0,0.0,146.0,0.0,,4,2,40000.0,5.61,1.8121226,1.7847632240174567,1.7587102950904896,0.0,0,0.21947093866799045,24.510042505126265,5.379242035392405
4075,4.0,398.0,420.0,10.04,7.444634651854934,20,2,80000.0,61.620000000000005,7.4291563,7.303068777238028,7.685714108091659,398.0,1,0.7203846340059727,10.54113586938749,7.5936723052759385
4076,0.0,0.0,385.0,0.0,,1,1,20000.0,8.85,0.46579063,0.36349971209938503,0.4740007407326967,0.0,0,0.1220776873949934,24.510042505126265,2.9921293069788053
4078,3.0,429.0,631.0,14.093333333333334,5.396114681329584,17,2,80000.0,58.79,5.3924294,5.670243688805032,5.340728487222236,429.0,1,0.3778058014098964,14.568854755818673,5.504197846646455
4079,0.0,0.0,452.0,0.0,,3,1,20000.0,3.16,0.33297104,0.30683253995723864,0.39988622525108486,0.0,0,0.1085862433793727,24.510042505126265,2.6614534407004102
4080,2.0,266.0,318.0,9.835,5.060255793416495,9,4,80000.0,41.11,5.0958962,5.056019786239752,5.054420690855195,266.0,1,0.47714371612537115,10.817446404703091,5.161476576527068
4081,1.0,292.0,698.0,15.36,1.823183554680282,7,1,40000.0,27.35,1.827517,1.6710779341887558,1.7611617700252742,292.0,0,0.11265216925379334,16.508259010600153,1.8596911881475875
4082,0.0,0.0,426.0,0.0,,4,3,40000.0,19.99,0.4200504,0.3096062240550057,0.5123602415072783,0.0,0,0.11345132437566532,24.510042505126265,2.7806967827104248
4084,0.0,0.0,87.0,0.0,,3,1,40000.0,10.61,2.6988146,2.499290655924495,2.2480505056868267,0.0,0,0.27348329039810965,24.510042505126265,6.703087072099457
4085,1.0,5.0,413.0,17.95,1.6999272175672266,11,3,20000.0,23.95,1.8278068,1.9686075671923964,1.8461790358931403,5.0,0,0.09236200452502641,18.773234199427066,1.7339335420768631
4088,0.0,0.0,386.0,0.0,,4,4,40000.0,7.65,0.52661127,0.35250487634629357,0.44504191776104207,0.0,0,0.12185168684993054,24.510042505126265,2.986590024013133
4094,13.0,602.0,608.0,12.834615384615384,20.55438843724408,55,2,20000.0,178.59,20.541414,20.165868572123024,20.756218437560822,602.0,2,1.6175007408483502,12.962087384883022,20.96618594798934
4096,2.0,548.0,655.0,6.915000000000001,2.185666052722883,16,2,20000.0,36.18,2.198336,2.165137629488083,2.138353250125224,548.0,0,0.27548001290250035,8.092930915274758,2.2294407129589344
4099,8.0,299.0,666.0,18.36,4.35363491567813,39,3,80000.0,154.52,4.3452935,6.7334745018576445,4.951158075623423,299.0,1,0.24045769528490002,18.468372741985316,4.440862345200259
4100,0.0,0.0,604.0,0.0,,3,0,20000.0,15.23,0.05389335,0.1509835577091432,0.21721637982896969,0.0,0,0.0868255982280009,24.510042505126265,2.128099103101318
4101,3.0,183.0,338.0,8.323333333333332,5.136581073886367,15,4,20000.0,28.79,5.0975266,5.142965002045463,4.950342100881676,183.0,1,0.578152257896095,9.062254507361141,5.239362905059908
4103,0.0,0.0,659.0,0.0,,3,3,40000.0,13.69,0.10349632,0.16413434778162986,0.1916231571001843,0.0,0,0.08095663749469442,24.510042505126265,1.984250626067059
4104,0.0,0.0,225.0,0.0,,6,3,60000.0,20.16,0.87294257,1.06254611291135,0.8799628266163486,0.0,0,0.17363572742427785,24.510042505126265,4.2558190595775685
4105,2.0,688.0,694.0,12.16,3.451166772906928,12,2,40000.0,35.93,3.5694473,3.6091828176958543,3.4116861207930653,688.0,0,0.2710670858032963,12.98679521049791,3.5202927316338744
4106,0.0,0.0,52.0,0.0,,4,0,100000.0,44.16,4.6924453,4.81087006460695,3.742019035315686,0.0,0,0.320349153899291,24.510042505126265,7.851771378552857
4111,2.0,80.0,186.0,17.314999999999998,10.542490771327682,11,5,40000.0,43.39,10.586848,10.545670976522704,10.648580972156239,80.0,1,0.6042217493810528,17.79668471323868,10.753143970616115
4114,0.0,0.0,175.0,0.0,,3,0,100000.0,8.2,1.4089255,1.4152969726371425,1.2923110400406337,0.0,0,0.2000738733726144,24.510042505126265,4.903819140528029
4115,1.0,149.0,401.0,4.38,1.2023923487051291,8,4,40000.0,15.879999999999999,1.1207802,1.081953858245101,1.1554377077070344,149.0,0,0.17758691008664054,6.906163422445909,1.2264442227455474
4116,2.0,20.0,608.0,9.965,0.6003393194208073,17,5,60000.0,45.31,0.56002045,0.30368570266992473,0.21065924213398812,20.0,0,0.055980984039337954,10.938743327177638,0.6123616156091459
4117,1.0,6.0,431.0,16.02,1.4560374078538945,4,4,40000.0,21.93,1.4643571,1.5995801254045268,1.4964775035153073,6.0,0,0.08692593705462837,17.085434155243302,1.485167373929677
4118,8.0,489.0,561.0,9.4275,10.127950710391815,36,1,60000.0,85.5,10.135603,10.157204561253115,10.075799625807552,489.0,1,1.0657723638505108,9.693276453744534,10.33082615956381
4120,1.0,131.0,273.0,15.36,4.210735447182618,9,3,60000.0,34.370000000000005,4.233589,4.1916521229757,4.343694461337817,131.0,1,0.26016631227010467,16.508259010600153,4.294892868787568
4121,0.0,0.0,627.0,0.0,,4,1,80000.0,8.97,0.02703902,0.18045128787173237,0.1682311712789133,0.0,0,0.08427075735918024,24.510042505126265,2.06547984481269
4122,1.0,64.0,397.0,5.98,1.1252627947838416,9,3,140000.0,14.780000000000001,1.0975631,1.0679689546080877,1.0522675296775894,64.0,0,0.1381961950058224,8.305375894308096,1.147771346686458
4125,0.0,0.0,555.0,0.0,,6,3,40000.0,13.33,0.2721912,0.1556934176352243,0.2877678051682526,0.0,0,0.0928212453055434,24.510042505126265,2.275052667817621
4126,1.0,2.0,204.0,11.19,2.89936005147778,9,1,20000.0,18.83,2.8927414,2.9949230873992514,2.7867753116142047,2.0,0,0.22993074621601717,12.861561505809334,2.9572684345339417
4127,3.0,425.0,442.0,13.726666666666667,7.540807301954953,16,3,40000.0,46.91,7.506527,7.275798155601321,7.018011083957815,425.0,1,0.5409527058769973,14.218926374923047,7.691766697180427
4131,0.0,0.0,381.0,0.0,,2,3,60000.0,5.15,0.48612696,0.3520379566304157,0.5525575433659613,0.0,0,0.12299014802670771,24.510042505126265,3.0144937558463774
4133,1.0,81.0,470.0,2.05,0.5572152006425402,6,1,20000.0,11.02,0.5676361,0.6214850281876804,0.4769794376817469,81.0,0,0.11674189904131871,4.8685602602966025,0.5683649703841223
4135,1.0,143.0,319.0,17.0,3.9948621583159794,10,0,20000.0,21.33,3.982455,4.104270022895027,4.139501717778567,143.0,0,0.2271001349890553,17.942451794258893,4.074733224510812
4137,0.0,0.0,237.0,0.0,,4,2,120000.0,31.59,0.98070544,1.1047169246598363,0.9069021431844293,0.0,0,0.16830080766069835,24.510042505126265,4.1250599494107965
4138,0.0,0.0,45.0,0.0,,4,4,20000.0,30.45,3.2962272,3.9826378454125733,3.1490852386570487,0.0,0,0.33173376791289155,24.510042505126265,8.130808751930664
4143,1.0,499.0,553.0,29.07,5.0261566350141695,6,2,20000.0,36.97,5.0330954,4.9063154831649145,4.978018014981512,499.0,1,0.17990045907014152,28.497760878869247,5.126760264579697
4147,0.0,0.0,146.0,0.0,,6,2,40000.0,16.8,1.7496995,1.8017472275711317,1.768094687013388,0.0,0,0.21947093866799045,24.510042505126265,5.379242035392405
4149,0.0,0.0,665.0,0.0,,3,2,,14.78,,,,0.0,0,0.08036406693463431,24.510042505126265,1.9697266964526992
4150,0.0,0.0,213.0,0.0,,3,3,40000.0,7.06,1.0446416,1.0665511213373624,0.9310617042783766,0.0,0,0.17932093699861923,24.510042505126265,4.3951637878952265
4151,1.0,10.0,613.0,5.35,0.36888698250752416,7,4,80000.0,20.740000000000002,0.37193227,0.411478313276878,0.45422214105974223,10.0,0,0.048523451057846174,7.754435983512359,0.3762719949271632
4152,1.0,16.0,35.0,16.61,11.691401181898453,9,4,20000.0,26.61,11.698053,11.796211207353345,11.705038325125571,16.0,1,0.6774536999312698,17.601393754242483,11.924129322758715
4153,2.0,574.0,603.0,20.509999999999998,6.149442959745432,10,4,60000.0,48.239999999999995,6.179336,6.101028698345585,5.95917720436371,574.0,1,0.30188914141121714,20.777789846363174,6.272589137141284
4154,0.0,0.0,196.0,0.0,,1,4,40000.0,6.34,1.0695934,1.2051799124754747,0.9747163536549293,0.0,0,0.18804534863467845,24.510042505126265,4.608999487927256
4157,0.0,0.0,277.0,0.0,,3,3,140000.0,6.86,0.72383326,0.6965520248560997,0.5661729249675895,0.0,0,0.15266994792535407,24.510042505126265,3.7419469129058416
4162,2.0,81.0,658.0,9.98,0.9618040343704247,11,2,80000.0,37.99,0.9675369,0.7637961517551579,0.9055209142055745,81.0,0,0.08957277490120796,10.952739125924703,0.9810672362781067
4163,0.0,0.0,621.0,0.0,,1,1,20000.0,1.32,0.14827196,0.16319959605989381,0.2032303281210215,0.0,0,0.08492261926230922,24.510042505126265,2.0814570077658536
4165,4.0,617.0,685.0,14.065000000000001,6.887068704240333,22,4,40000.0,59.92,6.246387,6.480737322978174,6.498308445057902,617.0,1,0.4869458853303747,14.426739466538637,7.025041421964314
4166,0.0,0.0,255.0,0.0,,4,3,40000.0,7.72,0.8128885,0.7612042504979382,0.6330748471583432,0.0,0,0.16088739073955746,24.510042505126265,3.943356785565411
4169,1.0,1.0,479.0,10.13,0.8182163587254334,6,1,20000.0,20.11,0.80939823,0.72044345864418,0.7753664175044834,1.0,0,0.0699303281275484,11.934583243200638,0.8345893222625614
4170,0.0,0.0,257.0,0.0,,5,5,20000.0,40.04,1.4639579,1.261860106961005,0.9098186374382315,0.0,0,0.16010388934744493,24.510042505126265,3.9241531331419073
4174,8.0,319.0,357.0,18.80375,27.96459257268787,43,4,60000.0,157.39,27.92719,28.032999004736507,27.30368572938875,319.0,2,1.5088835924894128,18.904303218101393,28.524392953238
4175,6.0,399.0,533.0,9.281666666666668,7.688940095509383,24,5,140000.0,70.19,6.8385406,6.350492870517984,7.511372123102632,399.0,1,0.8138048413127795,9.637372315875457,7.842940248193201
4176,2.0,189.0,229.0,16.39,9.800777280589465,13,3,120000.0,44.72,9.781008,9.47338276668573,9.839388291793995,189.0,1,0.5903462826132904,16.933610457169774,9.996693984611717
4179,2.0,497.0,702.0,13.79,3.5475073847299354,10,0,60000.0,34.06,3.5208864,3.6019823614233806,3.6568774226851932,497.0,0,0.24942417855935936,14.507672007678792,3.6185641733238945
4180,1.0,344.0,527.0,10.01,1.9766523602828685,9,3,20000.0,29.310000000000002,1.8574283,2.057737489665493,2.109158566858728,344.0,0,0.17043740373153263,11.829642307810971,2.016213522015998
4185,0.0,0.0,418.0,0.0,,3,2,100000.0,21.94,0.37769565,0.3100064021514901,0.4953037936869631,0.0,0,0.11503732077376835,24.510042505126265,2.819569621840907
4186,0.0,0.0,640.0,0.0,,4,1,20000.0,10.94,0.08316232,0.162585820538105,0.2101856580462389,0.0,0,0.08289218321516273,24.510042505126265,2.0316909339463525
4187,2.0,182.0,340.0,12.605,5.419785037689957,10,5,40000.0,34.13,5.48122,5.650648750087347,5.309945898466319,182.0,1,0.41249141300061054,13.40200390666079,5.528211528498212
4188,2.0,492.0,594.0,5.9,2.0854142259212765,10,1,60000.0,31.96,2.0281172,2.0987409769324086,2.199646064442886,492.0,0,0.29767843011012696,7.14588186672347,2.127174895838666
4191,1.0,127.0,559.0,15.39,1.7338662355170036,9,1,40000.0,30.020000000000003,1.8287662,1.7582166422943382,1.5149547657064435,127.0,0,0.10696257109338157,16.53449424444757,1.7685720161148315
4193,0.0,0.0,604.0,0.0,,3,3,40000.0,19.08,0.092403844,0.15430968292778818,0.20809005916521794,0.0,0,0.0868255982280009,24.510042505126265,2.128099103101318
4195,1.0,304.0,354.0,11.54,3.2117715161035836,6,1,20000.0,33.41,3.493697,3.6130792265320983,3.4442025091664603,304.0,0,0.24879179665914536,13.167639234029185,3.2760006227935734
4197,0.0,0.0,662.0,0.0,,5,3,20000.0,15.44,0.089273244,0.1576660624681046,0.19899421449783627,0.0,0,0.08065926314092418,24.510042505126265,1.976961968016216
4198,8.0,277.0,324.0,13.63875,21.717256546246333,46,5,80000.0,113.37,23.347412,21.121857488131266,22.36762827728755,277.0,2,1.6016934293814975,13.8303180707447,22.151929580167977
4202,2.0,275.0,291.0,16.33,8.538655987200858,10,4,40000.0,50.68,8.520715,8.446031386542991,8.742319679193624,275.0,1,0.5160337766697922,16.87762726218152,8.709425737328575
4204,4.0,295.0,458.0,13.620000000000001,8.408112921349911,25,5,40000.0,80.38,8.3972845,8.388706570486626,8.559844237421764,295.0,1,0.612729108678472,13.997150994307018,8.576461852779728
4205,4.0,381.0,672.0,11.08,4.649228184757096,23,0,60000.0,67.84,4.6122828,4.793710263936552,4.644090694540432,381.0,1,0.4107681421473672,11.545117916850147,4.742366637576817
4208,0.0,0.0,43.0,0.0,,3,1,80000.0,6.59,4.6487207,3.05652258583207,3.0127870169516258,0.0,0,0.3351378164852305,24.510042505126265,8.214242127128205
4209,0.0,0.0,561.0,0.0,,3,4,60000.0,6.37,0.22046018,0.15809480160066902,0.21948672376826828,0.0,0,0.09204292993256882,24.510042505126265,2.2559761249436203
4210,0.0,0.0,472.0,0.0,,4,5,60000.0,11.84,0.46619472,0.28816811360505024,0.25377742442262097,0.0,0,0.10511903998842362,24.510042505126265,2.5764721382143305
4211,2.0,237.0,498.0,16.455,4.837340244642102,17,5,40000.0,39.67,4.8039594,5.192267728420481,4.605639240721649,237.0,1,0.29034399890477325,16.99425891840705,4.934181092793409
4215,0.0,0.0,33.0,0.0,,4,3,60000.0,5.9,4.5863743,3.1699375073915523,3.8638996079401227,0.0,0,,24.510042505126265,
4216,0.0,0.0,231.0,0.0,,3,5,20000.0,9.92,0.83897066,1.0506011840427987,0.8870229750747125,0.0,0,0.17092654113325753,24.510042505126265,4.189416788430355
4217,0.0,0.0,700.0,0.0,,4,5,140000.0,15.4,-0.00833682,0.14822516054171744,0.19919072867146514,0.0,0,0.07707332225707081,24.510042505126265,1.8890704045320996
4218,0.0,0.0,72.0,0.0,,3,4,60000.0,5.12,2.9117,2.268521746417957,2.8904444139050223,0.0,0,0.2917662369393665,24.510042505126265,7.151202868944614
4219,0.0,0.0,47.0,0.0,,6,2,80000.0,26.66,3.4666026,3.9248502543550536,3.0430140946666855,0.0,0,0.32839867730364003,24.510042505126265,8.04906553933946
4220,0.0,0.0,250.0,0.0,,4,5,40000.0,4.61,1.0249642,0.9878860652530493,0.5827061835886935,0.0,0,0.16288019103515206,24.510042505126265,3.9922004055146627
4221,4.0,239.0,441.0,6.5175,4.068168793133939,19,1,40000.0,31.03,4.047935,4.0804131281010125,4.048272014454934,239.0,1,0.5811277229914834,7.140629367284411,4.149617684936107
4223,0.0,0.0,313.0,0.0,,4,4,100000.0,4.27,0.65730304,0.6442271241238551,0.5674456904179976,0.0,0,0.14089728600506682,24.510042505126265,3.4533984688411197
4224,1.0,1.0,170.0,8.98,2.9412355383420006,9,4,40000.0,15.06,2.9332967,3.325215069779543,3.0230196703451298,1.0,0,0.2744974651272577,10.928899279049691,2.9999551487302543
4225,11.0,294.0,352.0,10.614545454545453,21.32377732619258,39,1,120000.0,125.81,21.32043,21.10354141248666,20.94192666870145,294.0,2,2.0151654611365077,10.793484666191203,21.75065750461502
4226,6.0,121.0,184.0,19.008333333333333,31.43057242367815,49,5,80000.0,117.37,31.425726,30.844670805949065,31.393725084541202,121.0,2,1.6752498643227045,19.136842706458214,32.05899314755906
4228,1.0,25.0,121.0,4.79,2.842104623080737,5,4,40000.0,7.09,2.821823,2.9122069410650395,2.7212550590589353,25.0,0,0.3990249383135894,7.264711618360594,2.898801105382352
4230,0.0,0.0,617.0,0.0,,2,2,20000.0,6.25,0.15146367,0.1494457534213958,0.1962724074057789,0.0,0,0.08536282981918089,24.510042505126265,2.0922465872259832
4231,5.0,596.0,626.0,11.354000000000001,7.4147934443956975,26,3,40000.0,71.26,7.484921,7.600153380382819,7.374821861580099,596.0,1,0.6452776792182785,11.721045206721236,7.5633288490056065
4232,1.0,36.0,542.0,15.48,1.198237941526023,7,2,40000.0,19.19,1.2386227,1.2792922429605789,1.0204150253749669,36.0,0,0.07356927049167976,16.613199945989816,1.2222210005588843
4234,5.0,602.0,637.0,13.446000000000002,8.569980798032521,25,4,60000.0,77.65,8.562627,8.50787710290479,8.370383935217607,602.0,1,0.6355408701880243,13.754679739130083,8.741661130564319
4235,2.0,103.0,368.0,9.905000000000001,3.2837959520628814,9,0,60000.0,55.36,3.2602952,3.3255297486532256,3.035422150687673,103.0,0,0.30778040990852895,10.882760132189386,3.3495003744214458
4239,10.0,694.0,729.0,16.081,17.160558775257293,49,4,60000.0,163.2,17.162819,16.61164267119548,17.06450193849462,694.0,2,1.0805036862501793,16.200245901034812,17.504425414227473
4240,0.0,0.0,504.0,0.0,,5,3,20000.0,9.97,0.30292243,0.26393764602374364,0.2255677925988362,0.0,0,0.10001012072025861,24.510042505126265,2.4512523097963475
4241,0.0,0.0,650.0,0.0,,2,2,40000.0,7.35,0.11215207,0.17199791475794404,0.20440340483605812,0.0,0,0.08186207337848955,24.510042505126265,2.0064428980645443
4243,0.0,0.0,109.0,0.0,,3,3,40000.0,9.43,2.5960853,2.27584099232651,2.1666709533812067,0.0,0,0.2504820518364856,24.510042505126265,6.139325737283502
4244,1.0,40.0,341.0,18.53,2.874260119235522,12,4,40000.0,41.22,2.9008188,2.9320884402115235,3.05577326393004,40.0,0,0.1520574033214291,19.280448720477107,2.9317349673077193
4246,0.0,0.0,103.0,0.0,,5,4,60000.0,18.14,2.5470362,2.281551208279828,2.1797931558982793,0.0,0,0.25636042909370915,24.510042505126265,6.28340501371922
4247,2.0,609.0,691.0,14.95,4.072055279435828,11,3,80000.0,46.28,4.0805173,4.2743905765582015,4.198270077173303,609.0,1,0.26642804989323016,15.590013777451693,4.1536169685350455
4249,0.0,0.0,621.0,0.0,,5,3,20000.0,10.37,0.1617484,0.1661434049662076,0.20601499125348433,0.0,0,0.08492261926230922,24.510042505126265,2.0814570077658536
4250,8.0,250.0,321.0,11.52625,18.111017459585383,35,0,140000.0,104.81,18.153612,18.88304024001303,18.436613805609376,250.0,2,1.5715387156953031,11.755043409797748,18.47350582317609
4252,0.0,0.0,197.0,0.0,,3,1,40000.0,9.62,1.0638992,1.185387135957614,0.9993934405030558,0.0,0,0.18750864352413096,24.510042505126265,4.595844822855018
4253,3.0,310.0,598.0,18.413333333333334,6.419389065187051,12,2,40000.0,61.32,6.392883,6.248533934332127,6.47939673159443,310.0,1,0.3503146819458309,18.691647316188956,6.5479584846143775
4255,0.0,0.0,578.0,0.0,,4,0,20000.0,18.84,0.026612587,0.16027647098317613,0.24429906401770474,0.0,0,0.08990699816253944,24.510042505126265,2.2036243464721506
4256,8.0,255.0,335.0,9.945,15.112734334212082,35,2,20000.0,85.27,15.098802,14.714274717095167,14.7750548483425,255.0,2,1.5110518690389767,10.20165734701793,15.41523340150665
4257,3.0,245.0,521.0,8.466666666666667,3.385108173769354,11,2,40000.0,36.56,3.1560495,3.273288842318243,3.3209846296146988,245.0,0,0.3753533558469068,9.19904469262034,3.452892295960722
4258,0.0,0.0,653.0,0.0,,5,4,60000.0,37.58,0.18132716,0.1657538655279473,0.22913881313135498,0.0,0,0.08155801785658552,24.510042505126265,1.998990484298758
4259,1.0,300.0,516.0,13.44,2.4275716743552693,9,1,20000.0,23.35,2.377867,2.411962811890654,2.4213714489348575,300.0,0,0.16697832823332925,14.829204044365529,2.476155700359081
4260,1.0,41.0,329.0,14.4,2.460388833219777,7,5,140000.0,19.740000000000002,2.4549916,2.61888402434172,2.6133455571155264,41.0,0,0.16016509424572845,15.66873152748284,2.509583861810306
4261,1.0,122.0,545.0,14.48,1.6858054875552506,5,2,20000.0,28.9,1.8834783,1.6984846486769138,1.484669251744716,122.0,0,0.10925607240322222,15.738692151075952,1.7195476891899795
4263,0.0,0.0,359.0,0.0,,3,4,40000.0,11.48,0.5830796,0.36274333944832504,0.5870113454985653,0.0,0,0.12826335965577032,24.510042505126265,3.143740397013228
4268,1.0,21.0,695.0,15.12,0.6696312486119591,10,0,120000.0,25.7,0.6381884,0.7315460818475203,0.6164598000908974,21.0,0,0.041908462424607176,16.298377139820825,0.6830399259462576
4271,1.0,100.0,212.0,32.89,9.672745656198305,7,0,60000.0,50.41,9.678758,10.158924738918866,10.129261140706824,100.0,1,0.3098761587098184,31.838380655440215,9.865955097048804
4273,0.0,0.0,613.0,0.0,,3,5,40000.0,13.25,0.21499367,0.16802741962231607,0.1706130725039623,0.0,0,0.08580763148975493,24.510042505126265,2.103148695078104
4274,1.0,578.0,602.0,4.84,1.2234041133270275,10,0,40000.0,16.88,1.2154304,1.2276577260326476,1.2841111359645367,578.0,0,0.17074725209525193,7.308437008106287,1.247895536245393
4277,0.0,0.0,78.0,0.0,,4,0,40000.0,3.64,2.8164322,2.434927616118919,2.471240571937543,0.0,0,0.28416565792877535,24.510042505126265,6.964912354331454
4279,1.0,129.0,727.0,11.71,0.9242740234531093,10,1,60000.0,20.94,1.3610158,1.0323494227722767,0.7190737042942956,129.0,0,0.07079914195428663,13.316305559164544,0.9427830075899467
4282,2.0,221.0,635.0,11.190000000000001,2.338028802584126,12,3,20000.0,39.01,2.4185796,2.2889412991233686,2.3278047421560744,221.0,0,0.1973932661452523,12.081733558187814,2.384852847747393
4283,0.0,0.0,685.0,0.0,,3,5,40000.0,15.66,0.12462039,0.16816192529232726,0.19089284592084077,0.0,0,0.07845003027854297,24.510042505126265,1.9228135766555308
4284,7.0,341.0,372.0,17.852857142857143,22.922622844401495,34,4,40000.0,158.35,22.93748,23.071734961737906,23.9601699588189,341.0,2,1.2999412272822277,17.986588312417027,23.381507685463564
4285,5.0,276.0,329.0,9.414,9.915688003937428,24,1,40000.0,54.459999999999994,9.936992,9.840197060866767,9.816339770327794,276.0,1,1.028363538042815,9.835169971122212,10.11413018875569
4287,2.0,589.0,702.0,10.68,2.961734755112925,13,4,40000.0,34.24,2.9724178,3.0548838632929782,3.1774907345908443,589.0,0,0.2603042095224626,11.605876400787658,3.0210584823224345
4288,0.0,0.0,593.0,0.0,,3,4,60000.0,5.34,0.15624979,0.163008185230536,0.20104625341575666,0.0,0,0.0881030896438292,24.510042505126265,2.159410472003203
4291,0.0,0.0,528.0,0.0,,4,4,60000.0,11.6,0.30063683,0.17129098504768006,0.27115775079747184,0.0,0,0.09649316047600942,24.510042505126265,2.3650514647209606
4292,0.0,0.0,471.0,0.0,,5,1,80000.0,15.94,0.3053028,0.29381940351375535,0.30430353613571803,0.0,0,0.10528712720345981,24.510042505126265,2.580591962999436
4295,1.0,90.0,245.0,30.11,7.643327737887834,7,5,40000.0,53.31,7.621381,7.659751310457922,8.17847270798769,90.0,1,0.26510647287528044,29.407248985579667,7.796052055532194
4296,0.0,0.0,531.0,0.0,,6,4,60000.0,13.22,0.31886822,0.17129098504768006,0.2797904985377704,0.0,0,0.09607087278379765,24.510042505126265,2.3547011754354585
4300,0.0,0.0,251.0,0.0,,4,4,120000.0,19.26,1.0080186,0.9669932405228668,0.552322583941466,0.0,0,0.16247768195828727,24.510042505126265,3.982334890932008
4301,0.0,0.0,282.0,0.0,,3,1,20000.0,13.62,0.55112714,0.7037818791766767,0.6192054106733131,0.0,0,0.15091831439526768,24.510042505126265,3.69901430063002
4303,0.0,0.0,263.0,0.0,,3,1,80000.0,18.93,0.73295027,0.7589496536537065,0.5429844798713583,0.0,0,0.15779861483005292,24.510042505126265,3.867650756734645
4307,0.0,0.0,574.0,0.0,,4,1,80000.0,6.76,0.14495726,0.1733359809030122,0.2169397922890539,0.0,0,0.09040059535371667,24.510042505126265,2.2157224346083155
4311,0.0,0.0,648.0,0.0,,3,5,20000.0,0.67,0.15963191,0.16907745440260985,0.19645211004858343,0.0,0,0.08206604058634459,24.510042505126265,2.0114421429987233
4315,8.0,535.0,719.0,14.85875,11.865183517003224,38,2,40000.0,130.19,11.810763,11.62794647203077,11.950050697264759,535.0,1,0.8053147380745622,15.02881988677087,12.102930150684655
4317,1.0,250.0,303.0,7.31,2.5514912265017635,8,2,40000.0,17.61,2.577839,2.6629845865422603,2.497077402656291,250.0,0,0.2748594121865328,9.468471261543534,2.6024984452529347
4319,4.0,228.0,257.0,9.95,10.280630033882323,24,3,60000.0,56.22,10.305539,10.283649390344605,10.595604670447148,228.0,1,1.0030624759788813,10.454252807587839,10.486268705688229
4320,0.0,0.0,419.0,0.0,,4,5,100000.0,4.71,0.4515496,0.3057411399814059,0.47356043678658644,0.0,0,0.11483664729286608,24.510042505126265,2.8146511062943405
4321,0.0,0.0,184.0,0.0,,6,5,20000.0,14.48,1.0622953,1.4377509810227314,1.202726421960116,0.0,0,0.19473479465000154,24.510042505126265,4.7729580940985725
4323,0.0,0.0,328.0,0.0,,4,2,20000.0,9.86,0.5456294,0.6353359194336621,0.6744105835331533,0.0,0,0.1365120969735442,24.510042505126265,3.3459172992854866
4324,0.0,0.0,658.0,0.0,,5,3,60000.0,16.42,0.054674625,0.16327264649280288,0.1783393836886571,0.0,0,0.08105625048667904,24.510042505126265,1.9866921447346648
4325,12.0,292.0,326.0,15.195833333333333,35.3360456279092,57,0,80000.0,200.01,35.339222,36.191435491082345,35.322267552713576,292.0,2,2.354867307022083,15.305899834586116,36.04336312502155
4327,0.0,0.0,657.0,0.0,,5,1,100000.0,4.08,0.043718763,0.167106575513923,0.17135328511812276,0.0,0,0.08115610908802051,24.510042505126265,1.9891396832980466
4330,1.0,230.0,298.0,9.67,3.096695287296951,11,4,40000.0,21.97,3.0814383,2.9366893323708005,3.0270591832251026,230.0,0,0.2738913126785311,11.532309657540257,3.1585994303190024
4334,1.0,46.0,128.0,7.36,3.7979984255048036,6,2,40000.0,14.22,3.8718722,4.051179864467002,3.9588840213478167,46.0,0,0.4072427681790824,9.51219665128923,3.8737732957348237
4337,3.0,599.0,699.0,12.353333333333333,4.673216411758415,18,5,40000.0,43.33,4.7205296,4.711122471084191,4.754152511886173,599.0,1,0.36928475208880185,12.908285530113975,4.766833021879608
4340,6.0,479.0,621.0,12.228333333333333,8.916703537525066,28,2,40000.0,86.02,8.931146,8.786922529536909,9.135410720017283,479.0,1,0.7267421122381736,12.515210501370714,9.095330514871524
4342,4.0,585.0,640.0,8.7175,4.68787255105546,28,4,20000.0,49.129999999999995,4.9882503,5.022186581788328,5.08454163539306,585.0,1,0.5161434976242886,9.264437544609258,4.781779197796398
4343,0.0,0.0,170.0,0.0,,5,0,140000.0,30.78,1.7254593,1.5259029190695799,1.4714303296643907,0.0,0,0.20316893847156126,24.510042505126265,4.9796793176593495
4344,1.0,148.0,492.0,3.41,0.8103758252878581,6,1,100000.0,6.61,0.7747426,0.8294205043153979,0.7112091703741701,148.0,0,0.13644893247182893,6.05789086137946,0.8265927410660755
4346,1.0,23.0,212.0,18.14,4.56068928195197,9,1,40000.0,38.11,4.57861,4.563705641405366,4.6236485028866205,23.0,1,0.24561441316454102,18.9393906804607,4.651787327675332
4349,1.0,92.0,347.0,40.48,6.875504558761495,10,3,40000.0,59.72,6.8818455,6.893581366710688,6.924317929499181,92.0,1,0.18226983840873714,38.47589481883646,7.012995131260888
4350,2.0,64.0,349.0,13.92,3.961289189648675,18,2,60000.0,43.94,4.0010943,4.279103489580677,4.409440294417095,64.0,0,0.27620138153579527,14.628968930153343,4.0405414289525785
4351,2.0,256.0,686.0,12.87,2.550459306428255,19,5,20000.0,74.99,2.5284185,2.313485991818777,2.1315742111173313,256.0,0,0.19059955730276834,13.649263017858907,2.6015434887129554
4352,0.0,0.0,314.0,0.0,,5,0,40000.0,22.72,0.6810858,0.655120057055172,0.6131697297442287,0.0,0,0.1405961774910188,24.510042505126265,3.4460182863631474
4355,3.0,243.0,310.0,15.979999999999999,10.852286259205009,19,0,40000.0,57.589999999999996,10.794061,10.726620091155128,10.653201139983349,243.0,1,0.6762255936555635,16.36939533388162,11.069404077436708
4357,2.0,346.0,651.0,16.515,4.019249601079896,17,2,40000.0,69.16,3.98035,4.212061464823217,4.120997278621866,346.0,0,0.24045093549490842,17.050242113395303,4.099746666580585
4359,0.0,0.0,428.0,0.0,,2,4,40000.0,4.32,0.50295293,0.30915492897585956,0.4936820202008505,0.0,0,0.11306164348375161,24.510042505126265,2.771145687486184
4360,0.0,0.0,238.0,0.0,,4,4,60000.0,13.07,0.89120877,0.9837806600273158,0.8461421893137828,0.0,0,0.167871028216588,24.510042505126265,4.114526036967822
4361,0.0,0.0,38.0,0.0,,5,2,40000.0,6.34,4.5796676,3.3659085455163646,3.8239345966489586,0.0,0,0.3439641304741128,24.510042505126265,8.4305754581593
4362,1.0,190.0,346.0,7.19,2.070987651466931,8,1,40000.0,22.04,2.070187,2.1849983754236786,2.149473604065542,190.0,0,0.22559880627297407,9.363530326153871,2.1124012640811047
4364,6.0,496.0,550.0,12.676666666666668,10.630541239432668,29,4,60000.0,85.37,11.080741,10.1443664083683,10.426069053473523,496.0,1,0.8371348161755385,12.95307162800998,10.843467236222718
4367,0.0,0.0,515.0,0.0,,3,0,60000.0,2.75,0.21830468,0.24182958671178115,0.22603730250612575,0.0,0,0.0983668488647916,24.510042505126265,2.4109756467713734
4368,0.0,0.0,364.0,0.0,,3,3,80000.0,6.68,0.64857566,0.3663274278954627,0.5782257292015327,0.0,0,0.12702551848861482,24.510042505126265,3.1134008573916514
4370,1.0,44.0,488.0,7.39,0.8595168160131403,8,2,,20.73,,,,44.0,0,0.09191414896569351,9.538431885136644,0.8767168491895703
4372,1.0,31.0,256.0,17.7,3.7755514762749876,7,1,60000.0,30.71,3.7560496,3.841006523740211,3.6219193316974994,31.0,0,0.2075495262058845,18.5546072506986,3.850999943818763
4373,5.0,532.0,644.0,9.246,5.814204859963388,25,0,60000.0,52.37,5.814556,5.8575292946678745,5.733140129477021,532.0,1,0.6131894835123525,9.671857064121888,5.930681037754198
4374,5.0,234.0,261.0,10.392,12.83403744532943,23,3,140000.0,61.2,11.9150715,12.616885948266592,12.494164737365614,234.0,1,1.2136957216145399,10.785884394016978,13.09078174284744
4375,1.0,475.0,511.0,11.34,2.4559463223370144,9,1,40000.0,13.0,2.4712238,2.5712401354985626,2.467227890719389,475.0,0,0.1928075033035991,12.992737675046413,2.505097312204308
4376,0.0,0.0,649.0,0.0,,4,4,40000.0,7.45,0.15068136,0.1755457397161351,0.19731661497387343,0.0,0,0.08196393000004026,24.510042505126265,2.008939408188181
4377,4.0,199.0,232.0,12.935,13.925163832935983,20,0,40000.0,62.18,13.924192,13.860219069405284,13.732481695135196,199.0,2,1.0650707908106323,13.335874357276326,14.20365024785553
4379,0.0,0.0,144.0,0.0,,3,2,60000.0,10.22,1.8103858,1.7898119644734742,1.7810200657579234,0.0,0,0.22094880148677595,24.510042505126265,5.415464515897584
4384,2.0,178.0,305.0,10.35,5.063852213376196,11,3,100000.0,37.82,5.073703,5.10203687862522,5.282112344514607,178.0,1,0.4571739169001909,11.297968828352264,5.165136662274065
4385,2.0,415.0,663.0,14.445,3.7330273733944654,8,3,20000.0,45.870000000000005,3.7307785,3.659011511682957,3.6411518753348617,415.0,0,0.2518578524383957,15.11882188630056,3.807794011682274
4386,4.0,171.0,296.0,20.645,16.83254927546536,26,5,20000.0,93.5,16.816715,16.137843939762515,16.52268857088862,171.0,2,0.8262884112267854,20.778856651446592,17.16932844963293
4391,9.0,601.0,633.0,9.224444444444444,10.192031842360965,41,3,40000.0,95.55,10.208132,10.373906732941585,10.055523705574837,601.0,1,1.0984627642763423,9.464340448314603,10.396225570908056
4392,0.0,0.0,307.0,0.0,,4,0,20000.0,29.17,0.80201167,0.8900808366741134,0.792865569845028,0.0,0,0.14273142680730563,24.510042505126265,3.4983533378643794
4394,0.0,0.0,448.0,0.0,,1,2,20000.0,10.41,0.3324145,0.30977634886355243,0.3891679253127167,0.0,0,0.10930734594814304,24.510042505126265,2.679127695311527
4396,3.0,590.0,721.0,13.976666666666667,5.049844925530363,18,3,140000.0,67.2,5.03479,5.039971762357985,5.204957243563082,590.0,1,0.3562860460253195,14.457513907351883,5.151010465406469
4397,19.0,607.0,657.0,11.91157894736842,25.392277671399448,80,2,40000.0,239.66,22.2245,22.758928322019898,22.18056587281179,607.0,2,2.157340042079562,12.006017494769065,25.90106228737305
4399,0.0,0.0,222.0,0.0,,3,2,60000.0,13.68,1.0295497,1.0604994364552116,0.8563524184081404,0.0,0,0.17502287168474165,24.510042505126265,4.289818024362278
4401,1.0,177.0,690.0,19.72,1.7969751686860511,7,1,140000.0,26.49,1.7556762,1.7071073395769298,1.6911436958496084,177.0,0,0.09019965211587808,20.321112996424606,1.8329573228849483
4402,0.0,0.0,82.0,0.0,,2,1,120000.0,10.3,2.8299735,2.181863209081439,2.446391542867473,0.0,0,0.27931608460091295,24.510042505126265,6.84604910593382
4404,0.0,0.0,332.0,0.0,,5,0,40000.0,22.46,0.42421037,0.6401606431783673,0.6177302062871641,0.0,0,0.13538851359703055,24.510042505126265,3.318378222969084
4405,1.0,361.0,651.0,9.42,1.4954549871852527,10,1,60000.0,21.95,1.6130002,1.4703115457602465,1.5119957214440882,361.0,0,0.13482759872395536,11.31368270881179,1.5253966723538284
4407,0.0,0.0,160.0,0.0,,3,3,40000.0,17.47,1.4216866,1.7267454121848012,1.641197332495107,0.0,0,0.20965661417548534,24.510042505126265,5.1386925249220035
4408,2.0,248.0,319.0,5.375,3.0678015074299605,14,3,20000.0,12.83,3.0694637,3.2324432956635825,3.218429106519175,248.0,0,0.47012527335235155,6.656028910576253,3.1291674110258154
4409,1.0,175.0,270.0,16.56,4.847353423387443,11,3,80000.0,62.28,8.813345,8.002701567994519,6.333947894383594,175.0,1,0.28159958255700707,17.55766836449679,4.944232082116666
4410,0.0,0.0,586.0,0.0,,5,4,60000.0,9.41,0.20760375,0.163008185230536,0.1969961484592453,0.0,0,0.08893581276073331,24.510042505126265,2.1798205509935245
4411,0.0,0.0,184.0,0.0,,4,1,100000.0,13.28,1.2444023,1.4363470466154387,1.1922882836462527,0.0,0,0.19473479465000154,24.510042505126265,4.7729580940985725
4412,0.0,0.0,381.0,0.0,,2,3,40000.0,8.56,0.49636474,0.3584155164613652,0.554441064605534,0.0,0,0.12299014802670771,24.510042505126265,3.0144937558463774
4413,4.0,285.0,539.0,13.25,6.393344937640716,18,3,20000.0,63.160000000000004,6.4018226,6.331589479653175,6.087524364922367,285.0,1,0.4781086243366641,13.639965073575112,6.521384937327142
4417,6.0,379.0,694.0,10.031666666666666,4.869953631640059,30,2,80000.0,70.05,4.8671603,4.8694939374350135,5.081731985142763,379.0,1,0.4790353095481001,10.369853754491327,4.967526103251281
4419,9.0,300.0,345.0,11.614444444444445,19.878294221449597,38,1,40000.0,114.78999999999999,19.930378,19.956843628703556,19.610039150222356,300.0,2,1.7158754167186892,11.816831189797302,20.276210142087848
4420,0.0,0.0,305.0,0.0,,3,3,60000.0,6.13,0.6649057,0.6607362039469271,0.6562975656987868,0.0,0,0.1433534854766131,24.510042505126265,3.513600022289788
4422,1.0,7.0,371.0,11.68,1.4418834247407268,5,3,40000.0,17.14,1.4222723,1.4220122105558755,1.4273832239999784,7.0,0,0.11066315957061314,13.290070325317128,1.4707211731152399
4423,2.0,492.0,649.0,17.305,4.7308997744336265,9,3,40000.0,50.32,4.738019,4.767311118117791,4.67240252767121,492.0,1,0.2712966306890503,17.78735418074064,4.825649258107728
4425,0.0,0.0,230.0,0.0,,2,1,120000.0,8.99,0.9889688,1.0394438114108597,0.8768807729634958,0.0,0,0.17137217055785858,24.510042505126265,4.200339184568862
4426,2.0,367.0,402.0,16.325000000000003,6.77527909386815,17,5,20000.0,51.980000000000004,6.320804,6.594654242054273,7.02999205530853,367.0,1,0.4095822421615927,16.872961995932503,6.910865606201377
4429,0.0,0.0,325.0,0.0,,3,4,40000.0,9.86,0.58286256,0.6213972747742565,0.6502348359193224,0.0,0,0.1373671217171905,24.510042505126265,3.3668739920951927
4431,3.0,455.0,694.0,14.213333333333333,4.950610873595863,20,4,140000.0,53.870000000000005,4.5772223,5.257867183078859,5.037621572038386,455.0,1,0.3439115914975153,14.683376771384514,5.049783474004497
4434,0.0,0.0,384.0,0.0,,3,1,20000.0,13.74,0.4532899,0.36349971209938503,0.4740007407326967,0.0,0,0.12230452905678364,24.510042505126265,2.9976892057512172
4436,5.0,384.0,423.0,13.223999999999998,11.536248613694289,21,1,40000.0,73.03999999999999,11.597421,11.430246811696167,11.660438153017946,384.0,1,0.8691429947811873,13.538873397736786,11.7672169708723
4437,3.0,234.0,340.0,11.520000000000001,7.322491949418893,19,2,80000.0,58.29,7.4173107,7.825767853081188,7.608462904961529,234.0,1,0.616611802352314,12.11299375535119,7.469014911369423
4438,0.0,0.0,368.0,0.0,,4,3,20000.0,7.02,0.7129181,0.3766819841077303,0.6267024702196782,0.0,0,0.12605234237503457,24.510042505126265,3.089548269482826
4440,0.0,0.0,489.0,0.0,,3,1,60000.0,17.53,0.3497159,0.2397159425135523,0.2924918707737163,0.0,0,0.10234158565660027,24.510042505126265,2.508396614485293
4443,3.0,572.0,702.0,12.479999999999999,4.649016388945275,13,0,140000.0,45.809999999999995,4.6376348,4.704450746322343,4.674465164963393,572.0,1,0.36396399599023654,13.029169879877918,4.742148733915998
4444,0.0,0.0,303.0,0.0,,5,1,40000.0,11.46,0.63793415,0.6688633143145443,0.6541139456816198,0.0,0,0.14398100063415373,24.510042505126265,3.5289804454737195
4445,8.0,605.0,711.0,13.2725,11.51292960771111,33,2,60000.0,129.5,11.538897,11.819195500331944,11.839951231592025,605.0,1,0.8718010417884304,13.47052193130242,11.74361505314335
4447,0.0,0.0,170.0,0.0,,6,4,20000.0,31.78,1.5055999,1.610208858884236,1.455753859749433,0.0,0,0.20316893847156126,24.510042505126265,4.9796793176593495
4451,0.0,0.0,400.0,0.0,,6,4,100000.0,38.64,0.6865957,0.5019155051947698,0.6553925475989306,0.0,0,0.11877343970124449,24.510042505126265,2.9111420555575536
4453,3.0,376.0,600.0,14.366666666666667,5.560648874875123,14,1,80000.0,56.52,5.554159,5.648271809827986,5.508031388192738,376.0,1,0.3824767678088351,14.829710457940868,5.672019723494103
4454,0.0,0.0,122.0,0.0,,4,2,80000.0,24.29,2.2899742,2.036484449981925,1.8747611084731597,0.0,0,0.2386305314963922,24.510042505126265,5.848844469997445
4455,0.0,0.0,148.0,0.0,,3,4,40000.0,5.94,1.8235117,1.7701093175805669,1.7364008355222547,0.0,0,0.21801279100972798,24.510042505126265,5.343502774309642
4457,1.0,40.0,706.0,7.54,0.44522042418339675,5,2,40000.0,12.879999999999999,0.4261707,0.5278595294072225,0.5613286984023507,40.0,0,0.04696526799341888,9.669608054373725,0.4541357336649837
4459,0.0,0.0,80.0,0.0,,4,1,40000.0,15.28,2.7203364,2.434927616118919,2.467187191704439,0.0,0,0.28171988021022193,24.510042505126265,6.904966238491619
4460,3.0,261.0,447.0,12.21,5.9508693698016195,17,0,60000.0,61.7,5.955082,6.032224497575998,5.976602568290565,261.0,1,0.47527731323712524,12.771495344854777,6.0700019935230305
4461,2.0,417.0,696.0,10.315,2.626750179461232,13,1,40000.0,23.57,2.5973012,2.465377173458558,2.7002171020740016,417.0,0,0.23784192704786306,11.265311964609117,2.6793635064579804
4462,0.0,0.0,330.0,0.0,,4,0,80000.0,8.82,0.5251045,0.603586152893807,0.7309996952539377,0.0,0,0.13594797969925101,24.510042505126265,3.332090760914685
4463,2.0,40.0,426.0,12.14,2.059280796955743,11,5,120000.0,34.58,2.0870767,2.091687448514562,2.263559855468981,40.0,0,0.16197359558158458,12.968134145501825,2.1004953155312505
4465,0.0,0.0,625.0,0.0,,3,5,80000.0,18.97,-0.021673601,0.18151213960988608,0.155725682613582,0.0,0,0.08448692905207998,24.510042505126265,2.0707782221940674
4466,0.0,0.0,454.0,0.0,,4,0,20000.0,20.84,0.21305175,0.3019998188865817,0.4411742845902742,0.0,0,0.1082292523705285,24.510042505126265,2.652703575899691
4467,3.0,533.0,623.0,14.51,5.953904069016678,12,0,40000.0,49.24,6.0153813,6.0854282199506216,5.823780350137413,533.0,1,0.40578340073322733,14.966500643200066,6.073157528073756
4470,0.0,0.0,518.0,0.0,,5,2,40000.0,9.24,0.2637333,0.2505243314837759,0.21990904413578338,0.0,0,0.09792802324560866,24.510042505126265,2.4002200121928614
4471,0.0,0.0,488.0,0.0,,4,3,40000.0,22.52,0.28537273,0.26227872641564015,0.29472751997440394,0.0,0,0.10250089180025464,24.510042505126265,2.5123012148375894
4475,0.0,0.0,345.0,0.0,,3,2,20000.0,9.05,0.51781005,0.5189018165638951,0.6485373885251837,0.0,0,0.13186148133598377,24.510042505126265,3.231930512333876
4476,0.0,0.0,405.0,0.0,,6,5,60000.0,17.02,0.5788587,0.2905702410131533,0.47306001248850116,0.0,0,0.11771147083906863,24.510042505126265,2.885113153606503
4477,4.0,186.0,320.0,9.0025,7.30034111389398,18,2,60000.0,46.57,7.279726,7.475300502030542,7.146656329271165,186.0,1,0.7805829511466427,9.539567240308159,7.446423549101577
4479,0.0,0.0,523.0,0.0,,4,1,40000.0,7.1,0.27012828,0.24758052257746216,0.2652266418483693,0.0,0,0.09720529198567981,24.510042505126265,2.3825058382922215
4483,0.0,0.0,259.0,0.0,,2,0,40000.0,4.73,0.7634558,0.7373270617097094,0.6283175200770312,0.0,0,0.15932799961681487,24.510042505126265,3.9051360428648736
4484,1.0,13.0,238.0,20.79,4.298295734808367,8,3,60000.0,33.65,3.9982378,4.159209772509159,4.592504520575991,13.0,1,0.20624780592066602,21.256836336982442,4.384175855317316
4485,3.0,238.0,307.0,14.853333333333333,10.187550293299353,14,3,80000.0,62.78,10.152095,10.022604302046329,10.356410076570207,238.0,1,0.6794335070460235,15.294160854402334,10.391365346632584
4486,4.0,309.0,369.0,20.62,15.807570865394396,24,1,120000.0,92.02,15.78705,15.78140974605955,15.79856876515386,309.0,2,0.7768816486971566,20.75472246761336,16.123963008891383
4487,1.0,219.0,588.0,9.25,1.3750550680691216,5,2,40000.0,19.79,1.4042035,1.4121794378943426,1.4835301739235716,219.0,0,0.1256228567081938,11.165016383676434,1.4025812533112207
4488,0.0,0.0,175.0,0.0,,3,1,80000.0,28.78,1.6738014,1.517197063679635,1.3465177465247713,0.0,0,0.2000738733726144,24.510042505126265,4.903819140528029
4490,7.0,549.0,596.0,19.944285714285716,17.835010182180486,36,4,20000.0,147.13,17.8412,17.248239266454128,17.663946716026956,549.0,2,0.907979843638443,20.03600375461935,18.192287556258535
4491,1.0,130.0,483.0,8.51,1.373089821160378,9,1,20000.0,19.740000000000002,1.3843827,1.2753297656930822,1.262961215115249,130.0,0,0.13316053001388292,10.517880615440173,1.4005665573747585
4494,0.0,0.0,201.0,0.0,,1,2,20000.0,1.58,0.9181872,1.18958711661256,1.0199092872006537,0.0,0,0.1853922040526247,24.510042505126265,4.543970801448872
4495,7.0,116.0,334.0,14.775714285714287,7.079533256451034,37,5,40000.0,106.17,7.0770044,8.4525175577406,7.508742259817963,116.0,1,0.4823397113204288,14.971259854422629,7.221233156285336
4497,9.0,592.0,647.0,12.527777777777779,13.361568336963835,41,3,40000.0,128.38,13.363314,13.546286458833583,13.154822380831362,592.0,1,1.0718348075695898,12.71583044107521,13.629269673897381
4498,6.0,348.0,505.0,12.936666666666667,10.57459915026695,26,2,80000.0,90.45,10.581466,10.598612823153434,10.61458074937505,348.0,1,0.8167169548088835,13.20699852673015,10.78637961891646
4499,2.0,134.0,214.0,9.875,6.274913116705275,12,4,140000.0,41.95,6.4494267,6.754488575088062,6.617351311604422,134.0,1,0.5896330821496673,10.854768534695259,6.4003306271335925
4501,0.0,0.0,362.0,0.0,,3,4,40000.0,19.49,0.507484,0.35728399441239955,0.5724590381323518,0.0,0,0.12751777225870436,24.510042505126265,3.125466018219855
4503,1.0,17.0,497.0,5.83,0.5983947677654731,11,1,60000.0,15.48,0.62448776,0.6588561913764491,0.6427165400490615,17.0,0,0.0746702867826916,8.174199725071015,0.6103698376900515
4504,0.0,0.0,166.0,0.0,,5,4,40000.0,13.2,1.4635222,1.6345348575553835,1.3642196182921262,0.0,0,0.20571505014536728,24.510042505126265,5.042084623007133
4507,4.0,466.0,615.0,13.5525,6.975645961594784,22,4,60000.0,68.34,6.9538074,7.027527846517381,7.036609013230203,466.0,1,0.5107220231780807,13.931988697957278,7.115373454714895
4508,2.0,238.0,319.0,17.34,8.151043452039314,13,0,40000.0,47.53,8.205812,8.43326909461253,8.150337748872683,238.0,1,0.46655922567818336,17.82001104448379,8.314090554491031
4510,2.0,459.0,465.0,15.47,5.860976011484719,13,2,40000.0,36.02,5.8513217,6.007812114722026,5.627801482534457,459.0,1,0.37189554486161486,16.07520146734989,5.9782958084603175
4514,2.0,34.0,86.0,16.939999999999998,15.565791120238748,12,4,20000.0,45.54,15.560898,15.320861466489347,15.262053725037475,34.0,2,0.9099868566423682,17.446789744562096,15.876349358154368
4515,0.0,0.0,581.0,0.0,,3,1,40000.0,20.45,0.12250769,0.16611813233143283,0.22658975111197854,0.0,0,0.08954032607580474,24.510042505126265,2.19463719804084
4516,0.0,0.0,345.0,0.0,,3,0,40000.0,16.45,0.42689207,0.5043854006786057,0.6683341895313104,0.0,0,0.13186148133598377,24.510042505126265,3.231930512333876
4518,4.0,397.0,652.0,10.602500000000001,4.80405683478378,18,4,60000.0,61.64,4.7216077,4.9453220478489754,5.0160693896629684,397.0,1,0.4420989432060702,11.084155005635322,4.900293214323649
4520,2.0,34.0,112.0,7.25,6.464169519698372,13,4,80000.0,19.79,5.235039,6.801647275118524,6.410959696995155,34.0,1,0.7843909286421927,8.405503753959172,6.593200895273472
4522,2.0,477.0,575.0,24.159999999999997,7.247009209496639,15,1,40000.0,75.92,7.966626,7.146499401718336,7.755300409594629,477.0,1,0.30566891535405744,24.18343420814859,7.392124103940988
4524,1.0,77.0,242.0,6.24,2.170866138563294,9,1,40000.0,16.009999999999998,2.1584742,2.0131396401031694,2.124410785144936,77.0,0,0.25949926543724416,8.532747920985699,2.214241817656961
4525,3.0,188.0,615.0,25.046666666666667,5.4054108464873005,21,5,40000.0,88.56,6.257751,5.7542733048558885,6.032997977721284,188.0,1,0.22035164630773635,25.022169843300734,5.51367631916311
4527,6.0,613.0,623.0,11.508333333333333,8.890188961768306,33,0,20000.0,80.85,8.870695,9.03378665442922,8.904436453543088,613.0,1,0.7677162008619661,11.812028320299472,9.068285506534261
4528,1.0,399.0,657.0,8.3,1.4017256263373217,10,2,80000.0,25.18,1.574523,1.5085431674499288,1.3363169207404075,399.0,0,0.13835482344482705,10.334233978508262,1.4297911175340432
4531,1.0,94.0,342.0,7.76,1.8043095629850003,9,1,100000.0,18.0,1.8164477,1.9780687999950903,1.7655321386830423,94.0,0,0.18661422927779403,9.861999769254775,1.8403894860772623
4534,3.0,242.0,657.0,8.92,2.325182381675744,17,2,40000.0,40.62,2.3031323,2.290422247238835,2.4696994318602874,242.0,0,0.24624542077812378,9.631683418091297,2.371757936089569
4537,0.0,0.0,546.0,0.0,,4,4,120000.0,12.85,0.27032423,0.16273149194817696,0.2251379441014345,0.0,0,0.09401373854692159,24.510042505126265,2.304280727850876
4538,0.0,0.0,88.0,0.0,,3,3,40000.0,13.72,2.697692,2.511985285527335,2.255947594781854,0.0,0,0.27234600380596685,24.510042505126265,6.675212129385527
4540,0.0,0.0,643.0,0.0,,2,4,40000.0,8.78,0.17754589,0.1755457397161351,0.19680464445033152,0.0,0,0.08258043646465664,24.510042505126265,2.024050007840613
4541,7.0,487.0,594.0,17.53857142857143,15.330905428731715,32,1,60000.0,133.19,15.341999,15.459781531185577,15.158299487166603,487.0,2,0.8845725425740744,17.678616046512307,15.638018345454222
4543,3.0,486.0,733.0,12.486666666666666,4.211345382511578,16,4,20000.0,41.67,4.1874433,4.027491468055922,4.270978753800847,486.0,1,0.32953888263987646,13.03553221407602,4.295714720442727
4544,2.0,392.0,719.0,9.185,2.2286957189193575,11,4,80000.0,31.15,2.2247365,2.1992645240940902,2.2342896006479993,392.0,0,0.22263702215851702,10.210961792330345,2.2733381268188215
4545,2.0,348.0,445.0,11.92,4.617190649109094,11,0,20000.0,32.65,4.6072106,4.660081279931485,4.604399239583731,348.0,1,0.3690086311756185,12.762862430544896,4.709606395378099
4547,3.0,533.0,652.0,8.43,3.478881422703089,15,4,40000.0,33.3,3.5386903,3.452362098170422,3.494115880102131,533.0,0,0.3872267384208488,9.164051854530777,3.5485659103494838
4548,0.0,0.0,359.0,0.0,,3,2,40000.0,22.54,0.4314693,0.4009352885014597,0.6056225164821791,0.0,0,0.12826335965577032,24.510042505126265,3.143740397013228
4552,2.0,305.0,712.0,8.575,1.8848263235318858,12,2,20000.0,39.53,1.9250611,1.9448595139928393,1.7162350226429917,305.0,0,0.1994005680996136,9.641799309949768,1.922580259906446
4553,0.0,0.0,347.0,0.0,,3,1,20000.0,10.49,0.46891066,0.5239862652963707,0.6618612705346187,0.0,0,0.13133513331404104,24.510042505126265,3.21902969994357
4555,0.0,0.0,317.0,0.0,,2,1,40000.0,8.85,0.63348216,0.6542138664435285,0.6507319931727542,0.0,0,0.1397005387798407,24.510042505126265,3.4240661434829356
4556,4.0,570.0,631.0,16.674999999999997,8.656938764963776,20,2,40000.0,72.44,8.656762,8.705384185256799,8.377203404906771,570.0,1,0.5210768517277364,16.94634825872857,8.830349798940091
4557,0.0,0.0,379.0,0.0,,2,5,60000.0,7.38,0.6404676,0.3604590588448622,0.5347880723214438,0.0,0,0.12345152023465684,24.510042505126265,3.0258020082738946
4558,1.0,104.0,136.0,7.92,4.277196203458966,9,3,80000.0,48.52,4.274468,3.9940415749513103,4.308612810544306,104.0,1,0.4361705447995897,10.001921016440992,4.362543338783533
4561,1.0,14.0,252.0,32.84,6.049902634994504,7,2,40000.0,41.39,6.037821,5.937769317162917,5.638916364438993,14.0,1,0.19408280954662155,31.794655265694523,6.170796022532278
4562,5.0,478.0,542.0,12.308,8.865995048887669,27,1,40000.0,66.46000000000001,8.828865,8.514992505579464,8.758380194669183,478.0,1,0.7149952579693032,12.648429214330239,9.04356690900652
4564,4.0,373.0,717.0,12.595,4.595564226239627,15,4,20000.0,53.24,4.7337546,4.319779975788642,4.412774131968458,373.0,1,0.36037526816870025,13.007649457144305,4.687635161362827
4566,1.0,7.0,386.0,20.38,2.1351784827544265,11,1,40000.0,46.15,2.0932732,1.8850250604163954,2.1867539107196317,7.0,0,0.10421359692926287,20.898288141067756,2.177885776844829
4567,1.0,104.0,580.0,3.0,0.5196806589801265,9,5,60000.0,25.74,0.49658138,0.3602070697283148,0.466150273635904,104.0,0,0.09300783054978053,5.6993426654647745,0.5300834968746823
4568,2.0,515.0,644.0,12.285,3.552744911554175,14,2,140000.0,36.37,3.53445,3.5449559627151266,3.553812975534457,515.0,0,0.2765610689139177,13.103426866723437,3.623897740696381
4570,0.0,0.0,427.0,0.0,,2,5,120000.0,17.9,0.47729442,0.3002817949454804,0.4638160126175963,0.0,0,0.11325614831071604,24.510042505126265,2.7759130090625344
4571,7.0,299.0,364.0,12.51142857142857,16.15245208346019,36,5,40000.0,97.07,15.633899,16.004926274714805,16.115533172544502,299.0,2,1.2919699566819858,12.752459665972706,16.475794762235527
4573,0.0,0.0,21.0,0.0,,4,5,60000.0,9.36,4.6366687,3.1444827689368986,3.7917157470589333,0.0,0,,24.510042505126265,
4576,0.0,0.0,330.0,0.0,,2,1,80000.0,14.33,0.5523679,0.6200709246365174,0.7175619230979349,0.0,0,0.13594797969925101,24.510042505126265,3.332090760914685
4579,14.0,318.0,364.0,13.917857142857143,34.39996811556769,67,2,60000.0,209.05,34.416233,34.72539131752164,34.469010693848745,318.0,2,2.501808564310629,14.025325777499862,35.088680147395785
4582,2.0,429.0,507.0,10.96,3.9443015813184408,10,2,,39.8,,,,429.0,0,0.33902605003674,11.867131310732843,4.023266653545077
4583,2.0,139.0,258.0,13.31,6.972650176581963,11,5,40000.0,48.019999999999996,6.9681087,7.240495260042466,6.966772353377275,139.0,1,0.5058438595144457,14.059806447772766,7.112066757567464
4584,2.0,355.0,597.0,3.9450000000000003,1.4111499282058877,10,1,140000.0,12.07,1.3950245,1.3115608805116552,1.3935564871488006,355.0,0,0.2704759039381268,5.321762763356213,1.4394085939630352
4586,2.0,104.0,166.0,11.375,8.246796268288564,13,3,20000.0,29.28,8.261254,8.036000151238667,8.18622370405178,104.0,1,0.6864126550703011,12.254348409401594,8.41153982785387
4587,0.0,0.0,557.0,0.0,,4,5,20000.0,23.31,0.21043019,0.16840014561078817,0.24531202384101736,0.0,0,0.09256034713082945,24.510042505126265,2.2686580424658715
4589,4.0,155.0,613.0,16.2075,2.466001674485855,18,3,20000.0,97.83,2.4519157,2.655831736449684,2.194848760023665,155.0,0,0.15249417372213614,16.495039021047038,2.5153973460289616
4592,5.0,295.0,378.0,8.632,8.154520274423561,28,1,120000.0,62.82,9.145933,9.352898736709163,9.052830693045818,295.0,1,0.9165581617429445,9.074987273061165,8.317753652837558
4595,1.0,263.0,455.0,8.5,1.9029789587427182,9,5,40000.0,19.310000000000002,1.9051002,1.8329087866415432,1.8890227061994826,263.0,0,0.1847016573878989,10.509135537491035,1.941054751488662
4597,4.0,478.0,669.0,14.795000000000002,6.923250787366978,18,2,60000.0,69.65,6.9262495,6.725532832389309,6.675954812391201,478.0,1,0.4667061385414684,15.131457634469156,7.061944163086921
4598,3.0,298.0,319.0,14.530000000000001,10.005646166306839,17,2,40000.0,56.47,9.998897,9.816046722832876,9.917271154533942,298.0,1,0.6810434294796915,14.985587645794373,10.205836003060297
4599,2.0,49.0,571.0,12.045,1.173789157355608,16,3,40000.0,48.03,1.1347688,1.1915388244824525,1.0616743915843267,49.0,0,0.09296118096620894,12.879494086770423,1.197292980553483
4600,0.0,0.0,233.0,0.0,,3,3,20000.0,3.64,0.8158617,1.0480982555745288,0.9103552079999302,0.0,0,0.17004221694566787,24.510042505126265,4.167741965004221
4606,2.0,235.0,637.0,15.49,3.2156079796636026,12,1,40000.0,37.730000000000004,3.1483583,3.0606835944975375,3.121319208443639,235.0,0,0.20380488067562721,16.093862532345973,3.2800077330147186
4607,0.0,0.0,266.0,0.0,,4,0,20000.0,10.29,0.54089624,0.7439685434539756,0.6058002849542401,0.0,0,0.15667074957986432,24.510042505126265,3.8400067315124673
4608,1.0,273.0,588.0,5.88,1.1081246904493842,9,0,40000.0,27.259999999999998,1.0962062,0.9332414982642397,1.0977594666158526,273.0,0,0.13754170097421953,8.217925114816708,1.1303073987706485
4609,4.0,308.0,498.0,17.357499999999998,9.698323572104094,16,2,60000.0,75.19,9.653554,9.595908899344497,9.360994269447868,308.0,1,0.5619091880022665,17.60521147737594,9.892530085860496
4610,4.0,410.0,683.0,7.13,3.188166381527921,18,1,40000.0,52.06,3.1875362,3.1204575470770486,3.2048844582404024,410.0,0,0.42059900788257887,7.731916871198716,3.2520365650567533
4614,3.0,411.0,453.0,7.609999999999999,4.327107128547346,15,2,40000.0,57.839999999999996,4.9719296,4.4988071797153575,4.564020336995694,411.0,1,0.5266053778537917,8.381484748164196,4.413734942782798
4615,2.0,554.0,671.0,17.115,4.648994120176193,13,2,120000.0,52.25,4.646294,4.690918959548933,4.765069977597318,554.0,1,0.2692838047524689,17.610074063277835,4.742107745732225
4616,0.0,0.0,75.0,0.0,,5,1,40000.0,15.11,2.759991,2.434927616118919,2.4578027997815406,0.0,0,0.2879154912006713,24.510042505126265,7.05682092721276
4617,0.0,0.0,646.0,0.0,,2,4,120000.0,3.44,0.0961073,0.16731483157215596,0.18660576206272506,0.0,0,0.08227102746462062,24.510042505126265,2.0164663800982616
4618,4.0,573.0,637.0,11.135,5.875114547304558,22,3,60000.0,62.43,5.9141216,5.942197911544991,5.8573520467804165,573.0,1,0.5167005490464778,11.598213121283269,5.992803087725128
4619,2.0,306.0,442.0,4.195,1.9650204940657026,11,4,60000.0,26.47,1.929139,1.978427721492673,2.0641689006323833,306.0,0,0.360817577346526,5.555026075807269,2.0043510507695577
4620,11.0,204.0,303.0,9.313636363636364,18.043259194928435,46,1,40000.0,113.11999999999999,18.045208,18.910022311480507,18.168329743082626,204.0,2,1.9354029786975522,9.509328027267294,18.40438178938524
4621,0.0,0.0,666.0,0.0,,4,3,20000.0,41.04,0.12223071,0.0042830717276759476,0.2618368787254868,0.0,0,0.080266148098128,24.510042505126265,1.967326701607877
4622,0.0,0.0,221.0,0.0,,1,1,20000.0,5.83,0.9150228,1.0648634841796807,0.8823202267077113,0.0,0,0.1754902049111795,24.510042505126265,4.301272381606328
4623,1.0,348.0,659.0,2.63,0.6898785868455117,8,3,100000.0,13.190000000000001,0.6972684,0.6260444385439721,0.5841775481800022,348.0,0,0.13090047566687954,5.375774781346644,0.7036914759562911
4626,1.0,399.0,667.0,34.83,4.465501473249422,9,1,120000.0,45.64,4.443014,4.743569280636066,4.581783396160573,399.0,1,0.13582592943104915,33.534925777573115,4.554912462140117
4627,0.0,0.0,75.0,0.0,,5,4,80000.0,18.93,2.805214,2.1609651888865336,2.45779812123657,0.0,0,0.2879154912006713,24.510042505126265,7.05682092721276
4628,0.0,0.0,96.0,0.0,,4,0,20000.0,6.72,2.5984836,2.3307517733617287,2.287430510776951,0.0,0,0.26357899000097273,24.510042505126265,6.460332248382093
4630,0.0,0.0,484.0,0.0,,5,2,60000.0,9.41,0.3636718,0.25454427156842296,0.248742610881874,0.0,0,0.10314311236839412,24.510042505126265,2.5280420682603544
4633,4.0,433.0,583.0,9.6925,5.306065796383339,19,1,60000.0,56.84,5.3105154,5.546416709144885,5.433228156156181,433.0,1,0.5303269832706137,10.2056707141055,5.412342562064819
4634,0.0,0.0,366.0,0.0,,4,4,20000.0,18.29,0.7048553,0.3653119989567332,0.6105742500409583,0.0,0,0.12653705642855984,24.510042505126265,3.101428631537562
4635,0.0,0.0,213.0,0.0,,5,4,40000.0,24.15,1.1251754,1.070054964131292,0.9136167238495387,0.0,0,0.17932093699861923,24.510042505126265,4.3951637878952265
4637,0.0,0.0,272.0,0.0,,4,4,40000.0,21.66,0.60709697,0.702151566214249,0.568336023256685,0.0,0,0.15446281008540655,24.510042505126265,3.7858900406545604
4642,2.0,386.0,628.0,9.83,2.7784309982286803,10,5,60000.0,29.259999999999998,2.813417,2.6925797271829213,2.7819708100632097,386.0,0,0.26210408632178367,10.812781138454069,2.8340741208919193
4643,1.0,125.0,429.0,2.71,0.8212205757376716,5,2,80000.0,8.32,0.82038885,0.7321910648200527,0.7812630829696436,125.0,0,0.15381761469749172,5.445735404939754,0.8376500302615121
4644,0.0,0.0,502.0,0.0,,2,3,140000.0,3.29,0.27065068,0.24630019944849874,0.20779784091656595,0.0,0,0.10031482016445777,24.510042505126265,2.458720506124957
4646,0.0,0.0,60.0,0.0,,6,3,40000.0,20.83,3.1683419,3.2792407210361527,2.9600038179425376,0.0,0,0.30826494274662536,24.510042505126265,7.555586849560102
4647,2.0,235.0,269.0,15.655000000000001,8.560852047583428,13,1,80000.0,35.04,8.497442,8.162124851843059,8.151751444086319,235.0,1,0.5374284537257097,16.24781631856367,8.732038800505027
4649,1.0,158.0,696.0,8.71,0.8818645061835755,8,3,20000.0,29.060000000000002,0.8717488,0.828744399415198,0.9200711890239344,158.0,0,0.08412431518645208,10.692782174422948,0.8995229778612326
4651,2.0,547.0,636.0,2.605,1.1328785018992398,6,3,140000.0,7.25,1.1421895,1.2701540669753013,1.1847098592318925,547.0,0,0.28382045770056924,4.071471408618553,1.155566878708899
4652,0.0,0.0,28.0,0.0,,6,3,40000.0,27.32,4.332893,4.189930476417521,3.845113866925383,0.0,0,,24.510042505126265,
4653,0.0,0.0,65.0,0.0,,5,3,60000.0,8.19,2.8685188,2.2516512075969466,2.920269206388159,0.0,0,0.30116750118798463,24.510042505126265,7.381628255280168
4655,9.0,250.0,359.0,10.181111111111111,15.357048292463514,36,4,60000.0,108.15,15.384179,15.177119511700834,15.606537154037856,250.0,2,1.5053324388930445,10.405992948740733,15.664478744631712
4657,3.0,456.0,512.0,13.25,6.448949972504749,14,2,80000.0,49.54,6.8826556,6.407641117025394,6.332783637327389,456.0,1,0.4779186536608496,13.764019479758733,6.578081658728002
4658,0.0,0.0,77.0,0.0,,6,2,40000.0,10.42,2.7220066,2.447622245721759,2.455666514357319,0.0,0,0.28540463701469876,24.510042505126265,6.9952797843904
4659,3.0,41.0,660.0,8.036666666666667,0.2967114895294043,18,3,40000.0,46.01,0.2939039,0.3612283723805587,-0.0918098287418454,41.0,0,0.03443692726344903,8.788674136842744,0.3026549319926093
4660,0.0,0.0,47.0,0.0,,2,2,60000.0,4.52,3.5358284,3.1699375073915523,3.0453836142293396,0.0,0,0.32839867730364003,24.510042505126265,8.04906553933946
4661,0.0,0.0,214.0,0.0,,6,3,40000.0,13.61,1.0312082,1.0665511213373624,0.9310617042783766,0.0,0,0.17883294871411068,24.510042505126265,4.3832031742999185
4662,0.0,0.0,171.0,0.0,,4,1,140000.0,8.16,1.3958603,1.5870790842182416,1.274991312745862,0.0,0,0.2025422618904496,24.510042505126265,4.964319448019335
4663,0.0,0.0,97.0,0.0,,3,2,60000.0,5.95,2.753826,2.315773163903923,2.2861130255610838,0.0,0,0.2625228472567665,24.510042505126265,6.434446144830117
4664,1.0,198.0,422.0,18.14,3.4094042510408933,7,2,40000.0,31.28,3.5324216,3.4736955796507356,3.7384149178547346,198.0,0,0.18361789098915648,18.9393906804607,3.4776109733658793
4666,2.0,53.0,160.0,20.17,12.833434140567787,11,3,100000.0,54.300000000000004,12.835024,12.876383613916204,12.87235250369417,53.0,1,0.6397571442052469,20.460551741429743,13.089784150960783
4667,0.0,0.0,246.0,0.0,,5,5,140000.0,20.2,0.8744951,0.9762645214128579,0.8120386895256964,0.0,0,0.16451041912116818,24.510042505126265,4.032157365195968
4670,7.0,693.0,707.0,13.502857142857144,10.727801989050477,34,1,40000.0,105.99000000000001,10.382363,10.630761891749723,10.755608257316325,693.0,1,0.7973456994334969,13.723972177508509,10.942750194881373
4671,0.0,0.0,108.0,0.0,,4,4,40000.0,19.73,2.4712133,2.3028715362476895,2.1520836583564567,0.0,0,0.25144289641055056,24.510042505126265,6.162876078634655
4676,15.0,486.0,524.0,13.198666666666666,26.935635294821274,63,0,40000.0,202.16,26.934301,26.95783291936558,26.587128449137825,486.0,2,2.0648945958817344,13.305853693725135,27.475185385766046
4677,2.0,10.0,620.0,5.155,0.29042696026502224,9,1,20000.0,25.49,0.2868371,0.4363258768067932,0.20859647248746604,10.0,0,0.04592378321729952,6.450757195619324,0.29624317503905684
4678,1.0,38.0,696.0,6.26,0.3987682775785205,8,0,60000.0,12.52,0.3923097,0.46753659184069357,0.4901524873084071,38.0,0,0.04757215150158504,8.550238076883975,0.40675322116814555
4680,0.0,0.0,597.0,0.0,,5,5,60000.0,16.12,0.18728507,0.17094399445853506,0.21407449708422543,0.0,0,0.08763421749103079,24.510042505126265,2.1479183956086443
4681,0.0,0.0,364.0,0.0,,2,0,40000.0,5.32,0.58212376,0.362165568222441,0.629824449168229,0.0,0,0.12702551848861482,24.510042505126265,3.1134008573916514
4682,0.0,0.0,672.0,0.0,,4,4,40000.0,18.1,0.046671897,0.16270258025640175,0.20472133275368254,0.0,0,0.07968361298697149,24.510042505126265,1.9530487412727024
4686,3.0,575.0,730.0,14.159999999999998,5.011276690772373,19,2,60000.0,54.379999999999995,5.034244,5.101912475065855,5.055605173303647,575.0,1,0.3493373540201677,14.632478097799694,5.111671181443402
4687,0.0,0.0,454.0,0.0,,6,3,40000.0,23.68,0.44879234,0.3041451044524838,0.42104260259860826,0.0,0,0.1082292523705285,24.510042505126265,2.652703575899691
4689,0.0,0.0,91.0,0.0,,5,3,80000.0,24.7,2.7435067,2.1144560439908116,2.283543524855635,0.0,0,0.26899050235431304,24.510042505126265,6.59296864617948
4690,0.0,0.0,34.0,0.0,,4,4,40000.0,15.05,4.544217,3.382779084337375,3.7301510123123913,0.0,0,,24.510042505126265,
4691,4.0,444.0,539.0,20.8975,11.968392385763838,22,2,100000.0,99.33,11.917278,11.94875757371125,11.851016936230955,444.0,1,0.5807120605721972,21.022611908162286,12.20808427979853
4692,0.0,0.0,607.0,0.0,,6,3,120000.0,15.22,0.14337325,0.15880080173494912,0.15206289627744596,0.0,0,0.08648360080319774,24.510042505126265,2.1197167316827485
4693,5.0,364.0,623.0,8.645999999999999,4.6873472982059745,26,2,40000.0,81.83,4.652347,4.552249339282273,4.842108735128818,364.0,1,0.5260707731582716,9.088596681977858,4.781245083411793
4695,0.0,0.0,619.0,0.0,,4,3,20000.0,7.98,0.16400371,0.1661434049662076,0.20157938244317997,0.0,0,0.08514215510884894,24.510042505126265,2.086837840695941
4697,0.0,0.0,442.0,0.0,,4,3,40000.0,4.14,0.37178448,0.29636303432358474,0.44942087768113037,0.0,0,0.11040716022865923,24.510042505126265,2.7060841900747237
4698,2.0,109.0,114.0,7.180000000000001,7.0867655962147555,11,2,60000.0,23.04,7.045133,7.33671606921829,6.775406768502621,109.0,1,0.8666744280831749,8.340190026472877,7.22822942129838
4699,0.0,0.0,546.0,0.0,,3,3,120000.0,22.91,0.26196223,0.1604015183940961,0.24965804204814823,0.0,0,0.09401373854692159,24.510042505126265,2.304280727850876
4700,5.0,579.0,608.0,8.315999999999999,5.6789369218346515,25,4,20000.0,72.2,6.573188,5.735672258268743,5.830739026609117,579.0,1,0.6606779905351509,8.76780347179864,5.7926947791550445
4707,2.0,166.0,477.0,7.01,2.1061974281747857,9,2,80000.0,22.17,2.0814502,1.9684002199039556,2.0512682522731325,166.0,0,0.26258517594030206,8.181570974006158,2.1483592536774756
4709,0.0,0.0,243.0,0.0,,2,4,100000.0,4.06,0.9832769,0.9878316681903312,0.8110177351222703,0.0,0,0.1657547211602531,24.510042505126265,4.062655261063155
4711,1.0,3.0,573.0,20.7,1.0737320467596787,6,3,40000.0,27.299999999999997,1.0984579,1.12395694783012,1.070489063824728,3.0,0,0.05171491740794482,21.178130635440194,1.0952252766664556
4712,0.0,0.0,438.0,0.0,,5,5,40000.0,22.97,0.5183674,0.2943919343368998,0.43957534953697497,0.0,0,0.11115276353048657,24.510042505126265,2.7243589586944745
4714,0.0,0.0,248.0,0.0,,2,3,40000.0,1.8,0.9701205,0.9853831367847795,0.7038864357644519,0.0,0,0.16369123642074296,24.510042505126265,4.012079162389083
4718,0.0,0.0,266.0,0.0,,5,1,40000.0,20.82,0.6424065,0.7632428350002036,0.5850637886619063,0.0,0,0.15667074957986432,24.510042505126265,3.8400067315124673
4719,1.0,462.0,533.0,21.17,3.879942143886213,8,0,20000.0,33.21,3.8984907,3.8101970070833775,3.8722846561752085,462.0,0,0.18331420872332688,21.589149299049712,3.957597820765065
4720,0.0,0.0,335.0,0.0,,3,2,40000.0,28.8,0.75981665,0.8669542670973096,0.6525023996448613,0.0,0,0.13455791013458157,24.510042505126265,3.2980200967995543
4722,1.0,537.0,641.0,31.02,4.636612981107146,6,1,40000.0,57.65,4.639927,4.56008073317683,4.577728184454118,537.0,1,0.15658828015872917,30.203051078951287,4.729443823999231
4724,1.0,271.0,319.0,5.15,1.9842183184536268,6,2,60000.0,12.45,1.9991903,1.9015270040904682,1.9359214672687513,271.0,0,0.2670203167579502,7.579534424529586,2.023889682915678
4726,0.0,0.0,654.0,0.0,,4,3,20000.0,6.84,0.10461331,0.1655296294444188,0.21029527240039325,0.0,0,0.0814571676716831,24.510042505126265,1.9965186419801497
4727,15.0,651.0,712.0,10.210666666666667,16.278243522819906,73,4,,178.81,,,,651.0,2,1.60488733112121,10.34616809521127,16.604434101655027
4730,1.0,23.0,528.0,9.71,0.7980199124482259,7,4,20000.0,14.18,0.7853139,0.7954590040049683,0.737481418506575,23.0,0,0.0703701316581896,11.567289969336812,0.8139917180706875
4731,13.0,299.0,359.0,14.133076923076924,32.31744921807718,61,3,20000.0,187.34,32.317284,34.69654483800008,32.239849540712555,299.0,2,2.3138836206272115,14.24637235508116,32.96444764577861
4732,5.0,265.0,298.0,11.822,13.262366174410054,28,1,60000.0,89.4,14.677354,14.832847004145021,15.494917261261056,265.0,1,1.1110178667973543,12.175988304793577,13.527740552541294
4736,0.0,0.0,185.0,0.0,,5,3,20000.0,21.23,0.970488,1.451809729548355,1.2399710321159159,0.0,0,0.1941591577482881,24.510042505126265,4.758849209170057
4738,0.0,0.0,153.0,0.0,,3,3,60000.0,12.49,1.8570086,1.7539858781434639,1.714194926475435,0.0,0,0.21445112082183881,24.510042505126265,5.256206086615237
4739,1.0,52.0,585.0,37.24,2.490886712191309,10,2,100000.0,45.64,2.483368,2.704504944744878,2.887802722498559,52.0,0,0.07128428626890092,35.642489563315536,2.5407494293676978
4742,5.0,271.0,337.0,15.595999999999998,15.577102790416436,23,3,20000.0,84.07,15.580205,15.544755602873012,14.923662007939454,271.0,2,1.0027872444528567,15.84469610847951,15.88885914981507
4743,0.0,0.0,669.0,0.0,,4,4,40000.0,15.21,0.11245796,0.16816192529232726,0.20846446176365419,0.0,0,0.07997381903467579,24.510042505126265,1.9601617038371797
4745,0.0,0.0,102.0,0.0,,5,2,20000.0,13.75,2.4314463,2.355759948307368,2.1913483232207795,0.0,0,0.257367226357713,24.510042505126265,6.3080816574539975
4747,0.0,0.0,327.0,0.0,,5,1,140000.0,8.19,0.5916713,0.6181733442691741,0.6553203082691343,0.0,0,0.13679591799310528,24.510042505126265,3.3528737645387774
4748,0.0,0.0,141.0,0.0,,4,2,60000.0,13.23,1.9662812,1.7947022842232323,1.7702071956829792,0.0,0,0.22320344838869827,24.510042505126265,5.470726007297751
4750,3.0,314.0,534.0,13.71,5.725772582438416,16,5,140000.0,46.1,5.6938014,5.439360432340161,5.508105217347548,314.0,1,0.4112104845335957,14.203020539427792,5.840430957858715
4753,0.0,0.0,310.0,0.0,,5,1,40000.0,16.68,0.6066508,0.6542138664435285,0.6173243076001569,0.0,0,0.141808414778532,24.510042505126265,3.4757302738063953
4756,0.0,0.0,363.0,0.0,,4,3,40000.0,13.82,0.5558257,0.3686539795633967,0.6048287105361956,0.0,0,0.1272711686519109,24.510042505126265,3.1194217533354296
4761,8.0,303.0,337.0,13.2675,20.769930118306455,34,2,20000.0,112.94,21.173197,19.18273110621,19.308139270100142,303.0,2,1.573316653893495,13.465610038613788,21.1856685285865
4763,0.0,0.0,699.0,0.0,,4,5,60000.0,8.4,0.09336354,0.13927659473144505,0.19014859027911069,0.0,0,0.0771635968156029,24.510042505126265,1.891283037798853
4766,3.0,284.0,329.0,13.346666666666666,8.956741002036779,16,2,40000.0,51.53,8.9856,8.926299816474591,9.217264198761582,284.0,1,0.6593370720696847,13.856273325631216,9.135954684318959
4767,9.0,495.0,639.0,18.301111111111112,18.268213857725854,51,3,140000.0,169.2,18.258226,18.27593117390424,17.887479203320268,495.0,2,1.0128085905777497,18.398555635284463,18.63421520163877
4768,0.0,0.0,300.0,0.0,,5,3,40000.0,11.88,0.62476975,0.671807123220858,0.6187034670500324,0.0,0,0.1449326626579582,24.510042505126265,3.5523057221276817
4771,11.0,318.0,366.0,12.236363636363636,24.1027231748372,51,2,40000.0,139.23,24.077932,23.6665652009311,23.551787707404408,318.0,2,1.9835755070469316,12.394417890398232,24.585263751498236
4774,1.0,561.0,648.0,9.26,1.7156526860694568,9,5,20000.0,19.23,1.7024763,1.6513344689991833,1.722894280973697,561.0,0,0.15661716601628117,11.173761461625574,1.7500028538617372
4775,2.0,254.0,302.0,17.09,8.5305233016695,10,2,80000.0,44.55,8.476656,8.406422801908358,8.424369439105448,254.0,1,0.4947556566191607,17.58674773203273,8.70114292195739
4776,1.0,104.0,586.0,6.55,0.7897920810103596,7,4,20000.0,18.23,0.85504043,0.7710856633913944,0.8216038626758824,104.0,0,0.09150572311718635,8.803845337408998,0.8056022338114798
4778,3.0,204.0,405.0,8.523333333333333,4.404614433411432,19,1,20000.0,35.51,4.424453,4.708810944262208,4.391032072011143,204.0,1,0.4855416720337219,9.253124533304211,4.49277755743678
4779,2.0,461.0,690.0,23.34,5.709966066302966,15,4,140000.0,61.629999999999995,5.757734,5.797172054278248,5.837307839778803,461.0,1,0.2487083452440102,23.41833054330913,5.824334237803676
4780,7.0,242.0,271.0,8.17,13.408910521113999,32,3,60000.0,65.56,13.406459,13.305278089088825,13.389803957904245,242.0,1,1.6094153772109479,8.49824277467977,13.677202600841454
4783,3.0,367.0,673.0,7.22,2.5442068075010815,17,3,20000.0,27.54,2.5451026,2.477227588901641,2.3653914684594985,367.0,0,0.3240202147455514,8.009288197575213,2.595171281737331
4784,1.0,326.0,480.0,15.12,2.9717738711859076,8,5,20000.0,31.619999999999997,2.9832442,3.1244787719481084,2.8817493581679314,326.0,0,0.18598421994721048,16.298377139820825,3.0312409587550238
4785,0.0,0.0,145.0,0.0,,4,3,60000.0,16.95,1.8259268,1.8067959680271493,1.7901164951738782,0.0,0,0.22020738069028414,24.510042505126265,5.397292260661385
4789,1.0,12.0,97.0,8.73,4.634049047435415,7,1,40000.0,23.96,4.6322665,4.624712422747587,4.675477563712533,12.0,1,0.44130052387602836,10.710272330321224,4.726448790225687
4791,0.0,0.0,392.0,0.0,,5,2,80000.0,26.38,0.49419263,0.33487792286366236,0.46709327179696825,0.0,0,0.12051308759359797,24.510042505126265,2.9537808993430907
4792,0.0,0.0,464.0,0.0,,4,4,80000.0,19.99,0.3213788,0.2826664975046536,0.28630996672373055,0.0,0,0.10647897679202478,24.510042505126265,2.6098042470748806
4796,1.0,33.0,258.0,21.28,4.413419832956101,9,4,40000.0,30.64,4.412427,4.224404167182443,4.241523851991968,33.0,1,0.20758796576099986,21.685345156490236,4.50161668786096
4797,1.0,129.0,277.0,3.65,1.5700575856160297,8,2,40000.0,34.06,1.5741957,1.729286356135991,1.6206292323878078,129.0,0,0.2555035883351802,6.267772732158788,1.6014384239359667
4798,0.0,0.0,446.0,0.0,,2,1,40000.0,4.81,0.3519942,0.29341922541727095,0.39092704417108326,0.0,0,0.10967150506130946,24.510042505126265,2.6880532506538652
4803,2.0,164.0,350.0,17.455000000000002,6.817228503980623,15,2,60000.0,42.97,6.766074,6.600639212140415,6.828460182712635,164.0,1,0.3878785218604965,17.927312168211277,6.953619344737482
4804,0.0,0.0,292.0,0.0,,7,4,80000.0,25.81,0.7100153,0.7777706807191979,0.5568765278148913,0.0,0,0.1475331624080695,24.510042505126265,3.6160440815374795
4807,6.0,272.0,285.0,10.03,13.852068924146554,27,3,80000.0,62.489999999999995,13.833043,14.078570843354074,13.234891732857921,272.0,2,1.3627440955883587,10.36822601796107,14.12923878770205
4808,0.0,0.0,653.0,0.0,,2,3,40000.0,11.66,0.121709555,0.17199791475794404,0.20995421895268418,0.0,0,0.08155801785658552,24.510042505126265,1.998990484298758
4810,2.0,323.0,611.0,15.115,3.914638292928405,13,5,20000.0,32.5,3.6716413,3.767564971827069,3.954865607674112,323.0,0,0.25362303147821597,15.74396756366939,3.993032780992533
4813,1.0,365.0,705.0,10.31,1.450531958090829,6,1,80000.0,36.81,1.4479417,1.4689317307411913,1.3900485053135263,365.0,0,0.12236013075045404,12.091994646285134,1.4795780459532393
4815,1.0,11.0,99.0,7.8,4.21483346245198,8,0,40000.0,13.71,4.230047,4.4239818440669225,4.191911590429356,11.0,1,0.4343625900170563,9.896980081051328,4.298877901352671
4819,2.0,422.0,523.0,7.3149999999999995,2.719857122956767,14,1,20000.0,26.07,2.6754322,2.6675377745851967,2.685657056230681,422.0,0,0.32769450515949555,8.466152215196445,2.774311560763766
4821,1.0,389.0,426.0,5.96,1.7916165717565242,7,0,120000.0,8.8,1.7720654,1.6830323065745112,1.870156492736502,389.0,0,0.2204976574729696,8.287885738409816,1.8274593907229972
4822,1.0,8.0,10.0,7.45,7.611930822734327,6,3,20000.0,17.12,7.5721827,6.024450697962744,7.1589450300881605,8.0,1,0.809445021031337,9.590902352831478,7.763308156697175
4823,2.0,121.0,273.0,13.245,6.362433968806911,19,3,40000.0,44.37,6.3667183,6.567843007274202,6.486561911818892,121.0,1,0.4635753035872904,13.999157986535492,6.489663913574631
4824,0.0,0.0,65.0,0.0,,6,5,40000.0,10.44,2.8345118,2.422167507267105,2.8555572111743666,0.0,0,0.30116750118798463,24.510042505126265,7.381628255280168
4825,1.0,340.0,698.0,21.6,2.592110127458847,9,3,120000.0,35.28,2.5805528,2.6114021074759575,2.646651612655048,340.0,0,0.1203729681491099,21.965187650862674,2.644014833486515
4826,2.0,101.0,228.0,10.045,5.710899869475808,12,5,60000.0,40.379999999999995,6.213218,6.281044821149136,5.681136092218043,101.0,1,0.528907132426848,11.013387587161976,5.825059247031282
4828,1.0,305.0,692.0,6.86,1.0339529522675548,9,4,80000.0,11.74,1.2364899,1.0450511823021609,0.89559697869809,305.0,0,0.11621634196353653,9.074942753832296,1.0546566503788921
4829,1.0,4.0,235.0,13.61,2.919645034213041,9,0,20000.0,20.2,2.914569,3.0088888204092474,2.9275458472078646,4.0,0,0.1988251905176775,14.977870369500888,2.977977929765091
4831,0.0,0.0,118.0,0.0,,4,0,40000.0,6.34,2.1339304,2.0898102787269837,2.014346179255786,0.0,0,0.24215537904174667,24.510042505126265,5.935238633158173
4832,0.0,0.0,218.0,0.0,,3,2,40000.0,17.63,0.9588262,1.061091776301437,0.8761023662641403,0.0,0,0.17690734136899733,24.510042505126265,4.336006456423006
4836,1.0,34.0,593.0,6.14,0.5138082486166657,7,5,60000.0,13.91,0.53739595,0.5331093275655429,0.5689632479933433,34.0,0,0.062057489861584436,8.445297141494311,0.5240939417363513
4838,1.0,419.0,460.0,14.36,3.1880757144325984,10,4,120000.0,22.03,3.1687176,2.857236285812456,3.117503652142435,419.0,0,0.20800291222358788,15.633751215686289,3.2518657818418055
4841,0.0,0.0,494.0,0.0,,5,5,60000.0,10.62,0.3624488,0.27419700206526954,0.20438962934467142,0.0,0,0.10155243312067087,24.510042505126265,2.4890544522866356
4843,1.0,336.0,363.0,3.74,1.5464015992455638,5,4,40000.0,11.790000000000001,1.5543668,1.4244864643983852,1.5496039846308642,336.0,0,0.24853598475658703,6.346478433701035,1.577328267256329
4844,1.0,38.0,514.0,9.57,0.9140984252220239,8,3,40000.0,21.43,0.91823584,0.9745415336277465,0.9323867543521294,38.0,0,0.08146824188953383,11.444858878048873,0.9323925314684643
4846,7.0,444.0,542.0,14.540000000000001,13.760316235227869,34,3,40000.0,121.3,13.733418,13.660629046051055,14.027068012985993,444.0,2,0.9522161619603053,14.740280654994088,14.035933471516206
4847,1.0,455.0,516.0,7.2,1.7353813972989232,10,3,40000.0,10.05,1.7362347,1.8259897925562611,1.7659232355218055,455.0,0,0.18886687043546577,9.37227540410301,1.7701123244322259
4848,0.0,0.0,210.0,0.0,,3,4,40000.0,5.54,1.0480604,1.0977587528103345,0.9068330645651752,0.0,0,0.18080105912566521,24.510042505126265,4.431441644141901
4850,0.0,0.0,591.0,0.0,,4,4,120000.0,20.58,0.057732813,0.161599848357626,0.18985845146033942,0.0,0,0.0883394137612674,24.510042505126265,2.1652027861666
4851,0.0,0.0,110.0,0.0,,4,4,60000.0,19.4,2.56841,2.281551208279828,2.1831415826780622,0.0,0,0.2495285581256958,24.510042505126265,6.115955565903674
4853,7.0,289.0,338.0,11.958571428571428,16.45791855952561,36,0,40000.0,89.16,16.477362,16.200037638723757,16.024756391864486,289.0,2,1.3748045222523324,12.210708452767586,16.787337200769656
4855,0.0,0.0,363.0,0.0,,4,1,100000.0,29.16,1.0789384,0.510746309614438,0.6502789652065193,0.0,0,0.1272711686519109,24.510042505126265,3.1194217533354296
4856,0.0,0.0,31.0,0.0,,4,1,40000.0,8.27,4.5779057,3.3659085455163646,3.8274508251878836,0.0,0,,24.510042505126265,
4858,3.0,338.0,494.0,4.76,2.568066140504669,14,1,40000.0,20.29,2.5802598,2.4070491970926655,2.55355784193944,338.0,0,0.4626768897945345,5.661586878475468,2.6194854082345764
4861,3.0,542.0,604.0,14.133333333333333,6.0113148226356365,14,2,60000.0,47.5,5.998551,5.862049725818364,5.809602578157179,542.0,1,0.4197782468487924,14.607028761007287,6.131712924965527
4864,0.0,0.0,164.0,0.0,,4,5,60000.0,7.89,1.4375983,1.694793184458952,1.4047267973353534,0.0,0,0.20701227447822165,24.510042505126265,5.073879646544078
4868,15.0,641.0,645.0,13.891333333333334,24.27478442998206,65,3,140000.0,231.25,23.944572,24.009197172409245,24.304447536748008,641.0,2,1.7696709262643915,13.99195662475055,24.761158840373493
4870,2.0,151.0,241.0,13.155000000000001,7.451538339358355,14,3,40000.0,44.31,7.3996615,7.453141005138958,7.791055362406639,151.0,1,0.5462026207393729,13.915183194053112,7.600509528660287
4871,2.0,241.0,321.0,5.654999999999999,3.153925960374318,9,2,80000.0,21.22,3.1090221,3.1550018062471867,3.086630621246318,241.0,0,0.4650691630574381,6.917283820521434,3.217015397040661
4873,2.0,343.0,587.0,9.955,2.9218410365233702,11,0,40000.0,37.61,2.9130445,2.8877048839982162,3.03833329489833,343.0,0,0.2726907874077535,10.929412794679596,2.9803501808855546
4875,2.0,405.0,552.0,13.114999999999998,4.1783245834382505,13,4,80000.0,46.98,4.47154,4.453983159613484,4.357115718343063,405.0,1,0.3071068647337664,13.87786106406094,4.261986400594567
4876,1.0,14.0,647.0,25.9,1.1437402203041105,10,2,20000.0,34.4,1.1397045,1.3150325955026978,1.2425745096133571,14.0,0,0.04534941902772408,25.725571168992293,1.166639706670169
4877,3.0,578.0,606.0,7.363333333333333,3.376358369300979,22,4,40000.0,33.35,3.3885326,3.3615060038769737,3.3822842729722638,578.0,0,0.4227779540428854,8.146078382834412,3.4439823521677093
4878,3.0,114.0,290.0,8.093333333333334,5.038402517778177,12,2,40000.0,37.33,5.010313,4.823229364479883,4.954051368974219,114.0,1,0.5811754646532115,8.842753977526614,5.139191651703064
4879,0.0,0.0,415.0,0.0,,4,3,100000.0,13.05,0.47493827,0.3127390174229972,0.4913299078311031,0.0,0,0.11564357702460484,24.510042505126265,2.834428988317908
4881,3.0,340.0,381.0,12.016666666666666,7.368224922763608,19,3,60000.0,43.3,7.3866587,7.223874985705234,7.233963821000392,340.0,1,0.5971001736564737,12.586987653109809,7.515692513483757
4882,0.0,0.0,154.0,0.0,,3,0,20000.0,3.34,1.5974407,1.7212782295980302,1.7190777576237029,0.0,0,0.21375275867066418,24.510042505126265,5.239089200605976
4884,0.0,0.0,169.0,0.0,,3,4,80000.0,14.96,1.4367418,1.6180938561563487,1.3541166267215372,0.0,0,0.20379951865485418,24.510042505126265,4.995134864754749
4888,0.0,0.0,324.0,0.0,,6,3,20000.0,11.02,0.43838003,0.6353359194336621,0.6726295700181897,0.0,0,0.13765451937606243,24.510042505126265,3.3739181209300173
4890,1.0,26.0,104.0,4.34,2.9759438252183172,5,0,40000.0,7.85,2.9719772,2.9863997247852065,2.978867502517069,26.0,0,0.4417420859302746,6.871183110649355,3.035290760107119
4891,0.0,0.0,26.0,0.0,,3,0,60000.0,4.0,4.641974,3.1699375073915523,3.8924161168317384,0.0,0,,24.510042505126265,
4892,7.0,424.0,689.0,20.752857142857145,12.63148251933362,38,5,40000.0,161.82999999999998,13.490824,12.495692131163759,14.184020390069499,424.0,1,0.6186076731329747,20.828332402356043,12.884566242661613
4898,0.0,0.0,462.0,0.0,,4,0,40000.0,15.84,0.31019723,0.29404584938253947,0.33684177014632777,0.0,0,0.10682448316645968,24.510042505126265,2.618272622998072
4900,0.0,0.0,664.0,0.0,,4,4,40000.0,8.96,0.122339666,0.16816192529232726,0.19284656848011839,0.0,0,0.0804622251336661,24.510042505126265,1.972132558083195
4901,1.0,4.0,312.0,7.82,1.3503939375007472,6,3,100000.0,20.060000000000002,1.3768378,1.4728798956219118,1.3629065468759443,4.0,0,0.1389274056477775,9.914470236949608,1.3773916283915149
4903,5.0,398.0,453.0,13.501999999999999,11.115310339048785,24,2,60000.0,77.16,11.083762,11.19105951776205,11.014747803130822,398.0,1,0.821042655078179,13.809117374796855,11.337874393689424
4906,0.0,0.0,376.0,0.0,,3,0,20000.0,9.4,0.37238315,0.3755788827624087,0.5577103816299465,0.0,0,0.12415011533694903,24.510042505126265,3.042924603924949
4907,2.0,164.0,190.0,14.73,10.00668981509079,14,4,20000.0,41.31,9.996552,10.257095461941692,9.72360764987235,164.0,1,0.6634265120353997,15.384742062494764,10.206645765085202
4909,1.0,300.0,686.0,7.46,1.0987294535953365,9,2,20000.0,18.61,1.1226707,1.1412662448948128,0.9823495601657841,300.0,0,0.11674698662563004,9.599647430780614,1.1207299102121082
4912,0.0,0.0,256.0,0.0,,3,3,40000.0,10.69,0.79911333,0.7716459889424429,0.6330748471583432,0.0,0,0.16049468158767974,24.510042505126265,3.933731467560736
4913,6.0,260.0,298.0,17.261666666666667,22.335304984046783,29,1,100000.0,120.43,21.693207,22.50192970045976,23.436957521635712,260.0,2,1.3069981630980798,17.430974822748357,22.78225207434098
4914,7.0,253.0,363.0,10.352857142857143,12.69494047460578,32,1,60000.0,75.59,12.668098,12.53476449496762,12.560254296705285,253.0,1,1.2173323728501602,10.637250148781648,12.949068964217084
4915,0.0,0.0,407.0,0.0,,2,2,40000.0,9.08,0.46077564,0.3253717370041494,0.4838540510288887,0.0,0,0.11729198881568699,24.510042505126265,2.8748316313832825
4916,2.0,593.0,647.0,18.075,5.139792165845783,14,1,80000.0,56.98,5.142628,5.150078825502797,5.280395415179656,593.0,1,0.2833019337260083,18.50580518308989,5.242730393526153
4917,0.0,0.0,610.0,0.0,,3,4,60000.0,12.67,0.1545706,0.163008185230536,0.17047748247663908,0.0,0,0.08614428906878352,24.510042505126265,2.111400186649768
4921,0.0,0.0,318.0,0.0,,3,1,60000.0,11.62,0.60961264,0.609733360909257,0.6540431505139663,0.0,0,0.13940452757758542,24.510042505126265,3.4168108963336654
4925,13.0,537.0,722.0,12.464615384615383,14.00727929565316,58,0,60000.0,197.3,14.002913,17.92768141187641,14.429164953560955,537.0,2,1.1343140793188338,12.596127034962816,14.287964240646918
4928,0.0,0.0,636.0,0.0,,3,4,120000.0,15.29,0.0753745,0.17904415842730262,0.15409450027848326,0.0,0,0.08331152810628724,24.510042505126265,2.0419690950521217
4929,0.0,0.0,142.0,0.0,,3,0,80000.0,19.71,1.7243752,1.7230586670077694,1.7663592448132661,0.0,0,0.222446783447862,24.510042505126265,5.452180117435716
4932,5.0,246.0,371.0,10.522,9.43586934192545,29,0,60000.0,55.78,9.179735,9.403710793694524,9.583487830166181,246.0,1,0.8820124042242803,10.912257476814851,9.624746452639846
4936,0.0,0.0,213.0,0.0,,3,2,80000.0,2.14,1.0423099,1.0620966578286393,0.9173669931621902,0.0,0,0.17932093699861923,24.510042505126265,4.3951637878952265
4937,0.0,0.0,177.0,0.0,,3,1,20000.0,6.01,1.2996651,1.4566208869660662,1.3195346337995923,0.0,0,0.1988621793367062,24.510042505126265,4.874120468204711
4938,4.0,329.0,624.0,13.805,5.78553947909507,27,4,40000.0,64.79,5.7767863,5.745284569411857,6.099122199784599,329.0,1,0.41630481728322993,14.17574395467297,5.901430496903982
4940,0.0,0.0,139.0,0.0,,3,2,40000.0,6.4,1.9053252,1.7896535437672147,1.7478974250155455,0.0,0,0.2247323910198213,24.510042505126265,5.5082004561744755
4941,2.0,143.0,325.0,22.715000000000003,9.040202955788462,14,3,20000.0,58.83,9.002493,9.039821203648787,8.811866958130913,143.0,1,0.4038087625341777,22.83517226218149,9.221042653446286
4942,0.0,0.0,446.0,0.0,,3,2,40000.0,13.32,0.3451276,0.29636303432358474,0.388404732266145,0.0,0,0.10967150506130946,24.510042505126265,2.6880532506538652
4943,0.0,0.0,348.0,0.0,,6,4,80000.0,7.75,0.49432522,0.42394089848094624,0.5910422786673495,0.0,0,0.13107353450990247,24.510042505126265,3.212617902134844
4946,2.0,183.0,518.0,6.96,1.9468413404261011,10,0,40000.0,37.02,1.9392154,2.100672465315396,1.903036661174271,183.0,0,0.24411044925970424,8.134918311515946,1.9858185637151522
4947,5.0,181.0,245.0,13.95,17.08535763015395,27,4,20000.0,82.08,16.534729,17.241861002601645,17.43501889349487,181.0,2,1.223417186133985,14.244618460131061,17.427111034045762
4948,1.0,246.0,563.0,12.6,1.9284707144029665,8,5,20000.0,25.91,1.7868533,2.1467362614081913,1.973572081296699,246.0,0,0.13956194849608194,14.094617496637884,1.967072281137752
4951,0.0,0.0,566.0,0.0,,3,5,40000.0,18.96,0.19610624,0.15765469095652357,0.20953164185257123,0.0,0,0.09140424378461719,24.510042505126265,2.2403219003098904
4953,9.0,211.0,325.0,13.976666666666667,21.286496814674795,40,5,20000.0,135.81,20.475883,20.43065067395022,21.425642814754227,211.0,2,1.5353268197358207,14.141980104902935,21.71256133922787
4954,1.0,191.0,659.0,4.01,0.647821762489057,8,4,40000.0,11.73,0.64978117,0.643438493632691,0.6801334692350842,191.0,0,0.10038480679506032,6.582595538327778,0.6607925813250601
4956,4.0,265.0,321.0,21.26,17.92355147172132,24,4,20000.0,107.95,17.942272,18.049976107349504,17.88556918633828,265.0,2,0.8554058178817391,21.372557573744224,18.282210091593235
4958,5.0,271.0,390.0,8.879999999999999,7.893230204151495,23,1,100000.0,47.47,7.8488464,7.959575132308647,7.753228420592068,271.0,1,0.8642316617021105,9.316068231014029,8.051241127819495
4960,3.0,141.0,280.0,10.01,6.827775082929276,18,0,20000.0,34.4,6.8096747,6.611891280131554,6.660007717537416,141.0,1,0.6525861260564114,10.67192505948102,6.964350232131057
4961,3.0,452.0,478.0,10.493333333333332,5.5517329516533165,15,4,40000.0,45.98,5.9274154,5.701137637114156,5.528813958611338,452.0,1,0.5086489073502612,11.133194288843436,5.662887110338382
4962,0.0,0.0,636.0,0.0,,5,1,40000.0,9.51,0.08036219,0.17352075079156234,0.18596420954163317,0.0,0,0.08331152810628724,24.510042505126265,2.0419690950521217
4964,0.0,0.0,384.0,0.0,,2,2,40000.0,6.36,0.47396737,0.3584155164613652,0.4610245633399579,0.0,0,0.12230452905678364,24.510042505126265,2.9976892057512172
4965,0.0,0.0,110.0,0.0,,3,4,40000.0,13.96,2.5996723,2.2970131722196307,2.1444705280514587,0.0,0,0.2495285581256958,24.510042505126265,6.115955565903674
4972,0.0,0.0,255.0,0.0,,6,5,80000.0,8.65,0.76405644,0.7594425605292849,0.5777027303359867,0.0,0,0.16088739073955746,24.510042505126265,3.943356785565411
4973,1.0,183.0,378.0,2.22,0.9981046371341108,9,1,60000.0,10.59,1.0185229,0.9504218613817179,1.1201626917755139,183.0,0,0.20291441204752977,5.01722658543196,1.0180675826921615
4977,0.0,0.0,150.0,0.0,,3,0,140000.0,8.6,1.7660711,1.6809715246725965,1.6782276649288095,0.0,0,0.21657396530504883,24.510042505126265,5.308237095130488
4978,0.0,0.0,89.0,0.0,,2,1,100000.0,11.41,2.7725918,2.188546370801031,2.2542175707895336,0.0,0,0.2712181888567335,24.510042505126265,6.6475693370419
4979,0.0,0.0,333.0,0.0,,1,1,20000.0,8.66,0.56034714,0.6244704666166695,0.6050128480543995,0.0,0,0.13511050676778594,24.510042505126265,3.311564263767583
4981,2.0,124.0,315.0,9.255,4.033482653161602,8,1,20000.0,22.430000000000003,4.066883,3.9360492529517233,3.8020023530685036,124.0,1,0.40035548826698547,10.276275519816641,4.114163303302261
4983,2.0,174.0,295.0,21.335,9.916831445132646,16,2,20000.0,59.13,9.939048,10.481519372628226,10.33329561902543,174.0,1,0.46943459503612556,21.547558777451663,10.115169528710133
4984,0.0,0.0,44.0,0.0,,5,3,20000.0,5.1,3.4595559,3.3857901453698576,3.056712725945962,0.0,0,0.3334270386539515,24.510042505126265,8.17231088976673
4985,2.0,146.0,237.0,16.025,8.955713068186032,15,3,80000.0,43.21,8.960932,8.98061672941803,8.80332293090672,146.0,1,0.5505167400130412,16.59304602099123,9.134749602362458
4987,0.0,0.0,36.0,0.0,,4,3,20000.0,11.4,4.5130906,3.3857901453698576,3.8532566185546933,0.0,0,,24.510042505126265,
4995,1.0,185.0,696.0,3.84,0.5737237638299962,10,2,60000.0,15.94,0.57287943,0.6226762011994806,0.5769134242712228,185.0,0,0.0909571740718768,6.433929213192421,0.5852120194104764
4998,6.0,361.0,469.0,8.843333333333334,8.223689325049872,24,3,60000.0,62.56,8.1987705,7.929933724172071,7.984097313960699,361.0,1,0.9108608013694726,9.209277608417732,8.388369982437315
5000,1.0,252.0,598.0,22.39,2.893301972265001,6,0,40000.0,27.9,2.8975549,2.8569479903054575,2.9294715546064682,252.0,0,0.13026201318588843,22.656048808844627,2.9512225286778504
5001,1.0,304.0,377.0,27.32,6.192452003349792,12,5,40000.0,52.379999999999995,6.2218356,6.335549358441893,6.651039516722976,304.0,1,0.23422028587892457,26.967372237769982,6.316305634933859
5002,3.0,539.0,660.0,13.11,5.1215259027202995,19,2,120000.0,66.5,5.129266,5.432991126450605,5.495122195990662,539.0,1,0.3832691212850571,13.630410461598585,5.224115440371539
5005,0.0,0.0,732.0,0.0,,2,2,40000.0,4.49,0.054252297,0.15206743002018547,0.15490972899746325,0.0,0,0.07429210231001178,24.510042505126265,1.8209025854135779
5007,0.0,0.0,225.0,0.0,,6,3,40000.0,23.98,1.0653757,1.1112938436439497,0.8884192148754719,0.0,0,0.17363572742427785,24.510042505126265,4.2558190595775685
5008,4.0,287.0,322.0,14.430000000000001,12.517465367618517,23,1,40000.0,82.06,12.574869,12.646837742366479,12.874382282614466,287.0,1,0.8639192029310072,14.779098550503896,12.76794703979013
5009,1.0,30.0,536.0,9.77,0.8206395070239456,7,1,20000.0,17.75,0.81848186,0.7941176408715211,0.8396643406994793,30.0,0,0.07203801616715665,11.619760437031644,0.8370644902213727
5013,2.0,27.0,389.0,12.940000000000001,2.3019487357307518,14,2,20000.0,33.24,2.2980433,2.030047937015033,2.363186033481622,27.0,0,0.17120560699221846,13.714576745345205,2.34801243632819
5014,3.0,380.0,474.0,12.916666666666666,6.556954456513125,15,5,40000.0,48.09,6.53478,6.443583668097789,6.19419123633822,380.0,1,0.4974179155569086,13.44590276985362,6.688232928561451
5015,0.0,0.0,684.0,0.0,,3,1,40000.0,4.98,0.0901505,0.16167029142782233,0.20084999998887998,0.0,0,0.07854356274761505,24.510042505126265,1.9251060614480968
5016,0.0,0.0,708.0,0.0,,3,5,80000.0,13.86,0.066876695,0.14842466729558043,0.1612011063827543,0.0,0,0.07635866408697961,24.510042505126265,1.8715541024065288
5017,0.0,0.0,297.0,0.0,,4,1,80000.0,9.26,0.62174624,0.6645701329680471,0.5946499259586746,0.0,0,0.1458970138658256,24.510042505126265,3.575942011222381
5018,0.0,0.0,582.0,0.0,,4,3,60000.0,30.58,0.26880884,0.10220978386880367,0.3031521558591095,0.0,0,0.08941876632338076,24.510042505126265,2.1916577633420156
5019,3.0,564.0,589.0,16.363333333333333,7.100505129320052,11,4,60000.0,53.91,7.0766945,6.786272226418922,6.796607189877151,564.0,1,0.4327824141976713,16.735229550272503,7.2427130469191425
5020,1.0,21.0,253.0,11.22,2.533116690663517,13,4,60000.0,17.880000000000003,2.0010772,2.1994382325413437,2.3635519779317655,21.0,0,0.20047923771102763,12.88779673965675,2.5837356661410524
5022,0.0,0.0,394.0,0.0,,2,2,20000.0,7.63,0.43515646,0.3122525113119469,0.47406437644693966,0.0,0,0.120073408791034,24.510042505126265,2.9430043532036447
5023,1.0,1.0,286.0,5.63,1.1996814897937158,11,3,40000.0,36.67,1.282205,1.5843221710207245,0.9603868798553714,1.0,0,0.1529710888782025,7.999298166088241,1.2236613507279266
5024,0.0,0.0,69.0,0.0,,3,3,60000.0,7.7,2.8825064,2.2516512075969466,2.920269206388159,0.0,0,0.2957220461344392,24.510042505126265,7.248159920458015
5025,0.0,0.0,249.0,0.0,,4,3,120000.0,10.92,0.99499935,0.9783632256738638,0.564902792408839,0.0,0,0.1632847041768933,24.510042505126265,4.002115039812623
5026,5.0,316.0,711.0,7.031999999999999,2.3365888877943135,20,5,40000.0,38.18,2.3285244,2.257121903448273,2.3595139310005644,316.0,0,0.31695772370908293,7.519626254010422,2.3834036206142017
5029,1.0,206.0,294.0,9.72,3.0684391956401944,9,3,80000.0,21.14,3.0809987,2.9976956087702193,2.9777206201286135,206.0,0,0.2703668914170817,11.576035047285952,3.1297766106698934
5031,0.0,0.0,313.0,0.0,,2,2,40000.0,2.77,0.6329567,0.6571576753498423,0.6090982343641018,0.0,0,0.14089728600506682,24.510042505126265,3.4533984688411197
5032,0.0,0.0,43.0,0.0,,4,4,60000.0,13.44,4.6210647,3.1868080462125628,2.980913554554202,0.0,0,0.3351378164852305,24.510042505126265,8.214242127128205
5036,1.0,78.0,120.0,17.73,8.26207565209461,10,1,40000.0,29.57,8.261735,8.218619459976386,8.438295441563968,78.0,1,0.4535257676302824,18.580842484546015,8.426890851021096
5037,0.0,0.0,653.0,0.0,,3,0,20000.0,3.14,0.009059508,0.16321244450337355,0.20943761316026777,0.0,0,0.08155801785658552,24.510042505126265,1.998990484298758
5038,5.0,589.0,701.0,15.338,8.776639060373887,22,2,20000.0,86.65,8.874888,8.836678118570152,8.691775376315828,589.0,1,0.5741016533782324,15.59389414415758,8.952480410766004
5040,1.0,447.0,563.0,2.62,0.9017063815320551,6,3,40000.0,23.540000000000003,0.8754449,0.9881984594880914,0.9913142922630032,447.0,0,0.17137142771706093,5.367029703397506,0.9197555428711047
5045,0.0,0.0,235.0,0.0,,1,1,40000.0,1.92,0.95955545,1.0438982749195829,0.8765482975311834,0.0,0,0.16916701941515327,24.510042505126265,4.146290836330927
5046,0.0,0.0,577.0,0.0,,2,1,60000.0,3.18,0.1623561,0.16655824297557828,0.2195755120811098,0.0,0,0.09002989101525227,24.510042505126265,2.2066364555157185
5050,6.0,350.0,355.0,12.635,14.899759455973765,27,3,20000.0,86.68,14.880589,14.723818317102966,14.810954072155392,350.0,2,1.1770102605262298,12.912378214753542,15.19800164656028
5052,0.0,0.0,575.0,0.0,,3,5,40000.0,4.75,0.24182679,0.18860565475961724,0.21010453755937064,0.0,0,0.09027668822026276,24.510042505126265,2.212685465500672
5053,7.0,247.0,318.0,11.502857142857142,16.16555262674018,29,2,60000.0,89.02,16.149185,16.194817166205258,15.965249206041339,247.0,2,1.4016388032324536,11.764148667205738,16.489087258950914
5054,0.0,0.0,59.0,0.0,,4,2,120000.0,15.84,3.3599703,2.9461875960785915,2.925382985569778,0.0,0,0.3097250382290544,24.510042505126265,7.59137385189598
5055,1.0,128.0,251.0,17.54,5.06205923510054,14,5,40000.0,25.979999999999997,5.0423346,5.192593929349293,5.244782918621372,128.0,1,0.28038555257421705,18.41468600351238,5.163211910575519
5056,0.0,0.0,553.0,0.0,,5,5,20000.0,28.0,0.32337594,0.10667209100790849,0.2721713021082559,0.0,0,0.09308361973016094,24.510042505126265,2.281483476117254
5057,0.0,0.0,645.0,0.0,,1,1,40000.0,3.93,0.11443564,0.16905410585163025,0.21388619998298086,0.0,0,0.08237390567423496,24.510042505126265,2.0189879293887603
5060,4.0,533.0,631.0,6.4,3.543306158178168,16,3,20000.0,30.28,3.5235612,3.413907257196256,3.455710414172389,533.0,0,0.5143278097147859,7.027198703268198,3.6142837174825155
5062,0.0,0.0,233.0,0.0,,6,4,40000.0,19.38,0.83088,1.0354720986748998,0.8779450339867774,0.0,0,0.17004221694566787,24.510042505126265,4.167741965004221
5063,2.0,154.0,595.0,10.745000000000001,2.0015578800626237,9,3,40000.0,28.549999999999997,2.1202419,2.0461886906213884,2.3186593362946257,154.0,0,0.17499979168308905,11.666524862024934,2.0416394205199424
5065,0.0,0.0,332.0,0.0,,4,1,60000.0,2.04,0.54953945,0.6132931867090836,0.5894337037339143,0.0,0,0.13538851359703055,24.510042505126265,3.318378222969084
5067,5.0,319.0,622.0,15.457999999999998,7.0718123082448345,27,2,60000.0,79.41,7.134655,6.899836594769666,7.524125126804414,319.0,1,0.45914863356740643,15.710546220586384,7.21347582977982
5068,0.0,0.0,35.0,0.0,,3,3,80000.0,15.88,4.608883,3.05652258583207,3.837171174046383,0.0,0,,24.510042505126265,
5069,0.0,0.0,295.0,0.0,,4,0,60000.0,18.23,0.49312058,0.6209579316782682,0.6124450468803557,0.0,0,0.14654709033585403,24.510042505126265,3.591875413134361
5070,2.0,40.0,320.0,20.125,5.42586444982873,12,3,40000.0,66.52,5.38394,5.1916163030862865,5.718473006736387,40.0,1,0.2710474531318068,20.41856434518855,5.5343998623712745
5071,5.0,310.0,314.0,14.030000000000001,15.250453198464177,21,1,40000.0,77.97,15.244179,15.25317962889958,15.16294910031672,310.0,2,1.086106402476784,14.3223865110836,15.555635688435025
5073,0.0,0.0,238.0,0.0,,2,0,60000.0,6.95,0.9131723,0.955372372909653,0.880031072150742,0.0,0,0.167871028216588,24.510042505126265,4.114526036967822
5077,0.0,0.0,102.0,0.0,,2,1,40000.0,5.43,2.5884628,2.3243988622689447,2.164852553463054,0.0,0,0.257367226357713,24.510042505126265,6.3080816574539975
5078,0.0,0.0,329.0,0.0,,4,4,60000.0,8.11,0.56731886,0.6103263555003257,0.6511230836579793,0.0,0,0.13622945331645112,24.510042505126265,3.338989691236331
5079,0.0,0.0,702.0,0.0,,3,3,20000.0,10.69,0.122073695,0.12755905304141932,0.20389785073298494,0.0,0,0.0768934057361571,24.510042505126265,1.8846606429571304
5081,1.0,197.0,264.0,8.75,3.1029387078336095,7,3,80000.0,15.27,3.163187,3.1433816925495526,3.1396230047985494,197.0,0,0.29502428703365846,10.7277624862195,3.1649504789633354
5083,0.0,0.0,170.0,0.0,,4,0,40000.0,18.74,1.3054981,1.6101697950185974,1.3989916055991811,0.0,0,0.20316893847156126,24.510042505126265,4.9796793176593495
5084,0.0,0.0,169.0,0.0,,3,5,20000.0,7.34,1.2991784,1.5883447635402204,1.376761760642851,0.0,0,0.20379951865485418,24.510042505126265,4.995134864754749
5086,0.0,0.0,524.0,0.0,,5,3,60000.0,11.04,0.25347224,0.24414677165282642,0.2652672251557373,0.0,0,0.09706202521653581,24.510042505126265,2.3789943636909303
5088,6.0,467.0,550.0,12.848333333333334,10.632478865960094,25,2,20000.0,90.61,10.65673,10.632488366875762,10.474257450054797,467.0,1,0.8265885297813345,13.120728490626501,10.845443672727027
5089,0.0,0.0,233.0,0.0,,5,2,40000.0,17.21,0.86681414,1.0413827387899712,0.9114274334051391,0.0,0,0.17004221694566787,24.510042505126265,4.167741965004221
5090,0.0,0.0,76.0,0.0,,4,4,40000.0,5.26,2.810457,2.4644927845427693,2.433357054789085,0.0,0,0.2866545328862259,24.510042505126265,7.025914785328511
5092,3.0,336.0,441.0,10.153333333333334,5.510211032014746,17,3,40000.0,40.17,5.4911346,5.56212914847513,5.43323026657861,336.0,1,0.5199988519278967,10.80871524474022,5.62051951808047
5094,0.0,0.0,656.0,0.0,,3,1,140000.0,8.51,0.0034366264,0.1766663063621392,0.19494741489994905,0.0,0,0.08125621420881317,24.510042505126265,1.9915932640636556
5095,3.0,462.0,499.0,11.266666666666666,5.70955703859442,19,4,40000.0,72.3,5.6823535,5.72048560445429,5.8444621623470105,462.0,1,0.49058785238619884,11.871225055823302,5.823878805329588
5096,0.0,0.0,425.0,0.0,,3,1,80000.0,24.01,0.5520555,0.34480324721916505,0.5079999323166104,0.0,0,0.11364717516341169,24.510042505126265,2.7854970938427503
5099,10.0,321.0,359.0,8.863,16.491725355878447,42,1,60000.0,104.0,16.487045,16.297836231241597,16.51512342100473,321.0,2,1.8517406717362546,9.08435914973961,16.821877314232214
5101,1.0,510.0,640.0,11.59,2.0018732253321376,11,4,40000.0,34.69,2.0077076,2.2715435258599945,1.98688543878911,510.0,0,0.15456035047273406,13.21136462377488,2.041953146473726
5102,8.0,226.0,341.0,15.68,21.417240625629315,34,0,80000.0,133.98,21.417213,20.673576591281197,21.20288562097116,226.0,2,1.3795464829134576,15.83559826087865,21.845943885625605
5103,0.0,0.0,245.0,0.0,,4,5,40000.0,23.3,1.0064999,1.025122766067573,0.8327626527743455,0.0,0,0.16492310041543012,24.510042505126265,4.0422722012594
5106,0.0,0.0,235.0,0.0,,5,0,20000.0,7.96,0.71271574,1.0191646383374289,0.9020402387244317,0.0,0,0.16916701941515327,24.510042505126265,4.146290836330927
5107,0.0,0.0,612.0,0.0,,5,0,20000.0,11.42,0.026930744,0.1509835577091432,0.19881828777786392,0.0,0,0.08591955770285806,24.510042505126265,2.1058920113186996
5108,0.0,0.0,236.0,0.0,,5,3,60000.0,24.62,1.0523167,1.0479663847432064,0.8655755054531387,0.0,0,0.16873279900719396,24.510042505126265,4.135648075675251
5109,1.0,170.0,634.0,6.12,0.832202594056574,7,0,60000.0,26.93,0.74999833,0.7668927995718802,0.7330561207149486,170.0,0,0.10072181623767916,8.427806985596035,0.8488640264898326
5110,0.0,0.0,270.0,0.0,,3,2,20000.0,6.93,0.63703877,0.7729021606910749,0.5987102577058687,0.0,0,0.15519182722288835,24.510042505126265,3.803758281681205
5113,1.0,21.0,226.0,13.44,3.307341233991555,8,3,40000.0,21.54,3.3039594,3.2994448241710566,3.3460695141909294,21.0,0,0.2274844984963442,14.829204044365529,3.3734140451324515
5114,9.0,228.0,250.0,13.743333333333332,29.302356692270056,47,3,40000.0,139.62,24.168268,26.6669209328421,27.20860369143167,228.0,2,2.1483574187582763,13.912308763335586,29.888611743767786
5115,0.0,0.0,338.0,0.0,,3,0,60000.0,1.82,0.5050194,0.5888867710556944,0.6199708154393937,0.0,0,0.13373745322855726,24.510042505126265,3.2779106631592745
5116,0.0,0.0,373.0,0.0,,2,3,40000.0,14.15,0.4864463,0.3686539795633967,0.5457817260067115,0.0,0,0.12485667397604129,24.510042505126265,3.0602423862014643
5118,0.0,0.0,612.0,0.0,,4,2,80000.0,26.7,-0.053149894,0.08724027255768868,0.16180978052272632,0.0,0,0.08591955770285806,24.510042505126265,2.1058920113186996
5119,0.0,0.0,165.0,0.0,,3,0,80000.0,9.67,1.4285917,1.6824657285894464,1.4256131429199392,0.0,0,0.20636161640824802,24.510042505126265,5.057931989592721
5124,7.0,287.0,344.0,12.111428571428572,16.366778944343125,33,3,60000.0,95.47,16.37655,16.357005186901535,16.490461119043125,287.0,2,1.350624118753028,12.360494963912155,16.69438261798509
5125,3.0,515.0,727.0,12.683333333333332,4.4056511552480195,18,2,40000.0,48.26,4.4143467,4.355769175897876,4.584439005691521,515.0,1,0.33985004294447285,13.223221072920037,4.493912249496133
5126,0.0,0.0,164.0,0.0,,5,2,60000.0,9.04,1.4142938,1.7202694941230692,1.430115410572098,0.0,0,0.20701227447822165,24.510042505126265,5.073879646544078
5129,8.0,266.0,348.0,16.72625,24.333225355189782,40,2,60000.0,155.19,24.33123,23.92285661622578,24.155090111173642,266.0,2,1.47184407729415,16.863411805974863,24.820312789596347
5130,0.0,0.0,249.0,0.0,,3,1,140000.0,3.93,0.99067754,0.9762485661646254,0.5973235003388595,0.0,0,0.1632847041768933,24.510042505126265,4.002115039812623
5133,0.0,0.0,58.0,0.0,,5,1,60000.0,14.15,3.3493223,3.0662856793576654,2.981818286765053,0.0,0,0.3111991259158039,24.510042505126265,7.627503803754494
5134,1.0,119.0,179.0,34.35,11.934128218451752,10,4,40000.0,43.46,11.925261,12.155914993633594,12.01781040519646,119.0,1,0.36757824424739305,33.11516203601446,12.172413119166121
5136,1.0,9.0,60.0,3.52,3.3620889048495215,6,3,40000.0,9.86,3.3707023,3.8486821126541177,3.403870985308164,9.0,0,0.5572014613946028,6.154086718819984,3.4290661132756113
5140,1.0,3.0,78.0,15.12,7.730912939037209,7,1,80000.0,28.95,7.720417,8.690935497367446,7.487077054137541,3.0,1,0.4837902026662568,16.298377139820825,7.884995179605004
5143,2.0,647.0,704.0,5.824999999999999,1.8344788430714427,15,1,20000.0,21.169999999999998,1.683976,1.8111029667881833,1.96643198483702,647.0,0,0.26445016937163773,7.075902872988153,1.871223713218975
5144,1.0,159.0,442.0,17.64,2.922424096497694,10,4,80000.0,30.86,2.9228876,3.178848784950797,3.057592166328303,159.0,0,0.16111080067866784,18.502136783003767,2.9808940713759684
5147,1.0,78.0,489.0,6.65,0.9472095953731794,9,1,40000.0,14.350000000000001,0.9450544,1.105101521555682,0.9231573358842091,78.0,0,0.10866408408087079,8.891296116900385,0.9661645488347834
5148,10.0,252.0,359.0,12.015,19.633276913828634,40,0,40000.0,126.74,18.827644,18.841568476494732,19.025552905302995,252.0,2,1.6426100660664125,12.19176771722125,20.026320375451153
5150,1.0,462.0,517.0,16.2,3.1986124406173104,7,4,60000.0,18.86,3.2056437,2.915023918701519,3.099446921548313,462.0,0,0.18921632499441682,17.2428455583278,3.2626278689930897
5151,0.0,0.0,282.0,0.0,,3,4,20000.0,5.33,0.57679445,0.7008150479679187,0.5874108731289551,0.0,0,0.15091831439526768,24.510042505126265,3.69901430063002
5153,0.0,0.0,374.0,0.0,,2,2,60000.0,5.15,0.44871408,0.3622764197324472,0.5194296593148096,0.0,0,0.12462026119105143,24.510042505126265,3.0544478987926076
5155,0.0,0.0,267.0,0.0,,4,4,40000.0,13.28,0.78798705,0.7657353488273712,0.5528571262784601,0.0,0,0.15629837682012593,24.510042505126265,3.8308798593435283
5158,4.0,270.0,662.0,9.8575,3.0229054828101902,23,3,40000.0,51.95,3.0145998,2.9279023099324673,2.9201043118043177,270.0,0,0.29748919150445224,10.364956327404862,3.083462477818629
5159,1.0,288.0,297.0,9.53,3.2241256894081456,9,1,140000.0,14.209999999999999,3.1131492,3.0696229200598655,3.195387819826417,288.0,0,0.28822188652967545,11.409878566252317,3.2885767254397513
5162,2.0,364.0,698.0,4.3,1.2424750692805988,5,5,140000.0,20.91,1.2402453,1.194394697323357,1.2117492815879176,364.0,0,0.2241929005299441,5.652996667036712,1.267361719469067
5163,5.0,597.0,676.0,10.262,6.252405619045227,21,3,40000.0,58.49,6.20499,6.25327597333436,5.95645004391187,597.0,1,0.5983077238374213,10.659511311219106,6.377667949834749
5166,0.0,0.0,48.0,0.0,,4,4,40000.0,11.51,3.4917579,3.382779084337375,2.949855630232587,0.0,0,0.326756335866914,24.510042505126265,8.008811680917375
5167,4.0,499.0,651.0,15.93,7.778467129710885,22,3,20000.0,79.82,7.8545856,7.860181972493132,7.892382245254007,499.0,1,0.48895140091108846,16.22714958049811,7.934287520178333
5170,0.0,0.0,258.0,0.0,,6,2,40000.0,7.64,0.7545225,0.7716459889424429,0.6377534666480074,0.0,0,0.15971499998836897,24.510042505126265,3.914621438421164
5171,3.0,144.0,441.0,5.833333333333333,2.2748095192199598,17,3,20000.0,24.09,2.2870412,2.260490509596529,2.4309274212653555,144.0,0,0.3470498932742621,6.685922684369936,2.3203487540505545
5172,6.0,256.0,297.0,13.844999999999999,18.064724480361544,29,2,40000.0,105.61000000000001,18.12386,18.529766581896187,18.48938137248446,256.0,2,1.3073692043906833,14.094114935720484,18.426211830103735
5174,11.0,588.0,659.0,15.56090909090909,19.46459696360163,56,4,40000.0,174.74,18.211922,19.26380743823321,18.668889518619036,588.0,2,1.2665475643026125,15.676151523203783,19.85459152935244
5181,2.0,42.0,179.0,11.665000000000001,6.886099055794199,11,3,120000.0,34.19,6.8507686,6.736149540473951,6.9026014670490135,42.0,1,0.5607759542061378,12.52493385184482,7.023681732137035
5182,1.0,305.0,593.0,11.44,1.8217262795808153,6,3,40000.0,18.89,1.8463907,1.997413263200635,1.874582039397695,305.0,0,0.14206175958642608,13.0801884545378,1.8581945875736952
5183,0.0,0.0,618.0,0.0,,4,3,20000.0,12.41,0.15665212,0.1494457534213958,0.20157938244317997,0.0,0,0.08525234955248964,24.510042505126265,2.0895387111934034
5185,0.0,0.0,65.0,0.0,,7,5,80000.0,38.18,2.6514418,2.973211639885642,3.2867609463197804,0.0,0,0.30116750118798463,24.510042505126265,7.381628255280168
5188,0.0,0.0,541.0,0.0,,3,5,40000.0,3.82,0.28423715,0.17308809631461006,0.2614596539858951,0.0,0,0.09468958192301459,24.510042505126265,2.3208456777257234
5192,0.0,0.0,464.0,0.0,,4,3,100000.0,15.37,0.3418699,0.29403648265565074,0.30563444780730187,0.0,0,0.10647897679202478,24.510042505126265,2.6098042470748806
5195,1.0,23.0,142.0,5.3,2.6641892833001046,6,0,40000.0,8.18,2.6573603,2.7682837257129056,2.611862365269145,23.0,0,0.3524131382797965,7.710710593766666,2.7173557187165835
5196,2.0,138.0,632.0,29.174999999999997,4.084155397954311,18,3,60000.0,73.95,4.0888534,4.034135724957765,3.9604074013674193,138.0,1,0.14433678549236817,28.86269625591677,4.1659487982216366
5199,0.0,0.0,559.0,0.0,,5,4,,4.58,,,,0.0,0,0.0923009127715421,24.510042505126265,2.2622992952924488
5203,2.0,452.0,593.0,18.48,5.415670638380227,15,5,60000.0,45.379999999999995,5.40461,5.496271464800295,5.464918194027414,452.0,1,0.2925338902857299,18.883691749260603,5.524119810367744
5204,1.0,145.0,447.0,7.99,1.5163163351809392,8,1,80000.0,17.310000000000002,1.5052354,1.4010424291906027,1.4949352890285859,145.0,0,0.1536950723303852,10.063136562084964,1.5466545017801925
5206,3.0,235.0,411.0,9.176666666666668,4.887679253201614,18,1,20000.0,38.68,4.907379,5.150764027823194,5.013795882896854,235.0,1,0.5047786757600767,9.876633284718237,4.985513870427968
5207,2.0,25.0,306.0,11.515,3.1467662725192755,10,0,60000.0,36.28,3.1293535,3.0652680525197527,3.037897691777843,25.0,0,0.2591613128206961,12.384975864374185,3.2097066042638493
5208,2.0,164.0,259.0,9.42,5.334016961425845,15,4,100000.0,45.550000000000004,5.3138385,5.448063590303151,5.456716780993593,164.0,1,0.5216251832448232,10.430229306034336,5.4406702730456855
5210,1.0,400.0,559.0,22.11,3.6730532661190063,9,1,40000.0,50.3,3.7308745,3.991222437885751,3.7824904246953768,400.0,0,0.16717430787494697,22.411186626268744,3.7465746129027453
5214,0.0,0.0,493.0,0.0,,3,3,140000.0,20.83,0.33172897,0.24084085441257325,0.2147496897965837,0.0,0,0.10170928748309833,24.510042505126265,2.492898959376847
5215,0.0,0.0,423.0,0.0,,3,4,40000.0,4.54,0.50295293,0.30915492897585956,0.49009214655135747,0.0,0,0.11404091496770881,24.510042505126265,2.795147673182033
5216,3.0,441.0,534.0,10.290000000000001,4.889722252448946,20,2,40000.0,45.49,4.867607,4.867666124906306,4.90584930683518,441.0,1,0.4559441912893729,10.939143095801318,4.98763875221386
5219,3.0,471.0,662.0,11.6,4.402148643710557,16,4,40000.0,42.53,4.0172744,4.199180289182102,4.3485724016223735,471.0,1,0.3683815540048537,12.189341765728416,4.490328661955301
5221,1.0,119.0,224.0,3.53,1.8485307476280166,7,1,40000.0,19.650000000000002,1.8547928,1.9280325247790056,1.8044427880219018,119.0,0,0.305940400070583,6.162831796769123,1.8854592254712554
5222,1.0,178.0,328.0,9.63,2.639691540016462,10,2,60000.0,34.27,2.7542646,2.807027578043721,2.8143890308969706,178.0,0,0.23418232677436698,11.497329345743704,2.692471337877471
5223,6.0,245.0,347.0,11.218333333333334,12.55903421382559,22,0,40000.0,77.77,12.543036,12.732323674456195,12.410351501292865,245.0,1,1.1111660726455321,11.52880216403467,12.810413822917715
5226,2.0,117.0,336.0,11.07,4.270601473475562,11,0,140000.0,28.86,4.497108,4.598534601443014,3.964972945937333,117.0,1,0.363919846045867,11.969767168211305,4.356035825060332
5230,2.0,347.0,735.0,11.975,2.56203820589701,15,3,40000.0,36.37,2.5749886,2.6002413926607986,2.478595818438966,347.0,0,0.2039427569539047,12.814180359284128,2.613359270576982
5231,0.0,0.0,303.0,0.0,,3,2,60000.0,5.76,0.61673576,0.6607362039469271,0.6291924514555944,0.0,0,0.14398100063415373,24.510042505126265,3.5289804454737195
5233,0.0,0.0,575.0,0.0,,4,2,80000.0,4.58,0.16215801,0.176279789809326,0.2144174803841148,0.0,0,0.09027668822026276,24.510042505126265,2.212685465500672
5235,0.0,0.0,272.0,0.0,,4,3,20000.0,19.72,0.4887034,0.7093183780779527,0.5942566237787252,0.0,0,0.15446281008540655,24.510042505126265,3.7858900406545604
5237,0.0,0.0,375.0,0.0,,3,3,60000.0,6.26,0.48161846,0.3622764197324472,0.521086204965818,0.0,0,0.1243847433376828,24.510042505126265,3.0486753461958265
5238,1.0,529.0,712.0,4.28,0.9253483858829372,5,3,20000.0,15.5,0.8790471,0.785153776509192,0.8635602768550834,529.0,0,0.13842470178899985,6.818712642954523,0.9438782641858628
5240,0.0,0.0,251.0,0.0,,3,0,40000.0,3.67,0.9889521,0.9510642095520451,0.6307387364763244,0.0,0,0.16247768195828727,24.510042505126265,3.982334890932008
5241,0.0,0.0,653.0,0.0,,5,5,120000.0,17.76,0.05406206,0.16461077921022324,0.1764860314071246,0.0,0,0.08155801785658552,24.510042505126265,1.998990484298758
5242,0.0,0.0,172.0,0.0,,5,4,60000.0,10.8,1.4490421,1.4730465721895751,1.2751181611537126,0.0,0,0.20191945266645192,24.510042505126265,4.949054367466568
5244,0.0,0.0,508.0,0.0,,5,5,80000.0,23.81,0.41628143,0.284821888606143,0.20081240322578164,0.0,0,0.09940624686156216,24.510042505126265,2.436451335851963
5249,2.0,160.0,233.0,26.16,14.492675449418917,11,4,80000.0,73.08000000000001,14.465539,14.382606461732054,14.530277210500834,160.0,2,0.5674723116159459,26.04954070775704,14.782393081964571
5250,2.0,385.0,407.0,12.53,5.334518012824245,14,3,40000.0,38.339999999999996,5.293617,5.38779413312578,5.5652652296739,385.0,1,0.4081356377108613,13.33202491292547,5.441274489813927
5252,0.0,0.0,140.0,0.0,,6,4,40000.0,26.55,2.0234,1.766064438799659,1.7301929366279474,0.0,0,0.22396529968047416,24.510042505126265,5.489399014841763
5256,5.0,452.0,482.0,17.327999999999996,13.597743737241057,30,3,20000.0,94.91999999999999,13.585711,13.521915941615713,13.352438951616872,452.0,2,0.7912906759631705,17.528374411601934,13.870039236692035
5258,0.0,0.0,221.0,0.0,,4,0,20000.0,20.72,0.67459893,1.033414330812969,0.9035977882129496,0.0,0,0.1754902049111795,24.510042505126265,4.301272381606328
5261,0.0,0.0,159.0,0.0,,5,0,40000.0,14.3,1.7910506,1.6929466394592796,1.644320863338784,0.0,0,0.21032832775894095,24.510042505126265,5.155156253403771
5264,0.0,0.0,92.0,0.0,,6,1,20000.0,18.37,2.555725,2.5250306198060466,2.281801378371322,0.0,0,0.2678903999237104,24.510042505126265,6.566005088845415
5265,0.0,0.0,273.0,0.0,,3,1,20000.0,11.17,0.57086843,0.7118339142075645,0.6030859648755484,0.0,0,0.15410086951959562,24.510042505126265,3.777018862002205
5271,0.0,0.0,210.0,0.0,,2,1,60000.0,2.52,1.0633689,1.071914291410323,0.9334271061895523,0.0,0,0.18080105912566521,24.510042505126265,4.431441644141901
5276,0.0,0.0,39.0,0.0,,4,4,60000.0,34.13,4.602175,3.800295183979938,3.8992738789527297,0.0,0,0.34216157930962604,24.510042505126265,8.386394852500066
5277,0.0,0.0,206.0,0.0,,3,5,100000.0,1.85,0.998206,1.1100915534587026,0.9664403453190422,0.0,0,0.18281309925338507,24.510042505126265,4.480756833194334
5279,0.0,0.0,86.0,0.0,,4,3,,13.02,,,,0.0,0,0.2746301690233849,24.510042505126265,6.731197115953174
5280,1.0,276.0,369.0,11.33,2.9726113651348305,7,5,20000.0,15.29,2.9672656,2.942541661212064,2.9160197210940617,276.0,0,0.2335231667079138,12.983992597097274,3.032063067786265
5281,1.0,13.0,51.0,3.03,3.366389888471395,12,5,20000.0,19.41,3.3607872,3.367302783897453,3.3718600114153165,13.0,0,0.5996661626301885,5.72557789931219,3.433435327720757
5282,0.0,0.0,330.0,0.0,,2,2,80000.0,5.12,0.5582986,0.6230147335428311,0.7048706338644584,0.0,0,0.13594797969925101,24.510042505126265,3.332090760914685
5283,0.0,0.0,268.0,0.0,,6,3,140000.0,13.3,0.74668944,0.7627284974641841,0.5306877556803782,0.0,0,0.15592777389606963,24.510042505126265,3.8217963659223844
5284,1.0,51.0,76.0,37.8,19.570184642819818,10,3,60000.0,76.19999999999999,19.568289,19.995770771236746,19.963619160206342,51.0,2,0.5524215129065818,36.132213928467294,19.96021228302817
5289,1.0,29.0,429.0,12.47,1.4099636580897736,10,5,80000.0,23.97,1.5135803,1.4147041459306455,1.367648957838334,29.0,0,0.10286665029247613,13.98093148329908,1.4381715896555962
5290,2.0,98.0,291.0,16.395,6.776122488614281,10,1,40000.0,34.56,6.7495933,6.659962936253332,6.558244785418892,98.0,1,0.4080487516662744,16.938275723418794,6.9116422643202
5293,0.0,0.0,656.0,0.0,,4,2,120000.0,3.22,0.044341937,0.16649373637838333,0.17003249446367796,0.0,0,0.08125621420881317,24.510042505126265,1.9915932640636556
5294,9.0,286.0,317.0,10.972222222222221,20.103884530804784,42,4,20000.0,101.52,20.084858,19.561659333953774,19.37453874807559,286.0,2,1.8334227898300857,11.184688163959551,20.506262176946258
5295,11.0,551.0,675.0,14.97181818181818,17.64287341768118,55,3,40000.0,183.95,17.64501,18.98034819048091,18.028395696054524,551.0,2,1.1922357678086095,15.094646630106162,17.99637761484426
5297,0.0,0.0,614.0,0.0,,4,1,40000.0,5.28,0.13901982,0.1568252190573999,0.18316537519038167,0.0,0,0.08569599672962462,24.510042505126265,2.100412522362261
5298,0.0,0.0,512.0,0.0,,3,2,80000.0,16.13,0.2894238,0.2509245095802603,0.22080007519205047,0.0,0,0.09880962895978279,24.510042505126265,2.4218282057200313
5301,2.0,554.0,567.0,18.7,5.958914383265137,13,2,80000.0,46.48,5.951922,5.862944481860605,5.973091546165344,554.0,1,0.31841612094919064,19.08896346421753,6.0782336992169705
5303,5.0,548.0,598.0,8.704,5.967419862660952,22,3,120000.0,61.22,5.9609632,5.855026777173991,6.033168236136839,548.0,1,0.6656061402503924,9.144978518918446,6.086953854650058
5305,0.0,0.0,338.0,0.0,,4,4,40000.0,4.27,0.58637106,0.6134756308635777,0.5905269181172903,0.0,0,0.13373745322855726,24.510042505126265,3.2779106631592745
5307,0.0,0.0,517.0,0.0,,4,3,20000.0,9.47,0.27915502,0.26393764602374364,0.21890711619082115,0.0,0,0.09807386234382143,24.510042505126265,2.4037945346889655
5310,2.0,157.0,424.0,6.61,2.3112123540277745,11,4,80000.0,35.06,2.3530343,2.742655629354558,2.402229939625853,157.0,0,0.30191637794473225,7.808349674084469,2.3574686513255134
5311,0.0,0.0,38.0,0.0,,3,2,40000.0,11.8,4.55126,3.3659085455163646,3.8239345966489586,0.0,0,0.3439641304741128,24.510042505126265,8.4305754581593
5313,4.0,625.0,654.0,18.8175,9.518773214191615,22,3,40000.0,85.96,9.514246,9.415062173465234,9.532200665200875,625.0,1,0.5106303906105418,19.014647813236973,9.70945704019508
5314,0.0,0.0,241.0,0.0,,2,3,40000.0,1.6,0.9701205,1.0007622194163184,0.8663604571926244,0.0,0,0.16659479233461064,24.510042505126265,4.08324544125399
5315,2.0,303.0,336.0,15.155000000000001,7.190841199346284,13,2,20000.0,44.46,7.1817613,7.518723235294064,7.3114700097392245,303.0,1,0.4647716220727862,15.78128969366156,7.334695609323626
5317,0.0,0.0,144.0,0.0,,2,3,40000.0,10.89,1.8389152,1.7847632240174567,1.7586012608520072,0.0,0,0.22094880148677595,24.510042505126265,5.415464515897584
5318,4.0,79.0,113.0,8.9,14.167531807062986,20,3,60000.0,44.4,14.186845,13.700296524520152,14.112806119487626,79.0,2,1.5306725416149627,9.440617086591889,14.450493350347251
5320,0.0,0.0,164.0,0.0,,3,2,80000.0,6.26,1.4370716,1.7015064820324353,1.4143947104411785,0.0,0,0.20701227447822165,24.510042505126265,5.073879646544078
5321,0.0,0.0,48.0,0.0,,4,1,120000.0,24.02,3.4080918,3.0668234276661535,2.996908942140896,0.0,0,0.326756335866914,24.510042505126265,8.008811680917375
5324,1.0,57.0,307.0,18.21,3.4867320901172585,8,2,,32.74,,,,57.0,0,0.18717496990946791,19.00060622610467,3.5564378986327903
5329,0.0,0.0,604.0,0.0,,3,1,40000.0,9.23,0.15544127,0.1568252190573999,0.20156346724148744,0.0,0,0.0868255982280009,24.510042505126265,2.128099103101318
5331,0.0,0.0,395.0,0.0,,4,2,100000.0,10.09,0.4412025,0.3046246848640977,0.4575143284090899,0.0,0,0.1198547719760996,24.510042505126265,2.9376455555764176
5333,0.0,0.0,155.0,0.0,,5,2,80000.0,8.27,1.8218127,1.6931649033317366,1.6975817328021243,0.0,0,0.213058947240914,24.510042505126265,5.222083852972257
5335,1.0,130.0,476.0,6.97,1.221467236477584,7,5,20000.0,17.41,1.2132486,1.2307512346489784,1.148273427177064,130.0,0,0.1358510895586694,9.17113861127282,1.2459091728349947
5339,2.0,31.0,671.0,22.98,1.1298539106043164,16,2,100000.0,79.84,1.1401839,0.977922996691141,0.6978652522526838,31.0,0,0.049929033645868384,23.08243137337961,1.1524834926699186
5340,0.0,0.0,83.0,0.0,,4,2,60000.0,37.63,3.1319156,3.201265783132579,2.9678209243661002,0.0,0,0.2781295921253514,24.510042505126265,6.816968124925793
5341,6.0,615.0,696.0,15.208333333333334,10.417594424974338,30,2,20000.0,102.95,10.389375,10.627846388898988,10.529558975292774,615.0,1,0.6888753505355734,15.42560341747112,10.626317961433156
5342,1.0,3.0,194.0,22.1,5.352032642357642,10,0,20000.0,32.99,5.345258,4.767772278249414,5.2510640664555375,3.0,1,0.24367500977537837,22.402441548319608,5.458915163279123
5343,2.0,238.0,306.0,13.145,6.597285598282285,13,4,40000.0,57.25,6.611597,6.45666906000016,7.066271890294632,238.0,1,0.48391436108704844,13.90585266155507,6.729241806087054
5345,0.0,0.0,133.0,0.0,,5,0,20000.0,15.84,1.6710567,2.0838967629526666,1.7531965732563757,0.0,0,0.22944808274526038,24.510042505126265,5.623782260806061
5346,4.0,589.0,631.0,9.190000000000001,4.992422555986911,17,2,100000.0,60.040000000000006,5.0042834,4.93972006747614,5.161603611299132,589.0,1,0.5238814309920591,9.720573619057438,5.092428017615469
5347,0.0,0.0,631.0,0.0,,6,3,,26.33,,,,0.0,0,0.08384171813788245,24.510042505126265,2.0549640752623146
5348,10.0,276.0,338.0,13.155000000000001,24.615784085975665,48,3,20000.0,137.54,24.576567,23.66700404923967,24.2369981432029,276.0,2,1.8856417952747146,13.315640105206363,25.108527513213318
5349,0.0,0.0,58.0,0.0,,4,1,60000.0,8.35,3.391396,3.0662856793576654,2.981818286765053,0.0,0,0.3111991259158039,24.510042505126265,7.627503803754494
5350,1.0,95.0,265.0,13.4,3.5990829775110673,8,2,60000.0,14.6,3.4851794,3.4910000151409846,3.5235374582454764,95.0,0,0.24813811203668468,14.794223732568977,3.67101074604798
5351,0.0,0.0,128.0,0.0,,3,5,40000.0,14.49,2.2249608,2.0851494317639223,1.8300757383790005,0.0,0,0.23353236996272297,24.510042505126265,5.723888314109212
5353,2.0,208.0,662.0,16.785,3.000935416964913,16,3,40000.0,35.4,3.007018,2.833421357718594,3.1336902330881444,208.0,0,0.1769165312265395,17.302166490842442,3.061039278263912
5355,0.0,0.0,455.0,0.0,,5,2,,11.42,,,,0.0,0,0.10805163668686844,24.510042505126265,2.648350207943606
5358,6.0,661.0,705.0,12.923333333333334,8.91458391372813,28,1,,84.58,,,,661.0,1,0.6891930016125909,13.193976634488088,9.093196359929236
5360,0.0,0.0,597.0,0.0,,5,2,40000.0,21.12,-0.056095734,0.15430968292778818,0.2218372048575512,0.0,0,0.08763421749103079,24.510042505126265,2.1479183956086443
5362,0.0,0.0,437.0,0.0,,5,2,40000.0,12.22,0.36839414,0.29636303432358474,0.45105937120448747,0.0,0,0.11134074246647613,24.510042505126265,2.7289663304056466
5363,0.0,0.0,300.0,0.0,,3,3,40000.0,7.48,0.6312732,0.671807123220858,0.6187034670500324,0.0,0,0.1449326626579582,24.510042505126265,3.5523057221276817
5365,0.0,0.0,419.0,0.0,,3,2,40000.0,2.56,0.4668163,0.3150655690909312,0.5054602171713727,0.0,0,0.11483664729286608,24.510042505126265,2.8146511062943405
5366,0.0,0.0,54.0,0.0,,2,2,40000.0,5.18,3.3436315,3.3659085455163646,2.9482456616853847,0.0,0,0.31723952384230814,24.510042505126265,7.77555421368099
5368,1.0,338.0,420.0,4.84,1.5482391265612023,9,4,20000.0,19.27,1.46605,1.4904603521596982,1.5781809514831728,338.0,0,0.21608068428916902,7.308437008106287,1.5792120697958936
5374,11.0,466.0,574.0,10.173636363636364,13.813006007303226,49,3,40000.0,135.01,13.817103,14.379282922180673,14.023861974283179,466.0,2,1.3602407455612209,10.358253380462276,14.089718300952043
5376,3.0,231.0,379.0,20.816666666666666,11.3131153852714,16,1,60000.0,75.5,11.330465,11.449806085575563,10.989092186918402,231.0,1,0.5498873534940408,20.98526879460483,11.539533919826331
5379,5.0,626.0,698.0,9.852,5.879120814106033,25,1,60000.0,60.09,5.923173,5.975920899946073,5.896347826611635,626.0,1,0.5844399673154635,10.260950050087352,5.996909311898656
5381,0.0,0.0,366.0,0.0,,5,3,120000.0,8.34,0.79022384,0.3663274278954627,0.5760681787112985,0.0,0,0.12653705642855984,24.510042505126265,3.101428631537562
5387,2.0,368.0,615.0,17.38,4.627580792581812,13,1,40000.0,39.1,4.6402965,4.549840918159591,4.61667497126236,368.0,1,0.26433138297375486,17.857333174475954,4.720253574232341
5388,2.0,398.0,712.0,6.445,1.7029418924124804,9,4,80000.0,28.22,1.7228074,1.74192666114082,1.5706634271917856,398.0,0,0.22693529647483418,7.654395887866772,1.7370526001487976
5389,0.0,0.0,698.0,0.0,,3,1,40000.0,11.0,0.084455855,0.12986838603072118,0.20136133282372803,0.0,0,0.07725408322982545,24.510042505126265,1.8935008636575839
5393,0.0,0.0,492.0,0.0,,5,0,60000.0,5.4,0.2523268,0.24182958671178115,0.23514593134367434,0.0,0,0.10186662764821278,24.510042505126265,2.4967553735115655
5394,0.0,0.0,457.0,0.0,,4,4,40000.0,6.34,0.38090515,0.2904523942085131,0.3415104482105784,0.0,0,0.10769815053712864,24.510042505126265,2.63968624738851
5396,0.0,0.0,629.0,0.0,,4,3,20000.0,6.48,0.093345985,0.17516830792886706,0.16378205670734935,0.0,0,0.08405568986934911,24.510042505126265,2.0602085314954577
5397,0.0,0.0,667.0,0.0,,2,2,40000.0,6.16,0.098609276,0.16461410033413612,0.21515484831401732,0.0,0,0.08016846774910974,24.510042505126265,1.964932552101524
5398,3.0,238.0,361.0,13.729999999999999,8.137800985533579,15,5,40000.0,49.78,8.172867,8.425407672393781,8.213413095837433,238.0,1,0.5836445506456431,14.222107542022098,8.300655565597499
5400,0.0,0.0,637.0,0.0,,5,1,100000.0,13.65,0.049156263,0.1752792543272162,0.1641144462916282,0.0,0,0.08320629432931965,24.510042505126265,2.0393898107056714
5401,1.0,3.0,266.0,12.5,2.336830948084633,10,4,40000.0,40.2,2.3279648,2.3705409921094143,2.194147210693046,3.0,0,0.17016524685317794,14.007166717146497,2.3835329821368516
5405,4.0,270.0,682.0,16.220000000000002,4.460165973326551,22,1,80000.0,100.86,4.432894,4.492208173318212,4.489020521746249,270.0,1,0.27560970308642374,16.507106112963662,4.5495186146100055
5406,4.0,288.0,329.0,11.1675,9.67872947140496,19,4,40000.0,47.59,9.64105,9.70053866212173,9.265054865991626,288.0,1,0.8489048798545498,11.629587560266478,9.872413630605982
5407,1.0,27.0,578.0,19.13,1.2002820743740408,9,4,60000.0,36.8,1.2343812,1.2918570766155755,0.9298515633756343,27.0,0,0.061817691984284266,19.805153397425425,1.224308872423546
5409,1.0,1.0,174.0,19.79,5.365549502806642,11,2,120000.0,27.15,5.3838086,5.1115843323024,5.25935866049673,1.0,1,0.26850095073572033,20.382328542068574,5.472674591753221
5410,5.0,467.0,661.0,14.795999999999998,8.374335791692552,25,2,40000.0,77.56,8.355408,8.233032173453406,8.042570033019672,467.0,1,0.5669407227105814,15.06701559895414,8.542104712762663
5412,0.0,0.0,323.0,0.0,,4,1,40000.0,15.96,0.58776,0.6243641059830145,0.6722913725274484,0.0,0,0.1379431243074115,24.510042505126265,3.3809918400645724
5418,0.0,0.0,274.0,0.0,,5,3,20000.0,16.63,0.5553304,0.7147777231138782,0.6015808029809859,0.0,0,0.1537406248802351,24.510042505126265,3.7681892505792347
5419,7.0,583.0,629.0,12.402857142857142,10.78901121662352,31,1,80000.0,96.56,10.812774,10.972925785528831,10.882907874166563,583.0,1,0.8702431648195043,12.646069246841986,11.005155323898375
5423,0.0,0.0,495.0,0.0,,2,4,20000.0,7.01,0.3368852,0.2780220145096887,0.2091260785885254,0.0,0,0.10139606231226951,24.510042505126265,2.485221797126157
5424,1.0,23.0,232.0,19.26,4.359000821095777,9,4,40000.0,33.06,4.346435,4.466600808850635,4.451461463215249,23.0,1,0.22321022534607013,19.918839410764228,4.446088633508866
5427,0.0,0.0,271.0,0.0,,5,3,100000.0,25.23,0.85835975,0.7046265363477028,0.5382575413083632,0.0,0,0.15482645860574043,24.510042505126265,3.79480308134487
5428,0.0,0.0,310.0,0.0,,5,2,140000.0,21.52,0.66147035,0.6455075686000764,0.5766579633435995,0.0,0,0.141808414778532,24.510042505126265,3.4757302738063953
5429,0.0,0.0,182.0,0.0,,4,3,100000.0,28.66,1.4357128,1.5170263156154948,1.2542578763434742,0.0,0,0.19589640312990378,24.510042505126265,4.801429167315291
5430,2.0,233.0,320.0,9.585,4.808094429226346,10,4,20000.0,39.87,4.790018,4.5370293070660175,4.825959819639624,233.0,1,0.4633586111584874,10.584183092252035,4.904272377873047
5431,0.0,0.0,624.0,0.0,,6,2,60000.0,6.51,0.037665434,0.17661735885061225,0.2044265855852716,0.0,0,0.08459543163742436,24.510042505126265,2.073437625172774
5432,11.0,667.0,680.0,13.635454545454547,16.989573306721347,53,3,20000.0,163.1,16.9701,16.471950843890696,16.91402122475882,667.0,2,1.2580305977887187,13.775492011505081,17.329990450067456
5433,3.0,511.0,655.0,7.743333333333333,3.1822354546315683,16,2,140000.0,26.419999999999998,3.171937,3.125913691594011,3.0773923229459825,511.0,0,0.381487926403345,8.508731432126243,3.2459783103648046
5435,2.0,151.0,478.0,22.63,5.570893017623727,17,5,40000.0,67.38,5.580854,5.335019794313039,5.546448131803359,151.0,1,0.249711976492858,22.755862735948128,5.682411460593783
5436,0.0,0.0,219.0,0.0,,4,2,20000.0,16.26,0.8497077,1.0678072930859945,0.889336991350719,0.0,0,0.1764324193300966,24.510042505126265,4.324366097062929
5438,0.0,0.0,474.0,0.0,,6,1,40000.0,21.7,0.35185072,0.2597248282007227,0.2799522669269523,0.0,0,0.10478447227791336,24.510042505126265,2.568271869408881
5448,0.0,0.0,112.0,0.0,,5,5,80000.0,26.1,2.5963895,2.843356245131378,2.166746467764395,0.0,0,0.2476432870689604,24.510042505126265,6.069747492169405
5449,0.0,0.0,115.0,0.0,,4,3,40000.0,8.02,2.1846783,2.415004644829032,2.002726807017936,0.0,0,0.24486844392596913,24.510042505126265,6.001735968789631
5450,0.0,0.0,54.0,0.0,,5,4,60000.0,11.9,3.3979251,3.1868080462125628,2.9489782438979346,0.0,0,0.31723952384230814,24.510042505126265,7.77555421368099
5452,5.0,563.0,684.0,12.166,7.148062853790616,23,2,100000.0,71.32,7.3122296,7.225406634665746,6.875014674247299,563.0,1,0.5828172077303134,12.510390923889489,7.291271105875928
5453,0.0,0.0,177.0,0.0,,2,3,40000.0,11.57,1.454083,1.4511488641220107,1.300191309401888,0.0,0,0.1988621793367062,24.510042505126265,4.874120468204711
5456,0.0,0.0,696.0,0.0,,3,2,140000.0,1.06,0.024845557,0.18067782873435642,0.20813899869379515,0.0,0,0.07743569461725217,24.510042505126265,1.8979521664828276
5457,1.0,18.0,167.0,21.33,6.434934915375235,8,3,40000.0,26.159999999999997,6.3686275,6.036714836313594,6.150522084162958,18.0,1,0.30205610108025976,21.729070546235928,6.563398329293935
5461,0.0,0.0,515.0,0.0,,2,5,,3.24,,,,0.0,0,0.0983668488647916,24.510042505126265,2.4109756467713734
5462,0.0,0.0,679.0,0.0,,2,1,80000.0,7.0,0.07113475,0.16342879496347618,0.19112404620465728,0.0,0,0.07901459281286868,24.510042505126265,1.9366510283686558
5464,1.0,95.0,322.0,38.52,7.239849297466433,11,4,40000.0,79.91,7.221689,7.2251205301443315,7.28258918629706,95.0,1,0.2008767226053582,36.76185954080528,7.384601861435483
5465,2.0,153.0,270.0,5.17,3.1398956610226687,11,1,40000.0,12.35,3.0947766,3.0170081121226295,3.0176441376653598,153.0,0,0.49540685266373297,6.464752994366386,3.2026829341874947
5466,12.0,257.0,342.0,17.103333333333335,35.27477445009996,67,4,40000.0,222.53,36.60518,36.55893836056603,37.337283406704756,257.0,2,2.0930262067051304,17.190858806435763,35.98091799763773
5471,1.0,278.0,392.0,31.43,6.597403241347346,7,4,20000.0,33.25,6.5621457,6.3815444334468525,6.263658370375376,278.0,1,0.2201902803924783,30.56159927486597,6.729367113575299
5473,0.0,0.0,292.0,0.0,,5,1,20000.0,21.6,0.38435277,0.6679645079187649,0.6289066345261549,0.0,0,0.1475331624080695,24.510042505126265,3.6160440815374795
5476,1.0,581.0,704.0,19.84,2.8893853460818706,11,4,60000.0,39.36,2.889501,3.0837637017080377,2.9733733592112404,581.0,0,0.14428844364132842,20.42605393181427,2.9472435315553183
5478,8.0,165.0,341.0,14.2575,12.660014173600512,40,3,40000.0,138.99,12.672836,13.714918543432054,13.28923919081593,165.0,1,0.8943952730199687,14.438164790962892,12.913426340120555
5481,8.0,280.0,379.0,10.387500000000001,14.173590635062247,33,4,40000.0,97.01,14.188359,14.167450724135328,14.053593170431913,280.0,2,1.359238192068345,10.636359849961849,14.457346532650476
5486,0.0,0.0,286.0,0.0,,3,3,20000.0,9.29,0.5002341,0.6763676618610042,0.5917766344459503,0.0,0,0.1495457434467254,24.510042505126265,3.665372528339947
5488,1.0,107.0,167.0,28.8,10.534362948559867,9,4,60000.0,44.56,10.578142,10.522609735243302,10.639121389905636,107.0,1,0.3801854244262478,28.261643774242504,10.74466503329381
5489,1.0,287.0,483.0,8.15,1.7759214567242552,7,2,80000.0,22.5,1.7201438,1.7636620704057189,1.756161042137557,287.0,0,0.17754081594837864,10.203057809271183,1.8114592086264825
5493,1.0,129.0,238.0,27.64,7.877852150425818,6,3,80000.0,33.21,6.529962,6.939337505584365,7.635310974753153,129.0,1,0.29490177363530756,27.24721473214242,8.035251951130881
5494,2.0,97.0,346.0,19.535,6.376812414967232,13,3,20000.0,50.49,6.3563347,6.318662237650617,6.620118266618193,97.0,1,0.32737912989849116,19.868062927804058,6.504389154072961
5498,1.0,397.0,556.0,5.04,1.2310389782876374,9,0,120000.0,15.2,1.2600354,1.2354710564410267,1.256197318603042,397.0,0,0.16779672699011086,7.483338567089061,1.2556797185164106
5499,3.0,618.0,717.0,10.299999999999999,3.88540596501783,16,4,80000.0,45.66,3.8925023,3.932388406758439,3.815724107513989,618.0,0,0.3619834437002665,10.948686597098469,3.9632432784126563
5500,0.0,0.0,156.0,0.0,,4,1,20000.0,19.22,1.5820847,1.7170912529802405,1.7134486252180725,0.0,0,0.2123696420519655,24.510042505126265,5.205188953492125
5501,4.0,250.0,618.0,23.79,7.442824471117971,25,4,40000.0,105.09,7.4069834,7.308962996666382,7.367421902042035,250.0,1,0.3187877796838776,23.814936977667795,7.591910882422192
5502,0.0,0.0,554.0,0.0,,3,3,140000.0,9.04,0.21239303,0.1514692855999471,0.2753096068771468,0.0,0,0.09295224720396152,24.510042505126265,2.2782635299161007
5503,2.0,464.0,681.0,19.83,4.996507660078397,12,3,60000.0,44.989999999999995,4.745021,4.734774116148234,4.837279634531996,464.0,1,0.2530161511101474,20.143313636496302,5.096583686910841
5508,0.0,0.0,335.0,0.0,,4,4,100000.0,18.79,0.44086733,0.6009963747167367,0.5595868219745652,0.0,0,0.13455791013458157,24.510042505126265,3.2980200967995543
5509,0.0,0.0,216.0,0.0,,4,5,140000.0,2.31,0.9509381,1.0532921144455556,0.827078687330598,0.0,0,0.17786491889228803,24.510042505126265,4.3594767222208155
5512,10.0,302.0,364.0,11.812000000000001,21.125900156289678,50,5,40000.0,126.75999999999999,21.123112,21.813228516284283,21.116169313765447,302.0,2,1.7969881161284946,11.991639563922147,21.548833789264382
5514,0.0,0.0,420.0,0.0,,4,2,80000.0,10.27,0.44501984,0.3154657471874156,0.4863124584321934,0.0,0,0.11463667361773439,24.510042505126265,2.8097497430169565
5518,0.0,0.0,268.0,0.0,,5,5,20000.0,6.57,0.63639873,0.7754050891593444,0.5635356486410146,0.0,0,0.15592777389606963,24.510042505126265,3.8217963659223844
5519,0.0,0.0,106.0,0.0,,5,2,20000.0,2.23,2.4669662,2.2826146274782606,2.1913483232207795,0.0,0,0.25338698227134104,24.510042505126265,6.210525705716244
5526,0.0,0.0,681.0,0.0,,5,4,40000.0,2.94,0.11069527,0.16816192529232726,0.19466107725447745,0.0,0,0.0788255040149815,24.510042505126265,1.9320164538951978
5528,3.0,611.0,686.0,7.81,3.175614417287079,14,2,20000.0,36.14,3.1728284,3.3080701403584682,3.0864821143193866,611.0,0,0.37786917282756216,8.572354774107266,3.239228607676316
5530,1.0,81.0,156.0,11.76,5.004987197401093,7,4,40000.0,44.28,4.988858,4.888724517480451,5.135074320620955,81.0,1,0.3821015181136422,13.360030948910236,5.104888107623845
5531,1.0,276.0,577.0,30.97,4.183582890180432,8,4,40000.0,47.42,4.193893,4.139864882939006,4.337049689200118,276.0,1,0.14149281956449597,30.15932568920559,4.267328027929635
5532,2.0,616.0,629.0,6.609999999999999,2.24402268804404,12,0,120000.0,19.84,2.22588,2.169236425437759,2.1981061757295492,616.0,0,0.29314304778685535,7.808349674084468,2.2889634216466197
5533,2.0,645.0,693.0,10.375,2.98037219953222,12,1,20000.0,36.14,3.0049024,3.0035230029626465,2.9971375885690206,645.0,0,0.2685265335972262,11.321295159597371,3.040068145037738
5535,0.0,0.0,451.0,0.0,,3,3,20000.0,12.1,0.3366654,0.30977634886355243,0.3977750921370582,0.0,0,0.10876562453150931,24.510042505126265,2.665850080363897
5536,6.0,292.0,368.0,13.703333333333333,15.116437433474319,27,0,60000.0,85.97999999999999,15.111984,14.94918071394127,14.639687683442013,292.0,2,1.1048511282199986,13.955757330648598,15.41903423193162
5537,4.0,343.0,563.0,10.475,5.400560208971166,22,0,40000.0,48.58,5.3996444,5.342098317124449,5.356190393540587,343.0,1,0.5025717393665674,10.961070668085814,5.50872435097975
5538,0.0,0.0,56.0,0.0,,4,2,60000.0,17.47,3.2913737,3.0832696829113404,2.987996706051484,0.0,0,0.3141900948631404,24.510042505126265,7.700812579785225
5539,0.0,0.0,662.0,0.0,,6,4,60000.0,10.04,0.098689124,0.16266293834804094,0.19644125017817515,0.0,0,0.08065926314092418,24.510042505126265,1.976961968016216
5541,1.0,161.0,311.0,1.17,0.967343284802421,5,1,60000.0,19.5,1.2227678,1.1321515792098464,1.245774633732342,161.0,0,0.24071341835828694,4.0989934007724,0.9866827133279841
5542,10.0,604.0,654.0,15.487,17.98967605962105,47,2,40000.0,158.04,17.978365,17.631910447699227,17.39014056326067,604.0,2,1.1751856539121743,15.614649235716254,18.35011177268444
5543,2.0,337.0,540.0,17.85,5.359483497921435,18,5,80000.0,49.81,5.239152,5.559600119374209,5.428163156397251,337.0,1,0.29879924754126214,18.29586820188394,5.466791651837026
5545,0.0,0.0,555.0,0.0,,5,3,100000.0,7.38,0.24159604,0.15336686596729024,0.2774159507303562,0.0,0,0.0928212453055434,24.510042505126265,2.275052667817621
5547,0.0,0.0,516.0,0.0,,4,2,20000.0,29.25,0.49638388,0.19022518576151567,0.25073969681475994,0.0,0,0.09822013689853398,24.510042505126265,2.4073797302423885
5548,0.0,0.0,632.0,0.0,,6,3,80000.0,14.96,0.037019715,0.18066836701362773,0.16212930703156925,0.0,0,0.08373514056609703,24.510042505126265,2.052351854447761
5549,0.0,0.0,15.0,0.0,,1,3,40000.0,2.24,4.5487504,3.3659085455163646,3.8113705606713983,0.0,0,,24.510042505126265,
5553,2.0,304.0,698.0,12.57,2.687649852509229,12,3,40000.0,38.33,2.6562033,2.63444981298717,2.7390378883816764,304.0,0,0.2050573748209201,13.369347042917642,2.7414832076905227
5555,4.0,510.0,574.0,6.0825,3.694623716074031,17,4,20000.0,34.24,3.692477,3.589195309290916,3.8359024662174757,510.0,0,0.5607490103325885,6.720694568586088,3.768622828082252
5556,1.0,1.0,618.0,13.57,0.6454127736540911,8,1,60000.0,21.34,0.65078545,0.6420619903966616,0.6383676708849588,1.0,0,0.04405666737911181,14.942890057704332,0.6583339369549167
5557,1.0,156.0,289.0,9.2,2.800918906289706,10,4,20000.0,27.9,2.94344,2.886184552369951,2.868902385940091,156.0,0,0.2568862257211128,11.121290993930742,2.8569064685770718
5558,3.0,132.0,245.0,3.0233333333333334,2.8773137997571876,16,3,20000.0,21.65,2.8832862,3.2723454258293985,3.256730523724074,132.0,0,0.7329440863191291,4.004198819869822,2.934853845469622
5559,2.0,198.0,356.0,18.94,7.619185605594772,12,4,140000.0,51.56,7.705566,8.003999966199538,7.874921044167369,198.0,1,0.4024060319263658,19.312896244170545,7.771625942622283
5560,0.0,0.0,256.0,0.0,,3,1,40000.0,25.94,0.84671056,0.900991318528171,0.6511007197997971,0.0,0,0.16049468158767974,24.510042505126265,3.933731467560736
5566,0.0,0.0,325.0,0.0,,5,4,60000.0,11.0,0.58522975,0.6103263555003257,0.6390061587076454,0.0,0,0.1373671217171905,24.510042505126265,3.3668739920951927
5567,0.0,0.0,487.0,0.0,,4,2,60000.0,7.08,0.34256577,0.24811909645579155,0.2817656229952119,0.0,0,0.10266069520174984,24.510042505126265,2.5162180030007004
5568,4.0,531.0,675.0,10.29,5.053207636200946,20,2,40000.0,53.13,5.0336895,5.173978641007483,5.082305176986269,531.0,1,0.47803851477547793,10.78247770771986,5.154439628998102
5571,0.0,0.0,75.0,0.0,,3,2,120000.0,10.44,2.8525357,2.1315531243178727,2.4438115720045346,0.0,0,0.2879154912006713,24.510042505126265,7.05682092721276
5572,2.0,42.0,123.0,9.42,7.703293608644477,13,5,20000.0,35.760000000000005,7.663565,7.769352225049922,7.7210334109808185,42.0,1,0.7532995504262017,10.430229306034336,7.857087047077859
5574,0.0,0.0,384.0,0.0,,2,3,40000.0,5.85,0.49789688,0.3584155164613652,0.46167958121009445,0.0,0,0.12230452905678364,24.510042505126265,2.9976892057512172
5576,0.0,0.0,103.0,0.0,,5,3,20000.0,22.23,2.452178,2.2884729915063193,2.2019589532797337,0.0,0,0.25636042909370915,24.510042505126265,6.28340501371922
5577,1.0,202.0,311.0,28.73,7.054160621648234,8,1,140000.0,33.47,7.0105505,6.760833917800382,6.783029517152948,202.0,1,0.2551446928980181,28.200428228598536,7.195189599978375
5578,2.0,129.0,208.0,6.6899999999999995,4.631537439907734,11,5,40000.0,52.900000000000006,4.621462,4.440262170945789,4.622744001069464,129.0,1,0.5992777870517071,7.882993934068806,4.724103160150785
5580,2.0,365.0,486.0,11.52,4.1502786672923255,10,3,80000.0,31.44,4.1432605,4.1735352365646845,3.9782721098187923,365.0,1,0.3416855638367209,12.389641130623206,4.233361515451618
5581,0.0,0.0,205.0,0.0,,4,1,80000.0,16.82,1.0474993,1.084611938121919,1.0094014413612573,0.0,0,0.1833231465995987,24.510042505126265,4.493258115329658
5584,1.0,488.0,673.0,20.7,2.990128341403345,10,0,80000.0,49.769999999999996,3.020126,3.432296229723441,3.1679946023360075,488.0,0,0.14401646014972708,21.178130635440194,3.049999406704587
5585,0.0,0.0,258.0,0.0,,2,0,100000.0,3.52,0.80246955,0.7330338803632123,0.6145222475837002,0.0,0,0.15971499998836897,24.510042505126265,3.914621438421164
5587,0.0,0.0,488.0,0.0,,4,1,20000.0,7.94,0.3742328,0.264966161920395,0.28891525527313444,0.0,0,0.10250089180025464,24.510042505126265,2.5123012148375894
5588,1.0,138.0,228.0,19.91,6.241343832020622,8,2,40000.0,25.84,6.2685733,6.394189560036736,6.138140952254212,138.0,1,0.31073118932622046,20.48726947745824,6.366033610777374
5589,1.0,194.0,266.0,8.58,3.0294642321936145,8,1,40000.0,17.65,2.9870367,2.9615894070045083,3.002739896680821,194.0,0,0.2920862646449971,10.579096161084145,3.0900086810112963
5590,7.0,685.0,724.0,9.485714285714286,7.46408631732512,38,5,120000.0,72.68,7.458729,7.2132203533053225,7.254535569720251,685.0,1,0.7778926466916178,9.787526669671806,7.613645025635797
5592,11.0,459.0,522.0,10.296363636363637,15.630911256151009,54,1,20000.0,130.89,15.6292305,14.936167446763292,15.51358710786429,459.0,2,1.5214613879705756,10.479400233190947,15.944002823889873
5593,0.0,0.0,211.0,0.0,,6,4,40000.0,8.58,1.0259078,1.060640481222291,0.9068330645651752,0.0,0,0.18030496991893746,24.510042505126265,4.41928247659867
5594,4.0,166.0,306.0,8.74,7.160398883965868,17,1,20000.0,37.96,5.6640525,5.495808187263871,6.298733718725452,166.0,1,0.7865114461781796,9.286158310059172,7.303669801884159
5596,0.0,0.0,384.0,0.0,,3,1,80000.0,12.37,0.46560195,0.3558718856515358,0.45731927201942657,0.0,0,0.12230452905678364,24.510042505126265,2.9976892057512172
5597,1.0,69.0,356.0,8.6,1.6942650673324204,10,2,120000.0,32.2,1.6930424,1.7366127193809893,1.697127550658637,69.0,0,0.16308529893496607,10.596586316982421,1.7281474471952492
5598,0.0,0.0,587.0,0.0,,5,4,40000.0,28.64,0.097390644,0.06808018383356669,0.23169607644331247,0.0,0,0.08881588907590902,24.510042505126265,2.1768812163811098
5602,1.0,89.0,284.0,9.07,2.4518644470118014,11,0,,23.66,,,,89.0,0,0.22719499978141128,11.007604980591939,2.5008728111594474
5605,7.0,335.0,360.0,7.312857142857143,10.013355538596333,31,4,20000.0,58.47,10.000468,9.951844154489565,9.922611168664819,335.0,1,1.3336871927665364,7.658318413121441,10.21380118570821
5606,0.0,0.0,245.0,0.0,,5,0,140000.0,2.25,0.93904376,0.9448734478382048,0.8440519621052669,0.0,0,0.16492310041543012,24.510042505126265,4.0422722012594
5608,1.0,333.0,420.0,3.14,1.2286084336714926,8,2,60000.0,11.72,1.171406,1.1907023515361093,1.3490999197654467,333.0,0,0.21525863605311696,5.821773756752716,1.2531870782884202
5610,3.0,531.0,560.0,13.146666666666668,6.026968942787051,21,4,120000.0,52.28,5.8905144,5.908984832089295,6.092531103043595,531.0,1,0.44987090405879876,13.66540329968815,6.1476673367588
5611,0.0,0.0,354.0,0.0,,3,2,80000.0,11.78,0.53838044,0.3690541576598811,0.5549300147007727,0.0,0,0.12952560269963326,24.510042505126265,3.1746780276701085
5612,0.0,0.0,403.0,0.0,,4,2,60000.0,4.05,0.41741982,0.2978469469366638,0.4846705538413776,0.0,0,0.11813396822345923,24.510042505126265,2.895468582456221
5614,0.0,0.0,532.0,0.0,,4,2,60000.0,16.22,0.25093955,0.15720661656173487,0.3026166126677632,0.0,0,0.09593093116290045,24.510042505126265,2.3512712003590317
5615,0.0,0.0,251.0,0.0,,5,1,40000.0,27.65,1.0216539,1.073175695153456,0.6175679702720656,0.0,0,0.16247768195828727,24.510042505126265,3.982334890932008
5616,7.0,476.0,563.0,17.584285714285713,16.201539418528956,35,3,20000.0,135.57,16.203184,16.247723371814864,15.775185977647931,476.0,2,0.9324429429663972,17.72341201246208,16.52607045630614
5617,1.0,27.0,332.0,12.32,1.9992512945376266,10,1,40000.0,28.88,2.3434143,2.3555744573234207,1.8949588185026371,27.0,0,0.1472391907203559,13.849755314062001,2.0392267641174375
5618,0.0,0.0,159.0,0.0,,4,3,80000.0,9.07,1.8397428,1.6904381735673182,1.6228904050509527,0.0,0,0.21032832775894095,24.510042505126265,5.155156253403771
5623,1.0,433.0,565.0,10.63,2.0517215751889237,7,4,40000.0,23.270000000000003,2.0742903,2.2888902491111605,2.1377790734737543,433.0,0,0.16915761625339565,12.371837140657568,2.0927904793888605
5624,0.0,0.0,52.0,0.0,,6,4,40000.0,39.84,3.4013715,4.194093754265974,3.382181203787166,0.0,0,0.320349153899291,24.510042505126265,7.851771378552857
5625,0.0,0.0,634.0,0.0,,4,4,40000.0,11.84,0.12157847,0.18518441820058337,0.16888265400898383,0.0,0,0.08352279682606972,24.510042505126265,2.047147300353994
5626,0.0,0.0,254.0,0.0,,5,4,60000.0,34.22,1.3750466,1.1367189884394606,0.7977557258156684,0.0,0,0.16128203097210098,24.510042505126265,3.953029434439286
5627,0.0,0.0,140.0,0.0,,3,1,140000.0,10.17,1.9602315,1.7185725475917881,1.7164104258016764,0.0,0,0.22396529968047416,24.510042505126265,5.489399014841763
5628,0.0,0.0,452.0,0.0,,3,3,40000.0,3.25,0.35952365,0.29636303432358474,0.3972557381697115,0.0,0,0.1085862433793727,24.510042505126265,2.6614534407004102
5630,0.0,0.0,464.0,0.0,,6,2,40000.0,17.28,0.35257903,0.29090368928765925,0.31970123003605355,0.0,0,0.10647897679202478,24.510042505126265,2.6098042470748806
5631,4.0,277.0,399.0,11.655,8.31779421102301,23,5,120000.0,51.78,8.324022,8.106874229853059,7.875244141653141,277.0,1,0.7011698446426136,12.100204145014596,8.484298260503792
5633,0.0,0.0,287.0,0.0,,6,4,20000.0,5.47,0.5093349,0.6704570217459325,0.5775958447039571,0.0,0,0.14920650090368365,24.510042505126265,3.6570576791904466
5636,0.0,0.0,310.0,0.0,,2,0,20000.0,14.67,0.3616908,0.6362520626570768,0.633431856870506,0.0,0,0.141808414778532,24.510042505126265,3.4757302738063953
5639,1.0,172.0,516.0,17.47,2.442031398832169,8,4,40000.0,25.2,2.2299235,2.402211720389101,2.3665528007347527,172.0,0,0.13571846366492124,18.353470457868408,2.490904813461419
5642,8.0,280.0,317.0,15.1525,24.576191791915683,45,4,40000.0,126.75,24.571741,24.48434978294411,24.49988448169949,280.0,2,1.636575387667496,15.317393582227991,25.06806933989039
5643,2.0,132.0,182.0,20.92,13.789144537908484,11,4,40000.0,53.6,13.820324,13.90514908125863,13.430391801657848,132.0,2,0.664670643112985,21.16034167878291,14.064657912127137
5644,7.0,443.0,600.0,10.684285714285712,8.993918920851973,27,2,120000.0,82.47,8.5723095,9.1834280921695,9.112418209411965,443.0,1,0.8368976836167636,10.962020901917533,9.17408990057333
5645,0.0,0.0,164.0,0.0,,4,4,80000.0,6.85,1.4420596,1.7156287198795637,1.3930867786538155,0.0,0,0.20701227447822165,24.510042505126265,5.073879646544078
5647,2.0,245.0,697.0,10.125,1.9626899067121912,9,3,40000.0,35.76,1.9779993,2.0195180896020473,2.0355246798487956,245.0,0,0.18055524507490836,11.088031847146315,2.002002307559892
5649,0.0,0.0,717.0,0.0,,4,3,20000.0,9.68,0.048923455,0.11057149884422031,0.1605132495994832,0.0,0,0.07557036138243324,24.510042505126265,1.852232769611191
5650,0.0,0.0,615.0,0.0,,1,3,40000.0,1.68,0.1607205,0.1597690279637137,0.1861938774020686,0.0,0,0.08558465228472287,24.510042505126265,2.097683465285009
5652,1.0,111.0,300.0,8.36,2.306646456547763,7,2,140000.0,25.22,2.3307996,2.377589199246484,2.260006201913148,111.0,0,0.2265163051218352,10.386704446203094,2.3527579135464625
5654,2.0,226.0,331.0,15.705,7.131935601541741,8,4,120000.0,39.089999999999996,7.136144,7.122477123126745,6.835278062828639,226.0,1,0.44644642809198914,16.294468981053882,7.27460747424722
5655,0.0,0.0,179.0,0.0,,4,2,80000.0,10.7,1.2297343,1.449228072663841,1.2819270130345197,0.0,0,0.19766512197830924,24.510042505126265,4.844780541469327
5656,0.0,0.0,462.0,0.0,,4,0,140000.0,15.48,0.27083778,0.29254844711168076,0.3181401451733432,0.0,0,0.10682448316645968,24.510042505126265,2.618272622998072
5657,1.0,41.0,73.0,33.12,17.34577207958329,11,3,20000.0,36.03,17.340124,16.972665050775447,17.198920013755465,41.0,2,0.5521756672967191,32.0395174482704,17.691441926863583
5659,1.0,27.0,367.0,31.02,3.7941174330665213,10,0,80000.0,35.86,3.7848754,3.5491357306458386,3.8833143655501314,27.0,0,0.12813269149355205,30.203051078951287,3.8699982260632595
5660,1.0,15.0,264.0,13.76,2.734720201084194,8,5,120000.0,38.06,2.6948488,2.6681363827289384,2.599538328492822,15.0,0,0.18461609557340183,15.109046538737967,2.7893731798186248
5663,0.0,0.0,155.0,0.0,,5,1,60000.0,21.84,1.7824974,1.7260048101757572,1.7201765033856082,0.0,0,0.213058947240914,24.510042505126265,5.222083852972257
5664,2.0,277.0,506.0,10.88,3.4907076147743825,17,4,60000.0,36.06,3.4673572,3.4784326449335663,3.4836461324630092,277.0,0,0.30193728204744696,11.792487050748504,3.560591488682717
5665,4.0,363.0,370.0,12.842500000000001,10.30267493457186,20,4,80000.0,59.64,10.261772,10.44646899640919,10.218467613642702,363.0,1,0.7933283870529161,13.246577877093351,10.50888626120531
5666,3.0,103.0,222.0,19.696666666666665,14.771366857476899,15,4,20000.0,62.98,13.90525,14.459963691438146,13.85730514376981,103.0,2,0.7564976086572723,19.916396649323644,15.066706438283049
5667,0.0,0.0,333.0,0.0,,2,1,20000.0,5.06,0.56638783,0.6244704666166695,0.6050128480543995,0.0,0,0.13511050676778594,24.510042505126265,3.311564263767583
5669,3.0,153.0,250.0,8.703333333333333,6.883539906701103,14,5,20000.0,47.230000000000004,6.8530045,6.700443624902949,7.008503862886169,153.0,1,0.7449623300221793,9.424907556652972,7.021201093647843
5672,7.0,273.0,349.0,13.587142857142856,17.784488228084804,31,1,120000.0,101.66,17.79884,17.596424258388137,17.578034060703263,273.0,2,1.3139023262861826,13.80656473972841,18.14047752954994
5673,0.0,0.0,342.0,0.0,,3,1,60000.0,7.26,0.6003363,0.6240135381385292,0.6175650792826355,0.0,0,0.13265897497566106,24.510042505126265,3.251477115339934
5674,1.0,15.0,551.0,2.48,0.31599932901172306,8,3,60000.0,13.01,0.2914526,0.1690677866674557,0.3895863975408389,15.0,0,0.06145834184241304,5.244598612109565,0.3223243343292746
5676,0.0,0.0,95.0,0.0,,2,1,40000.0,4.09,2.7105625,2.3243988622689447,2.2480505056868267,0.0,0,0.26464371036682005,24.510042505126265,6.486428589805084
5681,0.0,0.0,255.0,0.0,,6,1,100000.0,27.32,1.2964252,0.8375097385341163,0.6013514813794414,0.0,0,0.16088739073955746,24.510042505126265,3.943356785565411
5682,3.0,308.0,608.0,22.743333333333336,7.619294441630389,21,2,40000.0,76.08,7.619419,7.728541414676233,7.6685514847674465,308.0,1,0.3405145979542874,22.823983377856397,7.77189952362611
5685,1.0,40.0,605.0,26.8,1.620864473843159,10,2,100000.0,30.42,1.6392777,1.6620080420113517,1.7990032914841922,40.0,0,0.06235945224944883,26.512628184414773,1.6533129712734043
5686,5.0,547.0,699.0,8.174000000000001,4.768936435517395,18,3,80000.0,43.68,4.7613115,4.8821931889871575,4.569427206250647,547.0,1,0.5636865424732026,8.62976518135789,4.864482497435259
5687,0.0,0.0,93.0,0.0,,5,4,60000.0,6.27,2.7866929,2.3315264607843633,2.2648050937737194,0.0,0,0.2667993073001619,24.510042505126265,6.5392623622652115
5690,1.0,328.0,401.0,9.72,2.5489752723597263,7,4,40000.0,24.21,2.514427,2.4571365851870204,2.429062764498399,328.0,0,0.22459877706346956,11.576035047285952,2.5999633148642878
5691,2.0,113.0,182.0,7.445,5.472719930378258,9,1,140000.0,19.16,5.46708,5.488215613431276,5.282735623495116,113.0,1,0.6500262501850338,8.587449137670996,5.582067361614979
5693,0.0,0.0,190.0,0.0,,4,3,40000.0,22.44,0.96145916,1.451176420305907,1.0106876088189276,0.0,0,0.19133143524225046,24.510042505126265,4.689541610354373
5694,0.0,0.0,538.0,0.0,,5,2,80000.0,13.97,0.22212978,0.16822518538108674,0.2582747162454879,0.0,0,0.095099776641943,24.510042505126265,2.3308995677220365
5696,0.0,0.0,377.0,0.0,,4,1,80000.0,2.36,0.46706316,0.3661103487535673,0.518618138511914,0.0,0,0.1239163721482732,24.510042505126265,3.0371955484352204
5700,3.0,273.0,305.0,9.546666666666667,7.002322027898513,19,3,40000.0,36.21,7.0149193,6.712979665370206,6.786788607516218,273.0,1,0.6982004267223443,10.229742832712912,7.142410811059998
5702,1.0,478.0,531.0,9.52,2.0749694078284313,5,3,140000.0,20.25,2.0251927,1.982713566641161,2.1019359454388065,478.0,0,0.18563934019229297,11.401133488303177,2.1164988982128574
5707,3.0,367.0,660.0,16.040000000000003,5.36647676854322,19,5,60000.0,56.47,5.3191614,5.016396062418601,5.343458001047661,367.0,1,0.3332371978325388,16.426656341664543,5.473972929054396
5709,0.0,0.0,669.0,0.0,,3,3,20000.0,3.72,0.10648109,0.15814581502061087,0.21638958383183482,0.0,0,0.07997381903467579,24.510042505126265,1.9601617038371797
5711,0.0,0.0,251.0,0.0,,3,4,40000.0,2.07,1.0202487,0.9794724966697077,0.5838379911841587,0.0,0,0.16247768195828727,24.510042505126265,3.982334890932008
5712,6.0,344.0,355.0,10.701666666666666,12.697150579209843,25,2,80000.0,65.74,10.623544,11.674899979488817,11.353111607556034,344.0,1,1.174806295926922,11.024203839654842,12.951304078408256
5714,0.0,0.0,147.0,0.0,,5,2,140000.0,14.2,1.7706181,1.7263768574448703,1.7332350722302987,0.0,0,0.2187394252674997,24.510042505126265,5.361312610853308
5715,2.0,161.0,193.0,7.619999999999999,5.616839676393548,13,0,60000.0,40.08,5.6104546,5.535719352971682,5.8714495476597355,161.0,1,0.6546971520093143,8.750733456386733,5.729080271889018
5716,1.0,149.0,217.0,8.93,3.5121048824998695,8,1,20000.0,32.230000000000004,3.1781633,3.6623337722586196,3.6529936814002966,149.0,0,0.32909549541850913,10.885173889303998,3.582261693817119
5717,1.0,450.0,734.0,6.43,1.0761665939760194,5,0,40000.0,15.17,1.0828655,0.9735790353087799,0.9848174820693965,450.0,0,0.12619033042779088,8.698904402019334,1.0977176208505843
5718,0.0,0.0,20.0,0.0,,5,2,60000.0,9.88,4.5982294,3.1699375073915523,3.8754621161368115,0.0,0,,24.510042505126265,
5720,2.0,339.0,606.0,6.18,1.8966443646299256,6,5,40000.0,15.79,1.8828021,1.7994285592785153,1.8001098559133775,339.0,0,0.2611840606278783,7.4071367766686524,1.9346260609564123
5722,0.0,0.0,174.0,0.0,,5,5,100000.0,12.67,1.3640894,1.4439672528915484,1.2511170273679957,0.0,0,0.20068529354513334,24.510042505126265,4.918805074944959
5723,0.0,0.0,137.0,0.0,,4,3,80000.0,24.95,1.9993451,1.641868963006427,1.7315592009848828,0.0,0,0.22628251237145533,24.510042505126265,5.54619399639113
5724,2.0,139.0,637.0,15.165,2.2107686186421787,15,4,80000.0,44.67,2.1972353,1.990077194569286,2.220801307680527,139.0,0,0.1428090968223307,15.7906202261596,2.2550442127622796
5726,1.0,249.0,527.0,9.53,1.704895147871989,7,1,40000.0,13.919999999999998,1.693113,1.8387726081840177,1.725986108318196,249.0,0,0.15241330483700707,11.409878566252317,1.7390173000714475
5727,1.0,33.0,145.0,12.1,4.800911626418953,6,2,20000.0,21.33,5.169017,4.919772164142495,5.022133067400981,33.0,1,0.3585408664195522,13.65736359918095,4.896722977857191
5728,0.0,0.0,95.0,0.0,,4,1,,13.93,,,,0.0,0,0.26464371036682005,24.510042505126265,6.486428589805084
5731,1.0,31.0,554.0,3.12,0.3898748218456427,9,3,60000.0,8.969999999999999,0.41447982,0.37992102345497675,0.38253881034835135,31.0,0,0.06851467220102204,5.804283600854438,0.3976785882743097
5733,2.0,315.0,669.0,17.28,3.867483318507973,11,2,20000.0,40.53,3.9549212,3.836759166371531,3.8739149239964994,315.0,0,0.22207485509517835,17.764027849495534,3.9449439105834334
5734,2.0,403.0,707.0,8.565,2.173478073224203,13,3,40000.0,23.53,2.2073224,2.2488603122771256,2.198091971994139,403.0,0,0.2301604560070568,9.632468777451725,2.2170134062920264
5735,0.0,0.0,508.0,0.0,,3,1,60000.0,1.86,0.2734644,0.24120296274651262,0.22491357655350885,0.0,0,0.09940624686156216,24.510042505126265,2.436451335851963
5738,3.0,315.0,486.0,7.253333333333333,3.6331159802455915,15,1,20000.0,33.519999999999996,3.4566164,3.473811069805365,3.5092054185809984,315.0,0,0.460864616991903,8.041099868565725,3.7058584111201847
5739,1.0,331.0,360.0,15.72,4.117366512304408,7,3,20000.0,25.21,4.09415,3.8718855759770876,4.202572416196622,331.0,1,0.24963967844343332,16.823081816769147,4.19970873516582
5740,5.0,245.0,277.0,10.524000000000001,12.471043615183973,30,3,140000.0,61.23,12.475366,12.65184462188122,12.715088117616887,245.0,1,1.1655046052312126,10.914201678088666,12.720552318234569
5742,5.0,388.0,508.0,17.098,12.320297113128648,21,4,80000.0,93.69999999999999,11.847072,10.835591471805657,11.766476830892824,388.0,1,0.7262168230656346,17.304791265113394,12.567030536364593
5744,3.0,446.0,482.0,11.469999999999999,5.9592897262014874,15,0,20000.0,39.08,5.970347,6.113998262209002,5.614299572771721,446.0,1,0.5038098790890745,12.065276248865421,6.07860536811717
5745,1.0,1.0,183.0,9.09,2.7631630730419583,8,3,60000.0,18.13,2.7704406,2.826220528690874,2.815299436917079,1.0,0,0.25562927923435136,11.025095136490215,2.8183371232311463
5746,3.0,164.0,331.0,12.700000000000001,7.392933037236157,22,4,80000.0,54.54,7.4060497,7.657669579043034,7.23785085120306,164.0,1,0.569588799806035,13.239126908415296,7.540858406244052
5748,1.0,89.0,582.0,9.54,0.9724810487264821,8,3,60000.0,15.7,0.95919263,0.8566379890139548,0.9648178843204631,89.0,0,0.08687106986246582,11.418623644201453,0.9919480523286285
5754,1.0,17.0,345.0,10.32,1.5615156031497968,4,2,40000.0,20.53,1.5257412,1.4041551347375107,1.5455167960001885,17.0,0,0.13162344815608254,12.10073972423427,1.592741087742998
5755,1.0,33.0,206.0,10.47,3.1616359206111433,5,1,20000.0,28.97,3.3984604,3.2981129293365976,3.259554420881596,33.0,0,0.26363687982319367,12.23191589347135,3.2247841404145188
5757,5.0,201.0,351.0,18.65,15.838773782176471,24,1,40000.0,108.71,15.850315,15.689960051629225,15.83644374986465,201.0,2,0.8587342033167678,18.81349145359261,16.15578859500767
5760,1.0,137.0,530.0,14.24,1.8164141442410582,8,5,40000.0,30.979999999999997,2.1079133,2.133485904335537,1.5733078883397429,137.0,0,0.11931169333185866,15.528810280296625,1.8527686499713651
5765,2.0,341.0,597.0,10.455,2.9786824931118825,12,2,40000.0,36.83,2.9544082,2.8551201544399527,2.9574217335755795,341.0,0,0.26661526690397247,11.395939419581708,3.038331429973278
5766,6.0,300.0,391.0,7.738333333333333,8.338752159280512,29,5,80000.0,49.78,8.344738,7.865392621039901,8.10347590880681,300.0,1,1.046199100113571,8.13008828885701,8.505691051646087
5767,1.0,88.0,326.0,16.63,3.350482785451975,12,3,40000.0,57.230000000000004,5.485869,4.258040554733943,3.994371740285083,88.0,0,0.1939665269687131,17.61888391014076,3.417473721114943
5768,0.0,0.0,36.0,0.0,,3,2,20000.0,31.51,4.7075477,3.9906457385339538,3.89409788630745,0.0,0,,24.510042505126265,
5769,0.0,0.0,69.0,0.0,,4,1,60000.0,3.65,2.8931577,2.2389565779941067,2.9232844567721408,0.0,0,0.2957220461344392,24.510042505126265,7.248159920458015
5773,0.0,0.0,347.0,0.0,,2,4,40000.0,5.65,0.5789641,0.5129914295432789,0.6174706834159762,0.0,0,0.13133513331404104,24.510042505126265,3.21902969994357
5774,0.0,0.0,502.0,0.0,,3,2,40000.0,30.06,0.5640603,0.23470624582774666,0.2323308091382934,0.0,0,0.10031482016445777,24.510042505126265,2.458720506124957
5777,0.0,0.0,538.0,0.0,,3,1,60000.0,4.91,0.21469152,0.15850363854733904,0.27089802352061465,0.0,0,0.095099776641943,24.510042505126265,2.3308995677220365
5778,0.0,0.0,318.0,0.0,,5,0,40000.0,9.29,0.5856998,0.6043195084404775,0.6797111276625181,0.0,0,0.13940452757758542,24.510042505126265,3.4168108963336654
5781,0.0,0.0,652.0,0.0,,4,2,40000.0,18.58,0.0375973,0.16653856972201853,0.1970588273293119,0.0,0,0.08165911824664643,24.510042505126265,2.0014684591564356
5782,2.0,242.0,631.0,17.41,3.6893103518830554,11,5,60000.0,78.67,3.690638,3.337488897225439,3.4119569524974116,242.0,0,0.21040691525601563,17.885324771970083,3.763196013622226
5786,0.0,0.0,157.0,0.0,,6,4,20000.0,29.79,1.9519604,1.725663447268012,1.6629279316275367,0.0,0,0.21168479920263686,24.510042505126265,5.188403426145748
5787,0.0,0.0,294.0,0.0,,3,4,40000.0,20.72,0.4624045,0.663741504961375,0.5809394381341981,0.0,0,0.14687431022022535,24.510042505126265,3.5998955864088242
5789,0.0,0.0,669.0,0.0,,4,0,80000.0,20.81,-0.17003012,0.1585960738928192,0.1946540526523055,0.0,0,0.07997381903467579,24.510042505126265,1.9601617038371797
5790,7.0,499.0,620.0,17.05142857142857,14.30776387259797,34,2,80000.0,127.65,14.326182,14.212664253553077,14.24336870967474,499.0,2,0.8484493205179732,17.201259034359985,14.594396539756376
5791,1.0,39.0,371.0,5.04,0.9893577309906737,7,3,60000.0,30.009999999999998,1.0049869,0.8245281874946688,1.0968662738179997,39.0,0,0.13485223625436082,7.483338567089061,1.009144940420464
5792,0.0,0.0,676.0,0.0,,5,5,80000.0,6.32,0.026156953,0.16994899173755548,0.1847310928781285,0.0,0,0.07929993425337459,24.510042505126265,1.9436447592039294
5799,1.0,490.0,550.0,5.19,1.3444004980212827,7,4,120000.0,6.78,1.3465291,1.35780499296259,1.3927449271373034,490.0,0,0.18009155111104122,7.61451473632614,1.3713097698228556
5801,0.0,0.0,732.0,0.0,,5,2,60000.0,3.42,-0.00079356343,0.1470481956284054,0.15289335220387112,0.0,0,0.07429210231001178,24.510042505126265,1.8209025854135779
5802,0.0,0.0,613.0,0.0,,3,3,60000.0,3.5,0.12629822,0.15474979357193364,0.18470379164377793,0.0,0,0.08580763148975493,24.510042505126265,2.103148695078104
5803,0.0,0.0,248.0,0.0,,6,3,40000.0,6.99,0.9517446,0.9853831367847795,0.7038864357644519,0.0,0,0.16369123642074296,24.510042505126265,4.012079162389083
5804,0.0,0.0,148.0,0.0,,2,2,40000.0,3.87,1.8136511,1.7489371376874463,1.7587102950904896,0.0,0,0.21801279100972798,24.510042505126265,5.343502774309642
5805,0.0,0.0,475.0,0.0,,4,1,40000.0,7.2,0.43904513,0.26518417323664817,0.2743218354200838,0.0,0,0.10461798666586941,24.510042505126265,2.564191299981192
5806,1.0,14.0,163.0,2.24,1.4977724445945855,7,2,80000.0,25.25,1.5046506,1.6977818983027402,1.6567342356832926,14.0,0,0.30342748523822416,5.034716741330238,1.5276714397086206
5809,3.0,378.0,555.0,11.943333333333333,5.1596892297166095,11,1,20000.0,52.17,5.079566,5.1888636975277524,5.074839969263124,378.0,1,0.42046951697785256,12.517001976930684,5.26301777525087
5810,0.0,0.0,216.0,0.0,,5,2,40000.0,31.95,1.2065973,1.1813472070755664,0.9349630215721776,0.0,0,0.17786491889228803,24.510042505126265,4.3594767222208155
5813,3.0,335.0,563.0,15.196666666666667,6.052199064987741,19,4,40000.0,57.12,6.0546784,6.140715678259081,5.948501395335071,335.0,1,0.3951782353998033,15.621821065604603,6.173403682437102
5814,0.0,0.0,661.0,0.0,,6,4,20000.0,23.76,-0.010662128,0.16632005523861534,0.19232061231505515,0.0,0,0.08075814472077389,24.510042505126265,1.9793855597413064
5819,0.0,0.0,585.0,0.0,,2,2,60000.0,5.98,0.15448366,0.15501739968035227,0.2104378706663388,0.0,0,0.08905606100392396,24.510042505126265,2.182767840545294
5820,3.0,181.0,301.0,14.700000000000001,9.669035895434924,15,1,20000.0,50.29,9.609997,9.54607603823666,9.559187681506797,181.0,1,0.6510815232286483,15.147827167845982,9.862470386045464
5821,0.0,0.0,566.0,0.0,,6,4,80000.0,21.51,0.14378169,0.15668646472775902,0.20143080660029966,0.0,0,0.09140424378461719,24.510042505126265,2.2403219003098904
5822,0.0,0.0,386.0,0.0,,1,5,80000.0,3.15,0.5759961,0.3490910873518399,0.4289933622797504,0.0,0,0.12185168684993054,24.510042505126265,2.986590024013133
5823,0.0,0.0,235.0,0.0,,4,3,60000.0,4.56,0.97220963,1.040790398943746,0.8608200605522249,0.0,0,0.16916701941515327,24.510042505126265,4.146290836330927
5824,0.0,0.0,639.0,0.0,,5,3,40000.0,11.16,0.1088681,0.17646455969787614,0.205115271249249,0.0,0,0.0829966228869634,24.510042505126265,2.034250754741408
5826,2.0,518.0,566.0,17.085,5.436936593218351,16,4,20000.0,51.08,5.715314,5.445446826321224,5.525940956437663,518.0,1,0.3154235971362524,17.58208246578371,5.545803696503728
5827,2.0,345.0,577.0,5.8,1.9282199024608353,10,3,40000.0,17.56,1.9284669,2.03336596561204,1.9632346348430367,345.0,0,0.27888119811695034,7.052576541743047,1.9668309957727992
5828,0.0,0.0,327.0,0.0,,2,1,20000.0,6.64,0.5521147,0.6323921105273483,0.6871018727666298,0.0,0,0.13679591799310528,24.510042505126265,3.3528737645387774
5829,0.0,0.0,32.0,0.0,,4,5,20000.0,15.55,4.533819,3.360335406915204,3.7904571495964015,0.0,0,,24.510042505126265,
5830,0.0,0.0,68.0,0.0,,2,4,100000.0,9.62,2.8882656,2.155106824858475,2.846162956781267,0.0,0,0.2970647471771156,24.510042505126265,7.281069580085691
5831,3.0,655.0,702.0,13.793333333333331,5.232853280949826,17,3,40000.0,52.14,5.397077,5.466197466689619,5.448235993942033,655.0,1,0.37372048831034765,14.282549716904068,5.337681454518206
5833,1.0,115.0,160.0,12.77,5.541710429668784,11,2,80000.0,20.71,5.536438,5.68956043170832,5.678977136607227,115.0,1,0.39684184149984464,14.24328382177324,5.652330980837437
5834,3.0,504.0,607.0,8.04,3.5504525519121906,15,0,20000.0,35.76,3.5391252,3.505770206429671,3.547325222014342,504.0,0,0.4119225637529445,8.791855303941794,3.6215635769446273
5835,0.0,0.0,435.0,0.0,,5,2,20000.0,17.58,0.3486709,0.3043689631784777,0.49507879892070683,0.0,0,0.11171861661921345,24.510042505126265,2.738228041950827
5838,0.0,0.0,240.0,0.0,,2,3,40000.0,5.05,0.8811814,1.0007622194163184,0.8663604571926244,0.0,0,0.16701803727706147,24.510042505126265,4.09361919278354
5839,0.0,0.0,375.0,0.0,,3,5,120000.0,10.89,0.486576,0.3593295504538714,0.48179662667955103,0.0,0,0.1243847433376828,24.510042505126265,3.0486753461958265
5840,0.0,0.0,232.0,0.0,,3,2,40000.0,24.19,1.045418,1.0562565667348978,0.9079789424324876,0.0,0,0.170483229287286,24.510042505126265,4.178551196242567
5844,3.0,70.0,213.0,12.666666666666666,9.192680430607957,16,4,40000.0,48.3,9.214457,9.297738378417145,9.443543564039643,70.0,1,0.7099448001320958,13.207315237424783,9.376464776515121
5847,4.0,394.0,652.0,14.535,6.420518338634634,16,5,20000.0,63.870000000000005,6.433484,6.428495638162842,6.197420073344341,394.0,1,0.44011645136826194,14.88046212260349,6.549136184120083
5848,1.0,12.0,237.0,22.4,4.580110519167369,10,2,80000.0,38.55,4.6147895,4.800294921009254,4.738762248246859,12.0,1,0.20611793046711882,22.664793886793763,4.671620410409736
5851,5.0,144.0,330.0,9.422,7.193986094403077,25,1,40000.0,64.92,7.2014327,6.942444703996322,7.139032216208218,144.0,1,0.7455043587780604,9.842946776217467,7.337959724890579
5852,3.0,48.0,335.0,15.519999999999998,4.541089075575605,16,0,40000.0,60.019999999999996,4.578512,4.956191027150155,4.946209120293908,48.0,1,0.29076203101481995,15.930394274212562,4.631953794036903
5855,2.0,23.0,602.0,18.79,1.125151539971881,11,2,60000.0,42.68,1.1346772,1.3125932392435211,1.3911729967500364,23.0,0,0.05985954173286274,19.17293825669991,1.147683297718529
5857,1.0,449.0,628.0,9.46,1.689942976767521,8,4,120000.0,40.88,1.7643281,1.7056104629668414,1.4727030796783547,449.0,0,0.151892480472864,11.348663020608345,1.7237765762508668
5858,1.0,378.0,474.0,13.06,2.793471374949841,8,0,40000.0,27.35,3.197161,2.772925364309792,2.7924411897451815,378.0,0,0.1965503583231798,14.496891082298262,2.8493691367978333
5859,0.0,0.0,330.0,0.0,,3,1,20000.0,8.06,0.56240433,0.6323921105273483,0.7596209979456203,0.0,0,0.13594797969925101,24.510042505126265,3.332090760914685
5863,0.0,0.0,172.0,0.0,,2,3,40000.0,7.69,1.436807,1.4511488641220107,1.2989696891775226,0.0,0,0.20191945266645192,24.510042505126265,4.949054367466568
5865,0.0,0.0,241.0,0.0,,3,1,20000.0,10.26,0.8264916,0.9990745822586365,0.8856864749497051,0.0,0,0.16659479233461064,24.510042505126265,4.08324544125399
5867,0.0,0.0,584.0,0.0,,4,3,40000.0,6.61,0.19143587,0.16003663407213234,0.21626809464221797,0.0,0,0.08917663512585622,24.510042505126265,2.185723117398872
5868,0.0,0.0,579.0,0.0,,5,2,100000.0,9.4,0.16136503,0.176279789809326,0.20708362548140258,0.0,0,0.08978444063491792,24.510042505126265,2.200620456260824
5869,5.0,146.0,252.0,12.953999999999999,14.545816732740265,24,1,140000.0,75.00999999999999,14.557761,14.579351721593339,14.726811590490414,146.0,2,1.1175303591224628,13.276406225771975,14.836787017342656
5871,1.0,79.0,140.0,13.05,5.839066766497132,6,2,40000.0,19.450000000000003,5.8424673,6.064419157166524,5.888586434003723,79.0,1,0.41106620074823685,14.488146004349122,5.955587133893542
5872,3.0,284.0,352.0,37.56333333333333,22.528809145110166,20,4,80000.0,121.25,22.511356,22.183604329392914,22.349442227041624,284.0,2,0.6216181176604144,36.96745230023778,22.979638113574968
5875,0.0,0.0,576.0,0.0,,4,2,20000.0,16.92,0.18927802,0.1680530009601469,0.23003654005454965,0.0,0,0.09015312057223925,24.510042505126265,2.209656817195357
5876,1.0,10.0,331.0,35.73,4.486152056974246,7,1,20000.0,53.39,4.4937663,4.73639919579318,4.594263238664969,10.0,1,0.13332134929932207,34.32198279299559,4.575853056590287
5877,10.0,418.0,564.0,12.391,14.579052076844569,49,3,20000.0,140.29,14.6483965,13.991930715175009,14.764735348100713,418.0,2,1.183774036552916,12.562448434661952,14.87110029248764
5881,2.0,170.0,322.0,11.695,5.271262583750962,14,4,80000.0,39.900000000000006,4.8730345,5.180299304973466,5.322572952891975,170.0,1,0.42832300255043615,12.552925449338947,5.37670671925264
5882,1.0,82.0,484.0,9.14,1.2180872242232197,7,4,140000.0,26.02,1.2342361,1.1886201000905696,1.0795628762306757,82.0,0,0.11224884506916291,11.06882052623591,1.242462320347825
5887,2.0,188.0,672.0,14.25,2.34975910647012,10,3,40000.0,33.12,2.4393232,2.393917678457375,2.564042997501332,188.0,0,0.16046339995236267,14.936876502588737,2.3968219882739445
5890,0.0,0.0,174.0,0.0,,5,3,40000.0,8.88,1.4330232,1.4511488641220107,1.2989696891775226,0.0,0,0.20068529354513334,24.510042505126265,4.918805074944959
5891,0.0,0.0,185.0,0.0,,5,3,60000.0,25.66,1.3702128,1.6241308358372717,1.2198270123748918,0.0,0,0.1941591577482881,24.510042505126265,4.758849209170057
5894,0.0,0.0,273.0,0.0,,4,4,20000.0,17.33,0.5442086,0.703407737962881,0.5847753002366893,0.0,0,0.15410086951959562,24.510042505126265,3.777018862002205
5895,6.0,430.0,617.0,9.799999999999999,6.90532842235949,24,0,40000.0,62.8,6.9205523,7.048017552666681,6.689033890944883,430.0,1,0.6943946735056696,10.143598376785537,7.043660683020633
5896,2.0,248.0,332.0,8.200000000000001,4.133058206166327,13,5,100000.0,36.12,4.1544647,4.100854668737791,4.045041279189735,248.0,1,0.4537002226200204,9.291904341273185,4.215739068199578
5898,4.0,438.0,713.0,14.895,6.129248262890183,15,2,20000.0,71.72999999999999,6.133867,6.284452632933292,6.064532453982693,438.0,1,0.4105626226336667,15.2279943698021,6.252045305916662
5899,1.0,228.0,684.0,31.47,3.1003682338058223,11,2,40000.0,62.09,2.50854,2.7913219189737934,3.2011115974773965,228.0,0,0.10335953673652878,30.596579586662525,3.162448291799772
5900,1.0,103.0,244.0,25.4,6.7984155184073565,9,5,40000.0,37.43,6.777858,6.826261273168563,6.870471978282774,103.0,1,0.27420788604831253,25.288317271535362,6.9342560207467425
5902,0.0,0.0,412.0,0.0,,2,0,20000.0,6.02,0.34864625,0.3322966402031614,0.5318741667201143,0.0,0,0.11625626573300238,24.510042505126265,2.849446014603142
5903,0.0,0.0,638.0,0.0,,3,1,120000.0,33.5,0.11870034,0.15274891422885195,0.39580486101808976,0.0,0,0.08310132625812582,24.510042505126265,2.036817038819029
5905,1.0,469.0,488.0,10.96,2.4993777204313488,9,1,60000.0,21.310000000000002,2.4846504,2.483630463181594,2.4741590478529187,469.0,0,0.2013671365691049,12.660424712979147,2.5493934722013427
5906,0.0,0.0,668.0,0.0,,5,3,60000.0,16.0,0.04955387,0.15959486594235606,0.21658368917368342,0.0,0,0.08007102501680491,24.510042505126265,1.9625442265909168
5908,0.0,0.0,295.0,0.0,,6,2,20000.0,20.06,0.3347397,0.6743757827292663,0.6149373608514219,0.0,0,0.14654709033585403,24.510042505126265,3.591875413134361
5909,5.0,235.0,373.0,14.819999999999999,12.707606501059832,28,1,40000.0,80.82,12.6403475,12.775965832157913,12.605758219415844,235.0,1,0.8589581672196448,15.090346014239902,12.961975955101778
5910,0.0,0.0,633.0,0.0,,7,4,80000.0,7.2,0.07848279,0.1842161919718188,0.1479029978644304,0.0,0,0.08362883380602416,24.510042505126265,2.0497462712397927
5912,0.0,0.0,468.0,0.0,,5,1,80000.0,21.69,0.2353436,0.28836005847782986,0.3005495757196881,0.0,0,0.10579463333347357,24.510042505126265,2.593030959817685
5913,1.0,219.0,274.0,7.74,2.8194486965310723,9,5,20000.0,13.79,2.7826235,2.7684072216480575,2.7730374925851318,219.0,0,0.29212219783236626,9.844509613356497,2.875799784835558
5914,0.0,0.0,633.0,0.0,,3,2,40000.0,9.31,0.09039367,0.1816365932423923,0.17755814905949663,0.0,0,0.08362883380602416,24.510042505126265,2.0497462712397927
5916,0.0,0.0,48.0,0.0,,2,2,40000.0,1.76,3.48767,3.3659085455163646,3.015327217688596,0.0,0,0.326756335866914,24.510042505126265,8.008811680917375
5918,2.0,179.0,615.0,7.92,1.612997572033629,12,0,20000.0,29.869999999999997,1.623079,1.6684644044068195,1.637984538039606,179.0,0,0.18219063531879004,9.030649431328001,1.6452997572349186
5920,3.0,650.0,666.0,17.473333333333333,6.8546238000536,21,3,40000.0,66.93,6.845094,6.76567588836189,6.8229799080189055,650.0,1,0.3929252254239175,17.794558194256535,6.991930789797268
5921,0.0,0.0,299.0,0.0,,4,3,40000.0,4.92,0.63353,0.671807123220858,0.6187034670500324,0.0,0,0.14525269065142818,24.510042505126265,3.560149621850461
5923,0.0,0.0,452.0,0.0,,5,0,140000.0,6.68,0.26927876,0.29254844711168076,0.3949761083253467,0.0,0,0.1085862433793727,24.510042505126265,2.6614534407004102
5924,3.0,315.0,622.0,6.366666666666667,2.3519592927039428,15,5,40000.0,26.2,2.331947,2.2887576165169428,2.3333224884973145,315.0,0,0.33343959062688655,7.194909420218121,2.3990676516750598
5925,0.0,0.0,692.0,0.0,,5,3,40000.0,5.31,0.10686805,0.16884125099743938,0.20384514424759193,0.0,0,0.07780149276963574,24.510042505126265,1.906917894746046
5926,1.0,3.0,319.0,3.42,0.7957148030610912,9,5,40000.0,11.56,0.7986069,0.7886558244803836,0.7941015223772814,3.0,0,0.13378483449329415,6.066635939328599,0.8116238850741466
5927,2.0,241.0,336.0,7.324999999999999,3.707848365746191,12,2,40000.0,23.33,3.73368,3.7884826813551307,3.5548252075877724,241.0,0,0.4462311854432905,8.475482747694487,3.7820247137078677
5929,0.0,0.0,632.0,0.0,,3,4,20000.0,12.64,0.12898555,0.17871613288705812,0.17085395536123826,0.0,0,0.08373514056609703,24.510042505126265,2.052351854447761
5933,1.0,283.0,328.0,39.31,9.650168648177411,9,0,20000.0,48.81,9.648337,9.544049253009034,9.218419477992256,283.0,1,0.2628145709030827,37.45272069878724,9.843120719604771
5935,1.0,479.0,624.0,13.61,2.291827624727614,7,1,140000.0,22.36,2.2643588,2.246568907698466,2.319318006321291,479.0,0,0.15607764822130737,14.977870369500888,2.3377107826353027
5938,0.0,0.0,192.0,0.0,,5,5,20000.0,18.63,0.8417508,1.4492756395404809,1.002693429314382,0.0,0,0.19022334637271027,24.510042505126265,4.662382305062485
5941,0.0,0.0,600.0,0.0,,4,5,60000.0,22.15,0.0047679767,0.16548464942260954,0.20958972201981219,0.0,0,0.0872858279809976,24.510042505126265,2.1393793539093906
5942,1.0,46.0,604.0,16.76,1.1301429323193315,7,1,60000.0,22.28,1.1331846,1.184907429209636,1.2117781381152932,46.0,0,0.06500848380486295,17.732569923479566,1.1527674846891212
5944,12.0,649.0,694.0,13.483333333333333,17.795032854997466,58,2,40000.0,167.35999999999999,17.533758,17.079571120740656,15.870942190206296,649.0,2,1.3333395732362023,13.613636537447181,18.151600331032597
5948,1.0,617.0,653.0,11.34,2.028441578443111,8,2,40000.0,21.22,2.0611408,2.1122984820600927,2.0402494616587656,617.0,0,0.15924702490417755,12.992737675046413,2.069054820111562
5950,1.0,178.0,319.0,17.04,4.245892395645081,7,3,20000.0,36.7,4.2038727,4.499521992163486,4.511402157003378,178.0,1,0.24090105840044096,17.977432106055446,4.3307824216708255
5951,2.0,289.0,300.0,16.505000000000003,8.469829125416634,12,2,40000.0,56.18000000000001,8.494669,8.547506098616442,8.898705519996163,289.0,1,0.5069700958582397,17.040911580897262,8.639232577679273
5952,2.0,208.0,335.0,21.07,9.046284688405454,13,2,20000.0,54.06,8.660779,9.300446160906082,8.756595382582475,208.0,1,0.4331984420093803,21.30029966625354,9.227256629753956
5953,0.0,0.0,307.0,0.0,,4,3,120000.0,5.12,0.6873667,0.6501377642389268,0.6541223542949259,0.0,0,0.14273142680730563,24.510042505126265,3.4983533378643794
5954,3.0,612.0,685.0,8.293333333333333,3.352407822382614,15,2,40000.0,31.939999999999998,3.384077,3.2682580715230496,3.356595668665951,612.0,0,0.37853727611666477,9.033624003469681,3.4195634237355335
5956,3.0,246.0,358.0,8.03,5.110123411037056,12,4,40000.0,32.28,5.123508,5.265986230106434,4.86488403137616,246.0,1,0.5935095890728607,8.78231180264464,5.212386269097355
5957,1.0,514.0,659.0,15.96,2.5033692767670317,6,4,20000.0,24.12,2.4937541,2.453201776993047,2.4859445030700518,514.0,0,0.14991473541833825,17.032963687548474,2.5534922446089925
5958,5.0,442.0,606.0,7.862,5.050433987335721,22,3,100000.0,42.33,5.017232,4.745966406830106,4.983354337976568,442.0,1,0.6187017616489265,8.326469782642995,5.151601522837775
5959,1.0,34.0,209.0,22.93,5.916276047585522,7,3,20000.0,41.08,5.915225,5.528957397826716,5.937564767942543,34.0,1,0.26091203840389054,23.128283018098113,6.034447467034064
5960,1.0,3.0,673.0,7.31,0.3534684649398196,8,3,60000.0,18.3,0.35078266,0.4059959369313135,0.414965903942381,3.0,0,0.038078579065984774,9.468471261543534,0.36054593156669007
5962,3.0,365.0,434.0,12.660000000000002,6.950074751603192,20,5,60000.0,61.83,6.8840065,6.670447942418135,7.393543566362042,365.0,1,0.5370221489443197,13.200952903226682,7.089204096203548
5965,0.0,0.0,28.0,0.0,,5,3,60000.0,30.38,4.5717225,3.819547468023287,3.877210516224956,0.0,0,,24.510042505126265,
5967,0.0,0.0,368.0,0.0,,3,2,60000.0,6.82,0.6750201,0.3622764197324472,0.5996262759988689,0.0,0,0.12605234237503457,24.510042505126265,3.089548269482826
5968,0.0,0.0,205.0,0.0,,3,0,20000.0,12.1,0.83081335,1.0532323397103198,1.0450965724389194,0.0,0,0.1833231465995987,24.510042505126265,4.493258115329658
5970,1.0,187.0,299.0,14.85,4.094112100251074,8,4,40000.0,28.43,4.056078,4.2352899899792344,4.2901938699939715,187.0,1,0.2599855564644834,16.062260035194083,4.175955613327166
5971,4.0,191.0,227.0,11.0825,12.1894459999416,24,2,40000.0,48.87,12.17516,12.37757287027725,12.13953502233332,191.0,1,1.0766985610573108,11.54753133523347,12.433210372410084
5973,7.0,485.0,715.0,18.65857142857143,12.386859597688897,38,2,100000.0,161.74,12.394069,12.00847511963783,12.19580931760969,485.0,1,0.6729321464296139,18.776117212281857,12.635052857274848
5974,1.0,10.0,294.0,42.24,6.140502752062796,7,4,40000.0,43.52,6.1401734,5.986753024669322,6.024219381192109,10.0,1,0.15652244322044895,40.01502853788487,6.263250032285728
5975,2.0,148.0,189.0,6.125,4.7394618645471125,14,3,20000.0,18.37,4.8153806,4.70310572310355,4.905194052652341,148.0,1,0.6571893540820319,7.35581884792942,4.834165837415172
5976,0.0,0.0,192.0,0.0,,3,5,100000.0,20.88,0.9212353,1.445166867061174,0.965783820863316,0.0,0,0.19022334637271027,24.510042505126265,4.662382305062485
5977,1.0,78.0,116.0,14.28,7.0644231980378445,9,1,80000.0,22.11,7.052822,6.857165487139808,7.031522005638938,78.0,1,0.4629551268787959,15.563790592093177,7.205336648277507
5978,0.0,0.0,427.0,0.0,,6,5,80000.0,10.2,0.4635924,0.3057411399814059,0.4740435910700658,0.0,0,0.11325614831071604,24.510042505126265,2.7759130090625344
5981,4.0,194.0,349.0,10.625,7.795223929508447,18,0,80000.0,50.9,7.861552,7.794014765780328,7.958979567309841,194.0,1,0.7159482612935506,11.105875771085236,7.951232448450646
5982,1.0,160.0,393.0,2.93,1.0288998573618557,9,2,40000.0,6.91,1.0501591,0.905735420083486,0.9439612106417803,160.0,0,0.18613990211488546,5.638127119820805,1.0494804301947256
5984,5.0,489.0,697.0,19.188,10.234379023063097,29,1,140000.0,99.5,10.241114,10.353934240675953,10.463508911194925,489.0,1,0.5398823430722994,19.336481596248426,10.439424990956997
5985,4.0,325.0,332.0,15.275,13.085990535962797,28,4,140000.0,93.74,13.077711,13.349088845468744,13.658763253226526,325.0,1,0.8559156593320686,15.594833964067302,13.347862594528802
5986,0.0,0.0,329.0,0.0,,5,4,80000.0,10.55,0.5717557,0.6143773636633411,0.637010866109093,0.0,0,0.13622945331645112,24.510042505126265,3.338989691236331
5989,2.0,171.0,377.0,18.8,6.7938344109509,15,2,120000.0,54.34,6.912154,6.852679319758314,7.007950884654304,171.0,1,0.36125946689840627,19.182268789197956,6.92977619668759
5990,0.0,0.0,580.0,0.0,,4,4,40000.0,4.59,0.23097415,0.18860565475961724,0.20399375771220551,0.0,0,0.0896622170607326,24.510042505126265,2.1976247512624134
5991,4.0,628.0,709.0,10.875,5.24842950526911,16,1,60000.0,60.96,5.245415,5.341963597194094,5.383428424927521,628.0,1,0.4717966239090791,11.347217609417605,5.353578958884878
5992,0.0,0.0,489.0,0.0,,4,3,40000.0,8.05,0.3898225,0.25449665628674106,0.28909708846753546,0.0,0,0.10234158565660027,24.510042505126265,2.508396614485293
5994,0.0,0.0,73.0,0.0,,3,1,20000.0,6.54,2.887666,2.454809215972412,2.9191702931655175,0.0,0,0.29047119091616214,24.510042505126265,7.11946123586978
5999,1.0,34.0,455.0,5.7,0.7648842077902474,5,2,40000.0,15.3,0.8497485,0.8256949981665027,0.8217031305165348,34.0,0,0.09679140024294472,8.060513711732213,0.7801884088360166
6001,9.0,538.0,692.0,10.273333333333333,9.761996803290447,40,2,100000.0,96.44,9.754756,9.983257252760911,9.733370799757477,538.0,1,0.9486344538940424,10.49676781231259,9.957595601285718
6002,0.0,0.0,200.0,0.0,,5,3,140000.0,14.36,1.0423731,1.1836694348420196,0.9949364968625707,0.0,0,0.1859168086516661,24.510042505126265,4.5568288824697625
6003,5.0,391.0,626.0,17.308,9.480747334160188,22,0,20000.0,91.08,9.417419,9.291385860396838,9.404410205698337,391.0,1,0.552327711200813,17.508932398863806,9.670668557434206
6004,2.0,101.0,201.0,11.09,6.939764834421027,10,4,80000.0,45.989999999999995,6.926667,6.661591518454225,7.104171482966153,101.0,1,0.5904404449347003,11.98842823320739,7.078452900082694
6006,0.0,0.0,342.0,0.0,,4,5,40000.0,20.64,0.54669976,0.6350718497511179,0.6026180672720258,0.0,0,0.13265897497566106,24.510042505126265,3.251477115339934
6008,0.0,0.0,93.0,0.0,,6,3,80000.0,15.03,2.703787,2.2012410004038707,2.2712848189725516,0.0,0,0.2667993073001619,24.510042505126265,6.5392623622652115
6009,2.0,122.0,251.0,10.75,5.768494282828457,9,2,80000.0,31.990000000000002,5.8062105,5.769209822656538,5.3590341433092625,122.0,1,0.5041326149979368,11.671190128273954,5.883827599504854
6010,3.0,208.0,327.0,21.06,12.939797805800236,19,1,60000.0,72.62,12.8778305,12.784780150365973,12.709237372406406,208.0,1,0.6220670947361977,21.217493992835564,13.198704845705947
6012,2.0,160.0,522.0,20.195,4.505772613470483,14,3,,58.53,,,,160.0,1,0.22437073112301015,20.483878072674845,4.5959826994006505
6013,0.0,0.0,212.0,0.0,,3,1,20000.0,5.63,0.9195313,1.0648634841796807,0.950162120085178,0.0,0,0.17981160334603805,24.510042505126265,4.407190040926297
6014,1.0,2.0,512.0,19.26,1.2265752510210608,10,1,60000.0,65.22,1.2249166,1.1725166734230124,1.0475263467015985,2.0,0,0.0628110320642521,19.918839410764228,1.2511228609122005
6018,1.0,104.0,332.0,6.96,1.7859267030359058,6,3,40000.0,10.46,1.798441,2.026670496615758,1.697105842197197,104.0,0,0.19881668407279848,9.162393533323682,1.8216367004654663
6019,0.0,0.0,147.0,0.0,,4,1,,15.9,,,,0.0,0,0.2187394252674997,24.510042505126265,5.361312610853308
6021,4.0,311.0,722.0,10.3425,3.0781339876359874,22,4,60000.0,49.72,3.0647488,3.016863497290648,3.104268226440857,311.0,0,0.28983272464553766,10.833159493769658,3.1398041325989334
6024,0.0,0.0,591.0,0.0,,4,2,20000.0,12.31,0.14588493,0.15330074265018845,0.22954496580883887,0.0,0,0.0883394137612674,24.510042505126265,2.1652027861666
6025,0.0,0.0,280.0,0.0,,4,1,40000.0,9.92,0.7119683,0.7025257074280447,0.6067408875764952,0.0,0,0.15161411198472327,24.510042505126265,3.7160683291225407
6027,1.0,152.0,296.0,28.44,6.829106112838325,9,1,60000.0,38.28,6.804789,7.015272123670971,6.817493693152535,152.0,1,0.24924554125586923,27.946820968073514,6.965620518568358
6030,1.0,51.0,142.0,5.8,3.061150053977479,8,2,40000.0,9.36,3.0404246,2.7847528255657417,3.0771337396155065,51.0,0,0.38319241856473124,8.147964491223597,3.12223821977152
6032,2.0,204.0,298.0,12.45,6.253838086750213,11,3,80000.0,42.09,6.278357,6.328397119694976,6.460309583172581,204.0,1,0.4811597732559336,13.257380652941134,6.378918268936757
6033,4.0,179.0,270.0,20.7575,18.837043598392476,23,3,140000.0,109.02000000000001,18.87314,18.63648956302842,19.216590925975936,179.0,2,0.9198756328617437,20.88746047869616,19.21386592671529
6034,8.0,218.0,299.0,10.838750000000001,17.50843706791527,32,3,40000.0,90.79,17.502415,17.57674842320289,17.242468918431655,218.0,2,1.611856982390903,11.079658165110873,17.85882437593834
6038,0.0,0.0,530.0,0.0,,3,3,40000.0,17.64,0.30207375,0.1581248313567589,0.30013487435045505,0.0,0,0.09621122367475615,24.510042505126265,2.3581411817384836
6041,0.0,0.0,99.0,0.0,,3,2,20000.0,13.45,2.4657006,2.355759948307368,2.1913483232207795,0.0,0,0.2604358815291101,24.510042505126265,6.383294526138517
6042,0.0,0.0,127.0,0.0,,6,4,40000.0,18.16,2.1208124,2.1389993675573358,1.8393592879623357,0.0,0,0.23436681542687499,24.510042505126265,5.744340607903788
6044,1.0,167.0,320.0,10.75,2.8879699542127657,8,5,80000.0,20.189999999999998,2.882854,2.736221617183083,2.8456292027205228,167.0,0,0.23609547387379373,12.476778076047232,2.945710832282532
6047,9.0,523.0,567.0,12.241111111111111,14.556177267756924,42,3,20000.0,120.78999999999999,14.513205,14.525840623691009,14.570008241585095,523.0,2,1.1941585660747525,12.433662792863895,14.84776493178335
6048,2.0,167.0,262.0,14.43,7.674614234877595,14,5,80000.0,76.44,7.67242,7.908288266732472,7.83555644175757,167.0,1,0.518249674699908,15.104826087553496,7.828071206273283
6051,1.0,49.0,650.0,6.91,0.5195548126338428,11,3,40000.0,13.469999999999999,0.46272925,0.6484310086810859,0.5859150669613689,49.0,0,0.05811782974501449,9.118668143577988,0.5299572026697529
6052,0.0,0.0,113.0,0.0,,4,4,140000.0,12.14,2.6197004,2.3750637283851472,2.1237745797437437,0.0,0,0.2467113448132615,24.510042505126265,6.046905547869902
6055,0.0,0.0,287.0,0.0,,4,0,60000.0,13.83,0.5823909,0.6297216436057078,0.5985437803745253,0.0,0,0.14920650090368365,24.510042505126265,3.6570576791904466
6056,0.0,0.0,538.0,0.0,,4,2,80000.0,4.38,0.23151334,0.16822518538108674,0.2582747162454879,0.0,0,0.095099776641943,24.510042505126265,2.3308995677220365
6057,0.0,0.0,605.0,0.0,,4,4,60000.0,8.39,0.17535593,0.163008185230536,0.1877711768629977,0.0,0,0.08671129870920573,24.510042505126265,2.1252976170373326
6061,2.0,283.0,554.0,5.6899999999999995,1.855716666582018,11,1,40000.0,12.98,1.8362377,1.9771697593175717,1.8596342461212387,283.0,0,0.2723582311464214,6.949940684264583,1.892873551338851
6065,0.0,0.0,378.0,0.0,,4,1,40000.0,10.71,0.486135,0.3657101706570829,0.5435094164273719,0.0,0,0.1236835087691238,24.510042505126265,3.0314880571143816
6066,0.0,0.0,73.0,0.0,,4,2,60000.0,23.32,2.8184958,2.250006111893966,2.9320269341162977,0.0,0,0.29047119091616214,24.510042505126265,7.11946123586978
6069,0.0,0.0,158.0,0.0,,5,4,60000.0,33.26,1.9774307,1.8198016101732473,1.7900686639610663,0.0,0,0.21100437536176123,24.510042505126265,5.171726208884385
6071,0.0,0.0,221.0,0.0,,5,0,60000.0,19.01,0.91619426,1.0207211641865521,0.8826517806261593,0.0,0,0.1754902049111795,24.510042505126265,4.301272381606328
6072,0.0,0.0,507.0,0.0,,4,2,40000.0,21.8,0.21646619,0.24506498644785046,0.23090674517588372,0.0,0,0.09955652992825248,24.510042505126265,2.4401347802043434
6074,2.0,357.0,480.0,3.29,1.589786698649534,6,1,40000.0,7.52,1.5870402,1.5603297809805046,1.6374066512777317,357.0,0,0.34424636499550926,4.710612884734446,1.6216113624708428
6075,6.0,228.0,318.0,10.395,12.527973873473474,22,3,80000.0,73.1,12.497098,11.976095403819697,12.256719077795813,228.0,1,1.1915200831739376,10.724700318087464,12.77869581502313
6076,2.0,59.0,246.0,11.93,5.39916453609158,12,2,40000.0,51.46,5.489824,5.547701865258799,5.433844502029022,59.0,1,0.43117960990429066,12.772192963042938,5.5071091794271805
6077,0.0,0.0,572.0,0.0,,6,4,40000.0,9.94,0.23690778,0.18860565475961724,0.2114590332903381,0.0,0,0.09064943369296567,24.510042505126265,2.2218214728802135
6079,5.0,512.0,710.0,8.67,4.810700700287741,22,3,80000.0,48.339999999999996,4.816908,4.748936941081353,4.819458104996796,512.0,1,0.5385343067753044,9.111927097263617,4.907085342711974
6080,2.0,118.0,255.0,8.82,4.769026893767545,13,3,20000.0,28.560000000000002,4.752859,4.9390241750408945,4.689077258281959,118.0,1,0.49282517046920904,9.870397356151804,4.864380259644343
6081,4.0,209.0,338.0,19.65,14.877574284874761,23,4,40000.0,86.42,14.839195,14.568692655918223,14.192707314062778,209.0,2,0.7657213628190129,19.818316134883762,15.175308039581227
6082,1.0,150.0,369.0,22.21,4.327424294281746,9,4,20000.0,33.67,4.2580295,4.4768740401524365,4.672145034795139,150.0,1,0.19618841518234525,22.49863740576013,4.413972016398312
6083,1.0,638.0,699.0,13.69,2.201833960245614,7,3,,42.589999999999996,,,,638.0,0,0.14925232987330792,15.047830993093996,2.2459238352590516
6084,1.0,23.0,400.0,14.97,1.7467847813133452,7,1,40000.0,33.480000000000004,1.769895,1.6566508479671387,1.6764545256903016,23.0,0,0.11020622233781792,16.167200970583746,1.781726144744338
6086,0.0,0.0,46.0,0.0,,3,4,40000.0,7.02,3.501156,3.382779084337375,2.949855630232587,0.0,0,0.3300577352854833,24.510042505126265,8.089729120992908
6087,3.0,577.0,654.0,11.256666666666666,4.562184444366945,16,4,40000.0,41.510000000000005,4.5557823,4.552639013681335,4.5650289649109315,577.0,1,0.39231947245751797,11.861681554526148,4.6535686499307705
6092,0.0,0.0,454.0,0.0,,2,1,40000.0,15.7,0.33423096,0.29341922541727095,0.42666385704944076,0.0,0,0.1082292523705285,24.510042505126265,2.652703575899691
6093,1.0,195.0,206.0,3.78,2.2565369162336104,6,3,20000.0,5.06,2.2579288,2.2920302528323258,2.5169489684103175,195.0,0,0.3606710373952514,6.381458745497589,2.3016073458336153
6094,0.0,0.0,283.0,0.0,,2,1,40000.0,9.8,0.6941528,0.6805589710019078,0.6055469318552058,0.0,0,0.1505728100271229,24.510042505126265,3.6905459738810844
6095,0.0,0.0,264.0,0.0,,6,2,80000.0,10.3,0.7918269,0.7673528075959457,0.5357937078856319,0.0,0,0.15742085566586045,24.510042505126265,3.8583918635635865
6096,1.0,215.0,239.0,11.55,4.220489820175218,6,2,40000.0,18.53,3.622308,4.323148903179794,4.19556516650313,215.0,1,0.32670694015643265,13.176384311978325,4.30481620089166
6097,0.0,0.0,61.0,0.0,,3,2,80000.0,3.82,3.4189115,2.952870757798183,2.9421892324094894,0.0,0,0.30681864010076837,24.510042505126265,7.520137910234871
6098,0.0,0.0,220.0,0.0,,5,1,40000.0,15.12,1.0066497,1.0636073124310486,0.8702660576704666,0.0,0,0.1759600473552829,24.510042505126265,4.312788239882014
6099,0.0,0.0,143.0,0.0,,3,3,100000.0,11.52,1.8257326,1.7379866800711523,1.7511792368890342,0.0,0,0.2216952518946945,24.510042505126265,5.433760047123636
6100,5.0,251.0,311.0,9.524,10.347649762495585,24,4,40000.0,57.65,10.269202,10.362005404496637,10.117549768372248,251.0,1,1.0616183641211803,9.94210104118195,10.554717043267065
6101,0.0,0.0,93.0,0.0,,3,3,40000.0,7.18,2.7234411,2.511985285527335,2.255947594781854,0.0,0,0.2667993073001619,24.510042505126265,6.5392623622652115
6105,6.0,528.0,558.0,12.626666666666667,10.552131000874141,28,0,40000.0,83.56,9.110659,9.912188917852388,10.28805671448228,528.0,1,0.8341049906553561,12.904239532102256,10.763490594338629
6106,1.0,426.0,655.0,5.48,1.0961806768734814,9,4,20000.0,32.19,1.2716035,1.3128988160161852,1.100119433919322,426.0,0,0.14210867648663633,7.868121996851162,1.1181284034079089
6107,2.0,355.0,564.0,13.31,3.984053529124872,11,5,60000.0,38.07,4.0182037,3.9570407900801574,3.975845387484817,355.0,0,0.28903870305211826,14.059806447772766,4.06382822082805
6111,3.0,263.0,363.0,7.016666666666667,4.557662800049463,17,4,60000.0,35.43,4.586499,4.551260856504789,4.79998644145131,263.0,1,0.5948472372162356,7.815237004533094,4.648872140336599
6113,12.0,664.0,670.0,10.5525,14.552368452390784,57,0,140000.0,135.98,14.549542,14.187333397492056,14.291496776208188,664.0,2,1.3850279119700961,10.717437016260988,14.843949412302972
6114,6.0,587.0,642.0,8.673333333333334,6.570592570988247,27,2,40000.0,58.86,6.568092,6.321388140235992,6.312233728329753,587.0,1,0.7411303371384164,9.043248482331467,6.702225796536792
6120,1.0,78.0,95.0,8.8,5.4654202366557385,7,0,60000.0,28.720000000000002,5.485176,5.345049830950472,5.415629225406616,78.0,1,0.5175136736295025,10.771487875965196,5.574392261146396
6123,2.0,385.0,429.0,18.314999999999998,7.1476293112769085,15,1,40000.0,44.980000000000004,7.172376,7.117689005403284,7.197117080392692,385.0,1,0.3892571277942308,18.729737963042904,7.290684003832648
6126,1.0,36.0,88.0,5.76,3.9660013657222493,9,3,60000.0,40.36,3.9467244,3.938029012664487,3.74256299543378,36.0,0,0.49859150873380886,8.112984179427045,4.045065022354052
6127,0.0,0.0,101.0,0.0,,4,2,80000.0,16.69,2.598856,2.2444943755805986,2.1905000759524036,0.0,0,0.2583820034828738,24.510042505126265,6.33295388792492
6129,1.0,399.0,528.0,5.92,1.4392687168371758,8,0,60000.0,26.78,1.4683214,1.4242086247997425,1.4788180527102304,399.0,0,0.17788579767397947,8.252905426613262,1.468074664941014
6130,0.0,0.0,44.0,0.0,,3,2,20000.0,3.14,3.468498,3.3857901453698576,3.0574571146511147,0.0,0,0.3334270386539515,24.510042505126265,8.17231088976673
6132,1.0,67.0,240.0,9.12,2.755150671136027,8,0,40000.0,19.1,2.7694805,2.9075146467036728,2.9157227239201684,67.0,0,0.25428610608607644,11.05133037033763,2.810199766943953
6133,0.0,0.0,643.0,0.0,,3,2,60000.0,22.78,-0.017571438,0.1787330752980281,0.1884301612960213,0.0,0,0.08258043646465664,24.510042505126265,2.024050007840613
6134,0.0,0.0,74.0,0.0,,6,2,120000.0,29.27,2.989003,2.7072270608868125,2.964616876158718,0.0,0,0.2891876602292451,24.510042505126265,7.08800184417681
6135,0.0,0.0,85.0,0.0,,6,3,40000.0,30.89,2.7627065,2.8681386677516962,2.597984357375707,0.0,0,0.2757867621292345,24.510042505126265,6.759545262138683
6136,0.0,0.0,646.0,0.0,,6,3,80000.0,6.98,0.0760719,0.17102968852917946,0.19207789585517254,0.0,0,0.08227102746462062,24.510042505126265,2.0164663800982616
6138,4.0,560.0,661.0,9.5025,4.867786434155571,20,5,80000.0,62.37,4.8562217,4.888551131315257,4.994465953575177,560.0,1,0.4954277485026633,10.022250916972897,4.965301206724635
6141,0.0,0.0,226.0,0.0,,3,3,40000.0,4.59,0.9914491,1.0740571428294263,0.8836637699745573,0.0,0,0.17317823224233675,24.510042505126265,4.244605833222302
6142,0.0,0.0,334.0,0.0,,3,3,80000.0,9.92,0.5515822,0.6123663598677339,0.5752537384040473,0.0,0,0.13483364128875247,24.510042505126265,3.304778279108271
6145,2.0,331.0,619.0,14.489999999999998,3.7445303694230914,10,5,80000.0,34.42,3.6728146,3.5302982897453754,3.793833257019347,331.0,0,0.2519337645831923,15.160809282541749,3.8195197566785493
6148,0.0,0.0,679.0,0.0,,4,2,100000.0,5.63,0.07348255,0.16637260386978997,0.1873881456118367,0.0,0,0.07901459281286868,24.510042505126265,1.9366510283686558
6151,5.0,133.0,167.0,15.139999999999997,23.528281759037807,21,0,40000.0,97.22999999999999,23.52555,22.934723567088565,23.36194417157827,133.0,2,1.558206247578796,15.401418218050047,23.998586088939472
6152,2.0,15.0,156.0,21.655,12.133925561765578,13,0,60000.0,55.84,12.10833,12.335009767514041,12.181189822938332,15.0,1,0.5665207957661108,21.846135817389012,12.376290247681759
6153,3.0,615.0,615.0,7.923333333333333,3.578939104995371,14,4,60000.0,27.93,3.4853601,3.4999484351427106,3.542984847459602,615.0,0,0.42055364636881254,8.680514455475004,3.6506220066072004
6155,0.0,0.0,523.0,0.0,,4,3,40000.0,7.81,0.27765778,0.2505243314837759,0.26715074639531,0.0,0,0.09720529198567981,24.510042505126265,2.3825058382922215
6157,0.0,0.0,347.0,0.0,,3,2,140000.0,2.85,0.5259826,0.5127113079445103,0.6111466305019482,0.0,0,0.13133513331404104,24.510042505126265,3.21902969994357
6159,0.0,0.0,125.0,0.0,,4,1,20000.0,6.94,2.1063094,2.0949962246997424,1.874468810208139,0.0,0,0.23605380490518893,24.510042505126265,5.785688791722963
6161,5.0,676.0,735.0,12.053999999999998,6.838108863695133,29,1,20000.0,77.92,6.8456635,6.883770596827233,7.102664479188957,676.0,1,0.5624408706049433,12.401515652555933,6.97511926044439
6162,5.0,512.0,643.0,13.512,8.232321382930765,22,4,40000.0,100.96000000000001,8.253299,8.383680701586213,8.554407508730646,512.0,1,0.6076660872524079,13.818838381165921,8.397239449456494
6163,1.0,248.0,620.0,23.14,2.8174650105132844,9,2,60000.0,32.13,2.7198212,2.9198767282565337,2.9504598873101435,248.0,0,0.12327898281732429,23.311929655030028,2.873870975381119
6167,0.0,0.0,122.0,0.0,,3,0,100000.0,29.55,2.471729,2.268905876067702,1.911384995252841,0.0,0,0.2386305314963922,24.510042505126265,5.848844469997445
6168,5.0,417.0,494.0,6.884,5.511000750566735,25,4,100000.0,84.59,5.509839,5.786152406224722,5.752498037131272,417.0,1,0.7621406235385562,7.37575535974823,5.621362788946364
6169,2.0,398.0,489.0,15.125,5.34392104495393,15,2,20000.0,71.07,5.372292,5.374271833673428,5.506948667709938,398.0,1,0.3460164369707934,15.753298096167432,5.450900077774637
6171,0.0,0.0,280.0,0.0,,4,4,40000.0,3.32,0.73324174,0.6995588762192867,0.5751901891113622,0.0,0,0.15161411198472327,24.510042505126265,3.7160683291225407
6172,1.0,229.0,653.0,4.18,0.7307181935619997,10,3,60000.0,12.81,0.7151881,0.819932843200616,0.6513504804271415,229.0,0,0.11072939527235064,6.731261863463136,0.745348555561109
6174,1.0,172.0,394.0,22.15,4.179700089748442,8,0,20000.0,34.06,4.196461,4.216437298235381,4.089084433397524,172.0,1,0.1899346562663497,22.446166938065296,4.2633050018785354
6175,0.0,0.0,100.0,0.0,,2,5,40000.0,11.86,2.5808203,2.2938521321830616,2.1406412496424156,0.0,0,0.25940485613702374,24.510042505126265,6.358024049954616
6180,1.0,11.0,681.0,21.58,0.8615557067977104,10,5,40000.0,31.08,0.85044986,0.9192758755661095,0.8617860380528573,11.0,0,0.04004096085120152,21.947697494964395,0.878806896169883
6181,1.0,154.0,224.0,6.89,2.8789583397338285,9,4,40000.0,34.19,2.845869,2.7476714828070916,2.84877046587689,154.0,0,0.32264745122888794,9.101177987679712,2.9364718809053185
6182,2.0,548.0,639.0,6.215,2.060970787558792,12,5,40000.0,18.87,1.8498223,1.9562073034761833,1.9439050462868703,548.0,0,0.28256785583977007,7.4397936404118,2.1022465368615197
6184,0.0,0.0,615.0,0.0,,5,2,120000.0,11.66,0.08591823,0.16152753149936755,0.14862800340654303,0.0,0,0.08558465228472287,24.510042505126265,2.097683465285009
6186,0.0,0.0,584.0,0.0,,3,4,60000.0,1.38,0.20009783,0.16327579133895465,0.1969961484592453,0.0,0,0.08917663512585622,24.510042505126265,2.185723117398872
6187,4.0,193.0,239.0,10.7425,11.401347755201808,14,3,60000.0,51.67,11.379025,11.224061924772972,11.22377971257697,193.0,1,1.0365501140439892,11.21930643510145,11.62937336479887
6190,0.0,0.0,642.0,0.0,,4,2,20000.0,14.72,0.09595311,0.1655296294444188,0.20769527993232462,0.0,0,0.08268409099214016,24.510042505126265,2.026590584715083
6193,5.0,245.0,345.0,21.5,20.20251878211689,30,5,100000.0,123.44,22.880726,21.713795016056114,21.95939480034844,245.0,2,0.9547295978568686,21.583978268776747,20.606862892700615
6194,1.0,3.0,587.0,22.27,1.0932875317811834,7,5,20000.0,31.35,1.0933361,1.134600607919503,1.1442040314305988,3.0,0,0.049450925691654185,22.551107873454963,1.115173159714699
6196,0.0,0.0,96.0,0.0,,5,4,80000.0,16.07,2.7430089,2.223867559849446,2.2584687855656975,0.0,0,0.26357899000097273,24.510042505126265,6.460332248382093
6203,1.0,265.0,298.0,9.32,3.1093495450497195,9,2,80000.0,24.98,3.0730743,3.025881394013935,3.1001878742332627,265.0,0,0.28250856312008965,11.226231929320406,3.1715066516051795
6204,3.0,679.0,701.0,13.65,5.218829132366336,16,5,120000.0,46.68,5.213821,5.158260601987856,5.087557687707308,679.0,1,0.37632310636166655,14.14575953164487,5.323376168793751
6205,0.0,0.0,146.0,0.0,,5,4,20000.0,31.97,1.8116624,1.696103253933403,1.831068053986967,0.0,0,0.21947093866799045,24.510042505126265,5.379242035392405
6207,0.0,0.0,730.0,0.0,,5,1,40000.0,13.16,0.040896058,0.1738789114545039,0.1579767316902254,0.0,0,0.07446003124097018,24.510042505126265,1.8250185306492088
6208,2.0,83.0,434.0,16.82,3.662091654396058,12,1,20000.0,38.75,3.162388,3.493605850656076,3.9843392004986837,83.0,0,0.21548459029981232,17.33482335458559,3.7353873084824945
6209,1.0,41.0,320.0,16.22,2.808950859323074,8,3,20000.0,40.989999999999995,2.8001096,2.699000599570305,2.8601180341159953,41.0,0,0.16599398237055907,17.260335714226077,2.8651118622571743
6214,1.0,19.0,476.0,10.26,0.9621954466091613,8,4,100000.0,18.04,0.9473036,0.879185318727626,0.969646635804593,19.0,0,0.08145977264784791,12.048269256539438,0.9814492744377582
6216,0.0,0.0,207.0,0.0,,2,3,80000.0,7.71,1.0978253,1.073728591925646,0.993972330449675,0.0,0,0.18230589039126666,24.510042505126265,4.468325122424836
6217,0.0,0.0,99.0,0.0,,6,2,60000.0,35.1,2.6834595,2.572756083259994,2.3727500638864516,0.0,0,0.2604358815291101,24.510042505126265,6.383294526138517
6218,0.0,0.0,496.0,0.0,,4,0,100000.0,28.96,0.5541519,0.17265636726744651,0.2560553902120537,0.0,0,0.10124017282310216,24.510042505126265,2.481400939120563
6219,0.0,0.0,243.0,0.0,,6,3,40000.0,9.65,0.9479678,1.0007622194163184,0.8535753654597213,0.0,0,0.1657547211602531,24.510042505126265,4.062655261063155
6220,0.0,0.0,90.0,0.0,,3,1,80000.0,9.2,2.765953,2.188546370801031,2.2623862020966516,0.0,0,0.2700997271742443,24.510042505126265,6.620155793663735
6222,2.0,66.0,171.0,19.92,12.432951471981497,11,1,100000.0,49.8,12.431171,12.905915047016535,12.119795919549734,66.0,1,0.6269419483520413,20.227288428978685,12.681335617542597
6223,0.0,0.0,271.0,0.0,,2,2,60000.0,3.5,0.7780532,0.760575069668512,0.5603721077972441,0.0,0,0.15482645860574043,24.510042505126265,3.79480308134487
6224,0.0,0.0,220.0,0.0,,3,1,20000.0,9.58,0.9134907,1.0648634841796807,0.8823202267077113,0.0,0,0.1759600473552829,24.510042505126265,4.312788239882014
6227,7.0,284.0,346.0,13.035714285714286,17.425835649025387,35,3,60000.0,93.47,17.357714,16.99724110278841,16.89357652880903,284.0,2,1.3398428404173737,13.26621340045922,17.774641044054306
6228,0.0,0.0,152.0,0.0,,4,3,20000.0,15.71,1.6765375,1.745072320947947,1.716890843750134,0.0,0,0.2151540787641185,24.510042505126265,5.273435615659828
6230,1.0,203.0,258.0,19.28,5.920826234100773,8,4,120000.0,23.310000000000002,5.9170213,5.600169053475446,5.982132232835331,203.0,1,0.3029216968801866,19.936329566662504,6.039146781896041
6232,0.0,0.0,193.0,0.0,,5,1,120000.0,9.86,1.0773453,1.1853499360674675,0.9814358159790117,0.0,0,0.1896741160191654,24.510042505126265,4.6489206457519945
6233,0.0,0.0,699.0,0.0,,6,3,20000.0,11.26,0.060674645,0.12755905304141932,0.20389785073298494,0.0,0,0.0771635968156029,24.510042505126265,1.891283037798853
6236,0.0,0.0,575.0,0.0,,3,1,80000.0,10.46,0.15702723,0.1733359809030122,0.2169397922890539,0.0,0,0.09027668822026276,24.510042505126265,2.212685465500672
6237,0.0,0.0,123.0,0.0,,5,3,20000.0,6.6,2.1277316,2.1076908543025823,1.8816195062887386,0.0,0,0.23776536682611374,24.510042505126265,5.827639247154986
6239,0.0,0.0,327.0,0.0,,5,1,40000.0,18.6,0.4769854,0.618904760947089,0.6766482850040054,0.0,0,0.13679591799310528,24.510042505126265,3.3528737645387774
6240,4.0,213.0,334.0,10.08,8.097760750617478,18,4,40000.0,66.32,8.225611,8.544159492967161,8.148063947259493,213.0,1,0.7807189599035754,10.57975056352067,8.259811855991124
6245,0.0,0.0,35.0,0.0,,6,3,60000.0,21.16,4.4045353,3.1869215109452274,3.8737684864532858,0.0,0,,24.510042505126265,
6248,0.0,0.0,509.0,0.0,,6,3,20000.0,21.11,0.23252217,0.25847830098781815,0.24137343196157435,0.0,0,0.09925641727660427,24.510042505126265,2.4327790063561197
6251,1.0,316.0,319.0,19.95,5.5502515122692175,10,4,60000.0,28.77,5.524164,5.411499043537216,5.417146516239484,316.0,1,0.2758576779710785,20.522249789254793,5.661220173606282
6253,1.0,212.0,729.0,23.9,2.1309546562810633,9,4,40000.0,39.5,2.151712,2.388295087434905,2.167646407832157,212.0,0,0.09065639632825115,23.97655557916456,2.1736281251710836
6254,2.0,471.0,642.0,10.74,3.103337645807737,16,3,80000.0,50.1,2.7028913,3.2180655192250414,2.983539972134721,471.0,0,0.27143952725768855,11.661859595775912,3.1654896556229524
6256,0.0,0.0,406.0,0.0,,5,1,40000.0,26.1,0.5544012,0.30072865351318867,0.5016974668819243,0.0,0,0.11750135493095368,24.510042505126265,2.8799632037676024
6259,2.0,21.0,263.0,14.85,4.821555806175736,13,5,20000.0,50.65,4.8115244,4.51721433808444,4.625856548955666,21.0,1,0.3173554883525596,15.496708452471271,4.917965478791259
6260,1.0,1.0,299.0,29.33,4.060056749795429,10,4,140000.0,72.11,4.061514,4.061219811370703,4.4551842661374295,1.0,1,0.14416711287748094,28.725132905546854,4.141219478014615
6261,0.0,0.0,509.0,0.0,,5,5,60000.0,31.9,0.6261888,0.25728245593587745,0.2324040081099641,0.0,0,0.09925641727660427,24.510042505126265,2.4327790063561197
6262,2.0,272.0,547.0,18.655,5.086514241940078,13,4,120000.0,43.19,5.0675745,5.019494921797198,4.969023070403926,272.0,1,0.27239804729373346,19.046976067976342,5.188359087767229
6263,0.0,0.0,332.0,0.0,,6,0,100000.0,12.66,0.49997738,0.603586152893807,0.5859733810273466,0.0,0,0.13538851359703055,24.510042505126265,3.318378222969084
6265,2.0,437.0,650.0,11.735,3.234798420099801,14,2,20000.0,45.980000000000004,3.228827,3.217510456494212,3.336815523494018,437.0,0,0.2620746272774312,12.590247579331114,3.2995844416837823
6266,0.0,0.0,607.0,0.0,,4,1,40000.0,25.75,0.061057188,0.103300766536548,0.1855355846884592,0.0,0,0.08648360080319774,24.510042505126265,2.1197167316827485
6271,0.0,0.0,416.0,0.0,,4,0,140000.0,12.77,0.37939253,0.3070797554791168,0.5135262776383733,0.0,0,0.11544078191625753,24.510042505126265,2.8294584715924835
6272,1.0,20.0,211.0,10.25,2.8738096909013646,5,0,120000.0,15.629999999999999,3.0367546,2.7582020022596145,2.84866841283224,20.0,0,0.24346579419873224,12.039524178590298,2.9312123159153263
6273,0.0,0.0,699.0,0.0,,11,2,60000.0,37.62,0.025689228,0.08890085157552306,0.2454944157228045,0.0,0,0.0771635968156029,24.510042505126265,1.891283037798853
6274,0.0,0.0,83.0,0.0,,4,1,40000.0,18.31,2.6289673,2.5051490199525537,2.463558215258546,0.0,0,0.2781295921253514,24.510042505126265,6.816968124925793
6283,0.0,0.0,32.0,0.0,,6,4,20000.0,26.28,4.350672,4.288434037404574,3.781595692806391,0.0,0,,24.510042505126265,
6284,1.0,197.0,538.0,8.72,1.4217511971757748,11,5,20000.0,17.29,1.4357522,1.3630801118280134,1.501426815138256,197.0,0,0.13551407278961006,10.701527252372086,1.4502075430379466
6287,0.0,0.0,371.0,0.0,,4,3,40000.0,11.48,0.49579826,0.3686539795633967,0.5457817260067115,0.0,0,0.125332204851079,24.510042505126265,3.0718976681611383
6288,6.0,578.0,617.0,20.328333333333333,15.389376352009846,29,1,20000.0,133.96,15.376958,15.547913203118174,15.120841746525032,578.0,2,0.7685136173176382,20.426010038422152,15.697666861994199
6289,3.0,257.0,286.0,4.446666666666666,3.8344411782675363,14,1,60000.0,20.07,3.8564212,3.86122689493497,3.8663319791384545,257.0,0,0.729343099366506,5.36255717116466,3.911144067747316
6291,5.0,467.0,659.0,8.124,4.788746288966678,21,0,40000.0,60.92,4.837265,4.813182172881864,4.883059786065619,467.0,1,0.5692333132270891,8.581160149512554,4.884682223239294
6297,0.0,0.0,126.0,0.0,,2,2,40000.0,5.28,2.2176719,2.1063025291464657,1.8590786278068423,0.0,0,0.23520727192888102,24.510042505126265,5.764940232491665
6299,2.0,576.0,615.0,18.84,5.583454244382036,14,5,60000.0,50.11,5.562945,5.634632431019255,5.7021741964263235,576.0,1,0.29632626141896523,19.21959091919012,5.695269523085503
6301,2.0,650.0,684.0,11.26,3.24412105083053,13,1,120000.0,25.8,3.2591536,3.1340414769605505,3.203573769820023,650.0,0,0.27241999770807857,12.147047285674107,3.309098593723262
6304,3.0,364.0,616.0,13.799999999999999,5.109521064943068,13,1,,44.94,,,,364.0,1,0.36474857914219333,14.288912051102171,5.21186036812728
6305,2.0,12.0,282.0,7.855,2.3184574783391647,11,0,120000.0,30.96,2.3068707,2.372024978047717,2.3339899196397624,12.0,0,0.26363685137069526,8.970000970090727,2.364822812546801
6306,1.0,402.0,513.0,20.5,3.786304348812742,7,2,40000.0,42.55,3.7150195,3.6004728459198803,3.9417144246370492,402.0,0,0.18388031750259984,21.00322907645742,3.862080431158827
6307,7.0,650.0,659.0,15.935714285714285,13.35051580022272,43,4,20000.0,135.39,13.365145,14.070435333958292,13.559959931705404,650.0,1,0.8454201437449442,16.10795749039823,13.617991736969923
6309,2.0,86.0,576.0,12.09,1.6010015079128919,8,3,20000.0,35.15,1.6218433,1.3827389146869347,1.809976203810515,86.0,0,0.12638335815258536,12.921481483011613,1.6330602221294566
6311,3.0,183.0,291.0,13.549999999999999,9.293908045377686,17,2,80000.0,50.7,9.288475,9.18839492030442,9.627906051337586,183.0,1,0.6747051480492469,14.050324518673335,9.479826284511455
6313,6.0,437.0,611.0,11.456666666666665,8.196985218907441,28,0,80000.0,71.64,8.196484,8.084480536035128,8.151619428748475,437.0,1,0.710890794968722,11.761568487861489,8.361190772414924
6315,0.0,0.0,301.0,0.0,,4,5,40000.0,7.68,0.64052236,0.6743100516891275,0.6103210715529848,0.0,0,0.14461404451857424,24.510042505126265,3.5444963779884766
6317,0.0,0.0,348.0,0.0,,5,4,80000.0,9.77,0.5129094,0.42394089848094624,0.5910422786673495,0.0,0,0.13107353450990247,24.510042505126265,3.212617902134844
6318,0.0,0.0,267.0,0.0,,4,1,60000.0,16.56,0.7496035,0.7576312607621982,0.5676248558937074,0.0,0,0.15629837682012593,24.510042505126265,3.8308798593435283
6319,1.0,28.0,686.0,5.93,0.36785591464402934,7,0,120000.0,8.01,0.36257595,0.424427549407194,0.4688433753696435,28.0,0,0.04541727990238437,8.2616505045624,0.3752216934213856
6320,0.0,0.0,467.0,0.0,,3,2,20000.0,11.49,0.33017206,0.30977634886355243,0.3132395655150271,0.0,0,0.10596489225972978,24.510042505126265,2.597204013337102
6321,0.0,0.0,484.0,0.0,,3,5,40000.0,6.38,0.449006,0.27024739472638937,0.23928048063110996,0.0,0,0.10314311236839412,24.510042505126265,2.5280420682603544
6324,5.0,574.0,669.0,12.138,7.339829307681482,26,3,40000.0,83.06,7.336306,7.488253479653493,7.355331820235685,574.0,1,0.5997574490980516,12.483172106056099,7.486875458980158
6328,0.0,0.0,44.0,0.0,,6,4,80000.0,31.47,3.37365,3.6533702858747863,3.023859593221619,0.0,0,0.3334270386539515,24.510042505126265,8.17231088976673
6334,0.0,0.0,117.0,0.0,,4,1,60000.0,2.81,2.2205524,2.111343790925711,2.030964803640523,0.0,0,0.24305299808713618,24.510042505126265,5.95723931411408
6339,2.0,145.0,223.0,18.095,10.500295150573269,13,0,120000.0,55.45,10.495883,10.770281970285131,10.780064711169372,145.0,1,0.5781642273423704,18.524466248085975,10.710183715254447
6341,0.0,0.0,350.0,0.0,,6,2,100000.0,10.08,0.47644156,0.4325782683604363,0.5550408995943821,0.0,0,0.1305534559656856,24.510042505126265,3.199870754910084
6344,0.0,0.0,104.0,0.0,,6,1,40000.0,7.0,2.5600479,2.26314636272367,2.164852553463054,0.0,0,0.25536151753363356,24.510042505126265,6.258921648922905
6346,0.0,0.0,169.0,0.0,,3,3,20000.0,9.45,1.3276516,1.6138210732043374,1.4030428674219841,0.0,0,0.20379951865485418,24.510042505126265,4.995134864754749
6347,4.0,429.0,517.0,12.1525,7.413680553965001,18,5,40000.0,56.61,7.4839025,7.311938654183586,7.121758840786386,429.0,1,0.6011018066847804,12.58047440329601,7.562145892772866
6348,10.0,689.0,718.0,13.911000000000001,15.102983752928102,45,2,20000.0,143.72,15.104224,15.17625445587479,14.725749149084152,689.0,2,1.095631567393243,14.060944951975436,15.405615156762956
6350,1.0,233.0,352.0,4.03,1.5159000493562051,5,2,80000.0,16.77,1.5985953,1.3447421972719888,1.5603099512393133,233.0,0,0.23427191159855332,6.600085694226056,1.546214692300603
6352,2.0,475.0,660.0,16.740000000000002,4.465534256176299,10,3,40000.0,51.370000000000005,4.4863796,4.53911303694607,4.531395943689896,475.0,1,0.26390057908858106,17.260179094601256,4.554971258237892
6353,1.0,212.0,573.0,18.08,2.3762948452794035,11,3,40000.0,33.019999999999996,2.3642926,2.5582879767436526,2.464006021352246,212.0,0,0.12833547526288322,18.886920212765865,2.4238618817574626
6354,0.0,0.0,8.0,0.0,,3,2,40000.0,5.36,4.5857043,3.3659085455163646,3.8239345966489586,0.0,0,,24.510042505126265,
6355,0.0,0.0,397.0,0.0,,4,4,60000.0,5.81,0.46366698,0.29193630682159216,0.45543501658188035,0.0,0,0.1194198816420847,24.510042505126265,2.9269863750046436
6358,7.0,279.0,330.0,13.56,18.844999774099378,35,3,20000.0,103.72,18.865477,18.814002016444338,18.3555884977999,279.0,2,1.3949367943582902,13.77996713494573,19.22218318158379
6359,0.0,0.0,697.0,0.0,,6,2,80000.0,13.57,0.008048581,0.13457069847268882,0.1831844661742874,0.0,0,0.07734478224683618,24.510042505126265,1.89572390041969
6361,1.0,126.0,141.0,3.52,2.6445762711537744,10,2,20000.0,31.96,2.6553643,2.206715803422764,2.6892455854627744,126.0,0,0.4383023154452497,6.154086718819984,2.697350458309659
6362,0.0,0.0,596.0,0.0,,4,4,60000.0,2.39,0.14243181,0.163008185230536,0.20604460089229448,0.0,0,0.08775096666802219,24.510042505126265,2.150779922899142
6367,7.0,467.0,641.0,17.25,13.383473877485063,32,1,60000.0,133.95,13.36946,13.551653186334699,13.526113115709439,467.0,1,0.7847623249091081,17.395841511454336,13.651601028279279
6369,0.0,0.0,339.0,0.0,,5,2,60000.0,9.42,0.50267965,0.6083153517047185,0.5938417540499143,0.0,0,0.13346619026398326,24.510042505126265,3.271261996367499
6372,2.0,236.0,319.0,12.16,5.930749536719621,15,0,100000.0,52.83,5.8677034,5.974108318065742,6.148273779135235,236.0,1,0.46581034943522687,12.98679521049791,6.049383615045762
6375,0.0,0.0,306.0,0.0,,4,2,40000.0,11.68,0.6285196,0.671807123220858,0.6690288577250332,0.0,0,0.1430417785465,24.510042505126265,3.505960072183573
6382,3.0,201.0,313.0,10.526666666666666,7.046439075845823,13,0,,42.92,,,,201.0,1,0.643745034657858,11.165005959833946,7.187417148568495
6383,0.0,0.0,97.0,0.0,,1,4,60000.0,1.33,2.7972264,2.314857081490864,2.2648050937737194,0.0,0,0.2625228472567665,24.510042505126265,6.434446144830117
6387,6.0,234.0,279.0,18.825,25.21917006725944,33,5,60000.0,132.05,25.216711,25.48206245088835,25.48404112257375,234.0,2,1.35689691477324,18.957791688129888,25.723769052537218
6388,0.0,0.0,371.0,0.0,,5,2,20000.0,15.48,0.44662192,0.3766819841077303,0.555274293106045,0.0,0,0.125332204851079,24.510042505126265,3.0718976681611383
6394,4.0,242.0,290.0,11.765,10.99216601491328,20,3,20000.0,92.66,11.01231,11.510887427123265,11.73825292452765,242.0,1,0.9185419161923479,12.20639455388084,11.212085043321546
6395,0.0,0.0,16.0,0.0,,3,0,20000.0,1.72,4.492052,3.3857901453698576,3.883018494306405,0.0,0,,24.510042505126265,
6398,0.0,0.0,617.0,0.0,,5,1,20000.0,6.0,0.13667408,0.146501944515082,0.19879471931071713,0.0,0,0.08536282981918089,24.510042505126265,2.0922465872259832
6399,0.0,0.0,144.0,0.0,,4,3,40000.0,14.56,1.838092,1.7847632240174567,1.7586012608520072,0.0,0,0.22094880148677595,24.510042505126265,5.415464515897584
6400,1.0,111.0,625.0,16.04,1.422622769166694,8,3,40000.0,22.939999999999998,1.3787794,1.302259546546816,1.2149570446968259,111.0,0,0.0848453870749423,17.10292431114158,1.4511042332922484
6402,0.0,0.0,65.0,0.0,,6,3,20000.0,47.28,3.793827,4.416471303307167,3.9253168403166474,0.0,0,0.30116750118798463,24.510042505126265,7.381628255280168
6406,8.0,214.0,300.0,12.969999999999999,20.559791310422334,36,2,20000.0,120.56,20.5749,20.448705159687407,20.967194680805086,214.0,2,1.5919445086259538,13.17335242364019,20.9712460510084
6408,0.0,0.0,454.0,0.0,,3,1,60000.0,2.69,0.3184124,0.28704166558632144,0.41439441610609773,0.0,0,0.1082292523705285,24.510042505126265,2.652703575899691
6414,1.0,383.0,524.0,12.1,2.373194194980335,7,1,40000.0,17.14,2.3914633,2.489394283521313,2.4225745509310657,383.0,0,0.17724440779421718,13.65736359918095,2.420691323167126
6415,1.0,18.0,262.0,6.36,1.603920436550881,7,2,40000.0,20.63,1.6447968,1.482977292438441,1.330873830268243,18.0,0,0.18939950413640314,8.637688856375362,1.6359739862820286
6417,4.0,564.0,624.0,13.0375,6.926218840247008,19,2,20000.0,65.83,6.8898406,6.873030721428155,6.957374176891332,564.0,1,0.5258690929211776,13.434824510992598,7.06495897915088
6421,2.0,275.0,589.0,18.48,4.596280176400045,10,3,40000.0,38.5,4.1109185,4.628208370643807,4.405274452883628,275.0,1,0.248273488997935,18.883691749260603,4.688320035750448
6423,3.0,579.0,654.0,15.376666666666667,6.078334008148184,19,4,120000.0,54.97,6.0749855,6.083958068169377,6.142734947026419,579.0,1,0.39256954067846805,15.793604088953364,6.200087902857997
6424,0.0,0.0,642.0,0.0,,5,5,80000.0,21.6,-0.10616657,0.1718734611254378,0.16743400881283588,0.0,0,0.08268409099214016,24.510042505126265,2.026590584715083
6425,0.0,0.0,590.0,0.0,,1,3,140000.0,7.56,0.0982233,0.15690322136760598,0.21931804353813167,0.0,0,0.08845805227452416,24.510042505126265,2.1681106211692684
6428,1.0,9.0,203.0,7.96,2.3627098464327485,6,4,60000.0,23.75,2.59135,2.6310491403571374,2.430100248441594,9.0,0,0.2401039115233497,10.036901328237548,2.409899268483739
6429,2.0,414.0,563.0,7.36,2.5225657261725405,10,5,40000.0,26.64,2.4879167,2.6461223840340593,2.4905992059507884,414.0,0,0.30242524147858574,8.508139611437636,2.5730761765225476
6432,0.0,0.0,576.0,0.0,,3,1,60000.0,3.65,0.1623561,0.16655824297557828,0.2195755120811098,0.0,0,0.09015312057223925,24.510042505126265,2.209656817195357
6433,0.0,0.0,320.0,0.0,,4,1,20000.0,6.38,0.48787358,0.6286769146625502,0.6783275245437599,0.0,0,0.13881625941724984,24.510042505126265,3.402392418719428
6434,0.0,0.0,155.0,0.0,,4,5,60000.0,8.61,1.8276417,1.7046422805030448,1.687913819696301,0.0,0,0.213058947240914,24.510042505126265,5.222083852972257
6439,0.0,0.0,712.0,0.0,,6,3,40000.0,29.3,-0.016539793,0.02588948234259773,0.17893001562222022,0.0,0,0.07600628506938299,24.510042505126265,1.8629172777073209
6440,3.0,157.0,232.0,17.656666666666666,14.071252795590777,15,0,20000.0,63.49,14.068334,13.933289975962694,13.8470837252762,157.0,2,0.7987200634055523,17.969522384704348,14.35261805847855
6442,0.0,0.0,683.0,0.0,,5,2,60000.0,12.47,0.022064202,0.15959486594235606,0.1987906357276481,0.0,0,0.07863731865798454,24.510042505126265,1.9274040227963598
6444,1.0,123.0,268.0,19.32,5.108751606390219,10,5,20000.0,29.880000000000003,5.0903487,5.082984840227246,5.029055776450768,123.0,1,0.2609169265187141,19.97130987845906,5.210852792040372
6446,0.0,0.0,329.0,0.0,,5,5,40000.0,8.52,0.6076371,0.6298108433575977,0.6612199532741911,0.0,0,0.13622945331645112,24.510042505126265,3.338989691236331
6452,1.0,127.0,477.0,34.78,4.409039964185201,6,3,20000.0,47.0,4.401837,4.538163494056543,4.272682281068784,127.0,1,0.13428203605130276,33.491200387827426,4.497266577879648
6454,1.0,215.0,541.0,8.81,1.4723968862326446,6,1,60000.0,10.950000000000001,1.472692,1.5979443203422896,1.5590637853127243,215.0,0,0.13931676770252652,10.780232953914334,1.5018672102196045
6457,0.0,0.0,69.0,0.0,,3,2,40000.0,4.14,2.8336453,2.447622245721759,2.8897118316924724,0.0,0,0.2957220461344392,24.510042505126265,7.248159920458015
6459,0.0,0.0,498.0,0.0,,5,4,20000.0,17.5,0.340339,0.27256266947376323,0.2185104705114238,0.0,0,0.100929828932007,24.510042505126265,2.4737943971586143
6460,0.0,0.0,723.0,0.0,,4,2,20000.0,21.47,-0.15932682,0.12507662888320664,0.15197398563373454,0.0,0,0.07505381224255937,24.510042505126265,1.8395721282368962
6461,3.0,258.0,354.0,11.67,7.289369533276869,17,1,60000.0,51.33,7.3104143,7.5129257188417355,7.469068381536217,258.0,1,0.6066540011387481,12.256146274808492,7.435240176154334
6462,1.0,40.0,305.0,14.44,2.702571422589245,11,0,80000.0,25.16,2.6905572,2.7407634122996436,2.861455131468981,40.0,0,0.17553809799101203,15.703711839279396,2.7565997076660422
6464,6.0,185.0,242.0,12.638333333333334,18.513624695138855,27,3,20000.0,91.69,18.515808,18.52742261094657,18.653598997330334,185.0,2,1.4621012525043888,12.915633687814058,18.883964191840814
6465,0.0,0.0,103.0,0.0,,4,4,20000.0,7.02,2.4682434,2.3037868073713814,2.1687950245733205,0.0,0,0.25636042909370915,24.510042505126265,6.28340501371922
6466,0.0,0.0,183.0,0.0,,4,3,20000.0,16.66,1.0782052,1.4572690745842805,1.2383919206621483,0.0,0,0.19531386613709673,24.510042505126265,4.787151160860782
6468,1.0,605.0,677.0,2.54,0.7913538301777889,6,5,40000.0,19.13,0.79386497,0.7959682955128141,0.8281301260463394,605.0,0,0.15238600427918617,5.2970690798043965,0.8071991914622175
6469,1.0,279.0,388.0,35.67,7.482470866317623,8,0,60000.0,46.96,7.490553,7.37183415416543,7.193712531270509,279.0,1,0.22270917950167268,34.26951232530077,7.632134971890193
6471,1.0,117.0,470.0,24.01,3.137438092556107,7,0,20000.0,37.120000000000005,2.7324135,2.888026275323646,3.064630343500449,117.0,0,0.13293942065543893,24.072751436605092,3.200217629564666
6472,0.0,0.0,325.0,0.0,,4,0,40000.0,21.06,0.49608597,0.6024199892043787,0.6889218089842108,0.0,0,0.1373671217171905,24.510042505126265,3.3668739920951927
6478,0.0,0.0,385.0,0.0,,3,1,20000.0,2.95,0.47183135,0.36349971209938503,0.4740007407326967,0.0,0,0.1220776873949934,24.510042505126265,2.9921293069788053
6480,0.0,0.0,598.0,0.0,,2,0,140000.0,8.5,0.065668255,0.15731276619097914,0.2124504015267048,0.0,0,0.08751777880838078,24.510042505126265,2.145064478547652
6484,0.0,0.0,189.0,0.0,,3,3,20000.0,8.1,1.0996349,1.4402850710306054,1.22900752873925,0.0,0,0.19189035034287644,24.510042505126265,4.703240643227471
6488,2.0,291.0,485.0,19.435000000000002,6.247399222588495,16,1,20000.0,54.83,6.2617393,6.176597127639748,6.222498407906012,291.0,1,0.32225239977512976,19.774757602823637,6.37246309248141
6490,1.0,410.0,435.0,7.56,2.0768594813406382,10,4,60000.0,24.41,2.105759,2.117104694628521,2.2433559898842503,410.0,0,0.2186837125844122,9.687098210272001,2.118410600792096
6494,0.0,0.0,211.0,0.0,,4,1,40000.0,19.87,0.90667015,1.058147967395123,0.9408351815653964,0.0,0,0.18030496991893746,24.510042505126265,4.41928247659867
6495,0.0,0.0,157.0,0.0,,2,2,120000.0,7.97,1.8089026,1.686481741612145,1.5997761518476565,0.0,0,0.21168479920263686,24.510042505126265,5.188403426145748
6496,3.0,555.0,583.0,15.88,6.955533837681649,17,5,40000.0,62.76,6.994735,7.009600933682413,6.984002876391247,555.0,1,0.43596248794429315,16.27396032091009,7.09483623021067
6499,3.0,343.0,456.0,10.596666666666666,5.564037035197162,14,3,80000.0,41.58,5.546994,5.5270748451258,5.501536597080666,343.0,1,0.5052995814282099,11.231810468914022,5.67542912862324
6501,3.0,632.0,703.0,13.18,4.980816864527877,14,5,40000.0,43.1,4.9755096,4.93569258462797,4.955217116933902,632.0,1,0.37092184547148954,13.69721497067866,5.080596254743843
6504,0.0,0.0,498.0,0.0,,1,1,20000.0,2.31,0.29913834,0.26099383711742985,0.22633547956065492,0.0,0,0.100929828932007,24.510042505126265,2.4737943971586143
6505,0.0,0.0,93.0,0.0,,4,2,40000.0,4.45,2.7035565,2.511985285527335,2.2560566290203363,0.0,0,0.2667993073001619,24.510042505126265,6.5392623622652115
6507,1.0,12.0,44.0,6.33,5.30856031991306,4,1,40000.0,8.25,5.307878,4.971933428069935,5.201256408313294,12.0,1,0.6287281673676668,8.611453622527947,5.414263454463652
6508,0.0,0.0,209.0,0.0,,5,0,80000.0,9.51,1.0377166,1.0421363944573305,0.9311441782146348,0.0,0,0.18129989362377114,24.510042505126265,4.443668098893501
6510,3.0,558.0,730.0,9.503333333333334,3.461566847371082,17,0,60000.0,35.74,3.3524306,3.228375825494436,3.4310825845572555,558.0,0,0.34656267604617136,10.188387660425247,3.5309148921927647
6511,1.0,25.0,608.0,27.14,1.4613702504708987,8,5,40000.0,40.3,1.4355519,1.4341766652901102,1.4150165616164587,25.0,0,0.05559970998220868,26.809960834685487,1.4906260470428865
6516,0.0,0.0,633.0,0.0,,5,2,40000.0,8.53,0.08591484,0.1816365932423923,0.17755814905949663,0.0,0,0.08362883380602416,24.510042505126265,2.0497462712397927
6518,0.0,0.0,713.0,0.0,,5,3,40000.0,4.97,0.053319357,0.14456905094116795,0.1604605431140893,0.0,0,0.07591869821315245,24.510042505126265,1.8607705201382199
6520,0.0,0.0,137.0,0.0,,3,0,120000.0,1.89,1.9745835,1.7097411665201863,1.705729425848193,0.0,0,0.22628251237145533,24.510042505126265,5.54619399639113
6522,3.0,443.0,649.0,12.833333333333334,4.841695706411125,16,2,60000.0,55.010000000000005,4.816216,4.973403411001722,5.061646346656474,443.0,1,0.3694852380539141,13.366373592377341,4.938677728697093
6523,0.0,0.0,63.0,0.0,,4,1,60000.0,7.32,2.8893723,3.0662856793576654,2.9232844567721408,0.0,0,0.30396663469052787,24.510042505126265,7.450235136405026
6524,1.0,160.0,279.0,8.84,2.833210351413995,9,3,40000.0,25.04,2.834076,2.905879864217519,2.7562157188253718,160.0,0,0.2674175119345753,10.806468187761748,2.8898388355713855
6525,0.0,0.0,160.0,0.0,,2,1,40000.0,9.77,1.428205,1.7126647719667734,1.630883091182782,0.0,0,0.20965661417548534,24.510042505126265,5.1386925249220035
6527,4.0,121.0,318.0,19.1025,11.858169632569858,28,5,100000.0,80.99,11.628901,12.70859174764282,11.539217774046108,121.0,1,0.6270395419108684,19.289777508935874,12.095453252765722
6528,2.0,294.0,473.0,10.285,3.6611760547170356,15,5,20000.0,68.82,3.6455956,3.579316160437771,3.3935685170945544,294.0,0,0.3323269463263009,11.237320367114991,3.7344643624936715
6529,0.0,0.0,196.0,0.0,,3,1,40000.0,4.66,1.06994,1.185387135957614,0.9993934405030558,0.0,0,0.18804534863467845,24.510042505126265,4.608999487927256
6530,1.0,36.0,560.0,20.25,1.417268521723229,7,0,120000.0,48.22,1.3757087,1.3980119847818395,1.1083727617629116,36.0,0,0.0695532796804026,20.784602127728956,1.4456372448358232
6531,3.0,557.0,591.0,11.68,5.177823148314783,17,1,120000.0,50.53,5.163484,5.2411921029481325,5.278893911913837,557.0,1,0.4305933432386025,12.265689776105644,5.281524367820875
6533,1.0,59.0,299.0,11.22,2.459415990839663,9,4,40000.0,22.5,2.433155,2.5770607626340403,2.3957006780628474,59.0,0,0.19464778162476729,12.88779673965675,2.5085810454050947
6534,0.0,0.0,320.0,0.0,,6,2,40000.0,5.54,0.6175995,0.6235927190245301,0.6535820662730387,0.0,0,0.13881625941724984,24.510042505126265,3.402392418719428
6536,0.0,0.0,143.0,0.0,,5,2,40000.0,8.24,1.8060818,1.7847632240174567,1.7478974250155455,0.0,0,0.2216952518946945,24.510042505126265,5.433760047123636
6537,1.0,573.0,649.0,2.69,0.8368453884888358,7,1,20000.0,21.46,0.59398663,0.771853951821773,0.8307450284796198,573.0,0,0.15725163550292717,5.428245249041476,0.8536004433227663
6541,1.0,41.0,366.0,9.5,1.5495626914259475,8,1,40000.0,14.99,1.5735811,1.4675466203897807,1.5012491602116311,41.0,0,0.13884422428421092,11.383643332404901,1.5805531280158882
6542,0.0,0.0,172.0,0.0,,5,4,60000.0,21.23,1.5346097,1.4845712307073247,1.2842115712835183,0.0,0,0.20191945266645192,24.510042505126265,4.949054367466568
6544,3.0,299.0,380.0,9.296666666666667,5.733300070589659,14,0,20000.0,32.58,5.6913943,5.4199885460124335,5.50879796835692,299.0,1,0.5853222767913507,9.991155300284076,5.848045768138247
6547,0.0,0.0,177.0,0.0,,4,2,140000.0,6.76,1.3782728,1.4348915202731405,1.2723535126457062,0.0,0,0.1988621793367062,24.510042505126265,4.874120468204711
6551,1.0,545.0,660.0,13.34,2.2003652200617694,10,4,100000.0,18.08,2.1904318,2.151278108072288,2.172152959353099,545.0,0,0.1522492916107426,14.741753264874145,2.2444214916774405
6553,0.0,0.0,509.0,0.0,,6,4,40000.0,12.19,0.33103675,0.264608699969721,0.21227055729322597,0.0,0,0.09925641727660427,24.510042505126265,2.4327790063561197
6554,1.0,8.0,637.0,10.2,0.521459642731056,8,1,80000.0,26.58,0.563926,0.5216154102440181,0.5930920580098284,8.0,0,0.044340507895190895,11.995798788844606,0.5318998109058857
6557,1.0,353.0,372.0,7.92,2.407934787148938,5,1,40000.0,16.9,2.3977237,2.4057823248142554,2.447742825496557,353.0,0,0.24556221649694113,10.001921016440992,2.456093894024588
6558,0.0,0.0,181.0,0.0,,5,2,40000.0,11.48,1.2027717,1.4322570664862717,1.212493739177627,0.0,0,0.19648243692197553,24.510042505126265,4.81579288046841
6559,8.0,563.0,691.0,10.79875,9.507282694997258,39,3,80000.0,96.95,9.496986,9.473391536208277,9.599653243801743,563.0,1,0.8783927228328726,11.040363023601817,9.697774537364966
6560,9.0,316.0,530.0,15.101111111111111,12.35357150595522,48,5,80000.0,144.51999999999998,12.36658,12.70325160428812,12.96226215374029,316.0,1,0.8263623232591036,15.24877723664654,12.601014984135768
6563,3.0,209.0,369.0,19.656666666666666,10.682212809910641,17,4,60000.0,75.29,10.697146,10.86369839939117,11.248762424082223,209.0,1,0.5481372677077577,19.878222644135032,10.895994647042656
6564,3.0,502.0,665.0,14.63,5.521611163304021,14,3,80000.0,52.540000000000006,5.523237,5.558682232078255,5.45856844380725,502.0,1,0.3734637953174262,15.081022658765908,5.632215959410818
6565,2.0,531.0,650.0,16.245,4.5417612557340705,12,0,20000.0,36.489999999999995,4.545595,4.509843875873509,4.314277963549171,531.0,1,0.27578493223194406,16.798317735948164,4.6327229184191285
6566,1.0,135.0,467.0,13.82,2.1014371990382754,7,1,20000.0,16.0,2.2234063,1.9787751970715326,1.9338045966864446,135.0,0,0.14137675162233174,15.161517006432799,2.1434860240362084
6567,0.0,0.0,450.0,0.0,,4,4,60000.0,23.49,0.43906504,0.2918569045064627,0.3855635484448863,0.0,0,0.10894560003233625,24.510042505126265,2.670261287539047
6569,3.0,240.0,293.0,19.543333333333333,13.723020464721895,15,2,40000.0,63.49,13.820859,13.44788127237253,13.284703378071466,240.0,2,0.7080171450452755,19.770062962767295,13.99754353626384
6570,0.0,0.0,445.0,0.0,,4,3,20000.0,19.28,0.27813905,0.30431700382762694,0.3972659359287407,0.0,0,0.10985449713409076,24.510042505126265,2.692538394135836
6571,0.0,0.0,145.0,0.0,,5,1,40000.0,4.59,1.8227841,1.7720685944146164,1.7564909554132484,0.0,0,0.22020738069028414,24.510042505126265,5.397292260661385
6572,0.0,0.0,252.0,0.0,,3,0,60000.0,4.91,0.7608629,0.9399932902781146,0.6437595796347297,0.0,0,0.16207716205830328,24.510042505126265,3.972518131159251
6573,0.0,0.0,34.0,0.0,,3,5,40000.0,10.58,4.5903497,3.340453807061711,3.739186699790209,0.0,0,,24.510042505126265,
6574,0.0,0.0,467.0,0.0,,4,1,60000.0,25.03,0.37497413,0.27231539162386165,0.3167649885538504,0.0,0,0.10596489225972978,24.510042505126265,2.597204013337102
6581,1.0,2.0,200.0,15.42,3.812142534648573,6,2,60000.0,22.490000000000002,3.8053176,3.6210136806774313,3.8962908066151405,2.0,0,0.2347890660078075,16.560729478294984,3.8882782066168446
6582,1.0,97.0,216.0,22.05,6.6408781190709885,10,2,20000.0,29.330000000000002,6.6103992,6.583823805509932,6.420958576577136,97.0,1,0.30294820731484584,22.358716158573912,6.773532978101443
6584,0.0,0.0,536.0,0.0,,3,4,40000.0,8.59,0.32756746,0.18190937577054755,0.2568175106481547,0.0,0,0.09537522175288252,24.510042505126265,2.3376507390989936
6587,0.0,0.0,126.0,0.0,,3,5,40000.0,4.08,2.2320907,2.0851494317639223,1.8300757383790005,0.0,0,0.23520727192888102,24.510042505126265,5.764940232491665
6589,2.0,586.0,627.0,24.23,6.932775615349408,16,1,20000.0,74.65,6.9145074,6.856067836478205,7.248204561458026,586.0,1,0.2916281168304124,24.24874793563489,7.071616695964552
6590,1.0,41.0,492.0,18.86,1.7100189242552717,6,1,80000.0,36.739999999999995,1.7321521,1.7517556222311532,1.549947287867095,41.0,0,0.08913260267741406,19.569036292798682,1.7442391366659207
6592,2.0,590.0,625.0,11.350000000000001,3.5119495578863944,12,4,80000.0,32.88,3.4756799,3.399301720717188,3.5390983266404765,590.0,0,0.2928849439165323,12.23102207815649,3.5822822154027323
6593,0.0,0.0,369.0,0.0,,3,2,40000.0,26.36,0.4987643,0.34695470497874986,0.6132031645272136,0.0,0,0.12581137737691234,24.510042505126265,3.0836422071366023
6595,0.0,0.0,398.0,0.0,,3,0,40000.0,4.47,0.4381102,0.29773609542665763,0.49605682234997683,0.0,0,0.1192036194677212,24.510042505126265,2.9216857799187435
6597,1.0,145.0,205.0,1.3,1.4160697190251137,8,2,20000.0,18.580000000000002,1.4263306,1.6007761254525088,1.7320139464388538,145.0,0,0.3428584996552363,4.212679414111204,1.4443529434506672
6598,0.0,0.0,63.0,0.0,,4,2,140000.0,18.38,2.8101304,2.9522358183810447,2.8567260721749577,0.0,0,0.30396663469052787,24.510042505126265,7.450235136405026
6600,1.0,22.0,31.0,12.72,9.831868688680371,9,1,80000.0,30.189999999999998,9.820753,9.840492485571582,9.78312557226397,22.0,1,0.7061877247663347,14.199558432027548,10.027553861800158
6603,6.0,278.0,351.0,10.465000000000002,12.094088630863855,28,5,40000.0,73.28,12.159922,12.318097731144528,12.315690602678764,278.0,1,1.142971544540186,10.793065252358279,12.336166461810954
6604,1.0,37.0,199.0,3.35,1.6296166150337417,8,1,40000.0,35.45,1.6381946,1.609459474783859,1.668544824808408,37.0,0,0.27677708432328607,6.005420393684627,1.6621627466996318
6607,5.0,297.0,522.0,8.937999999999999,5.559435915431784,21,2,40000.0,61.38,5.574271,5.610524272480796,5.782559422062174,297.0,1,0.6050474199417223,9.372450067954617,5.6707767321485605
6608,2.0,150.0,278.0,4.77,2.866110642171064,12,2,40000.0,13.75,2.844164,2.9140437305266484,2.652945033443131,150.0,0,0.4799164886385065,6.091531694444697,2.9234265012280707
6609,0.0,0.0,471.0,0.0,,6,2,,6.96,,,,0.0,0,0.10528712720345981,24.510042505126265,2.580591962999436
6615,1.0,2.0,20.0,12.58,10.167379200251906,10,2,120000.0,27.43,10.161711,9.839355496319763,9.791823094362861,2.0,1,0.7366317718676365,14.077127340739608,10.369659255815368
6616,0.0,0.0,694.0,0.0,,6,4,60000.0,12.12,0.07371591,0.16736984156385046,0.19435447607771916,0.0,0,0.07761816243848677,24.510042505126265,1.9024244605371055
6617,1.0,112.0,564.0,18.3,1.8734904237228978,9,2,20000.0,36.78,1.8744113,1.738498954020374,1.6401168438971503,112.0,0,0.10016040392538672,19.079311927646916,1.9109915892915639
6618,3.0,238.0,371.0,15.093333333333334,8.636701717988124,18,4,20000.0,70.84,8.692396,8.823116673163154,9.031464858218332,238.0,1,0.5675083645540275,15.523204885534017,8.8095486172265
6621,1.0,327.0,677.0,32.51,3.807820329905116,7,5,40000.0,57.11,3.8069794,3.8108075617227772,4.030922001017828,327.0,0,0.12327989503993986,31.506067693372945,3.8840647183602566
6628,0.0,0.0,603.0,0.0,,4,2,40000.0,11.57,0.1303672,0.1597690279637137,0.21073800520928643,0.0,0,0.08694019971228326,24.510042505126265,2.1309079903522288
6629,2.0,262.0,323.0,3.395,2.213671386092906,7,4,20000.0,15.790000000000001,2.2585716,2.292326513948528,2.4155022962130386,262.0,0,0.4695671858266762,4.80858347596389,2.2579530106210206
6630,0.0,0.0,538.0,0.0,,3,1,40000.0,7.2,0.24268402,0.16488119837828857,0.27378307254105927,0.0,0,0.095099776641943,24.510042505126265,2.3308995677220365
6631,2.0,225.0,239.0,15.5,9.239059451896438,13,3,20000.0,49.21,9.62757,9.477988949371191,9.938238729094373,225.0,1,0.5852108702696012,16.103193064844014,9.423763627596772
6632,3.0,168.0,297.0,17.65666666666667,11.389260257105656,18,0,80000.0,58.21,11.383599,11.416033680310623,11.211447598929453,168.0,1,0.6464892573252342,17.969522384704348,11.617103180976686
6634,0.0,0.0,349.0,0.0,,3,2,100000.0,10.03,0.4963996,0.4325782683604363,0.6027477834953849,0.0,0,0.13081297746706372,24.510042505126265,3.206231637939856
6635,2.0,633.0,700.0,11.77,3.278173114059621,15,1,40000.0,29.049999999999997,3.530899,3.083959872901945,3.389220330339212,633.0,0,0.2649021761482711,12.622904443074262,3.343834856282052
6640,0.0,0.0,389.0,0.0,,5,1,60000.0,23.71,0.545434,0.38137545666216494,0.4763908830282695,0.0,0,0.12117868533013129,24.510042505126265,2.9700947281568384
6641,1.0,9.0,573.0,17.78,0.9952810452576131,5,0,40000.0,21.96,1.0029868,1.150219308652268,0.955857945423463,9.0,0,0.054508856463390605,18.62456787429171,1.0152038969524426
6642,0.0,0.0,613.0,0.0,,5,2,120000.0,33.97,-0.08134722,0.13899719140100347,0.37192281160252794,0.0,0,0.08580763148975493,24.510042505126265,2.103148695078104
6644,1.0,32.0,136.0,3.36,2.212101195480521,4,0,40000.0,19.0,2.2145379,2.2467037458807977,2.31853921760082,32.0,0,0.37515453372026986,6.014165471633766,2.2562414432273123
6645,0.0,0.0,168.0,0.0,,3,2,20000.0,18.87,1.1910485,1.625345731722087,1.411204380490064,0.0,0,0.2044340391409658,24.510042505126265,5.010686988839718
6646,0.0,0.0,221.0,0.0,,3,2,20000.0,7.94,0.88422495,1.0678072930859945,0.8799525994278197,0.0,0,0.1754902049111795,24.510042505126265,4.301272381606328
6647,5.0,692.0,713.0,12.142,7.1198103737244285,27,3,40000.0,79.83,7.112279,7.267422891917087,7.175776432278685,692.0,1,0.581598834446302,12.487060508603726,7.262459837464374
6651,1.0,401.0,735.0,3.11,0.6844181880770284,10,0,40000.0,16.17,0.6722238,0.5925898643461163,0.5292231146435427,401.0,0,0.12045889991114994,5.7955385229053,0.6981241948618633
6652,17.0,239.0,348.0,15.06529411764706,29.810660105909886,82,3,80000.0,270.78,29.814657,33.690762754765544,30.084256947851962,239.0,2,2.0078419547160093,15.144351777843568,30.407464876532302
6654,0.0,0.0,352.0,0.0,,4,1,40000.0,18.85,0.3479914,0.3602508256211574,0.6140696442870208,0.0,0,0.13003749495488048,24.510042505126265,3.1872245286042626
6655,1.0,30.0,702.0,22.44,0.982065739146733,7,4,140000.0,31.650000000000002,0.9940472,1.0535032627078744,0.9286039791193481,30.0,0,0.04412955428220919,22.699774198590323,1.0017309176905833
6659,0.0,0.0,129.0,0.0,,4,5,20000.0,33.9,1.9295981,2.357985193175428,2.013983712683796,0.0,0,0.2327038710391762,24.510042505126265,5.703581770277629
6665,1.0,3.0,84.0,15.96,7.763658524117419,9,5,80000.0,33.620000000000005,7.7647433,7.6283598896179665,7.715772007678208,3.0,1,0.46488771520675365,17.032963687548474,7.918415571904012
6666,2.0,463.0,660.0,26.705,6.82187790806353,14,3,80000.0,59.339999999999996,6.7943482,6.751991501632057,6.433933501835343,463.0,1,0.2620112244018788,26.558054728900338,6.958508437251285
6669,6.0,240.0,365.0,11.993333333333334,12.468973674228838,28,4,60000.0,85.82000000000001,12.473371,12.362256243177983,12.56671617044972,240.0,1,1.0352337555333129,12.285699650604407,12.71857098864951
6670,0.0,0.0,309.0,0.0,,4,2,80000.0,32.59,1.0105896,1.0038708199904618,0.719596870902687,0.0,0,0.1421147536425908,24.510042505126265,3.483238652385448
6675,3.0,41.0,699.0,10.823333333333332,0.31311000682126366,15,5,100000.0,36.22,0.3770489,0.8292393679331979,0.3081771194545322,41.0,0,0.027898216974091356,11.4481298316495,0.31938240999092565
6677,3.0,212.0,347.0,13.866666666666667,8.282454957662761,15,4,140000.0,45.38,8.2842455,8.290260116164488,8.080077404860425,212.0,1,0.5886202370496016,14.352535393083196,8.448192785339428
6679,5.0,184.0,243.0,15.45,19.031036475882132,24,0,,87.14999999999999,,,,184.0,2,1.2361961542932154,15.702769415491133,19.41170316318326
6681,7.0,414.0,626.0,16.419999999999998,12.029732676722304,33,3,100000.0,119.94,12.07898,12.031612512876602,12.232759249795672,414.0,1,0.7399801418674786,16.582514754678684,12.27073162068669
6683,5.0,267.0,535.0,10.959999999999999,5.766719145232817,24,5,60000.0,78.6,5.7835555,5.623416270096376,5.840099336352203,267.0,1,0.5188036536346127,11.33803755577999,5.882215308985113
6684,2.0,262.0,366.0,5.720000000000001,2.8678825529061833,6,4,40000.0,14.36,2.8595953,2.622741407766888,2.8540582260429552,262.0,0,0.41921652332765924,6.977932281758711,2.925264511174727
6685,0.0,0.0,246.0,0.0,,6,0,20000.0,8.45,0.7040836,0.9577056912963112,0.8760835951239736,0.0,0,0.16451041912116818,24.510042505126265,4.032157365195968
6687,0.0,0.0,24.0,0.0,,4,3,20000.0,9.28,4.5175605,3.3857901453698576,3.8532566185546933,0.0,0,,24.510042505126265,
6689,1.0,26.0,82.0,3.1,2.864348655813666,9,1,40000.0,10.06,2.8771741,2.910463627874507,2.828736507933583,26.0,0,0.5048465181145986,5.786793444956162,2.9214425217345013
6690,7.0,546.0,630.0,17.15285714285714,14.534710694236189,39,2,40000.0,144.22,14.565045,14.323132978239284,14.480502295223971,546.0,2,0.8569559888024217,17.300650083811057,14.825895699497005
6692,1.0,31.0,632.0,8.11,0.5397325011467264,8,4,40000.0,27.15,0.51420623,0.5037551264251497,0.5773591401267639,31.0,0,0.05414380101547585,10.168077497474627,0.5505383647332038
6693,1.0,212.0,292.0,9.56,3.0709406894511515,4,2,60000.0,18.39,3.0453143,2.9854086138298106,3.0347654213508926,212.0,0,0.273897865348552,11.436113800099733,3.1323271577304337
6695,0.0,0.0,564.0,0.0,,4,1,120000.0,8.57,0.1445178,0.14784436213584412,0.1940328143215746,0.0,0,0.09165865071683851,24.510042505126265,2.246557425032234
6696,0.0,0.0,740.0,0.0,,3,3,20000.0,4.37,0.055689707,0.16686404379885025,0.13198376874008932,0.0,0,0.07362789776881085,24.510042505126265,1.804622903876645
6698,0.0,0.0,252.0,0.0,,2,0,20000.0,5.13,0.52365303,0.9577056912963112,0.6652716647119705,0.0,0,0.16207716205830328,24.510042505126265,3.972518131159251
6702,0.0,0.0,42.0,0.0,,5,0,80000.0,11.51,4.647843,3.05652258583207,3.0262247891076286,0.0,0,0.33686637603709085,24.510042505126265,8.256609195216944
6703,0.0,0.0,503.0,0.0,,3,5,40000.0,2.96,0.34495515,0.27263875266822,0.20382519815471056,0.0,0,0.10016223847857247,24.510042505126265,2.454980722518405
6708,2.0,479.0,665.0,13.905,3.758287065757319,14,4,80000.0,47.94,3.833152,4.017630182949955,3.809344162535587,479.0,0,0.2623035917464416,14.614973131406279,3.8335599456456055
6709,2.0,548.0,600.0,28.205,8.248625630569553,11,0,20000.0,61.269999999999996,8.243015,8.020054069772094,7.893337862785201,548.0,1,0.3009484894067059,27.957634603606675,8.413807901340077
6710,1.0,266.0,545.0,14.98,2.3763457340380825,10,1,60000.0,34.519999999999996,2.3953695,2.4626551803284475,2.4927145252381004,266.0,0,0.1498465326909895,16.175946048532886,2.4239094283691656
6712,7.0,580.0,668.0,9.64,7.961550145180854,37,3,120000.0,77.66,7.644136,7.662246579144223,7.892412599571914,580.0,1,0.8171139860896139,9.938713054752306,8.12106144076954
6713,5.0,587.0,717.0,14.351999999999999,8.027651923081914,24,2,40000.0,91.42,8.23997,8.221779007612477,7.945612116579713,587.0,1,0.5594988837668341,14.63540291616756,8.188491595073618
6714,2.0,267.0,316.0,24.895,11.703465841118689,12,3,60000.0,73.36,11.724694,11.810379902988684,12.132154647267942,267.0,1,0.48001362761283056,24.869228346754696,11.937568514657558
6715,0.0,0.0,50.0,0.0,,5,5,60000.0,7.06,3.5741565,3.1444827689368986,2.9887659913147093,0.0,0,0.32352079625020796,24.510042505126265,7.929508467384891
6717,3.0,413.0,420.0,12.453333333333333,7.184209455095686,15,1,20000.0,55.599999999999994,7.190251,7.0470474139808745,7.362075399627694,413.0,1,0.5635324097355536,13.00372054308551,7.3280179731727
6720,0.0,0.0,380.0,0.0,,4,3,40000.0,3.67,0.5008769,0.3686539795633967,0.554441064605534,0.0,0,0.1232204016173613,24.510042505126265,3.0201372811402543
6722,1.0,215.0,294.0,15.39,4.426521672443151,8,1,80000.0,23.130000000000003,4.286719,4.342362392723772,4.513176100515171,215.0,1,0.2730659182240473,16.53449424444757,4.5150068532303
6726,0.0,0.0,264.0,0.0,,5,3,20000.0,11.8,0.65312576,0.7729021606910749,0.5839864656197582,0.0,0,0.15742085566586045,24.510042505126265,3.8583918635635865
6729,3.0,394.0,428.0,14.9,8.281873206583558,16,0,40000.0,47.37,8.216234,8.11851058381757,8.221923323334138,394.0,1,0.5507416369821063,15.33869719378905,8.447659201680223
6730,0.0,0.0,281.0,0.0,,4,2,40000.0,14.28,0.6654256,0.7054695163343584,0.594459952402592,0.0,0,0.15126541136170366,24.510042505126265,3.707521662030766
6732,0.0,0.0,104.0,0.0,,3,0,40000.0,21.14,2.476766,2.256691181408929,2.1890583195503437,0.0,0,0.25536151753363356,24.510042505126265,6.258921648922905
6733,0.0,0.0,37.0,0.0,,5,1,40000.0,7.77,4.5858684,3.3659085455163646,3.8274508251878836,0.0,0,,24.510042505126265,
6736,1.0,378.0,551.0,3.45,0.9973031196534431,8,0,100000.0,19.41,0.95821345,0.9390239189065945,1.0671660246216081,378.0,0,0.16695987694713155,6.092871173176015,1.0172650213281924
6739,0.0,0.0,608.0,0.0,,4,2,140000.0,6.37,0.062207356,0.15962995113202438,0.1648283605513594,0.0,0,0.08637020004919957,24.510042505126265,2.11693727438214
6741,0.0,0.0,638.0,0.0,,6,5,60000.0,4.29,0.13607319,0.1829289594922862,0.15789666815059444,0.0,0,0.08310132625812582,24.510042505126265,2.036817038819029
6744,2.0,435.0,530.0,10.265,3.5792445619463016,11,4,140000.0,38.46,3.4634326,3.6133684332913805,3.6011264138921497,435.0,0,0.325431614434799,11.218659302118906,3.6509064084825313
6746,1.0,32.0,159.0,16.04,5.5669548460142995,7,4,40000.0,19.799999999999997,5.586121,5.54800294648696,5.776713705912159,32.0,1,0.3319945519521655,17.10292431114158,5.678077693749248
6749,0.0,0.0,112.0,0.0,,2,4,100000.0,8.8,2.6589038,2.389400280775847,2.1516391209350303,0.0,0,0.2476432870689604,24.510042505126265,6.069747492169405
6750,3.0,210.0,297.0,16.54,11.317138798447452,18,1,120000.0,51.339999999999996,11.288475,11.131985995116281,11.11480612707433,210.0,1,0.6828948213002592,16.90383140652221,11.543538927646695
6751,0.0,0.0,268.0,0.0,,1,2,60000.0,5.61,0.7559995,0.760575069668512,0.5496486557199329,0.0,0,0.15592777389606963,24.510042505126265,3.8217963659223844
6754,0.0,0.0,558.0,0.0,,4,0,100000.0,31.33,0.36065438,0.07439132185355382,0.30114926002164033,0.0,0,0.09243044774594536,24.510042505126265,2.265474203020973
6757,1.0,231.0,473.0,9.77,1.9270527266490325,8,1,20000.0,16.15,1.9529332,1.931579794279238,1.9802608981913217,231.0,0,0.1691612471554171,11.619760437031644,1.9656131671754475
6759,1.0,115.0,612.0,5.24,0.6691734228995123,5,0,140000.0,7.33,0.67561203,0.7001039764663094,0.6561809407420984,115.0,0,0.08912883833555175,7.658240126071834,0.682570046131492
6760,3.0,292.0,715.0,10.4,2.681077270724755,15,2,60000.0,45.46,2.4728491,2.7752303233617113,2.777393835730873,292.0,0,0.24762383708591978,11.044121610070006,2.7347877703290613
6761,1.0,564.0,668.0,13.4,2.2001639085889306,8,4,140000.0,24.700000000000003,2.1841838,2.2973352018790703,2.1550069923136776,564.0,0,0.15169549147906874,14.794223732568977,2.244217040163354
6762,1.0,66.0,233.0,18.759999999999998,4.988048254316306,12,1,120000.0,43.8,6.911508,5.904424412658509,5.933048650707092,66.0,1,0.2611545507296994,19.481585513307294,5.0877047122299865
6766,0.0,0.0,417.0,0.0,,4,2,120000.0,33.12,0.5591807,0.4568624055188399,0.723365136984425,0.0,0,0.1152386977448,24.510042505126265,2.824505379960446
6769,0.0,0.0,169.0,0.0,,3,2,120000.0,5.25,1.4265958,1.5972884565896286,1.3532027988479935,0.0,0,0.20379951865485418,24.510042505126265,4.995134864754749
6771,0.0,0.0,37.0,0.0,,5,3,40000.0,22.92,4.3896284,3.3828925490700397,3.8212394391845614,0.0,0,,24.510042505126265,
6772,1.0,250.0,557.0,2.93,0.7870605491524436,6,2,40000.0,21.22,0.6841467,0.7960608275327689,0.7582201278042167,250.0,0,0.14239029322353275,5.638127119820805,0.8028145738228365
6774,0.0,0.0,191.0,0.0,,4,3,60000.0,8.93,1.127108,1.4373058069422893,1.003066810022494,0.0,0,0.19077577673820242,24.510042505126265,4.67592239680182
6775,1.0,519.0,585.0,4.61,1.1933616200629311,7,4,40000.0,16.71,1.1732886,1.101329085718939,1.2484939834570268,519.0,0,0.17126762153228053,7.107300215276099,1.2172504033862028
6779,2.0,301.0,354.0,29.615,12.736010707281793,15,0,80000.0,70.85,12.731459,12.681857817130984,12.5444014100052,301.0,1,0.4437781057666705,29.27323968583063,12.990822857431642
6780,2.0,94.0,261.0,18.22,8.314460715861848,12,3,100000.0,49.1,8.353536,8.407628652668482,8.121222257949567,94.0,1,0.45494693666613334,18.641097904311504,8.480710387659997
6782,0.0,0.0,4.0,0.0,,5,5,80000.0,5.47,4.5993176,3.0310678473774164,3.7556029212422954,0.0,0,,24.510042505126265,
6785,1.0,20.0,330.0,21.46,3.053551663621062,9,0,60000.0,25.54,3.0516422,3.0975934274705375,3.1765830373022053,20.0,0,0.14259222626214207,21.84275655957473,3.114607285531768
6787,1.0,32.0,261.0,13.28,2.9368715280174946,11,3,60000.0,35.2,2.9220972,2.935158625214483,2.8629904686689267,32.0,0,0.20392846695874303,14.689282797179313,2.995562921552214
6788,2.0,109.0,407.0,21.145,5.705510695521582,14,0,40000.0,78.99000000000001,5.7044125,5.210479546476708,5.4789482102369504,109.0,1,0.272326426664453,21.37027865998886,5.819691624298381
6791,1.0,28.0,237.0,16.02,3.738127778160476,7,0,60000.0,21.85,3.7197266,3.81185968805283,3.5779885302232644,28.0,0,0.22316172661401548,17.085434155243302,3.8128149860341685
6792,2.0,98.0,698.0,17.915,1.6092903632031519,16,4,40000.0,50.08,1.6077055,1.8281180235424657,1.737667372945059,98.0,0,0.08942460690216071,18.356516663121216,1.6415242866925777
6793,0.0,0.0,346.0,0.0,,5,3,80000.0,17.94,0.43225905,0.5064228135115096,0.6160049420867191,0.0,0,0.13159778014929982,24.510042505126265,3.2254671850396
6799,3.0,305.0,644.0,21.52,6.564195340123431,18,2,140000.0,72.31,6.571168,6.75044675149022,6.637103418284602,305.0,1,0.30917646804677446,21.656495052504624,6.695678650605825
6800,0.0,0.0,469.0,0.0,,4,1,40000.0,13.03,0.33660448,0.29341922541727095,0.3113438032812441,0.0,0,0.10562492126802037,24.510042505126265,2.5888713098797944
6804,3.0,152.0,345.0,12.513333333333334,6.71970495980991,16,2,40000.0,62.4,6.761243,6.718420118816424,6.624160472025606,152.0,1,0.5247821258287694,13.06098155086843,6.854169663675072
6805,0.0,0.0,96.0,0.0,,5,1,,15.98,,,,0.0,0,0.26357899000097273,24.510042505126265,6.460332248382093
6806,0.0,0.0,583.0,0.0,,5,4,40000.0,20.22,0.1589258,0.1628356806948092,0.2030088597092421,0.0,0,0.0892975364540824,24.510042505126265,2.1886864140926217
6807,1.0,32.0,252.0,7.62,2.0266894000678186,9,4,80000.0,18.23,1.9869565,2.277436606989326,1.9397012698107083,32.0,0,0.21224637292208168,9.739568677966833,2.0671881257239746
6808,1.0,30.0,278.0,29.93,5.378190176788622,8,3,40000.0,42.19,5.398809,5.222633423699424,5.5343830100816325,30.0,1,0.18754583745749032,29.24983758249517,5.485685284904631
6810,0.0,0.0,165.0,0.0,,4,2,80000.0,10.85,1.4395568,1.7015064820324353,1.4143947104411785,0.0,0,0.20636161640824802,24.510042505126265,5.057931989592721
6812,8.0,295.0,309.0,12.965,21.745134588427117,28,3,100000.0,105.46,21.735924,21.494165308880934,21.247851943669176,295.0,2,1.684355267043008,13.16844053095156,22.180332167050885
6814,0.0,0.0,65.0,0.0,,2,0,80000.0,7.61,2.9347026,2.1255416564346246,2.900609403111505,0.0,0,0.30116750118798463,24.510042505126265,7.381628255280168
6816,1.0,262.0,448.0,13.91,2.8046350023466475,10,3,40000.0,27.71,2.7548823,2.6885874955559252,2.7981033306947793,262.0,0,0.1877105019355301,15.240222707975047,2.86074985412326
6818,0.0,0.0,68.0,0.0,,4,5,40000.0,3.55,2.8767922,2.422167507267105,2.8555572111743666,0.0,0,0.2970647471771156,24.510042505126265,7.281069580085691
6821,1.0,176.0,327.0,41.28,8.995084619703208,13,3,60000.0,81.75999999999999,9.00232,10.410713755461186,9.112610626982153,176.0,1,0.2342008916003153,39.17550105476755,9.174937275915653
6822,2.0,16.0,310.0,13.43,3.2469448544286923,17,5,20000.0,45.26,3.2609262,3.1775225176808872,3.3146210099669133,16.0,0,0.233696278504095,14.171772837749273,3.3118905719874228
6824,0.0,0.0,154.0,0.0,,3,4,60000.0,4.99,1.846511,1.7751580580365844,1.6919945011456825,0.0,0,0.21375275867066418,24.510042505126265,5.239089200605976
6825,0.0,0.0,222.0,0.0,,4,3,60000.0,6.88,1.0648321,1.0604994364552116,0.8526753266993481,0.0,0,0.17502287168474165,24.510042505126265,4.289818024362278
6829,1.0,9.0,215.0,8.51,2.329869951189255,6,0,40000.0,16.07,2.5182052,2.401233462265155,2.32982264077524,9.0,0,0.2259399823255637,10.517880615440173,2.376409760354942
6832,1.0,127.0,613.0,11.36,1.1845367731353607,9,2,20000.0,36.71,1.1188468,1.0869662774878723,0.9157541603380475,127.0,0,0.09286930851348782,13.01022783094469,1.208250862262768
6835,5.0,636.0,701.0,13.616000000000003,7.9643511992307525,22,2,80000.0,86.93,7.9674673,8.162598711535816,7.982621116281435,636.0,1,0.5836174634289579,13.919936847404223,8.123918233973338
6836,0.0,0.0,520.0,0.0,,6,0,40000.0,4.44,0.250356,0.24820714654273068,0.23586912819672445,0.0,0,0.0976376436566328,24.510042505126265,2.3931027961244418
6837,3.0,194.0,239.0,14.303333333333335,11.69267419633068,12,2,40000.0,63.21,11.695413,12.054804751645058,11.903130569238321,194.0,1,0.8075207971459885,14.769268283058896,11.926491297198684
6838,0.0,0.0,445.0,0.0,,4,2,40000.0,13.88,0.3316139,0.29636303432358474,0.388404732266145,0.0,0,0.10985449713409076,24.510042505126265,2.692538394135836
6841,2.0,374.0,650.0,26.56,6.437765139443744,12,5,20000.0,76.0,6.435945,6.682649354282206,6.433173991950105,374.0,1,0.24852434656638747,26.422762007678728,6.566699662437524
6842,1.0,31.0,636.0,33.67,1.7063116901876187,12,4,100000.0,51.81,1.7025634,1.7879499605678668,1.6321812826199755,31.0,0,0.053519285370019876,32.52049673547303,1.740473745160581
6843,1.0,378.0,700.0,9.07,1.3515520852238965,8,3,,45.99,,,,378.0,0,0.12524212539099655,11.007604980591939,1.3786158432338538
6844,0.0,0.0,234.0,0.0,,3,2,100000.0,19.49,0.82273704,1.036928275281248,0.846177281199302,0.0,0,0.16960348622196783,24.510042505126265,4.1569886563180285
6845,1.0,171.0,371.0,33.96,6.521186359695847,8,4,100000.0,42.36,6.5232496,6.420579726880818,6.493411545103157,171.0,1,0.20295323554757702,32.774103995998054,6.651610448160579
6846,0.0,0.0,473.0,0.0,,3,4,40000.0,15.69,0.45212793,0.2904523942085131,0.26639983331605954,0.0,0,0.10495148920206336,24.510042505126265,2.5723654613188733
6847,5.0,61.0,109.0,10.916,20.45173674911978,26,2,60000.0,59.410000000000004,20.444277,19.339638480151326,19.75295094828688,61.0,2,1.846812688087643,11.295265127756096,20.860238953253848
6849,3.0,114.0,184.0,10.776666666666666,10.153507928193363,15,3,,42.489999999999995,,,,114.0,1,0.908173744733061,11.403593492262782,10.356444205281855
6850,0.0,0.0,681.0,0.0,,3,4,40000.0,18.92,0.055127464,0.16270258025640175,0.18731649974773124,0.0,0,0.0788255040149815,24.510042505126265,1.9320164538951978
6851,0.0,0.0,258.0,0.0,,3,2,20000.0,14.5,0.61986506,0.7729021606910749,0.649807635685252,0.0,0,0.15971499998836897,24.510042505126265,3.914621438421164
6854,3.0,378.0,695.0,18.19333333333333,5.6944491453177,16,3,100000.0,65.82,5.53894,5.998770526330893,5.742789036308812,378.0,1,0.3142852593769734,18.481690287651578,5.808522825779466
6855,2.0,202.0,360.0,7.11,3.244503530119645,14,3,60000.0,26.05,3.2902427,3.325406838208152,3.3338618378601863,202.0,0,0.3999357770585172,8.27487629898658,3.3094190826983048
6861,0.0,0.0,253.0,0.0,,7,5,40000.0,12.18,0.7495897,0.7637071789662077,0.6235828554676734,0.0,0,0.16167861659459004,24.510042505126265,3.9627497649034145
6863,0.0,0.0,117.0,0.0,,6,2,80000.0,7.98,2.196373,2.0749398658906464,2.017171537666239,0.0,0,0.24305299808713618,24.510042505126265,5.95723931411408
6864,3.0,192.0,240.0,7.626666666666666,6.616567004896311,21,1,20000.0,36.4,6.596005,6.430718839853913,6.802598046150854,192.0,1,0.803687615233744,8.397390583659453,6.748878812367563
6865,1.0,128.0,289.0,4.29,1.6357263437030933,6,1,60000.0,24.49,1.6525146,1.5889583562496605,1.5466608963780581,128.0,0,0.24436956513587607,6.827457720903661,1.6684228742408072
6866,2.0,303.0,706.0,7.05,1.6213519425934924,12,5,20000.0,23.23,1.6233355,1.525628062691298,1.3736114773118855,303.0,0,0.2012227144953639,8.218893103998326,1.6538279805337706
6870,0.0,0.0,219.0,0.0,,4,5,40000.0,15.37,0.99853927,1.0690540498056322,0.8492719698985924,0.0,0,0.1764324193300966,24.510042505126265,4.324366097062929
6876,0.0,0.0,249.0,0.0,,3,5,40000.0,1.95,0.9716453,0.9878860652530493,0.5827061835886935,0.0,0,0.1632847041768933,24.510042505126265,4.002115039812623
6877,3.0,405.0,462.0,10.056666666666667,5.420320700115206,15,0,40000.0,44.87,5.486411,5.55003246358832,5.32934965623476,405.0,1,0.5159201040465674,10.716461398867738,5.5288378799148665
6880,0.0,0.0,644.0,0.0,,3,3,20000.0,4.72,0.13051386,0.1655296294444188,0.2130022549697257,0.0,0,0.08247704168394848,24.510042505126265,2.021515797370648
6882,2.0,89.0,248.0,12.59,6.21272759703075,10,0,120000.0,29.550000000000004,6.243635,6.233940027364061,5.89395932214622,89.0,1,0.4733295405117825,13.388008107913725,6.336939726086822
6886,1.0,94.0,331.0,10.77,2.3761596670708856,8,5,80000.0,23.73,2.4333503,2.4259918529658666,2.2287732333685764,94.0,0,0.19398264394407613,12.494268231945508,2.423671185779267
6888,3.0,467.0,626.0,8.176666666666668,3.4233570508703304,18,4,40000.0,36.33,3.3869169,3.528108711479812,3.3122345178177923,467.0,0,0.3913712925147472,8.922283155002892,3.4919254905560386
6890,0.0,0.0,97.0,0.0,,3,1,60000.0,1.26,2.7638118,2.303078534301083,2.278106902227573,0.0,0,0.2625228472567665,24.510042505126265,6.434446144830117
6892,1.0,74.0,528.0,5.38,0.7231334840076581,12,4,20000.0,10.809999999999999,0.7523339,0.7279523078695279,0.7068630794791426,74.0,0,0.09479985337823382,7.7806712173597745,0.7376064905899506
6893,2.0,386.0,476.0,12.99,4.763025709085351,14,3,40000.0,34.72,4.772851,4.8148413794856415,4.791717872886364,386.0,1,0.3530477833112004,13.761229407835415,4.858371538073197
6895,1.0,12.0,72.0,9.86,5.943564933132567,12,4,60000.0,31.57,5.961057,6.269252192659063,6.264914732572212,12.0,1,0.5181881408269641,11.698466138573892,6.062006418874798
6896,0.0,0.0,185.0,0.0,,5,0,60000.0,9.36,1.2007005,1.4033747069155909,1.225646508138591,0.0,0,0.1941591577482881,24.510042505126265,4.758849209170057
6897,2.0,524.0,552.0,12.45,4.207677664064649,8,2,,31.59,,,,524.0,1,0.3237387026034347,13.257380652941134,4.2919272125030385
6902,1.0,194.0,600.0,6.31,0.9765049641991521,5,0,60000.0,11.29,1.0224304,1.0151654467029336,1.0187733301243433,194.0,0,0.11590153747130903,8.59396346662967,0.9960535787546396
6904,1.0,1.0,511.0,9.48,0.6961757336386042,9,2,40000.0,27.02,0.9132724,0.6024767386900542,0.6561386590602254,1.0,0,0.06247569658382932,11.366153176506625,0.7101083371807557
6905,1.0,236.0,515.0,4.7,1.0830663709864548,5,1,40000.0,27.38,1.1625777,1.1366318286057753,1.0099789685627139,236.0,0,0.15373521433150647,7.186005916818346,1.1047421598095422
6909,0.0,0.0,55.0,0.0,,4,2,40000.0,18.77,3.1664693,3.2792407210361527,2.957349503942173,0.0,0,0.3157073946374207,24.510042505126265,7.738001661745853
6910,1.0,65.0,194.0,7.85,3.0127038921874036,8,2,140000.0,26.380000000000003,2.9417515,3.1463431950840346,3.0098761859594907,65.0,0,0.3091198069670377,9.940705470797022,3.0728689562489513
6912,8.0,556.0,630.0,17.465,16.787592371441757,53,5,20000.0,171.49,20.06137,18.79151142626335,18.169453727714444,556.0,2,0.9735504045068442,17.589143950720217,17.12391820815278
6914,0.0,0.0,107.0,0.0,,3,0,40000.0,9.08,2.5492396,2.2508328173808705,2.178290325619053,0.0,0,0.2524111775430864,24.510042505126265,6.1866086903500195
6915,2.0,69.0,176.0,10.105,6.693995921631218,11,0,80000.0,23.11,6.685642,6.664332591002857,6.653049347172171,69.0,1,0.6168133583543903,11.06937078215023,6.827735767008048
6916,2.0,215.0,392.0,18.46,6.87731348790908,15,4,120000.0,47.599999999999994,5.836229,6.632780360745628,6.842962936097707,215.0,1,0.3718486171037533,18.865030684264518,7.014935571563633
6922,0.0,0.0,459.0,0.0,,4,4,,10.62,,,,0.0,0,0.1073469723324415,24.510042505126265,2.6310788546647546
6923,1.0,273.0,340.0,17.52,4.546537695283387,8,5,60000.0,30.03,4.58559,4.657140683328207,4.5894086935758045,273.0,1,0.2520738227155327,18.397195847614103,4.637451484554411
6924,0.0,0.0,22.0,0.0,,3,2,60000.0,13.11,4.61579,3.1699375073915523,3.8754621161368115,0.0,0,,24.510042505126265,
6925,0.0,0.0,337.0,0.0,,3,4,20000.0,15.37,0.517346,0.6215036354079115,0.6153841232672148,0.0,0,0.1340098229869541,24.510042505126265,3.284586457514692
6927,2.0,159.0,482.0,12.84,3.3800798880806964,10,3,40000.0,41.64,3.4028175,3.700019568992983,3.313042930186194,159.0,0,0.25311465911919223,13.621271420364781,3.447743472335627
6929,0.0,0.0,666.0,0.0,,3,3,,11.66,,,,0.0,0,0.080266148098128,24.510042505126265,1.967326701607877
6930,0.0,0.0,534.0,0.0,,4,3,140000.0,29.34,0.47833985,0.08446289561099589,0.28783198778328334,0.0,0,0.09565226858512867,24.510042505126265,2.3444411687332574
6931,2.0,31.0,67.0,20.634999999999998,20.752309612537722,14,1,60000.0,52.34,20.758717,19.47850002659889,20.451169018112758,31.0,2,1.0130059695678886,20.894421502588703,21.16617371279001
6932,1.0,474.0,594.0,4.87,1.181756444910142,4,2,40000.0,12.21,1.2014332,1.1633085352869745,1.2078680497134302,474.0,0,0.16434457049958273,7.334672241953704,1.205413559359093
6933,0.0,0.0,278.0,0.0,,5,1,60000.0,23.4,0.76439977,0.7237360970921766,0.5995925946695202,0.0,0,0.15231636894886041,24.510042505126265,3.733280677163063
6934,8.0,257.0,292.0,14.91875,25.582997789393744,31,4,80000.0,130.15,25.589464,25.322191429404857,25.1122164734984,257.0,2,1.7295445207150029,15.087762599034452,26.094957133008787
6936,1.0,383.0,459.0,10.53,2.4553764072263053,6,1,40000.0,22.46,2.4671197,2.561919221717969,2.47521954175009,383.0,0,0.20387715265252493,12.284386361166181,2.5045057133980726
6937,1.0,3.0,51.0,18.6,11.06638067561036,8,4,60000.0,26.43,11.054587,11.301543227872656,11.179664209017249,3.0,1,0.5835475134252526,19.34166426612108,11.286780088001018
6938,0.0,0.0,332.0,0.0,,4,1,40000.0,3.32,0.583798,0.6243641059830145,0.6016639087264632,0.0,0,0.13538851359703055,24.510042505126265,3.318378222969084
6940,0.0,0.0,103.0,0.0,,2,4,40000.0,9.11,2.5966465,2.2970131722196307,2.1444705280514587,0.0,0,0.25636042909370915,24.510042505126265,6.28340501371922
6941,0.0,0.0,417.0,0.0,,4,4,20000.0,12.23,0.49320006,0.3171829335201932,0.48999692555980445,0.0,0,0.1152386977448,24.510042505126265,2.824505379960446
6944,4.0,56.0,194.0,10.0575,9.23079295781384,20,0,80000.0,51.599999999999994,9.234551,9.883445323612115,9.497406718888513,56.0,1,0.8917702145076946,10.558029798070757,9.41533649780419
6945,2.0,339.0,466.0,13.614999999999998,4.9285614843621985,15,5,60000.0,38.73,5.538623,5.244214396897373,4.982825691969118,339.0,1,0.3504658066952165,14.344387688963053,5.0272174029613685
6947,1.0,5.0,374.0,10.07,1.254944751988667,11,2,80000.0,19.57,1.259618,1.2201720942652148,1.2487044763113024,5.0,0,0.10772866521879665,11.882112775505803,1.2800441492844512
6948,2.0,165.0,209.0,17.375,10.85499605717171,15,4,20000.0,73.63,10.8566885,11.34116083577643,11.437846826337324,165.0,1,0.6201843764909488,17.852667908226934,11.071945715363693
6949,0.0,0.0,677.0,0.0,,4,3,40000.0,8.34,0.13036065,0.16461410033413612,0.20253349283726507,0.0,0,0.07920459157726448,24.510042505126265,1.941307906159918
6950,1.0,111.0,322.0,8.58,2.1741073091978067,10,4,40000.0,23.45,2.2026398,2.2892293521071716,2.1493161559772584,111.0,0,0.20961867458373454,10.579096161084145,2.2175761155803326
6951,0.0,0.0,111.0,0.0,,3,2,60000.0,11.23,2.6260386,2.2545206643586484,2.1968363841604255,0.0,0,0.24858233089919546,24.510042505126265,6.092763496362643
6956,0.0,0.0,117.0,0.0,,4,4,40000.0,17.98,2.092927,2.1516865184834035,1.9887303175617497,0.0,0,0.24305299808713618,24.510042505126265,5.95723931411408
6957,16.0,695.0,713.0,12.504375,21.389949837310535,59,2,40000.0,211.41,21.389925,20.548731298585416,21.139801790094495,695.0,2,1.7301095238809636,12.61109398075228,21.81857380265741
6958,0.0,0.0,253.0,0.0,,5,4,40000.0,9.81,0.7654954,0.7552936103828665,0.6247146630631386,0.0,0,0.16167861659459004,24.510042505126265,3.9627497649034145
6960,6.0,679.0,728.0,17.098333333333333,11.352934990750292,32,3,,118.96000000000001,,,,679.0,1,0.6704941593981948,17.27145664278312,11.580410803285236
6961,1.0,164.0,206.0,30.96,10.332803024011609,9,1,100000.0,34.55,10.341504,10.22245887705743,9.991020930276463,164.0,1,0.3495515745951101,30.150580611256455,10.539182927621491
6962,1.0,104.0,219.0,13.49,4.425878072760666,7,2,60000.0,24.82,4.4855843,4.552623227560963,4.5060075786338905,104.0,1,0.3035239347468165,14.872929434111224,4.514290063053181
6964,2.0,533.0,591.0,14.940000000000001,4.6424558597695915,10,1,80000.0,37.7,4.6881547,4.723359482166678,4.754178650961283,533.0,1,0.30392896086641974,15.580683244953653,4.7354208682276
6966,1.0,36.0,485.0,13.38,1.281985775403151,7,3,20000.0,16.7,1.27643,1.312842457819555,1.1118566903437364,36.0,0,0.08849314629433891,14.7767335766707,1.3076396461527902
6968,2.0,22.0,223.0,11.03,4.6791217191745,13,2,20000.0,28.259999999999998,4.6853285,4.458017299977074,4.765973313277022,22.0,1,0.3999726669752899,11.932445038219136,4.7726518654725725
6970,1.0,10.0,149.0,2.74,1.7282880836177683,7,2,40000.0,17.73,1.7805761,1.8498828746996134,1.9744494708859124,10.0,0,0.32214747543308087,5.47197063878717,1.7627815269292295
6971,1.0,132.0,205.0,14.12,5.092016176373873,6,4,60000.0,23.89,5.112913,5.0735531496777835,5.203457195525271,132.0,1,0.3367325752830658,15.423869344906958,5.193719245340054
6972,0.0,0.0,144.0,0.0,,5,2,20000.0,22.07,1.6719861,1.7976762076913226,1.7865404613464877,0.0,0,0.22094880148677595,24.510042505126265,5.415464515897584
6974,0.0,0.0,406.0,0.0,,2,0,,8.82,,,,0.0,0,0.11750135493095368,24.510042505126265,2.8799632037676024
6975,0.0,0.0,103.0,0.0,,2,3,80000.0,6.86,2.665732,2.2026953799563254,2.182008177571894,0.0,0,0.25636042909370915,24.510042505126265,6.28340501371922
6977,1.0,41.0,358.0,2.42,0.7285387763580636,11,1,20000.0,9.08,0.7294567,0.6026481301431036,0.812767227748525,41.0,0,0.14312213640824334,5.192128144414733,0.7431084725340048
6982,3.0,484.0,556.0,9.83,4.592275378678987,13,1,80000.0,38.53,4.563155,4.500415336815328,4.524016975591272,484.0,1,0.4461121627546017,10.500142036132258,4.684241072969469
6992,0.0,0.0,163.0,0.0,,9,3,40000.0,27.619999999999997,1.5640664,1.7267053329803999,1.4195297102176596,0.0,0,0.20766706344452657,24.510042505126265,5.0899285519400985
6995,1.0,91.0,138.0,4.76,3.0069363576720622,5,4,20000.0,14.34,3.0115974,2.918839025309528,2.8824412898221783,91.0,0,0.42369948669432156,7.238476384513178,3.066938728567202
6997,4.0,401.0,684.0,12.415000000000001,5.204797349197573,15,4,140000.0,57.56,5.193999,5.071258908359659,5.232655628761639,401.0,1,0.41367587648310084,12.833883333545,5.309067936686088
6998,0.0,0.0,370.0,0.0,,6,1,60000.0,29.54,0.7413752,0.31968073612479403,0.6566688621309327,0.0,0,0.1255713332944671,24.510042505126265,3.0777587164727653
6999,1.0,25.0,325.0,37.0,5.204872047264955,10,5,20000.0,46.66,4.8441052,6.1497830166260155,4.832561511159209,25.0,1,0.1498320344813188,35.43260769253621,5.308939697551127
7000,0.0,0.0,105.0,0.0,,4,3,60000.0,18.46,2.5371075,2.260379028386707,2.205342008007812,0.0,0,0.25437039900107217,24.510042505126265,6.234629291562206
7001,0.0,0.0,555.0,0.0,,4,5,40000.0,6.84,0.3156609,0.1778078388196685,0.2675236429974399,0.0,0,0.0928212453055434,24.510042505126265,2.275052667817621
7002,0.0,0.0,344.0,0.0,,5,3,60000.0,16.74,0.4956958,0.4998028927456303,0.6153923047023513,0.0,0,0.13212624324539285,24.510042505126265,3.2384198379872307
7003,2.0,342.0,592.0,23.134999999999998,6.13996465462141,14,4,40000.0,58.849999999999994,6.1905417,6.313919102042085,6.2257918421822,342.0,1,0.269638903579321,23.22705462709926,6.262917543028039
7006,0.0,0.0,242.0,0.0,,5,1,20000.0,22.64,0.7033204,1.03631128307316,0.8807411725660383,0.0,0,0.16617369239606766,24.510042505126265,4.072924263861395
7011,0.0,0.0,19.0,0.0,,4,4,40000.0,9.39,4.56214,3.382779084337375,3.7301510123123913,0.0,0,,24.510042505126265,
7012,0.0,0.0,231.0,0.0,,4,3,20000.0,11.18,0.83667886,1.0480982555745288,0.9103552079999302,0.0,0,0.17092654113325753,24.510042505126265,4.189416788430355
7013,3.0,158.0,175.0,9.636666666666667,9.9369341738654,14,1,20000.0,39.6,9.942862,9.60638452042927,9.53149915752003,158.0,1,0.9825399262590575,10.315634344387293,10.135522608049692
7014,1.0,257.0,399.0,4.7,1.4905486587656929,8,2,40000.0,15.79,1.4990228,1.4546300854151077,1.4285408806598845,257.0,0,0.21157292794440888,7.186005916818346,1.5203643120471038
7015,0.0,0.0,284.0,0.0,,3,5,20000.0,8.7,0.50936335,0.687261880125123,0.5846747557526273,0.0,0,0.15022888730058995,24.510042505126265,3.682116413235283
7016,10.0,230.0,296.0,15.343,30.82988029270905,42,1,40000.0,158.79,30.820896,30.468522572074768,30.256574670861546,230.0,2,2.032412624763043,15.472686407760241,31.44688319413145
7018,0.0,0.0,317.0,0.0,,7,5,60000.0,14.52,0.6544998,0.6565254937721798,0.6142079366310549,0.0,0,0.1397005387798407,24.510042505126265,3.4240661434829356
7031,0.0,0.0,516.0,0.0,,5,4,40000.0,27.6,0.33464268,0.17807677375704803,0.19352551427124087,0.0,0,0.09822013689853398,24.510042505126265,2.4073797302423885
7032,2.0,38.0,471.0,9.775,1.3582417020978195,8,1,60000.0,23.580000000000002,1.366205,1.7736843335066554,1.5853771044311342,38.0,0,0.12873996283885283,10.761463209714837,1.38543037371037
7033,2.0,99.0,309.0,6.975,3.045930886968753,14,1,60000.0,38.06,3.0944235,3.162541569840799,3.0793851566612065,99.0,0,0.3812600642374219,8.148914110263009,3.106855517144109
7035,2.0,319.0,584.0,11.754999999999999,3.302656660766738,11,3,60000.0,48.63,2.8841364,3.5056695305622485,3.41751126291873,319.0,0,0.26717546399739295,12.608908644327197,3.368791017548858
7039,3.0,187.0,246.0,10.01,8.212117256148858,13,2,40000.0,37.51,8.241441,8.45852280241827,8.073627062491434,187.0,1,0.7848952318704726,10.67192505948102,8.376343094065662
7046,0.0,0.0,511.0,0.0,,3,2,40000.0,15.37,0.28229347,0.2505243314837759,0.2360981992040907,0.0,0,0.09895811035862094,24.510042505126265,2.425467491116775
7051,14.0,651.0,659.0,15.249285714285714,24.462893555490133,73,4,40000.0,219.07999999999998,24.46043,25.334304787683667,24.146376832497126,651.0,2,1.6263212362198889,15.343245634172984,24.95304620739362
7052,1.0,259.0,588.0,15.54,2.2004075603881628,6,0,100000.0,25.6,2.1616895,2.2681696843282433,2.2157430177170383,259.0,0,0.13467540134416375,16.665670413684648,2.2444558516325355
7055,4.0,66.0,315.0,15.665,6.1615082908046865,20,3,140000.0,70.16,7.2492695,7.134875533715832,7.690840612991895,66.0,1,0.3935051104314226,15.971327231865796,6.284798886111737
7056,7.0,492.0,697.0,12.9,9.183316343000103,35,1,20000.0,104.28,9.249677,9.265608622555668,9.67192937369536,492.0,1,0.7132532208477848,13.133225376545816,9.367315299941165
7059,5.0,518.0,646.0,13.502,8.212059484269112,27,2,120000.0,86.78,8.21846,8.087354503998988,8.559931614822737,518.0,1,0.6065972498566785,13.809117374796855,8.376572622499848
7060,1.0,396.0,698.0,2.19,0.6263544011770672,7,3,60000.0,17.67,0.6253094,0.6007562923668864,0.5683973442868817,396.0,0,0.12800995783408922,4.990991351584544,0.6388965924666414
7061,0.0,0.0,232.0,0.0,,4,2,40000.0,9.54,0.94352424,1.0468420838258967,0.9032234975315738,0.0,0,0.170483229287286,24.510042505126265,4.178551196242567
7063,9.0,275.0,365.0,12.963333333333331,20.163989550084583,44,4,120000.0,137.19,20.168934,20.216928551777308,20.613112094805313,275.0,2,1.5647290584505695,13.144550278667591,20.56765978129571
7065,6.0,510.0,644.0,14.030000000000001,9.967052817333522,31,4,120000.0,99.86,10.016341,10.222163970576498,10.067543414682861,510.0,1,0.7122155793098781,14.27479369057907,10.166730457864766
7066,0.0,0.0,647.0,0.0,,3,1,60000.0,2.21,0.06297896,0.16403487145985018,0.2058993039223882,0.0,0,0.08216840608906313,24.510042505126265,2.0139511258214133
7068,0.0,0.0,315.0,0.0,,4,2,60000.0,15.31,0.5721326,0.6460867560759114,0.6286182525946593,0.0,0,0.14029635559893586,24.510042505126265,3.438669639044227
7069,4.0,182.0,254.0,13.2525,13.049423082831696,20,3,140000.0,61.769999999999996,13.053723,13.390906989840778,12.958050615171175,182.0,1,0.9756685072714855,13.642378491958436,13.310439058881705
7072,11.0,484.0,603.0,13.076363636363636,16.799811264511174,53,2,100000.0,153.7,16.802647,16.927254770359585,16.697220540914323,484.0,2,1.2958934815130787,13.223600793518914,17.136378070452334
7074,2.0,151.0,305.0,8.51,4.12107643609751,10,1,80000.0,20.240000000000002,4.081487,3.8764290250417073,3.9848737012114923,151.0,1,0.4387264178643499,9.581150848712493,4.203503990873608
7075,2.0,418.0,715.0,18.275,4.21827866173361,12,3,100000.0,58.08,4.2168064,4.124433991606679,4.154953800425407,418.0,1,0.23018818191476265,18.692415833050735,4.302773216204672
7076,0.0,0.0,589.0,0.0,,5,3,20000.0,33.23,0.1180947,0.13077040255182437,0.41890863057898553,0.0,0,0.0885770101354541,24.510042505126265,2.17102628339698
7079,0.0,0.0,117.0,0.0,,4,4,40000.0,5.38,2.1917312,2.1401618599656542,1.9805263816881862,0.0,0,0.24305299808713618,24.510042505126265,5.95723931411408
7081,0.0,0.0,589.0,0.0,,3,2,60000.0,9.18,0.124012485,0.15474979357193364,0.22594601785335833,0.0,0,0.0885770101354541,24.510042505126265,2.17102628339698
7085,1.0,308.0,355.0,8.9,2.649533114356111,8,3,40000.0,15.68,2.6609077,2.5528322864712343,2.7608592991750855,308.0,0,0.24887504850213985,10.858938655456582,2.702518884558518
7087,0.0,0.0,76.0,0.0,,4,4,20000.0,4.96,2.788843,2.4843743843962622,2.45905544864398,0.0,0,0.2866545328862259,24.510042505126265,7.025914785328511
7095,0.0,0.0,460.0,0.0,,2,3,60000.0,12.05,0.33341393,0.28998547449263523,0.2940660719051671,0.0,0,0.10717224164995082,24.510042505126265,2.626796198209958
7097,1.0,3.0,232.0,25.83,5.047126979048114,8,4,40000.0,30.869999999999997,5.2822776,5.186953291998238,4.949532939477599,3.0,1,0.20058803870025035,25.66435562334832,5.147962758993181
7099,1.0,403.0,561.0,12.44,2.2831710237506613,7,5,140000.0,17.42,2.2963433,2.364050711314396,2.3175996851945517,403.0,0,0.16688806205148932,13.954696249451665,2.3288722135881748
7101,0.0,0.0,13.0,0.0,,6,1,60000.0,9.58,4.5790844,3.1699375073915523,3.8789783446757364,0.0,0,,24.510042505126265,
7103,1.0,150.0,528.0,10.05,1.4476555833143872,7,3,120000.0,17.34,1.4472833,1.320100192300666,1.3690940231479738,150.0,0,0.12445649861584022,11.864622619607527,1.4766293886346509
7104,2.0,235.0,259.0,3.5250000000000004,2.676002588374451,10,4,40000.0,25.77,2.6482563,2.7828140823861642,2.854781295149672,235.0,0,0.5536663894784949,4.929880398438439,2.7295090807642146
7105,0.0,0.0,651.0,0.0,,5,0,40000.0,24.64,-0.021882562,0.14472618261415524,0.20253608725666616,0.0,0,0.08176046977476546,24.510042505126265,2.0039525894185926
7106,1.0,31.0,464.0,8.88,0.9788351609082147,7,0,40000.0,29.4,0.96721107,0.8796085103606879,0.93459664295853,31.0,0,0.0920929493633038,10.841448499558304,0.9984209676946888
7107,2.0,145.0,269.0,23.73,11.453257719971198,13,4,40000.0,53.14,11.42662,11.625033518189634,11.00546561880065,145.0,1,0.4912191422517163,23.782221310732776,11.682282353098643
7109,2.0,445.0,681.0,14.5,3.713949895988821,14,3,60000.0,40.629999999999995,3.7833908,3.7872927633778413,3.720627075016655,445.0,0,0.24972329650900013,15.170139815039793,3.7883373231141704
7110,4.0,95.0,227.0,7.7225,7.3093389067263566,17,3,40000.0,52.73,7.3210764,7.156747480304988,7.486694323090475,95.0,1,0.8978327813891408,8.30389702804643,7.455510965059947
7112,2.0,387.0,461.0,6.8,2.8521127812485942,11,2,20000.0,26.63,2.8749835,2.8274848087756865,2.858227776177314,387.0,0,0.36430476478641177,7.985629791547271,2.909202982880991
7113,2.0,118.0,326.0,11.43,4.567516655843299,15,1,80000.0,35.9,4.5673575,4.548583551162629,4.602762265067366,118.0,1,0.3785967708509514,12.305666338140826,4.658885538789368
7116,0.0,0.0,86.0,0.0,,3,2,40000.0,5.3,2.7939909,2.511985285527335,2.455666514357319,0.0,0,0.2746301690233849,24.510042505126265,6.731197115953174
7117,1.0,244.0,586.0,13.88,1.9692626810009837,11,4,100000.0,19.91,1.9628588,2.029335584332169,1.9817132955316232,244.0,0,0.13202874140962137,15.21398747412763,2.0086836180308154
7120,0.0,0.0,388.0,0.0,,5,4,20000.0,17.94,0.43162516,0.35507353585470175,0.4553536165070078,0.0,0,0.12140219044148998,24.510042505126265,2.975572847936353
7121,5.0,180.0,308.0,18.124000000000002,17.293009472025986,26,4,80000.0,97.35,17.2859,17.210652695160565,16.870406015322065,180.0,2,0.9637686833562437,18.302166518579686,17.63905492817827
7123,0.0,0.0,509.0,0.0,,3,5,20000.0,7.18,0.3705473,0.28605206720818777,0.21241449383557232,0.0,0,0.09925641727660427,24.510042505126265,2.4327790063561197
7124,2.0,335.0,428.0,12.565,4.980938567794348,11,1,,31.4,,,,335.0,1,0.3801533148825288,13.36468177666862,5.0806280797507
7127,1.0,13.0,287.0,23.82,3.854953630827214,9,5,80000.0,27.23,3.8392074,3.8300701288950014,3.7107608292353813,13.0,0,0.16447382322764306,23.906594955571453,3.9320090726975225
7128,2.0,79.0,309.0,19.134999999999998,6.766719416771216,10,2,40000.0,50.400000000000006,6.7267475,6.430560296372432,6.768149222946406,79.0,1,0.35404581857308565,19.494841627882366,6.9020671620962775
7129,2.0,301.0,365.0,11.145,5.097470680876101,15,5,20000.0,29.009999999999998,4.686324,5.104805433945675,5.241020024039609,301.0,1,0.4318581725442614,12.039746161946622,5.1994627753950535
7131,2.0,165.0,381.0,19.169999999999998,6.74716228572257,10,2,120000.0,41.699999999999996,6.739913,6.613852945274041,6.216309481987989,165.0,1,0.35243494338914844,19.527498491625515,6.88217282542772
7132,4.0,543.0,645.0,14.305,7.254299278533353,27,1,60000.0,67.89999999999999,7.2625356,7.322525187165148,7.318219659633657,543.0,1,0.5048029580871853,14.658427631337709,7.399617629206209
7133,1.0,449.0,585.0,2.81,0.892502090035836,4,2,40000.0,4.68,0.8927524,0.7972812036975669,0.949751210640505,449.0,0,0.1645287577881799,5.53318618443114,0.9103682495351745
7134,12.0,251.0,291.0,15.193333333333333,37.84481819515732,53,5,40000.0,192.04,37.846504,36.79158872463463,37.702025770943855,251.0,2,2.522455340772306,15.30342937721803,38.602217164695425
7139,1.0,6.0,155.0,19.08,5.927343457427585,9,5,100000.0,23.169999999999998,5.925875,5.8824319055927194,6.1575012458003595,6.0,1,0.3059319946796266,19.76142800767973,6.045653088107299
7140,2.0,241.0,340.0,13.085,5.9931161843720595,9,0,60000.0,48.87,5.810227,5.973847799838093,6.387145187552671,241.0,1,0.4413769075580012,13.849869466566817,6.113012555235246
7141,2.0,334.0,457.0,21.455,7.563647570375584,13,3,40000.0,48.04,7.6017632,7.540966836302144,7.2771864730722955,334.0,1,0.35619642290508546,21.659525167428164,7.715045386460584
7146,3.0,187.0,246.0,7.663333333333334,6.488775082494459,15,2,140000.0,37.95,6.541484,6.3516324529535755,6.721036509943959,187.0,1,0.7848952318704726,8.432383421749016,6.618537541034423
7147,0.0,0.0,210.0,0.0,,2,0,40000.0,14.2,1.0144048,1.0465908579660537,0.9495175088204855,0.0,0,0.18080105912566521,24.510042505126265,4.431441644141901
7148,0.0,0.0,263.0,0.0,,4,5,20000.0,14.63,0.6472108,0.7754050891593444,0.56567225074253,0.0,0,0.15779861483005292,24.510042505126265,3.867650756734645
7149,9.0,692.0,708.0,12.124444444444444,12.153031856810786,44,4,20000.0,111.75,12.136707,11.799358308118236,12.063068368995825,692.0,1,1.0063089225598605,12.318827122080222,12.396545648421736
7151,0.0,0.0,693.0,0.0,,4,4,80000.0,17.18,0.06774351,0.16596150469094043,0.17751785990466207,0.0,0,0.07770971940832153,24.510042505126265,1.904668525759396
7152,8.0,311.0,334.0,11.811250000000001,18.77964146835116,33,1,140000.0,98.69,18.736246,18.363998290676918,18.19753701469457,311.0,2,1.591649546169414,12.035021293049764,19.15553617922189
7153,3.0,384.0,435.0,9.916666666666666,5.608609828497944,14,3,20000.0,41.18,5.5873485,5.664422732447723,5.529465014498511,384.0,1,0.5405806882796005,10.582852380707589,5.720885623924317
7154,0.0,0.0,561.0,0.0,,6,5,60000.0,13.68,0.26009426,0.16603061082866807,0.2181322280373008,0.0,0,0.09204292993256882,24.510042505126265,2.2559761249436203
7155,2.0,29.0,311.0,18.155,4.752377587713813,15,5,120000.0,41.43,4.7079372,4.406965873714517,4.723485673487605,29.0,1,0.26088904558661274,18.58044944307423,4.847435721773946
7158,4.0,240.0,340.0,28.21,21.856357489681066,23,4,60000.0,148.24,21.85863,22.303874057499943,21.94484797785502,240.0,2,0.7938846036038825,28.081860679384086,22.293756833912287
7164,0.0,0.0,209.0,0.0,,6,2,60000.0,19.44,0.8891664,1.0693987552807114,0.9326600601842809,0.0,0,0.18129989362377114,24.510042505126265,4.443668098893501
7166,2.0,44.0,159.0,23.035,14.205470147424357,15,0,80000.0,68.93,14.209172,14.469497389886744,14.655383830196701,44.0,2,0.6263240335557853,23.13374930211884,14.489223174171403
7169,0.0,0.0,79.0,0.0,,4,4,60000.0,7.59,2.862235,2.268521746417957,2.4644149791106997,0.0,0,0.28293745252749425,24.510042505126265,6.934808987741029
7171,10.0,649.0,689.0,12.76,14.321958330818392,37,3,40000.0,140.71,14.284248,14.32035871495279,13.966077613361582,649.0,2,1.130177033156172,12.926228181299239,14.608926215840475
7173,0.0,0.0,75.0,0.0,,1,5,60000.0,2.67,2.942567,2.226196469142293,2.460585700701659,0.0,0,0.2879154912006713,24.510042505126265,7.05682092721276
7175,0.0,0.0,347.0,0.0,,3,4,,2.71,,,,0.0,0,0.13133513331404104,24.510042505126265,3.21902969994357
7176,2.0,274.0,380.0,14.14,5.939536994372418,13,4,40000.0,45.66,6.815904,6.372860252117311,6.021414023644306,274.0,1,0.40840556246945525,14.834240645110272,6.058386394473516
7178,0.0,0.0,700.0,0.0,,4,1,80000.0,30.46,0.034884825,0.028681417493076115,0.2555531818942933,0.0,0,0.07707332225707081,24.510042505126265,1.8890704045320996
7180,0.0,0.0,341.0,0.0,,6,4,120000.0,13.9,0.6140125,0.6064557197526622,0.5682554294666913,0.0,0,0.13292695779876879,24.510042505126265,3.258045385724948
7181,1.0,8.0,392.0,14.46,1.5802991496273882,6,1,60000.0,24.770000000000003,1.7056462,1.9045480890956992,1.4738743426910572,8.0,0,0.10253089550764674,15.721201995177676,1.6119089190221698
7182,8.0,526.0,637.0,13.55375,12.73694762074776,33,1,20000.0,115.33000000000001,12.703833,12.519657334546466,12.147941356178249,526.0,1,0.9451007145193283,13.74681589503796,12.992125524766037
7185,2.0,132.0,222.0,21.215,11.995191719215319,11,2,20000.0,64.09,12.032713,12.416522481916891,12.36336443160813,132.0,1,0.5707777547762338,21.435592387475154,12.234959295221598
7189,2.0,468.0,683.0,14.63,3.7900956482415245,13,4,60000.0,31.720000000000002,3.7420785,3.75240583457253,3.756007813151885,468.0,0,0.2528217981783427,15.291436737514342,3.8660085327087463
7190,6.0,423.0,663.0,13.958333333333334,8.483986524895212,28,2,60000.0,91.48,8.475936,8.371735521819177,8.727274980425902,423.0,1,0.6092277448440175,14.204801019777996,8.653958891237348
7193,1.0,288.0,432.0,7.96,1.9772512418530643,8,1,140000.0,13.09,2.0229926,1.9534692095498447,2.021778852285066,288.0,0,0.20093940403246358,10.036901328237548,2.016808971228695
7195,0.0,0.0,189.0,0.0,,3,1,140000.0,3.15,1.2055181,1.4220104942247382,1.188406328507484,0.0,0,0.19189035034287644,24.510042505126265,4.703240643227471
7201,1.0,3.0,199.0,14.34,3.63392858935796,11,1,40000.0,33.370000000000005,3.6525915,3.4478820849612406,3.796776417185961,3.0,0,0.23734901221494042,15.616261059788009,3.7065041370313225
7202,0.0,0.0,538.0,0.0,,4,2,80000.0,16.8,0.2310049,0.16822518538108674,0.26765910816838634,0.0,0,0.095099776641943,24.510042505126265,2.3308995677220365
7203,2.0,139.0,591.0,16.125,2.7062608142809594,16,4,40000.0,37.21,2.7831345,2.8958390230731776,2.791521705088685,139.0,0,0.1654318269269791,16.686351345971655,2.7604535879095478
7204,2.0,457.0,613.0,13.32,3.905556467404006,11,1,20000.0,36.6,3.941028,3.837206536958059,3.932301014574296,457.0,0,0.2831566340404268,14.069136980270809,3.9837694711871765
7206,3.0,444.0,671.0,31.64333333333333,10.905976245474733,17,1,140000.0,107.88,10.896697,10.452595432842495,10.638577192348794,444.0,1,0.35521252962661176,31.317699532322948,11.12443927296259
7207,0.0,0.0,90.0,0.0,,5,3,60000.0,22.5,2.6941826,2.3205142859914116,2.2992642249865534,0.0,0,0.2700997271742443,24.510042505126265,6.620155793663735
7209,1.0,280.0,350.0,3.39,1.460932833098037,9,0,40000.0,26.45,1.4582038,1.4853730845994382,1.51498075703266,280.0,0,0.24669686063402346,6.040400705481183,1.4901478910137484
7213,2.0,129.0,197.0,11.055,7.326546447470635,10,4,20000.0,30.590000000000003,7.3143096,7.357365672299168,7.034462421480102,129.0,1,0.6250502677160789,11.955771369464243,7.472958095235856
7215,1.0,45.0,400.0,4.64,0.8743807275098169,8,3,60000.0,38.02,0.8668728,0.7726698276748979,0.7894731334141492,45.0,0,0.1250251275163737,7.133535449123514,0.8918711791692395
7216,0.0,0.0,316.0,0.0,,6,4,140000.0,19.92,0.6939511,0.6368701987205864,0.6024026478439186,0.0,0,0.13999781208601997,24.510042505126265,3.431352324853029
7218,1.0,18.0,58.0,7.63,5.529235171077241,7,2,60000.0,17.69,5.566828,5.5563525927497315,5.863529196691524,18.0,1,0.5784978523413504,9.748313755915973,5.6393785717470335
7220,4.0,169.0,324.0,10.0775,7.660503117479779,22,2,,59.18000000000001,,,,169.0,1,0.7387299588806335,10.577337145137347,7.81379583429391
7221,6.0,105.0,165.0,10.858333333333334,19.443764583161723,28,2,40000.0,85.9,19.45001,19.264007788047227,19.25595456340325,105.0,2,1.7743645241074073,11.177211073499048,19.832446807277183
7223,1.0,464.0,744.0,8.35,1.2769921326817968,9,2,40000.0,35.73,1.2555178,1.2955322496690918,1.1022213815542514,464.0,0,0.1255126696577997,10.377959368253954,1.3025653859097261
7224,0.0,0.0,311.0,0.0,,4,2,60000.0,3.54,0.6201456,0.6460867560759114,0.5913954324229733,0.0,0,0.1415033962266603,24.510042505126265,3.4682542561351677
7227,1.0,5.0,141.0,17.52,5.949061489991221,6,4,60000.0,21.71,5.973406,6.093193092491799,6.213582556535539,5.0,1,0.3298208495333448,18.397195847614103,6.067778763491407
7231,2.0,44.0,122.0,12.184999999999999,9.706864644297259,12,3,140000.0,33.839999999999996,9.294629,10.173343559546597,9.57364370847558,44.0,1,0.7609963918746855,13.010121541743013,9.900655551117554
7232,1.0,281.0,432.0,22.95,4.5272356535876925,8,3,80000.0,30.39,4.5283213,4.6231789483602785,4.716675323653966,281.0,1,0.19950983797498495,23.145773173996393,4.617809455749773
7234,6.0,674.0,677.0,11.185,8.09762428866774,33,4,40000.0,108.64,8.08795,8.732058510048581,8.509178393080568,674.0,1,0.7184831643389767,11.49624743342952,8.259860233994281
7236,1.0,153.0,629.0,29.6,2.756665524009189,9,5,20000.0,36.58,2.7759159,2.9642574564597415,2.775314079438072,153.0,0,0.09709027247077721,28.961250010173597,2.811855654582054
7237,0.0,0.0,132.0,0.0,,2,0,60000.0,7.62,1.9424841,2.0821718682569332,1.7432282002013029,0.0,0,0.23025342227662585,24.510042505126265,5.643521166950887
7238,0.0,0.0,238.0,0.0,,3,5,20000.0,14.79,0.681172,1.0045213196332203,0.8652770999354606,0.0,0,0.167871028216588,24.510042505126265,4.114526036967822
7239,8.0,240.0,326.0,9.723749999999999,14.87741057235174,39,4,40000.0,80.28,13.360584,13.338913364990704,14.067691407319767,240.0,2,1.5199039591036436,9.98430609554597,15.175186363522961
7240,0.0,0.0,359.0,0.0,,3,4,60000.0,2.75,0.5711465,0.35636577961737553,0.5770645101557905,0.0,0,0.12826335965577032,24.510042505126265,3.143740397013228
7241,7.0,579.0,655.0,14.28857142857143,11.851160751779116,46,4,60000.0,125.65,12.166947,12.941376582033138,13.22605710459715,579.0,1,0.8340469552059229,14.49390284227031,12.088595534646023
7242,1.0,13.0,345.0,41.3,4.928950048299873,13,3,40000.0,76.58,4.934844,5.046353772469822,4.836350375516715,13.0,1,0.12827583851035004,39.192991210665824,5.027513811276938
7243,0.0,0.0,38.0,0.0,,2,3,80000.0,3.2,4.611767,3.05652258583207,3.8277867821234848,0.0,0,0.3439641304741128,24.510042505126265,8.4305754581593
7245,1.0,6.0,331.0,4.13,0.8505981684950148,9,1,80000.0,10.27,0.83585775,0.9758157276960768,0.8544641567019529,6.0,0,0.1297347619837587,6.687536473717443,0.8676059526754374
7246,1.0,463.0,496.0,26.64,5.106527819706615,8,1,40000.0,44.86,5.1378407,5.174197008825428,5.028152218202895,463.0,1,0.19750415522832637,26.372706937228557,5.2087192047215485
7247,1.0,339.0,592.0,7.28,1.3703135411984566,10,2,40000.0,29.740000000000002,1.3704004,1.3347789291523946,1.4010319109043285,339.0,0,0.1480311588142763,9.442236027696119,1.3977451409777657
7250,2.0,162.0,669.0,10.955,1.6867320869607494,15,4,40000.0,43.03,1.8565382,1.8596080088037439,1.609578131408857,162.0,0,0.1450385695912537,11.86246604448382,1.7205151069167506
7252,0.0,0.0,178.0,0.0,,3,1,40000.0,13.63,1.4508252,1.4485928824217325,1.302667970920262,0.0,0,0.19826183774726117,24.510042505126265,4.859406070329818
7255,0.0,0.0,594.0,0.0,,4,0,40000.0,8.75,0.12596004,0.15745184302266846,0.22716850993508686,0.0,0,0.08798540148985995,24.510042505126265,2.156525930347067
7257,1.0,10.0,563.0,18.4,1.0665829536128815,11,0,20000.0,34.28,1.0554576,1.131714952968395,0.914979395521847,10.0,0,0.05676140576909306,19.166762707138304,1.087932395299798
7261,11.0,227.0,311.0,12.496363636363638,25.433266509514763,52,1,40000.0,141.46,24.058668,25.607814860795145,23.804095892232134,227.0,2,2.050602547252337,12.651069741364159,25.942315837108307
7262,5.0,519.0,685.0,14.484,8.203878377197977,22,2,60000.0,80.33,8.188464,8.327972445030165,7.951133868184642,519.0,1,0.5668110480127063,14.763720200239248,8.36823971926397
7263,2.0,494.0,714.0,12.965,3.289007351083064,12,3,20000.0,46.2,3.6712809,3.543669773265708,3.4127043425424257,494.0,0,0.24420669717390014,13.737903076590309,3.3548879364292805
7266,2.0,61.0,665.0,7.77,0.6305235303726521,16,2,40000.0,21.17,0.61737925,0.8693891997218594,0.6516052780545509,61.0,0,0.07233992761502972,8.890691443857367,0.6431519754962061
7267,0.0,0.0,353.0,0.0,,5,4,40000.0,25.6,0.5434632,0.3410440648636782,0.5691804036420898,0.0,0,0.1297810432512316,24.510042505126265,3.1809388864473167
7268,1.0,472.0,672.0,11.04,1.7811538421775155,10,3,40000.0,21.619999999999997,1.8074859,1.8699492134649993,1.7293999601429997,472.0,0,0.14271505422955488,12.730385336572255,1.8168176336720396
7269,2.0,400.0,508.0,8.45,3.11462298495663,14,5,40000.0,27.84,3.1474652,2.9664264096999946,3.0940118692658087,400.0,0,0.3335351333132341,9.525167653724239,3.1769780632158193
7274,3.0,553.0,624.0,9.4,4.035411872376053,17,4,60000.0,57.72,4.0725765,3.9887865884787472,4.130872867641163,553.0,1,0.4079615842625296,10.089771480354662,4.116239157972377
7275,0.0,0.0,569.0,0.0,,6,1,40000.0,34.68,0.20959386,0.15746270812627708,0.3656942667570364,0.0,0,0.09102527264710811,24.510042505126265,2.231033301621327
7276,4.0,633.0,688.0,14.219999999999999,6.958871010169169,20,0,60000.0,66.53,6.928711,6.873723286331818,6.722138221124919,633.0,1,0.48697187814418785,14.576371406304704,7.098282960255438
7279,2.0,175.0,357.0,18.27,7.092402600231064,10,3,140000.0,42.42,7.095718,6.871165434597951,6.99172493290095,175.0,1,0.38711476207939305,18.687750566801714,7.234304114466489
7281,4.0,583.0,695.0,16.6925,7.886668107385676,18,2,80000.0,69.08,7.8942876,7.74572316107185,7.5955059677811185,583.0,1,0.4742412567161099,16.963242187411836,8.044669292937922
7282,4.0,259.0,459.0,19.73,11.202951896406518,20,3,40000.0,99.71,11.201766,11.009159346008753,10.93093977379933,259.0,1,0.5743627587606605,19.895545523150123,11.427260413724811
7283,3.0,568.0,616.0,13.25,5.600669647178785,18,3,40000.0,44.65,5.5614653,5.560512699118414,5.630788453610238,568.0,1,0.41505653501579737,13.764019479758733,5.712846233158598
7286,2.0,44.0,301.0,14.75,4.6213382731406805,11,3,20000.0,44.16,4.7012725,4.551740587664912,4.695999424046494,44.0,1,0.30602129637025804,15.403403127490849,4.713769393588437
7287,1.0,9.0,662.0,12.9,0.5848542482400931,7,2,20000.0,24.54,0.58750457,0.6089840015403731,0.6024142238273233,9.0,0,0.04155225058489404,14.356969835112043,0.5965644082283404
7292,2.0,238.0,519.0,9.16,2.7541465360262545,11,4,100000.0,27.439999999999998,2.6995935,2.6049903794990836,2.795183032430797,238.0,0,0.2757545458193194,10.18763546108524,2.8092867895443527
7293,1.0,153.0,657.0,4.89,0.6541230002293845,7,1,40000.0,12.239999999999998,0.5263671,0.6176426183470817,0.6082971922472309,153.0,0,0.09075152050453023,7.352162397851981,0.6672199166013001
7297,1.0,77.0,386.0,32.18,4.630100792305168,10,4,60000.0,50.86,4.6387672,4.330306904184797,4.353766576122347,77.0,1,0.15128418008811814,31.21748012105137,4.722710884530383
7298,0.0,0.0,141.0,0.0,,4,3,40000.0,7.91,1.9258057,1.7896535437672147,1.747788390777063,0.0,0,0.22320344838869827,24.510042505126265,5.470726007297751
7300,0.0,0.0,321.0,0.0,,5,4,,22.88,,,,0.0,0,0.138523986595012,24.510042505126265,3.395228799423285
7301,0.0,0.0,91.0,0.0,,4,5,40000.0,7.07,2.713467,2.486530547072681,2.2299178910430646,0.0,0,0.26899050235431304,24.510042505126265,6.59296864617948
7304,3.0,278.0,320.0,23.346666666666668,15.434045546165033,17,2,40000.0,77.29,15.440896,15.16882701230011,14.872142367474623,278.0,2,0.6727777129388454,23.39977462278465,15.74284685400149
7305,1.0,203.0,530.0,23.57,3.2486300825715135,7,2,40000.0,56.08,3.2067554,3.215040695952462,3.411296689695407,203.0,0,0.13988745604691064,23.68796800684299,3.313649583397874
7306,1.0,81.0,122.0,16.13,7.600167983874794,8,4,40000.0,22.03,7.5192018,7.6284223377946,7.195450874548804,81.0,1,0.4511670149385886,17.18163001268383,7.751784724601827
7307,1.0,40.0,304.0,9.57,1.9776933896532396,10,1,120000.0,13.75,1.9915718,1.9873404087466564,2.0224197800916004,40.0,0,0.1762564353613318,11.444858878048873,2.0172300290583856
7308,3.0,132.0,309.0,10.056666666666667,5.979406306776103,15,2,140000.0,69.48,5.951966,5.499054908706745,5.79164469363299,132.0,1,0.5691275525120552,10.716461398867738,6.0990334475275105
7310,0.0,0.0,563.0,0.0,,7,5,40000.0,9.35,0.27082556,0.16311403599244909,0.21851450778042913,0.0,0,0.09178638645621283,24.510042505126265,2.249688233433722
7312,1.0,81.0,250.0,13.46,3.6960134170585084,7,1,40000.0,17.32,3.7291918,3.8865191361546456,3.656861118438206,81.0,0,0.25391971609172725,14.846694200263808,3.76986837623168
7315,6.0,295.0,349.0,10.406666666666666,12.258654584637405,30,1,60000.0,86.9,12.985648,13.479278777321955,13.500464301188199,295.0,1,1.1646715816324347,10.736094473799266,12.504024131355033
7319,2.0,206.0,687.0,14.255,2.4095227216124244,13,4,120000.0,41.35,2.4267094,2.39518080429501,2.463976762075629,206.0,0,0.1644933412113453,14.941541768837759,2.457784128404997
7321,5.0,272.0,339.0,26.965999999999998,26.319870223974576,31,4,120000.0,151.59,26.326824,26.33106419209724,26.32643497747314,272.0,2,0.9981096586167717,26.897480350108836,26.846634929898457
7322,1.0,16.0,93.0,6.73,4.026796297379237,8,2,40000.0,11.510000000000002,4.0062714,4.026852930766873,3.8323334270383063,16.0,0,0.4583152793050117,8.961256740493493,4.107080885943194
7323,0.0,0.0,490.0,0.0,,4,2,20000.0,11.7,0.36266977,0.26393764602374364,0.2238131676557158,0.0,0,0.10218277445114182,24.510042505126265,2.504504145089216
7324,3.0,515.0,693.0,13.203333333333333,4.831334175299538,16,3,80000.0,52.25,4.839032,5.038060526865339,5.052750425514229,515.0,1,0.35920574724390925,13.719483140372017,4.9281171932375445
7328,4.0,340.0,351.0,14.315000000000001,11.825389790301552,19,0,60000.0,86.67,11.842559,11.88136260791383,12.04355211093242,340.0,1,0.8223337097780044,14.668081304871006,12.062057714759964
7331,3.0,580.0,618.0,12.520000000000001,5.318170522727721,19,4,60000.0,43.64,5.3484526,5.335062880333594,5.302514993448785,580.0,1,0.4151332840297412,13.067343885066535,5.424689380553628
7332,0.0,0.0,202.0,0.0,,4,3,80000.0,3.94,1.0995178,1.1922501769289546,0.9901173506792587,0.0,0,0.18487056047121253,24.510042505126265,4.531185295095934
7336,1.0,5.0,210.0,1.89,1.0510926326739585,5,1,60000.0,3.9699999999999998,1.0504526,1.0942824991656508,0.979066795395342,5.0,0,0.22672217949933196,4.728639013110384,1.0720873431179565
7337,8.0,324.0,363.0,8.52375,12.868824300284702,32,2,60000.0,71.72,12.876327,12.87047984593413,12.575252445007628,324.0,1,1.4907175392320244,8.805451850274329,13.126441514067023
7338,1.0,22.0,240.0,22.92,4.849912870343598,8,3,60000.0,46.85,4.845358,4.622969375719431,5.006006814187897,22.0,1,0.21396691529759393,23.119537940148977,4.946816216159365
7341,0.0,0.0,701.0,0.0,,3,5,40000.0,15.34,0.18352039,0.13636001989522606,0.18860076633119327,0.0,0,0.07698325881062935,24.510042505126265,1.8868629456316615
7342,2.0,291.0,355.0,18.585,8.189709171003038,12,1,60000.0,55.19,8.176133,8.303803025408873,8.382152626680085,291.0,1,0.44008597338394045,18.981662340490047,8.353563347559847
7343,0.0,0.0,495.0,0.0,,2,2,60000.0,11.89,0.27862677,0.24414677165282642,0.21918584728273327,0.0,0,0.10139606231226951,24.510042505126265,2.485221797126157
7348,1.0,24.0,63.0,3.5,3.414654534946077,10,5,60000.0,15.93,3.4011188,3.6094617155448714,3.4644170605642937,24.0,0,0.5675270508406605,6.136596562921707,3.4826845495538903
7352,0.0,0.0,703.0,0.0,,4,4,60000.0,4.56,0.08246715,0.131340785503446,0.19435447607771916,0.0,0,0.07680376229698965,24.510042505126265,1.8824634784528305
7354,5.0,537.0,721.0,15.488,8.318241624113584,23,3,20000.0,93.49,8.368515,8.445425168426798,8.371994477032274,537.0,1,0.539076322873936,15.739709239693585,8.484904580038933
7355,3.0,185.0,368.0,19.483333333333334,10.155327158367426,18,0,20000.0,90.0,12.828664,12.097506762929186,11.728875764452948,185.0,1,0.5254739309672342,19.712801954984375,10.358563533664219
7356,10.0,272.0,329.0,13.181000000000001,25.25015596393878,43,4,20000.0,147.79,25.26835,24.906075217737154,25.201396007304666,272.0,2,1.930518759646142,13.341272282476197,25.755576418867403
7357,1.0,578.0,614.0,8.84,1.7718362630214302,8,1,60000.0,15.84,1.7385383,1.6943655051775066,1.8700990238702273,578.0,0,0.16724317237690026,10.806468187761748,1.807308021911327
7359,7.0,421.0,713.0,15.828571428571427,8.766914624831625,35,4,20000.0,125.98,10.406062,9.807931081555779,10.43922566413297,421.0,1,0.5588073238090322,16.00296694520344,8.942575131653538
7361,0.0,0.0,139.0,0.0,,5,2,20000.0,21.15,1.7339832,1.8025665274410807,1.7817546801918196,0.0,0,0.2247323910198213,24.510042505126265,5.5082004561744755
7362,4.0,535.0,571.0,10.622499999999999,6.182846299060815,19,2,20000.0,50.67999999999999,6.1774354,6.187939870074759,6.139933669053443,535.0,1,0.5679922687175843,11.10346235270191,6.306680772331445
7364,0.0,0.0,211.0,0.0,,3,3,40000.0,23.34,1.0922391,1.1037878221518858,0.9337889347958406,0.0,0,0.18030496991893746,24.510042505126265,4.41928247659867
7365,1.0,35.0,366.0,9.92,1.550053542689337,9,2,40000.0,31.28,1.4677416,1.3315332381876221,1.5325070804443826,35.0,0,0.1345470449736094,11.750936606268723,1.5810537960456708
7366,5.0,605.0,656.0,6.744,4.387120311512493,24,2,40000.0,49.589999999999996,4.386234,4.622730860808506,4.6190542900572975,605.0,1,0.6181241840814691,7.23966127058129,4.475009715904271
7368,1.0,539.0,704.0,5.91,1.1402043389652872,9,1,60000.0,18.6,1.121971,1.0278611294830289,1.15584870221514,539.0,0,0.14107394673121437,8.244160348664124,1.1630362378710324
7370,4.0,538.0,667.0,18.335,8.83863006591398,21,3,,86.66,,,,538.0,1,0.4860511352890776,18.5488580652555,9.0156935209334
7373,0.0,0.0,68.0,0.0,,4,3,20000.0,19.46,2.7724197,2.4733622096033105,2.922718315671812,0.0,0,0.2970647471771156,24.510042505126265,7.281069580085691
7376,8.0,333.0,375.0,14.7125,21.230343907238673,38,2,140000.0,124.6,21.26332,21.277038484043576,21.062753582130505,333.0,2,1.4548307334707242,14.88514702562839,21.65536936511452
7377,3.0,557.0,617.0,8.416666666666666,3.7057315942484506,15,2,40000.0,30.53,3.6959465,3.6514674207155644,3.7010072758163495,557.0,0,0.413049855699621,9.151327186134573,3.7799543736929038
7379,2.0,491.0,656.0,18.67,5.008478546535018,15,0,60000.0,51.92,5.0227036,4.903425183419822,5.336678046178696,491.0,1,0.26802352665045914,19.060971866723406,5.1087889011043925
7382,0.0,0.0,32.0,0.0,,3,3,120000.0,2.34,4.6132455,3.0498394241124784,3.87746087432112,0.0,0,,24.510042505126265,
7384,5.0,413.0,551.0,16.228,10.90849654178275,27,5,140000.0,100.06,11.635212,11.591371931860722,11.296768963136486,413.0,1,0.6760397597695884,16.459063711004557,11.126981477219871
7387,1.0,5.0,142.0,17.11,5.799511374198088,6,5,40000.0,31.85,5.8028436,5.830912574897371,6.117226506023528,5.0,1,0.3279207102043722,18.038647651699417,5.915246149071703
7391,2.0,340.0,684.0,7.17,1.8242931408980776,12,4,60000.0,19.09,1.8195721,1.832057144232436,1.582276386692782,340.0,0,0.22336620797949472,8.330859493974833,1.8608324943791306
7392,1.0,30.0,107.0,7.22,4.041131955306919,7,1,20000.0,18.7,4.4324255,4.348107932023232,3.885815471025101,30.0,1,0.4389594141057417,9.389765560001287,4.1217259888084365
7393,0.0,0.0,545.0,0.0,,3,0,60000.0,11.36,0.19287618,0.14227893035817116,0.28281602606226386,0.0,0,0.09414813360687582,24.510042505126265,2.307574756482833
7401,0.0,0.0,317.0,0.0,,6,2,120000.0,29.01,1.008976,0.9044547709108415,0.6550176021078,0.0,0,0.1397005387798407,24.510042505126265,3.4240661434829356
7403,1.0,240.0,276.0,7.08,2.6887167292033802,5,1,80000.0,17.36,2.6935046,2.783094901724773,2.500965588268814,240.0,0,0.2959271450570644,9.267334468713347,2.742455831615268
7406,0.0,0.0,259.0,0.0,,6,0,40000.0,22.78,0.83363086,0.7696083706477722,0.633072964977945,0.0,0,0.15932799961681487,24.510042505126265,3.9051360428648736
7407,0.0,0.0,427.0,0.0,,5,5,60000.0,14.32,0.52607816,0.3068706483723967,0.4870768177163196,0.0,0,0.11325614831071604,24.510042505126265,2.7759130090625344
7408,0.0,0.0,386.0,0.0,,3,2,20000.0,4.08,0.4642109,0.3664435210056988,0.4617877563865296,0.0,0,0.12185168684993054,24.510042505126265,2.986590024013133
7409,3.0,252.0,266.0,9.61,7.765677077584437,16,3,60000.0,39.83,7.8235044,7.723840249104828,7.73866514298241,252.0,1,0.7697624493307922,10.290185007594882,7.920998015513233
7410,1.0,345.0,626.0,14.31,2.1267431655801974,8,0,20000.0,27.61,2.1709163,2.1321527516592904,2.132235303301406,345.0,0,0.13914803846051876,15.590025825940593,2.1693215132284625
7412,1.0,186.0,223.0,47.32,14.649458115884347,9,3,40000.0,63.230000000000004,14.637487,14.345748358790338,14.386774263329569,186.0,2,0.3360985394415283,44.4575281360473,14.942110273706147
7413,6.0,639.0,698.0,10.083333333333334,7.070087899475503,28,3,20000.0,71.25999999999999,7.0841503,7.216292987640968,7.136693905198882,639.0,1,0.6920849655399381,10.42031358692931,7.211742369725322
7416,1.0,362.0,534.0,7.6,1.6263695909818565,9,4,40000.0,44.97,1.6180322,1.470072138588716,1.5085492272861636,362.0,0,0.17063438815262671,9.722078522068557,1.6589209201849617
7418,0.0,0.0,108.0,0.0,,4,4,140000.0,5.54,2.6368213,2.209531007458746,2.1237745797437437,0.0,0,0.25144289641055056,24.510042505126265,6.162876078634655
7420,0.0,0.0,436.0,0.0,,2,3,40000.0,1.56,0.35102338,0.3018003036700696,0.4855862318213733,0.0,0,0.11152935907804742,24.510042505126265,2.733589331572432
7424,0.0,0.0,244.0,0.0,,4,5,40000.0,10.38,0.9669259,0.9878860652530493,0.8382627681222639,0.0,0,0.1653378624910729,24.510042505126265,4.0524380373629185
7425,0.0,0.0,75.0,0.0,,4,1,40000.0,4.99,2.8375943,2.434927616118919,2.4578027997815406,0.0,0,0.2879154912006713,24.510042505126265,7.05682092721276
7432,0.0,0.0,637.0,0.0,,2,2,20000.0,4.92,0.11243038,0.1699962743843509,0.17977328949097693,0.0,0,0.08320629432931965,24.510042505126265,2.0393898107056714
7433,1.0,443.0,687.0,27.12,3.5737192405943734,7,0,80000.0,36.230000000000004,3.560931,3.603664747744952,3.4349019260730564,443.0,0,0.13605605759512923,26.79247067878721,3.645277933788884
7434,2.0,159.0,642.0,14.08,2.2465492244092027,13,4,40000.0,59.239999999999995,2.217785,2.059818552768274,1.9131401201983849,159.0,0,0.1550617138241721,14.778257450122018,2.29154192755076
7437,0.0,0.0,126.0,0.0,,5,4,40000.0,13.03,2.2405717,2.1274747090395865,1.8367691682386065,0.0,0,0.23520727192888102,24.510042505126265,5.764940232491665
7438,1.0,32.0,461.0,7.03,0.8467487330228165,5,2,,11.29,,,,32.0,0,0.09363919883741088,9.223609078967653,0.8636913645440004
7439,0.0,0.0,668.0,0.0,,5,3,20000.0,17.66,0.08763468,0.15268646998468535,0.21382691087119632,0.0,0,0.08007102501680491,24.510042505126265,1.9625442265909168
7441,1.0,147.0,418.0,23.64,3.913124129582128,11,3,40000.0,29.26,3.976253,3.902562552337865,4.007683275583408,147.0,0,0.16806499724024523,23.749183552486958,3.9914064682067982
7444,0.0,0.0,186.0,0.0,,4,5,120000.0,8.51,1.1479948,1.4269590468238327,1.1462538016706958,0.0,0,0.19358692487928963,24.510042505126265,4.744823757228074
7445,1.0,414.0,483.0,18.25,3.683753958498796,6,4,60000.0,30.689999999999998,3.6440198,3.6205901971670036,3.625066932651638,414.0,0,0.197391822467365,19.035586537901224,3.757469118451562
7446,2.0,527.0,709.0,19.57,4.89149259632951,11,1,40000.0,48.19,4.8546906,4.8240701659099035,4.962297318709385,527.0,1,0.25071811023013535,19.900719791547207,4.989470858356169
7447,0.0,0.0,616.0,0.0,,3,4,,4.37,,,,0.0,0,0.08547359702322373,24.510042505126265,2.094961496105247
7448,7.0,280.0,309.0,8.31,12.510448734387747,31,3,80000.0,71.21,12.509009,12.489265925034685,12.795014850707908,280.0,1,1.4777281848538053,8.635430420400965,12.76081892057045
7449,1.0,152.0,499.0,11.75,1.7703793102625494,8,2,100000.0,17.89,1.8434491,1.914809837679271,1.5749441172482745,152.0,0,0.1352535189772573,13.3512858709611,1.8058083969188243
7450,0.0,0.0,44.0,0.0,,4,4,80000.0,5.19,3.546179,3.0733931246530806,2.944800728737563,0.0,0,0.3334270386539515,24.510042505126265,8.17231088976673
7451,0.0,0.0,294.0,0.0,,6,4,40000.0,19.32,0.502491,0.663741504961375,0.5799114940041203,0.0,0,0.14687431022022535,24.510042505126265,3.5998955864088242
7452,1.0,289.0,331.0,19.6,5.189651018644002,10,4,60000.0,41.260000000000005,5.1838264,5.283821521809215,5.4361523182841545,289.0,1,0.26184079384839176,20.216172061034943,5.2934185410370675
7453,0.0,0.0,484.0,0.0,,5,4,80000.0,15.55,0.40907842,0.2598907903599563,0.23459623699742327,0.0,0,0.10314311236839412,24.510042505126265,2.5280420682603544
7454,1.0,140.0,213.0,6.37,2.7982444737937064,11,2,20000.0,37.43,2.7813237,2.878554283242667,2.76928922971117,140.0,0,0.33009434758273937,8.646433934324502,2.854138968468105
7455,2.0,456.0,627.0,9.3,2.793560965063376,10,2,20000.0,42.5,2.776122,2.692732633937052,2.901880867726305,456.0,0,0.27616149949560986,10.318262916057831,2.8495069590884747
7456,0.0,0.0,653.0,0.0,,1,1,60000.0,6.41,0.053344265,0.16403487145985018,0.2020761204900401,0.0,0,0.08155801785658552,24.510042505126265,1.998990484298758
7457,3.0,241.0,497.0,6.946666666666666,3.0287483637434307,17,1,20000.0,30.09,3.037592,2.916042749064006,2.8936200053834478,241.0,0,0.39871190027230985,7.748432495453018,3.089392244393789
7459,0.0,0.0,411.0,0.0,,3,3,40000.0,19.92,0.42125544,0.3199123919682239,0.5117456665483777,0.0,0,0.11646194248503433,24.510042505126265,2.854487160537762
7460,0.0,0.0,21.0,0.0,,3,3,40000.0,10.5,4.5382605,3.3659085455163646,3.8113705606713983,0.0,0,,24.510042505126265,
7461,1.0,6.0,529.0,15.64,1.0078770387765446,4,1,140000.0,19.9,1.004889,1.108185605683536,0.9027939096766646,6.0,0,0.06136462851030532,16.753121193176035,1.0280490584073705
7462,1.0,38.0,676.0,3.36,0.2962729813185805,6,4,140000.0,12.059999999999999,0.2183044,0.36177950311757995,0.3242885356398526,38.0,0,0.05024891206564639,6.014165471633766,0.30220527193237184
7465,1.0,219.0,622.0,12.9,1.6360788275569291,8,4,20000.0,18.76,1.8205894,1.7664322139689608,1.746164833706068,219.0,0,0.11623855947964563,14.356969835112043,1.6688334921261494
7469,0.0,0.0,545.0,0.0,,3,2,60000.0,7.22,0.2029203,0.1445961152992164,0.2668559420013228,0.0,0,0.09414813360687582,24.510042505126265,2.307574756482833
7470,2.0,571.0,645.0,8.17,2.5628193443844816,14,4,20000.0,27.46,2.6075788,2.573879199278509,2.4740851650740088,571.0,0,0.28218600121435955,9.263912743779057,2.614146492765758
7471,3.0,59.0,194.0,12.393333333333333,9.526132405162002,16,0,40000.0,54.04,9.474273,9.228849961511902,9.399387074692491,59.0,1,0.7505178454857507,12.946459535302589,9.716548917103752
7472,4.0,352.0,363.0,11.015,9.040702269015439,21,0,20000.0,57.58,9.126762,9.795695989191955,9.012529696008777,352.0,1,0.8031137985811196,11.482369038883732,9.221649015528154
7474,1.0,467.0,638.0,6.14,1.2504399297182391,6,4,40000.0,15.34,1.2569088,1.196580266114718,1.1648200343925446,467.0,0,0.1510278552266784,8.445297141494311,1.2754751140318836
7476,0.0,0.0,294.0,0.0,,4,3,80000.0,3.72,0.6056561,0.6680915790014567,0.56715080771093,0.0,0,0.14687431022022535,24.510042505126265,3.5998955864088242
7477,0.0,0.0,152.0,0.0,,3,4,,6.67,,,,0.0,0,0.2151540787641185,24.510042505126265,5.273435615659828
7478,0.0,0.0,366.0,0.0,,3,0,60000.0,12.18,0.6937349,0.3557880083914915,0.6213262628007818,0.0,0,0.12653705642855984,24.510042505126265,3.101428631537562
7479,1.0,48.0,560.0,7.6,0.7148742859344253,5,1,20000.0,11.92,0.7546538,0.7941541614227907,0.8964936642758552,48.0,0,0.07500284524090035,9.722078522068557,0.7291835508105892
7480,0.0,0.0,84.0,0.0,,2,3,80000.0,5.42,2.8450184,2.2012410004038707,2.470894704309532,0.0,0,0.2769531942645993,24.510042505126265,6.78813456335582
7481,2.0,256.0,392.0,6.654999999999999,3.001160143565356,11,3,140000.0,36.89,3.0150168,3.0642566805192013,2.928724118064391,256.0,0,0.38994713260096975,7.850337070325658,3.0612164305245875
7484,0.0,0.0,60.0,0.0,,3,3,80000.0,3.68,3.394659,2.952870757798183,2.942690210564433,0.0,0,0.30826494274662536,24.510042505126265,7.555586849560102
7485,2.0,33.0,341.0,9.6,2.3993682210781744,10,2,40000.0,40.120000000000005,2.3707364,2.2996260545545004,2.4348941675795883,33.0,0,0.2309235871054965,10.598178890999097,2.447369486295264
7486,3.0,390.0,611.0,9.533333333333333,3.799889473661737,15,1,20000.0,36.41,3.4806583,3.671404823047783,3.7184042364685683,390.0,0,0.37936676309179945,10.217018164316707,3.875997109446948
7487,0.0,0.0,456.0,0.0,,2,4,20000.0,12.58,0.3683301,0.30386570874848085,0.3430088804838922,0.0,0,0.10787460369767544,24.510042505126265,2.644011121853676
7489,0.0,0.0,648.0,0.0,,4,3,40000.0,15.44,0.110613525,0.17199791475794404,0.20898025118037378,0.0,0,0.08206604058634459,24.510042505126265,2.0114421429987233
7490,0.0,0.0,640.0,0.0,,4,2,100000.0,8.09,0.051712073,0.1737564182935979,0.17771469388261796,0.0,0,0.08289218321516273,24.510042505126265,2.0316909339463525
7493,1.0,29.0,720.0,15.02,0.6628633032023716,8,3,120000.0,51.5,0.80712444,0.6322909074328611,0.05650922520376778,29.0,0,0.04170873427026077,16.210926360329438,0.6761372198377461
7494,1.0,55.0,112.0,9.77,5.162902180445384,8,3,40000.0,19.0,5.1618385,5.235601581701347,5.331049612619102,55.0,1,0.453183033547118,11.619760437031644,5.265878283944786
7496,2.0,93.0,314.0,15.48,5.774102994805888,12,2,40000.0,60.81,5.7467427,5.629614873129882,5.787612237275608,93.0,1,0.36616546135356864,16.084531999847933,5.889600080380556
7501,0.0,0.0,424.0,0.0,,4,1,40000.0,2.41,0.46829188,0.3121217601846174,0.5182877764764404,0.0,0,0.11384370418295801,24.510042505126265,2.7903140284653216
7502,10.0,612.0,617.0,10.876000000000001,13.518333892539555,45,1,20000.0,133.51,13.535248,13.960567135018975,13.967360193959124,612.0,2,1.2457595258754388,11.068881182208058,13.789164173519076
7505,0.0,0.0,41.0,0.0,,6,4,80000.0,5.12,4.6176796,3.0733931246530806,3.746567233764477,0.0,0,0.3386129977436437,24.510042505126265,8.29941896748493
7510,0.0,0.0,555.0,0.0,,4,2,20000.0,13.72,0.23429678,0.14922513232169904,0.2855365291478531,0.0,0,0.0928212453055434,24.510042505126265,2.275052667817621
7511,1.0,245.0,309.0,14.16,4.073439081368234,9,1,120000.0,28.34,4.0989895,4.287438081899795,4.07601564851082,245.0,1,0.2687700222587476,15.458849656703514,4.154875366326836
7512,0.0,0.0,70.0,0.0,,2,4,20000.0,18.15,2.7874422,2.490232748424321,2.889545096408892,0.0,0,0.2943915037511381,24.510042505126265,7.215548270088433
7514,6.0,580.0,612.0,14.436666666666667,11.146515960719537,41,4,40000.0,111.72,11.180025,11.143940866450865,11.366818490807638,580.0,1,0.774934444444186,14.671961403961898,11.369808259485753
7517,2.0,113.0,327.0,11.18,4.400285828308317,13,4,20000.0,30.580000000000002,4.611802,4.552521975863951,4.430728437194072,113.0,1,0.37178264573516145,12.07240302568977,4.488309937272111
7519,1.0,167.0,237.0,17.03,5.510138352815861,10,2,60000.0,29.0,5.5105314,5.554309065178905,5.611478243807804,167.0,1,0.31277911657123336,17.96868702810631,5.620230054596072
7521,3.0,313.0,544.0,8.413333333333334,3.5965288545393044,16,3,140000.0,30.020000000000003,3.5945687,3.4863147787211184,3.4780446322092358,313.0,0,0.40101581335684616,9.148146019035524,3.668551216530725
7522,3.0,357.0,647.0,14.626666666666665,4.993389308435903,16,3,80000.0,46.36,4.970518,4.93806154200364,4.783680901537997,357.0,1,0.33780759816629496,15.077841491666854,5.093409419832086
7523,2.0,313.0,345.0,23.79,10.672694636635569,16,5,40000.0,66.37,10.697264,11.010477997717567,10.8761432134799,313.0,1,0.45667093411695653,23.838204505721027,10.886215119298663
7525,0.0,0.0,688.0,0.0,,3,2,40000.0,2.93,0.111482866,0.16884125099743938,0.2081248749659963,0.0,0,0.07817076555502295,24.510042505126265,1.9159687864118726
7526,3.0,389.0,635.0,6.136666666666667,2.4687876086541403,15,3,80000.0,22.33,2.4522204,2.312142643664168,2.4266422061225343,389.0,0,0.36101645580313757,6.975408890383591,2.5182373953839803
7529,1.0,22.0,509.0,2.92,0.4105308468223392,6,4,60000.0,13.91,0.42485678,0.41871680514526605,0.3377809503790381,22.0,0,0.07438591995543307,5.629382041871665,0.41874676196521804
7530,1.0,38.0,224.0,20.61,5.111178132817146,5,1,40000.0,29.39,5.0959883,5.026379120121191,5.265134003534559,38.0,1,0.2470818613736038,21.099424933897946,5.213285186580132
7534,2.0,291.0,374.0,6.74,3.2629589068407654,13,3,40000.0,30.38,3.245715,3.225206104287359,3.4340256764519848,291.0,0,0.4197221577310932,7.929646596559018,3.328248379552771
7535,0.0,0.0,150.0,0.0,,5,2,40000.0,11.0,1.8071592,1.7489371376874463,1.6909926622656117,0.0,0,0.21657396530504883,24.510042505126265,5.308237095130488
7536,0.0,0.0,652.0,0.0,,6,4,40000.0,22.18,-0.06517067,0.17008639468020958,0.1894112764088769,0.0,0,0.08165911824664643,24.510042505126265,2.0014684591564356
7541,2.0,115.0,164.0,28.755,19.582207448672385,16,5,20000.0,71.82,19.573324,19.209854811703533,19.354222474306408,115.0,2,0.7015389577754167,28.470813890998997,19.973385104109294
7546,1.0,45.0,516.0,4.52,0.5819915427067095,6,1,60000.0,14.84,0.6246656,0.7225898836430655,0.5795015109623032,45.0,0,0.08446058258230721,7.02859451373385,0.5936391873647693
7547,0.0,0.0,662.0,0.0,,5,5,20000.0,6.26,0.14974204,0.16121388742629575,0.19247891350268898,0.0,0,0.08065926314092418,24.510042505126265,1.976961968016216
7548,0.0,0.0,176.0,0.0,,4,2,40000.0,2.54,1.4244406,1.4511488641220107,1.3003003436403704,0.0,0,0.19946617999333202,24.510042505126265,4.888924549971734
7550,2.0,52.0,277.0,13.695,5.092954135803023,16,4,20000.0,36.69,5.066028,4.751260964751352,5.0880516028567415,52.0,1,0.36027392210078457,14.419031948947392,5.194801193143797
7552,0.0,0.0,322.0,0.0,,4,3,20000.0,15.57,0.45175904,0.6353359194336621,0.6745130754377104,0.0,0,0.13823294414694892,24.510042505126265,3.388095336650463
7555,1.0,2.0,165.0,19.07,5.494103792535789,9,2,80000.0,34.94,5.495659,5.444445977988834,5.610960790078233,2.0,1,0.28369725377382066,19.752682929730593,5.603781901829596
7556,2.0,366.0,695.0,14.75,3.4132964992840797,16,5,40000.0,67.57000000000001,3.478978,4.055593480630631,3.588836879642559,366.0,0,0.22603213311761802,15.403403127490849,3.4816640661773453
7558,1.0,351.0,590.0,16.33,2.5605743847803186,8,4,80000.0,22.209999999999997,2.6234393,2.66728855438059,2.5821994866266125,351.0,0,0.150481268823366,17.3565315716666,2.611832893277201
7559,1.0,84.0,170.0,11.55,4.652900525475938,4,1,20000.0,20.61,4.73729,4.622280547010189,4.569112461870462,84.0,1,0.3601740932574322,13.176384311978325,4.745792271978248
7560,3.0,190.0,238.0,11.766666666666666,9.778127828169252,16,4,60000.0,38.32,9.742328,9.627542648319181,9.452396987331717,190.0,1,0.8076883073415007,12.348400120680973,9.973658391848398
7562,0.0,0.0,346.0,0.0,,4,1,20000.0,5.1,0.4705731,0.5239862652963707,0.6619823346313716,0.0,0,0.13159778014929982,24.510042505126265,3.2254671850396
7563,0.0,0.0,261.0,0.0,,5,3,40000.0,22.88,0.8654756,0.8039272978805057,0.5739299630228825,0.0,0,0.15855961093598295,24.510042505126265,3.8863028036372254
7565,1.0,193.0,430.0,25.6,4.446463099845925,7,1,40000.0,28.71,3.9177835,4.2905912316138535,4.641931270158904,193.0,1,0.17811652643627207,25.463218830518137,4.535420089978564
7566,0.0,0.0,24.0,0.0,,6,4,40000.0,5.62,4.5636797,3.382779084337375,3.7301510123123913,0.0,0,,24.510042505126265,
7567,0.0,0.0,202.0,0.0,,6,2,40000.0,9.68,1.0295844,1.1883309448639279,1.0066408669619467,0.0,0,0.18487056047121253,24.510042505126265,4.531185295095934
7569,5.0,521.0,717.0,13.968,7.492853472145468,23,0,40000.0,74.88,7.507605,7.320109108510798,7.125796339855089,521.0,1,0.5358936874569838,14.262116271595385,7.642978079725501
7570,2.0,249.0,730.0,10.16,1.8387374927860796,11,4,80000.0,26.39,1.8331697,1.905699182467625,1.9428123434312452,249.0,0,0.1686558787543162,11.120688710889462,1.8755695268882662
7571,4.0,92.0,448.0,7.6925,1.6266462940821445,20,1,20000.0,42.61,1.627324,1.7351698285773751,1.9513845375979972,92.0,0,0.20051082147352595,8.274936007446545,1.6592142164939658
7573,5.0,335.0,674.0,10.094,4.165184080347443,23,1,40000.0,57.71,4.182332,3.995131372427141,4.279393299332589,335.0,1,0.4047779964631153,10.496198404218777,4.248630160539024
7576,1.0,442.0,723.0,14.87,2.0133676895092387,9,1,60000.0,20.54,2.0194118,1.9163721721897173,1.9959542795248266,442.0,0,0.12771876812723823,16.07975019109236,2.05368588620004
7580,5.0,479.0,660.0,15.258,8.74246475022554,20,2,120000.0,93.22,8.743971,8.89009488621319,8.884791280777852,479.0,1,0.5747316223236728,15.516126093205042,8.917608321726405
7584,2.0,237.0,390.0,13.629999999999999,5.409524994647672,12,2,20000.0,53.1,5.456366,5.292368514918587,5.267692586377701,237.0,1,0.38428936764384464,14.358383487710118,5.517774110879942
7586,0.0,0.0,259.0,0.0,,2,4,60000.0,8.9,0.8441127,0.7546644295534403,0.5663621784291841,0.0,0,0.15932799961681487,24.510042505126265,3.9051360428648736
7587,1.0,100.0,303.0,4.87,1.5680111101502474,8,1,40000.0,15.239999999999998,1.49314,1.5611768842905427,1.6118719738698193,100.0,0,0.21805438433812674,7.334672241953704,1.5993574400411625
7588,1.0,107.0,354.0,3.47,1.1136934633663875,7,0,100000.0,7.210000000000001,1.09515,0.974576672530593,1.133965446645738,107.0,0,0.18590801406229948,6.1103613290742915,1.1359651398912742
7589,1.0,601.0,667.0,14.87,2.4371457250801827,10,5,60000.0,17.91,2.4381473,2.3542719980457463,2.423218667429731,601.0,0,0.1546008931026706,16.07975019109236,2.485943740410717
7590,0.0,0.0,310.0,0.0,,4,1,40000.0,10.73,0.6376519,0.6542138664435285,0.6079399156772585,0.0,0,0.141808414778532,24.510042505126265,3.4757302738063953
7591,2.0,282.0,459.0,9.2,3.400807253079221,13,4,20000.0,31.34,3.4438832,3.5116849592336594,3.30812328418342,282.0,0,0.3392561802763085,10.224957591077407,3.468880055836166
7593,3.0,210.0,311.0,12.28,8.238317786506146,15,3,20000.0,53.08,8.265549,8.391195267155997,8.255381298712516,210.0,1,0.6545368106863279,12.83829985393485,8.403139841029265
7594,1.0,151.0,277.0,6.41,2.259961238832249,8,4,40000.0,14.26,2.374023,2.300131556654724,2.1223275108948156,151.0,0,0.26552485100898904,8.681414246121056,2.3051312242486084
7595,1.0,94.0,375.0,23.17,3.812533964606386,11,2,40000.0,29.470000000000002,3.7818832,3.6982928692476396,3.695075447456706,94.0,0,0.16662778000970097,23.338164888877444,3.8887866049339976
7596,1.0,355.0,537.0,5.5,1.3028347828664257,5,2,40000.0,21.25,1.3117054,1.3140128586366915,1.3441311696671647,355.0,0,0.16852349582101703,7.885612152749439,1.3289109266700312
7598,3.0,295.0,328.0,5.156666666666667,3.936239528847187,12,2,140000.0,24.27,3.9508502,4.051140936089641,3.860136888462047,295.0,0,0.6647188167545439,6.040145763262554,4.014998544780856
7599,1.0,289.0,331.0,23.76,6.123542136148214,8,1,20000.0,32.94,6.128299,5.908163422926142,6.250216565519635,289.0,1,0.26184079384839176,23.854124487876625,6.245982892463977
7601,1.0,436.0,643.0,9.24,1.6011141466735381,8,3,80000.0,16.759999999999998,1.6216576,1.5375033774065656,1.557525019040611,436.0,0,0.14639036629642443,11.156271305727294,1.633170642947708
7602,0.0,0.0,101.0,0.0,,6,4,20000.0,24.82,2.4493916,2.2430133363977904,2.1797585279499856,0.0,0,0.2583820034828738,24.510042505126265,6.33295388792492
7605,0.0,0.0,547.0,0.0,,3,4,20000.0,3.06,0.26240212,0.15858975830258573,0.25576780088961204,0.0,0,0.09387972698051743,24.510042505126265,2.300996098662131
7606,0.0,0.0,268.0,0.0,,6,4,60000.0,16.2,0.7546044,0.7546644295534403,0.5411751661920468,0.0,0,0.15592777389606963,24.510042505126265,3.8217963659223844
7607,3.0,473.0,591.0,8.479999999999999,3.7708199752579388,19,5,60000.0,40.26,3.7695768,3.7003382528983777,3.8530662630461046,473.0,0,0.4175464717945587,9.211769361016545,3.846341795677675
7609,1.0,204.0,595.0,3.34,0.7047847264320426,5,1,20000.0,11.19,0.67424524,0.7002609568187161,0.7059581381870581,204.0,0,0.11988202415000641,5.996675315735489,0.7188935750207492
7610,0.0,0.0,116.0,0.0,,3,0,20000.0,7.97,1.951002,2.392598878635233,2.037239931055394,0.0,0,0.24395732776820828,24.510042505126265,5.979404473035805
7611,2.0,113.0,663.0,12.915000000000001,1.5076584640891633,13,2,60000.0,35.52,1.5331215,1.345909696895317,1.5973466640732301,113.0,0,0.11232388816046114,13.691250414100098,1.5378544802902467
7612,0.0,0.0,638.0,0.0,,4,1,40000.0,8.57,0.099517904,0.17352075079156234,0.18596420954163317,0.0,0,0.08310132625812582,24.510042505126265,2.036817038819029
7613,0.0,0.0,171.0,0.0,,2,4,40000.0,4.86,1.4336759,1.6345348575553835,1.276769263847771,0.0,0,0.2025422618904496,24.510042505126265,4.964319448019335
7614,3.0,189.0,238.0,24.74666666666667,19.57185068013196,20,3,60000.0,111.01,19.574945,19.317906092375434,19.311168188156188,189.0,2,0.8070558201547569,24.735864804386136,19.963223656941036
7615,0.0,0.0,102.0,0.0,,5,1,40000.0,26.91,2.4987774,2.7431525586026826,2.1994949751351616,0.0,0,0.257367226357713,24.510042505126265,6.3080816574539975
7617,4.0,647.0,731.0,11.6175,5.43896094027318,20,3,20000.0,57.41,5.443329,5.304523293223854,5.2668237429461735,647.0,1,0.45987486641114467,12.06400286926474,5.5479317078867885
7618,1.0,410.0,485.0,13.67,2.889127607434212,6,3,60000.0,30.83,2.8091636,2.940388478201285,2.889927307861649,410.0,0,0.19606621647816821,15.03034083719572,2.946942060326268
7619,2.0,100.0,696.0,15.31,1.4278328136756528,10,5,60000.0,35.1,1.4711084,1.3094039208824666,1.7197986323791552,100.0,0,0.09145045871596189,15.925912947381214,1.4564320445084886
7620,0.0,0.0,228.0,0.0,,5,2,20000.0,8.75,0.8099758,1.0753133145780585,0.918905756591549,0.0,0,0.1722704553941605,24.510042505126265,4.222356184088332
7621,2.0,274.0,304.0,21.64,10.655017194676123,11,2,40000.0,57.23,10.644907,10.379420274288082,10.469497594443917,274.0,1,0.4978042341726623,21.83214001864195,10.86813174233039
7622,3.0,438.0,718.0,3.893333333333333,1.5350255767800376,18,1,60000.0,22.72,1.5296198,1.4691233475258147,1.4844426274826752,438.0,0,0.32387683336933454,4.834483432722171,1.565777185166567
7624,0.0,0.0,427.0,0.0,,4,1,,4.52,,,,0.0,0,0.11325614831071604,24.510042505126265,2.7759130090625344
7626,0.0,0.0,323.0,0.0,,5,3,120000.0,8.35,0.6658646,0.6202880037784128,0.6180047892451093,0.0,0,0.1379431243074115,24.510042505126265,3.3809918400645724
7627,2.0,188.0,314.0,13.129999999999999,6.13306157167049,12,4,40000.0,33.21,6.11862,6.21016258489602,5.993694550218225,188.0,1,0.4503169608399707,13.891856862808005,6.255738762883591
7628,0.0,0.0,343.0,0.0,,5,3,20000.0,16.69,0.59124124,0.6460562708631077,0.6446700248608801,0.0,0,0.13239207230033742,24.510042505126265,3.24493531942302
7630,3.0,131.0,289.0,18.996666666666666,11.604469397043946,16,3,120000.0,59.010000000000005,11.556786,11.777311247991774,11.454792709363101,131.0,1,0.6149412753765576,19.248351558522906,11.836605856294426
7632,2.0,353.0,535.0,13.235,4.198673086103058,11,4,40000.0,66.22,4.2846184,4.474223790672727,4.224363308047865,353.0,1,0.3061323034886694,13.98982745403745,4.282738103913512
7633,10.0,260.0,342.0,16.627,29.696845731929173,45,4,60000.0,192.57,29.67989,30.103895787073725,30.163611857319342,260.0,2,1.8096765231336673,16.738521623701363,30.29130961437759
7634,0.0,0.0,88.0,0.0,,4,3,80000.0,11.25,2.7734125,2.2012410004038707,2.2712848189725516,0.0,0,0.27234600380596685,24.510042505126265,6.675212129385527
7636,0.0,0.0,399.0,0.0,,2,1,60000.0,3.8,0.43582362,0.29490313803035,0.4797340011735294,0.0,0,0.11898814023728643,24.510042505126265,2.9164043748218154
7638,0.0,0.0,318.0,0.0,,4,2,80000.0,16.33,0.58311486,0.6194549077430045,0.6366240356545019,0.0,0,0.13940452757758542,24.510042505126265,3.4168108963336654
7639,1.0,15.0,492.0,12.19,1.0076437744585829,6,2,,20.299999999999997,,,,15.0,0,0.07482550610091039,13.736069300723198,1.0278083372637916
7641,2.0,388.0,415.0,14.36,5.921475973667575,10,2,60000.0,33.49,5.914524,5.981667773446467,5.818433766710703,388.0,1,0.4016076389594469,15.039512360067201,6.039983050028008
7642,0.0,0.0,432.0,0.0,,2,4,40000.0,6.81,0.43855384,0.29588966355499796,0.46927807048297066,0.0,0,0.11229026769458138,24.510042505126265,2.752239234106196
7643,0.0,0.0,119.0,0.0,,4,4,20000.0,10.03,2.0458694,2.141550185121771,2.003176294408566,0.0,0,0.24126439592067722,24.510042505126265,5.91340059898941
7646,2.0,491.0,510.0,4.735,2.0503418392596275,12,5,40000.0,19.19,2.0426767,1.9886994180498665,2.1844219473163786,491.0,0,0.34517797833682484,6.05887483070155,2.0913901650574327
7652,1.0,12.0,260.0,3.82,1.1630762945009259,9,0,40000.0,14.49,1.1492925,1.1267413395239412,1.035109659715915,12.0,0,0.18488750093748574,6.416439057294145,1.1863193822207914
7654,2.0,202.0,498.0,15.285,4.226068989904043,18,4,140000.0,56.44,4.1912036,4.0716273387042525,4.229608736461547,202.0,1,0.27106738250968476,15.902586616136109,4.31067252916956
7655,3.0,620.0,627.0,22.64,9.21089619974462,14,3,80000.0,71.38,9.191731,8.86732667971504,8.668947247344175,620.0,1,0.41343169540752134,22.725367197785808,9.395387089339058
7656,1.0,113.0,271.0,7.02,2.284154234243759,4,5,40000.0,17.06,2.3095553,2.3022142934807106,2.0843757353866135,113.0,0,0.25283123777766847,9.214864001018514,2.3298054713303893
7657,1.0,40.0,664.0,1.91,0.2450975408495481,7,1,60000.0,12.64,0.23766886,0.2596810075279793,0.2643492785535333,40.0,0,0.05267555665587393,4.746129169008661,0.25000499593821157
7658,0.0,0.0,129.0,0.0,,4,2,40000.0,3.62,1.9083053,2.1063025291464657,1.7149842267761741,0.0,0,0.2327038710391762,24.510042505126265,5.703581770277629
7659,0.0,0.0,605.0,0.0,,2,0,40000.0,5.52,0.16420735,0.15745184302266846,0.21500123939749027,0.0,0,0.08671129870920573,24.510042505126265,2.1252976170373326
7660,3.0,192.0,299.0,27.66333333333333,17.94661545158976,19,4,20000.0,86.30000000000001,16.233013,15.4338884729979,16.10399046486126,192.0,2,0.6651908275325303,27.51938601605588,18.305643157207353
7662,0.0,0.0,352.0,0.0,,2,5,60000.0,1.45,0.5188879,0.3604590588448622,0.5731947901490777,0.0,0,0.13003749495488048,24.510042505126265,3.1872245286042626
7663,5.0,329.0,335.0,15.27,15.806373946319464,24,4,100000.0,94.11,15.792906,15.66621066773301,15.64439388478646,329.0,2,1.0383135258732124,15.527791300847923,16.122715734606803
7664,1.0,92.0,399.0,7.92,1.4984074680900676,6,1,20000.0,25.58,1.8248358,1.6117446012081114,1.3918326153162974,92.0,0,0.15280867742518248,10.001921016440992,1.5283803222334849
7666,0.0,0.0,455.0,0.0,,4,2,60000.0,20.16,0.2944627,0.28452612945670974,0.4175025357080271,0.0,0,0.10805163668686844,24.510042505126265,2.648350207943606
7670,0.0,0.0,64.0,0.0,,3,2,60000.0,8.96,2.8358364,3.0662856793576654,2.919768228233216,0.0,0,0.302560551766563,24.510042505126265,7.415771984172914
7672,2.0,120.0,376.0,11.195,3.764891261847498,14,3,20000.0,45.07,3.8013508,3.5346217406231375,3.8231387171889084,120.0,0,0.31773109968424673,12.086398824436834,3.8402247897107022
7674,0.0,0.0,337.0,0.0,,4,3,40000.0,3.89,0.5745363,0.6193862709786494,0.6067269769125998,0.0,0,0.1340098229869541,24.510042505126265,3.284586457514692
7675,0.0,0.0,211.0,0.0,,6,5,20000.0,14.4,0.8801563,1.0703102215542644,0.9175115869277297,0.0,0,0.18030496991893746,24.510042505126265,4.41928247659867
7678,0.0,0.0,579.0,0.0,,3,1,,8.57,,,,0.0,0,0.08978444063491792,24.510042505126265,2.200620456260824
7683,2.0,524.0,669.0,12.37,3.4467637775180915,7,0,60000.0,35.87,3.4381652,3.4687248222217404,3.3938260730542926,524.0,0,0.2666971262303442,13.182736392956796,3.515797911853751
7684,0.0,0.0,150.0,0.0,,4,3,40000.0,8.48,1.8295996,1.7489371376874463,1.6908836280271293,0.0,0,0.21657396530504883,24.510042505126265,5.308237095130488
7685,4.0,291.0,350.0,11.0475,9.096752905869517,21,2,40000.0,51.269999999999996,9.116549,9.287002911154113,8.94694948177947,291.0,1,0.8058899591728257,11.513743477866939,9.278810261304574
7689,2.0,276.0,443.0,8.105,3.1609827583629726,14,4,60000.0,25.240000000000002,3.2877464,3.4260535288916696,3.1138798120164948,276.0,0,0.3503377780704302,9.203264282541783,3.22425115974064
7693,0.0,0.0,211.0,0.0,,4,4,20000.0,8.21,0.905293,1.061896652970923,0.9186433945231949,0.0,0,0.18030496991893746,24.510042505126265,4.41928247659867
7694,1.0,270.0,714.0,14.08,1.5880249399230304,9,2,140000.0,33.48,1.4953859,1.8096176187128052,1.6050420235176261,270.0,0,0.10525937882327664,15.388889033110406,1.6198249004055356
7695,0.0,0.0,357.0,0.0,,4,4,80000.0,25.58,0.5770776,0.3364790160862038,0.5618624403325567,0.0,0,0.12876528841928309,24.510042505126265,3.156042692341471
7696,4.0,644.0,652.0,8.6075,4.616705335779831,22,2,20000.0,61.85,4.586732,4.531736350970673,4.751361107516833,644.0,1,0.5142019604064457,9.158247135743016,4.709188631085776
7698,0.0,0.0,204.0,0.0,,2,1,40000.0,2.62,1.0682485,1.0779659762924738,1.0090084942418382,0.0,0,0.1838360563868678,24.510042505126265,4.505829556016919
7700,3.0,180.0,230.0,9.726666666666667,8.390051212393681,18,0,20000.0,41.86,8.787712,8.266456763658727,8.529985292934917,180.0,1,0.8227460007401721,10.401525856061674,8.557813799670237
7701,1.0,9.0,580.0,9.01,0.5725522056738719,5,4,60000.0,13.93,0.58070934,0.5679692069148456,0.6439683566742413,9.0,0,0.053309561130783854,10.955134512897107,0.5840134130112483
7702,10.0,673.0,719.0,14.297,15.428107550051198,46,2,40000.0,146.58,15.078433,15.282894126129296,14.56567709321549,673.0,2,1.0897255436789093,14.441484199135306,15.7372542204331
7703,0.0,0.0,227.0,0.0,,2,5,40000.0,9.72,0.97416764,1.0765600712976962,0.8603315370493405,0.0,0,0.17272314791610915,24.510042505126265,4.233451697043046
7704,5.0,527.0,682.0,22.25,12.53389571479972,23,3,20000.0,133.38,12.550689,12.752715301030905,12.436502255003532,527.0,1,0.5729832394196314,22.31305374645678,12.785005816989148
7705,0.0,0.0,246.0,0.0,,4,1,40000.0,8.84,0.9628848,0.9824393278784656,0.8505916539307252,0.0,0,0.16451041912116818,24.510042505126265,4.032157365195968
7708,2.0,518.0,640.0,7.84,2.4473840133375555,12,3,20000.0,31.580000000000002,2.4065063,2.6062582645820562,2.329090538093101,518.0,0,0.27874020338377076,8.956005171343664,2.4963987029664354
7711,5.0,286.0,314.0,21.97,23.247491219437368,29,3,80000.0,115.93,23.256935,23.51565158608637,23.045430872873503,286.0,2,1.0758518234107155,22.0408655681229,23.712705411015477
7713,1.0,85.0,241.0,14.6,4.133258455014477,9,1,,29.71,,,,85.0,1,0.26609070756625963,15.843633086465616,4.215843538397838
7714,0.0,0.0,661.0,0.0,,5,2,40000.0,13.44,0.10199685,0.16413434778162986,0.2021775556909864,0.0,0,0.08075814472077389,24.510042505126265,1.9793855597413064
7715,0.0,0.0,550.0,0.0,,3,4,140000.0,3.59,0.23061122,0.16083391158083377,0.24226580255572028,0.0,0,0.09347997688441252,24.510042505126265,2.2911982068151717
7717,1.0,321.0,537.0,4.79,1.1614082124747527,7,2,40000.0,31.33,1.1140147,1.1292813407046691,1.1986542902304889,321.0,0,0.16306961321391614,7.264711618360594,1.1846537137167048
7718,0.0,0.0,208.0,0.0,,5,3,40000.0,19.45,0.9198416,1.0754504401628622,0.9306340711695471,0.0,0,0.18180149632348702,24.510042505126265,4.455962402384223
7720,3.0,302.0,622.0,19.733333333333334,6.352932532793119,14,3,140000.0,71.62,6.3487954,6.3616266388585645,6.285216781810674,302.0,1,0.3247983320996078,19.95138948741321,6.480178028581459
7721,2.0,342.0,641.0,13.129999999999999,3.3248914979013673,13,3,40000.0,42.24,3.4724247,3.160237876140644,3.402884232456134,342.0,0,0.24413442717395095,13.891856862808005,3.3914805175841516
7723,1.0,35.0,322.0,42.24,6.274416331372214,7,2,,58.25,,,,35.0,1,0.15993656367445847,40.01502853788487,6.399866159684696
7724,1.0,275.0,511.0,9.3,1.801687653855657,7,1,60000.0,22.32,1.7659146,1.8238464420432576,1.8308565109677009,275.0,0,0.163956398129058,11.20874177342213,1.8377449287290022
7725,0.0,0.0,655.0,0.0,,3,0,120000.0,11.81,0.001156053,0.1641765514373381,0.1942579212991573,0.0,0,0.08135656676365653,24.510042505126265,1.9940529094483643
7726,4.0,114.0,294.0,8.6625,6.198983038273471,18,1,20000.0,65.92,6.1500306,6.0271753278067886,6.162355990079995,114.0,1,0.6864372403031576,9.211342340176138,6.323008415478137
7727,0.0,0.0,344.0,0.0,,5,1,40000.0,15.1,0.421924,0.5079300031132475,0.6279910194855676,0.0,0,0.13212624324539285,24.510042505126265,3.2384198379872307
7728,0.0,0.0,130.0,0.0,,3,1,20000.0,12.77,1.7978957,2.0949962246997424,1.7303744091774744,0.0,0,0.2318812550813483,24.510042505126265,5.683419418185872
7729,0.0,0.0,193.0,0.0,,4,4,40000.0,7.78,1.068788,1.2051799124754747,0.9825174873867999,0.0,0,0.1896741160191654,24.510042505126265,4.6489206457519945
7731,1.0,362.0,574.0,19.68,3.12435816136038,11,5,20000.0,32.5,3.1173723,3.086526117737261,3.3498246232142654,362.0,0,0.157097444922564,20.28613268462805,3.1868996121151807
7733,3.0,594.0,726.0,19.766666666666666,6.939368172333909,18,5,20000.0,100.13,8.755861,8.492426291105993,8.140928419692827,594.0,1,0.3542169475882855,19.98320115840372,7.078388517372456
7734,1.0,83.0,142.0,19.26,8.00757096133276,8,1,40000.0,41.1,8.008471,8.277031749581255,8.024035021797626,83.0,1,0.41003240703628285,19.918839410764228,8.167369668964831
7743,4.0,537.0,713.0,13.8075,6.262714681995185,16,0,40000.0,86.92999999999999,6.564079,6.669234561431329,6.096004862248185,537.0,1,0.4505652958548476,14.178157373056294,6.388185671467698
7745,2.0,49.0,150.0,16.055,10.847726176595563,13,2,40000.0,38.93,10.84809,10.732465504066159,10.595179029162125,49.0,1,0.665685447323008,16.62103761848536,11.064382862033971
7746,3.0,279.0,304.0,7.076666666666667,5.418912224758922,13,1,60000.0,33.45,5.388886,5.441644849156836,5.433555924873914,279.0,1,0.7021053005694949,7.872498012316015,5.527322583169887
7747,0.0,0.0,166.0,0.0,,5,5,140000.0,15.73,1.3396149,1.5614320264899844,1.3495906028028113,0.0,0,0.20571505014536728,24.510042505126265,5.042084623007133
7750,2.0,240.0,645.0,11.82,2.512925044909526,14,2,40000.0,37.1,2.5503113,2.478971061535886,2.4413389857988066,240.0,0,0.2023159064142798,12.669557105564474,2.5632529296797557
7751,1.0,10.0,98.0,17.8,7.961166517222162,6,2,40000.0,21.76,7.985935,7.946194152665088,7.738735842441435,10.0,1,0.43556940194502863,18.642058030189986,8.11991006723437
7752,0.0,0.0,467.0,0.0,,4,2,40000.0,11.52,0.34475756,0.29636303432358474,0.3114972941624883,0.0,0,0.10596489225972978,24.510042505126265,2.597204013337102
7753,2.0,185.0,506.0,7.904999999999999,2.246300542401967,10,5,20000.0,30.73,2.3117256,2.2696244557056167,2.319071184771295,185.0,0,0.25411549706551867,9.016653632580937,2.2912714197109194
7757,0.0,0.0,68.0,0.0,,5,2,40000.0,4.38,2.8321168,2.447622245721759,2.8897118316924724,0.0,0,0.2970647471771156,24.510042505126265,7.281069580085691
7758,1.0,339.0,344.0,11.4,3.345838235246383,6,2,80000.0,16.52,3.3407464,3.2358235342941177,3.2506195214704894,339.0,0,0.26160902868377756,13.045208142741245,3.412744231200243
7764,1.0,27.0,157.0,9.97,3.8127857840719095,8,0,20000.0,17.92,3.82192,3.9107867962087854,3.8802488061768434,27.0,0,0.3297162018939441,11.794661996014419,3.8888911559487203
7767,0.0,0.0,117.0,0.0,,3,0,40000.0,23.67,2.1337872,2.1012261728155797,2.0234395893855917,0.0,0,0.24305299808713618,24.510042505126265,5.95723931411408
7768,3.0,25.0,658.0,10.433333333333332,0.2758019934489524,15,3,40000.0,34.66,0.28160244,0.5093981864107958,0.3553989728713125,25.0,0,0.025399807568987354,11.075933281060514,0.2813265739858798
7769,1.0,218.0,442.0,28.8,4.976952627743824,9,0,20000.0,56.260000000000005,4.956006,4.77437982436069,5.242840890588813,218.0,1,0.17962607992002133,28.261643774242504,5.076528283263257
7770,0.0,0.0,139.0,0.0,,5,4,60000.0,4.08,1.9950944,1.815874464116353,1.7488992638956162,0.0,0,0.2247323910198213,24.510042505126265,5.5082004561744755
7775,1.0,48.0,697.0,19.79,1.0150670901229204,9,4,40000.0,34.04,1.0182505,0.8910878840512887,1.1766810755362638,48.0,0,0.0507985561345772,20.382328542068574,1.0353928605976654
7776,0.0,0.0,273.0,0.0,,2,2,60000.0,2.48,0.69896954,0.7024506320913153,0.5603721077972441,0.0,0,0.15410086951959562,24.510042505126265,3.777018862002205
7779,0.0,0.0,136.0,0.0,,3,4,20000.0,25.56,1.8549714,1.679733772570617,1.7262881833049875,0.0,0,0.22706565356009917,24.510042505126265,5.565388820212306
7780,3.0,539.0,607.0,13.063333333333333,5.558500712444384,18,3,80000.0,63.87,5.997339,6.020468057308226,5.8739996353263795,539.0,1,0.41733276222447974,13.58587412221187,5.669830374656758
7781,2.0,24.0,712.0,9.584999999999999,0.40016980422304593,15,2,60000.0,37.86,0.3462483,0.34067915468467636,0.15837848394526866,24.0,0,0.03856560166404397,10.584183092252033,0.40818538907510105
7782,15.0,291.0,341.0,15.934666666666667,43.52128769487199,67,3,40000.0,255.67,43.503952,37.784163297398045,42.8234410992323,291.0,2,2.7717743904595347,16.015927253810123,44.3925370015738
7786,0.0,0.0,270.0,0.0,,3,1,60000.0,5.83,0.79005593,0.7576312607621982,0.5731800171293164,0.0,0,0.15519182722288835,24.510042505126265,3.803758281681205
7787,0.0,0.0,257.0,0.0,,3,3,80000.0,9.69,0.8386342,0.7646260778315274,0.5930153276734442,0.0,0,0.16010388934744493,24.510042505126265,3.9241531331419073
7788,0.0,0.0,267.0,0.0,,6,3,100000.0,12.44,0.7642119,0.7646260778315274,0.5227786443301383,0.0,0,0.15629837682012593,24.510042505126265,3.8308798593435283
7789,0.0,0.0,36.0,0.0,,5,0,20000.0,4.13,4.490524,3.3857901453698576,3.883018494306405,0.0,0,,24.510042505126265,
7791,0.0,0.0,539.0,0.0,,4,5,20000.0,16.54,0.29737318,0.1666198110010848,0.27281534726104884,0.0,0,0.09496265039374611,24.510042505126265,2.327538597550163
7792,0.0,0.0,493.0,0.0,,3,1,60000.0,3.16,0.2887776,0.24120296274651262,0.2217081591876715,0.0,0,0.10170928748309833,24.510042505126265,2.492898959376847
7793,6.0,230.0,297.0,15.408333333333333,19.58612305421773,30,4,40000.0,107.84,19.581684,19.389502231995422,19.491417574655358,230.0,2,1.2789284834195696,15.620931801102017,19.97805461798393
7794,1.0,43.0,53.0,17.8,11.50374907042493,8,5,40000.0,45.730000000000004,11.50608,12.452583125486777,11.667872097154929,43.0,1,0.6293764758546709,18.642058030189986,11.732872785719243
7797,0.0,0.0,30.0,0.0,,4,5,20000.0,4.29,4.5605164,3.360335406915204,3.781072757673503,0.0,0,,24.510042505126265,
7800,0.0,0.0,157.0,0.0,,5,4,40000.0,7.17,1.8249383,1.7419188173226912,1.6107929712917892,0.0,0,0.21168479920263686,24.510042505126265,5.188403426145748
7801,4.0,602.0,701.0,15.35,7.269778463251098,18,3,80000.0,67.89,6.9692044,7.17649247896677,7.1354944388713095,602.0,1,0.473307623589232,15.667236515567012,7.4154224833934625
7806,0.0,0.0,519.0,0.0,,5,1,40000.0,10.58,0.267873,0.24758052257746216,0.22243135604072162,0.0,0,0.09778261766049394,24.510042505126265,2.3966561151212167
7807,1.0,37.0,208.0,8.58,2.750427708742831,6,4,60000.0,16.23,2.7830265,2.7938127918311615,2.675064165967763,37.0,0,0.26517993220312464,10.579096161084145,2.8053640027666296
7808,1.0,84.0,167.0,12.69,5.074185307852709,8,4,120000.0,22.049999999999997,5.1255574,5.225083858308436,5.182057261220295,84.0,1,0.36515666870493574,14.173323198180132,5.175483483525842
7810,4.0,283.0,379.0,19.7,14.482840926297557,24,5,20000.0,93.31,14.4673605,14.450358476954554,14.388242363344238,283.0,2,0.743596928218924,19.866584502550236,14.772731210298035
7811,0.0,0.0,560.0,0.0,,2,4,40000.0,14.4,0.2270649,0.16311403599244909,0.2198690035113966,0.0,0,0.09217174067507036,24.510042505126265,2.25913328171745
7812,6.0,252.0,313.0,7.411666666666666,9.530910119664982,30,1,60000.0,60.98,9.525275,9.532107046411541,9.943281376070805,252.0,1,1.2446014918637527,7.811051928926541,9.721646883767216
7813,4.0,380.0,510.0,14.5275,8.623184601089482,20,2,20000.0,70.09,7.701304,8.54835097962617,8.269496809342831,380.0,1,0.5913895396010544,14.873221867453518,8.795867832577672
7814,0.0,0.0,108.0,0.0,,3,5,20000.0,2.77,2.4632902,2.2614615300957173,2.1649657461642784,0.0,0,0.25144289641055056,24.510042505126265,6.162876078634655
7816,2.0,246.0,253.0,24.619999999999997,13.683063572349635,14,4,40000.0,58.480000000000004,13.641882,13.272667908909414,13.37921807697077,246.0,2,0.5670518581925618,24.612638703058533,13.956642511591504
7818,3.0,638.0,648.0,10.99,4.577837711125141,16,4,40000.0,45.5,4.5832143,4.693655934069771,4.6408135040043215,638.0,1,0.40229676931180913,11.607188186602057,4.669534308264204
7821,1.0,15.0,380.0,15.48,1.8392893152297596,6,4,80000.0,19.77,1.8049524,1.9266216614696543,1.8881099281166662,15.0,0,0.11292689503493678,16.613199945989816,1.8760770864952092
7822,4.0,483.0,638.0,13.0275,6.519233098560749,17,2,40000.0,75.47,6.5431013,6.805139203543788,6.789475089280106,483.0,1,0.4953251456628939,13.425170837459303,6.649824700613764
7823,4.0,672.0,721.0,10.9325,5.247736461685054,24,5,20000.0,80.23,6.4584203,5.9347839956463195,5.416420397255498,672.0,1,0.46943810744961834,11.402726232234048,5.352874222226069
7828,2.0,185.0,481.0,13.895,3.911351372643789,10,3,60000.0,40.78,3.8446085,4.196047091225177,3.773568408909803,185.0,0,0.27315811859766476,14.605642598908236,3.9896498532276805
7830,1.0,2.0,589.0,5.68,0.38393465969946783,7,5,40000.0,10.48,0.40302968,0.43397034327819706,0.42695022374970026,2.0,0,0.04869069166079312,8.043023555833933,0.39162037997760596
7831,4.0,478.0,599.0,11.1,6.0026553689219675,18,4,20000.0,69.63,6.0311284,6.139756513626096,6.090801192277414,478.0,1,0.5294589809762528,11.564425263916737,6.122888815809389
7832,2.0,436.0,631.0,3.475,1.2966154169496227,15,3,100000.0,45.61,1.3266684,1.481080093679269,1.2963952452625644,436.0,0,0.27084190014399634,4.8832277359482275,1.3225826788400832
7835,0.0,0.0,520.0,0.0,,5,4,60000.0,15.83,0.32834804,0.25823114013877146,0.2129666648311428,0.0,0,0.0976376436566328,24.510042505126265,2.3931027961244418
7836,9.0,308.0,330.0,18.545555555555556,32.7571026279965,55,5,40000.0,186.34,32.775414,34.610192444227096,33.210551274939036,308.0,2,1.7926113007027051,18.639163707402638,33.4127754975377
7839,0.0,0.0,336.0,0.0,,5,3,20000.0,9.74,0.55431503,0.6274142755229832,0.6177858847965281,0.0,0,0.13428330633754706,24.510042505126265,3.2912895460621696
7841,2.0,299.0,742.0,17.04,3.1793016413062785,15,5,80000.0,48.980000000000004,3.161956,3.249127153813802,3.2089561637264765,299.0,0,0.18488999837061293,17.54009506954252,3.2429881488281125
7842,2.0,113.0,398.0,17.384999999999998,5.009392319526289,12,2,120000.0,67.92,4.999548,4.605172669779372,4.78057186424636,113.0,1,0.28606195396430883,17.861998440724975,5.109638175661224
7843,1.0,438.0,558.0,7.4,1.6103239119086168,9,4,40000.0,19.41,1.522778,1.6556017719828136,1.771169101317347,438.0,0,0.17204632523205254,9.547176963085782,1.6425567128390162
7845,0.0,0.0,711.0,0.0,,2,5,80000.0,6.62,0.020402184,0.14842466729558043,0.16383791757160093,0.0,0,0.07609407438007285,24.510042505126265,1.865068997443825
7848,0.0,0.0,255.0,0.0,,4,1,20000.0,11.4,0.65716285,0.7595166133402564,0.658399443936128,0.0,0,0.16088739073955746,24.510042505126265,3.943356785565411
7849,4.0,438.0,538.0,12.84,7.5311435419842265,22,2,40000.0,62.5,7.557755,7.666071203369825,7.428540506984884,438.0,1,0.580026768785657,13.244164458710026,7.681969916251416
7851,1.0,152.0,420.0,19.11,3.278369009110852,11,4,40000.0,31.02,3.304166,3.4269836255532957,3.4792142091053777,152.0,0,0.16899184247389032,19.78766324152715,3.343953669438546
7852,3.0,207.0,323.0,21.373333333333335,13.266445531451133,20,3,80000.0,80.56,13.338304,13.429823172362882,13.229760026635569,207.0,1,0.6289065376098114,21.516523700146376,13.531882421658505
7855,1.0,320.0,641.0,28.8,3.634401670820383,10,3,80000.0,52.43,3.6625514,3.734035273032782,3.9116484198651986,320.0,0,0.1311730842051721,28.261643774242504,3.7071669785752897
7856,2.0,127.0,622.0,14.385000000000002,2.073285442336487,14,4,20000.0,39.410000000000004,2.0916984,1.9314191616345435,2.0571506850435046,127.0,0,0.14039891086101441,15.062838691312308,2.1148061467353956
7857,2.0,459.0,668.0,31.485,7.839806782001124,17,3,40000.0,89.03,7.825797,8.001280168511295,7.908282044198584,459.0,1,0.257812068313332,31.018049262964528,7.996827435529707
7859,0.0,0.0,392.0,0.0,,4,4,40000.0,17.0,0.48904854,0.3470455313103681,0.46960240625144767,0.0,0,0.12051308759359797,24.510042505126265,2.9537808993430907
7860,2.0,193.0,317.0,16.655,7.562383537632461,13,2,40000.0,41.05,7.5767655,7.544784298148154,7.5371976850664435,193.0,1,0.44896759524161095,17.180869568367893,7.713653694269907
7861,0.0,0.0,489.0,0.0,,5,4,60000.0,6.37,0.39754632,0.26220346494173663,0.27177446723584264,0.0,0,0.10234158565660027,24.510042505126265,2.508396614485293
7862,16.0,494.0,658.0,19.161875,26.148871725931276,85,4,40000.0,326.79,26.141161,26.46988669977066,26.28832732228069,494.0,2,1.3885279885997013,19.209415129259437,26.672810551607277
7863,0.0,0.0,277.0,0.0,,3,5,60000.0,2.27,0.7550071,0.704837334756696,0.5631561714888802,0.0,0,0.15266994792535407,24.510042505126265,3.7419469129058416
7865,2.0,527.0,620.0,8.115,2.6108642368913935,8,1,140000.0,17.8,2.6342576,2.6206680198448957,2.591025684701192,527.0,0,0.2890771358667773,9.212594815039825,2.6631505230328356
7868,0.0,0.0,172.0,0.0,,2,4,40000.0,6.92,1.4291673,1.4679978317335576,1.276769263847771,0.0,0,0.20191945266645192,24.510042505126265,4.949054367466568
7869,1.0,105.0,256.0,5.42,2.0145661230612575,6,1,20000.0,7.83,2.0284383,1.9498854125069416,1.9226447155401045,105.0,0,0.26291142279216,7.815651529156329,2.0548240635782116
7870,1.0,17.0,375.0,15.84,1.9369713611373498,10,1,120000.0,31.97,1.8904375,1.891439777108189,2.0580326600520182,17.0,0,0.11671249581816333,16.928022752158807,1.9757117846711083
7872,0.0,0.0,311.0,0.0,,4,4,60000.0,7.33,0.66158754,0.6401761159608397,0.5786050604597701,0.0,0,0.1415033962266603,24.510042505126265,3.4682542561351677
7873,1.0,460.0,590.0,8.06,1.6292546050523447,8,0,40000.0,22.0,1.6159643,1.5868611293210706,1.750499093408699,460.0,0,0.16414577427692156,10.124352107728935,1.6618696157753488
7874,1.0,304.0,346.0,10.33,3.0175849517801554,6,0,20000.0,12.32,2.9998538,2.7124631651383204,3.0368491812253686,304.0,0,0.2541749507967116,12.10948480218341,3.077927703768495
7880,0.0,0.0,437.0,0.0,,4,5,60000.0,8.0,0.41489664,0.28816811360505024,0.4320613967905338,0.0,0,0.11134074246647613,24.510042505126265,2.7289663304056466
7881,0.0,0.0,684.0,0.0,,6,3,20000.0,8.14,0.07677102,0.15814581502061087,0.2025861993226581,0.0,0,0.07854356274761505,24.510042505126265,1.9251060614480968
7882,2.0,2.0,209.0,12.195,4.778020566382575,12,2,40000.0,29.79,4.7433558,4.80092747255946,4.9199701450564515,2.0,1,0.3743256481913066,13.019452074241057,4.873514836785935
7884,0.0,0.0,122.0,0.0,,5,1,40000.0,21.63,2.1634495,2.117819708987443,1.8606684685383401,0.0,0,0.2386305314963922,24.510042505126265,5.848844469997445
7886,0.0,0.0,212.0,0.0,,5,1,60000.0,2.64,1.0573436,1.0575556275488978,0.9354553205730021,0.0,0,0.17981160334603805,24.510042505126265,4.407190040926297
7887,3.0,484.0,490.0,19.19,9.56457660802503,18,2,40000.0,73.78999999999999,8.79042,9.13108914536703,9.267272426502814,484.0,1,0.5020404555785988,19.432859250267875,9.756081511199271
7888,0.0,0.0,151.0,0.0,,6,2,80000.0,30.86,2.014432,1.5960037961845361,1.7951452300664936,0.0,0,0.21586167816604934,24.510042505126265,5.2907789070777556
7890,1.0,2.0,118.0,22.4,8.293270611538734,8,1,60000.0,26.18,8.3092785,8.027936810074426,8.067463632910776,2.0,1,0.37320886390787544,22.664793886793763,8.45870197719646
7893,2.0,144.0,311.0,26.924999999999997,11.134890925090339,14,2,40000.0,92.73,14.580294,14.151401417752034,11.21675875647112,144.0,1,0.42437226784632276,26.763326443857267,11.357613538091169
7896,4.0,507.0,525.0,18.345,11.087985896465252,19,2,140000.0,77.19,9.548455,9.623365965403336,10.276471796148638,507.0,1,0.6094258803324345,18.558511738788795,11.31003735407118
7897,0.0,0.0,458.0,0.0,,6,5,,14.7,,,,0.0,0,0.10752227435818831,24.510042505126265,2.6353755147670435
7902,0.0,0.0,731.0,0.0,,6,1,60000.0,8.74,0.002563815,0.16885967706272384,0.1559603548966333,0.0,0,0.07437597193067123,24.510042505126265,1.8229582333808299
7904,0.0,0.0,134.0,0.0,,4,4,60000.0,29.72,2.2055023,1.541681098232139,1.755209447028622,0.0,0,0.22864838077945207,24.510042505126265,5.6041815316326655
7905,2.0,194.0,622.0,8.41,1.7510484428614546,11,4,20000.0,25.63,1.8129683,1.8258458342615451,1.9218609779827798,194.0,0,0.18825305020085584,9.487845523732071,1.786115859677099
7906,3.0,458.0,563.0,7.596666666666667,3.5752402698348167,19,1,20000.0,25.04,3.5618734,3.484673530688084,3.5622583812593627,458.0,0,0.43576825404478337,8.368760079767993,3.6468399684801804
7909,2.0,312.0,454.0,10.205,3.860244888560847,13,4,80000.0,49.05,3.8331792,3.821207215470255,4.06228625384581,312.0,0,0.3527391273617144,11.162676107130652,3.9375126290507256
7910,0.0,0.0,268.0,0.0,,4,1,60000.0,7.72,0.76270026,0.7576312607621982,0.558240463970809,0.0,0,0.15592777389606963,24.510042505126265,3.8217963659223844
7913,1.0,30.0,684.0,5.99,0.3779536766109109,8,1,100000.0,21.11,0.39518186,0.42031747615280834,0.4331156526797333,30.0,0,0.0463694975314322,8.314120972257232,0.3855216118991104
7914,1.0,552.0,611.0,23.05,3.784656497940526,9,2,80000.0,28.52,3.7932587,3.705705536863559,3.766745051445936,552.0,0,0.1661596263317182,23.23322395348778,3.8604238105926543
7915,2.0,400.0,592.0,8.815000000000001,2.7440241644653893,9,1,120000.0,29.51,2.7847693,2.777341212840237,2.848316712861838,400.0,0,0.28370659833905554,9.865732089902783,2.79897329135078
7917,4.0,270.0,317.0,11.29,9.989600870511557,20,4,80000.0,47.58,10.011862,9.807957953312675,9.485476020892856,270.0,1,0.8673499709017336,11.747845061049336,10.189493071859216
7920,3.0,640.0,673.0,16.356666666666666,6.364816248707918,18,3,20000.0,58.7,6.3542514,6.187857484781299,6.23009598461001,640.0,1,0.3880904469380657,16.7288672160744,6.492313554653869
7921,0.0,0.0,485.0,0.0,,2,0,100000.0,4.94,0.3452836,0.2525796494421802,0.28431751768359437,0.0,0,0.10298180312961679,24.510042505126265,2.5240883719614526
7924,1.0,211.0,387.0,4.54,1.4258011055625717,8,0,60000.0,31.32,1.3998592,1.517675495926882,1.4335187853894666,211.0,0,0.2064011204934983,7.046084669632128,1.454319770904132
7927,0.0,0.0,698.0,0.0,,4,3,40000.0,8.17,0.08727246,0.13281219493703497,0.20384514424759193,0.0,0,0.07725408322982545,24.510042505126265,1.8935008636575839
7929,2.0,258.0,357.0,11.91,5.348651838264603,12,4,20000.0,38.89,5.2576222,5.24452702586514,5.379673955014514,258.0,1,0.42777681010675345,12.753531898046853,5.455665192941212
7930,1.0,28.0,666.0,4.22,0.3186343454390592,9,5,40000.0,10.52,0.4232002,0.3598870105658794,0.3919871656943297,28.0,0,0.04803467150956672,6.76624217525969,0.32501422024277543
7934,5.0,308.0,341.0,13.898,14.123465771154255,24,3,40000.0,73.52000000000001,14.085272,14.05917707837908,13.89662715763001,308.0,2,1.01494044620587,14.194069227011912,14.406134954740478
7936,0.0,0.0,126.0,0.0,,2,1,20000.0,9.42,2.1005986,2.0949962246997424,1.874468810208139,0.0,0,0.23520727192888102,24.510042505126265,5.764940232491665
7938,1.0,241.0,737.0,9.36,1.0499413986020634,5,1,60000.0,18.32,1.0502275,1.031945792963679,0.979792235853961,241.0,0,0.09510231756178288,11.261212241116958,1.0709673826853416
7939,0.0,0.0,128.0,0.0,,4,3,40000.0,16.32,2.211291,2.1232865327001407,1.8683539854912574,0.0,0,0.23353236996272297,24.510042505126265,5.723888314109212
7940,0.0,0.0,259.0,0.0,,3,1,40000.0,14.15,0.77497166,0.7687021800361291,0.6148797479210284,0.0,0,0.15932799961681487,24.510042505126265,3.9051360428648736
7942,0.0,0.0,428.0,0.0,,4,5,100000.0,15.91,0.46469098,0.3057411399814059,0.4871492773178776,0.0,0,0.11306164348375161,24.510042505126265,2.771145687486184
7945,0.0,0.0,192.0,0.0,,2,2,80000.0,16.61,1.0934173,1.455887031869392,0.9958380082720826,0.0,0,0.19022334637271027,24.510042505126265,4.662382305062485
7946,7.0,273.0,359.0,11.147142857142857,14.268601336721346,32,1,100000.0,89.6,14.251285,14.531394393644447,14.245822496083692,273.0,2,1.2749441062052962,11.415580057159033,14.554226512789628
7950,0.0,0.0,333.0,0.0,,3,4,40000.0,5.81,0.6024937,0.6134756308635777,0.5610598655894989,0.0,0,0.13511050676778594,24.510042505126265,3.311564263767583
7951,1.0,109.0,457.0,16.81,2.3474273589803034,9,0,80000.0,32.86,2.3516092,2.2990670907871564,2.33751874737509,109.0,0,0.1346960249960472,17.77629531322526,2.3943963178473058
7952,4.0,337.0,374.0,8.6775,7.04225302873677,22,4,100000.0,69.34,7.0808253,7.319441478658529,7.674948528578043,337.0,1,0.7785981387320667,9.22582285047608,7.183208499652446
7954,0.0,0.0,113.0,0.0,,6,2,40000.0,8.74,2.5467982,2.415004644829032,2.1667799876196883,0.0,0,0.2467113448132615,24.510042505126265,6.046905547869902
7956,0.0,0.0,628.0,0.0,,3,2,40000.0,0.62,0.09886452,0.1816365932423923,0.18769004329939953,0.0,0,0.08416308611870243,24.510042505126265,2.062840818131999
7958,0.0,0.0,267.0,0.0,,6,1,60000.0,19.81,0.65386015,0.7521719157262727,0.5629959088717227,0.0,0,0.15629837682012593,24.510042505126265,3.8308798593435283
7960,0.0,0.0,249.0,0.0,,2,2,40000.0,16.5,0.9058576,0.9853831367847795,0.6120817923387136,0.0,0,0.1632847041768933,24.510042505126265,4.002115039812623
7961,0.0,0.0,651.0,0.0,,3,0,60000.0,2.28,0.032988094,0.16466149542511874,0.19811937580518002,0.0,0,0.08176046977476546,24.510042505126265,2.0039525894185926
7963,4.0,445.0,567.0,20.405,11.102325957779291,21,3,40000.0,96.75,11.140506,11.061209903933845,11.1198922003925,445.0,1,0.5511557033475547,20.54716848664752,11.324689099058926
7964,0.0,0.0,44.0,0.0,,3,2,140000.0,4.4,3.493528,3.0389036428612566,2.9732376159142926,0.0,0,0.3334270386539515,24.510042505126265,8.17231088976673
7965,0.0,0.0,278.0,0.0,,3,3,40000.0,9.56,0.7245756,0.7054695163343584,0.5896974460380147,0.0,0,0.15231636894886041,24.510042505126265,3.733280677163063
7967,0.0,0.0,217.0,0.0,,6,4,40000.0,5.37,1.0486151,1.060640481222291,0.8410193855711592,0.0,0,0.1773848342286961,24.510042505126265,4.347709826710118
7968,1.0,286.0,473.0,5.89,1.4644994216094067,7,2,,8.37,,,,286.0,0,0.18158065265580314,8.226670192765846,1.4938041427864641
7969,3.0,161.0,321.0,9.59,5.903773394256485,16,2,60000.0,46.05,5.935663,6.1777085581445865,5.802654709400473,161.0,1,0.5862952122391372,10.271098005000576,6.021895584770792
7970,2.0,191.0,330.0,15.015,6.607098369173128,12,2,40000.0,32.77,6.5607862,6.548189277470966,6.507704330367862,191.0,1,0.43060607804327855,15.650662238688968,6.739270285381894
7971,0.0,0.0,480.0,0.0,,4,4,40000.0,9.54,0.42699376,0.2622173420278903,0.22659695032122684,0.0,0,0.10379344016258198,24.510042505126265,2.543981630138164
7972,0.0,0.0,575.0,0.0,,6,1,40000.0,21.72,0.11448425,0.16611813233143283,0.23405502669011113,0.0,0,0.09027668822026276,24.510042505126265,2.212685465500672
7976,1.0,65.0,153.0,10.72,4.576675289831404,10,0,40000.0,16.96,4.5790944,4.573495200858776,4.661570125807417,65.0,1,0.37492524877567296,12.450542842199816,4.668022872503941
7977,10.0,301.0,377.0,9.621,16.622980686406834,43,1,80000.0,117.44999999999999,19.81522,17.325795417582533,16.86212516798404,301.0,2,1.724614868801767,9.831635702452518,16.955785117091917
7978,1.0,363.0,527.0,14.62,2.695084554045174,9,4,40000.0,42.769999999999996,2.6930654,2.24599093575759,2.736633344116589,363.0,0,0.1733184047640851,15.861123242363892,2.749024578133063
7980,0.0,0.0,444.0,0.0,,5,1,60000.0,20.42,0.28327054,0.28158232055039595,0.3936724266575071,0.0,0,0.11003810162744496,24.510042505126265,2.6970385480720793
7981,0.0,0.0,351.0,0.0,,3,1,40000.0,2.75,0.47884092,0.3657101706570829,0.6124690630124006,0.0,0,0.13029496383541259,24.510042505126265,3.193535101809852
7983,1.0,450.0,527.0,2.18,0.8998948766680488,6,1,40000.0,10.81,0.924795,1.0725839987178916,1.0713823950175891,450.0,0,0.18423528731149239,4.982246273635405,0.9179055736798312
7986,2.0,359.0,511.0,7.755,2.8120079334922985,14,0,20000.0,26.46,2.8313959,2.7914157583273957,2.7997216625272303,359.0,0,0.32312757933295594,8.876695645110305,2.8683051762798843
7989,4.0,540.0,580.0,10.1875,5.869729299588606,23,2,20000.0,43.79,5.8480687,5.8664609378409605,5.628279936709475,540.0,1,0.5604230415989675,10.68352755400359,5.9872950068210695
7990,0.0,0.0,232.0,0.0,,5,4,120000.0,12.58,0.9734942,1.0337502504376836,0.8443382512333342,0.0,0,0.170483229287286,24.510042505126265,4.178551196242567
7993,0.0,0.0,67.0,0.0,,5,5,40000.0,13.07,2.870896,2.422167507267105,2.8555572111743666,0.0,0,0.29841977519693513,24.510042505126265,7.314281374447105
7994,2.0,17.0,180.0,11.955,6.231164782347273,14,0,120000.0,44.879999999999995,6.231828,6.767540749714724,6.502230310472629,17.0,1,0.496710083048728,12.795519294288043,6.355663451317415
7996,0.0,0.0,655.0,0.0,,4,1,80000.0,11.59,0.032876007,0.1708126093872841,0.18901680517060981,0.0,0,0.08135656676365653,24.510042505126265,1.9940529094483643
7997,0.0,0.0,234.0,0.0,,5,5,40000.0,12.27,0.95374244,1.0493450122941665,0.8459442158861306,0.0,0,0.16960348622196783,24.510042505126265,4.1569886563180285
8000,0.0,0.0,642.0,0.0,,5,2,80000.0,11.54,0.06093406,0.1737564182935979,0.18277910519011265,0.0,0,0.08268409099214016,24.510042505126265,2.026590584715083
8001,0.0,0.0,28.0,0.0,,3,4,60000.0,6.38,4.6178083,3.1868080462125628,3.7826800595811156,0.0,0,,24.510042505126265,
8002,2.0,259.0,372.0,6.645,3.164925334619741,14,3,40000.0,21.09,3.1351743,3.021799093696357,3.3709116320784607,259.0,0,0.4117140544374974,7.841006537827616,3.2282525925599326
8003,3.0,468.0,626.0,12.803333333333335,5.120527859598583,18,1,20000.0,50.470000000000006,5.1823564,5.187218992192681,5.138889138783435,468.0,1,0.3916022299164037,13.337743088485881,5.223089935503173
8008,0.0,0.0,137.0,0.0,,4,3,40000.0,7.73,1.9258057,1.7896535437672147,1.7148751925376917,0.0,0,0.22628251237145533,24.510042505126265,5.54619399639113
8009,0.0,0.0,169.0,0.0,,4,1,60000.0,23.67,1.5659953,1.6390980025192112,1.3933248778489302,0.0,0,0.20379951865485418,24.510042505126265,4.995134864754749
8012,0.0,0.0,316.0,0.0,,2,3,60000.0,9.72,0.65835494,0.6460867560759114,0.6208904063227694,0.0,0,0.13999781208601997,24.510042505126265,3.431352324853029
8014,0.0,0.0,272.0,0.0,,4,1,60000.0,3.74,0.70945555,0.6995068231850016,0.5689639160481201,0.0,0,0.15446281008540655,24.510042505126265,3.7858900406545604
8015,3.0,463.0,561.0,6.796666666666667,3.268329938629226,14,2,20000.0,46.44,3.2844992,3.393581611993888,3.3769486010186354,463.0,0,0.4383511128760816,7.6052799759957175,3.333782941211902
8020,1.0,5.0,255.0,18.96,3.4988796772528996,6,3,40000.0,23.98,3.4982479,3.5318495104592236,3.416588571393935,5.0,0,0.18155831435504877,19.65648707229007,3.5687986589867924
8022,0.0,0.0,239.0,0.0,,2,4,40000.0,13.16,0.8805925,0.9948515793012468,0.8545985775729061,0.0,0,0.16744344369180578,24.510042505126265,4.104045922090876
8029,0.0,0.0,201.0,0.0,,2,0,60000.0,9.61,1.0490838,1.1590607580872114,1.0197936359229107,0.0,0,0.1853922040526247,24.510042505126265,4.543970801448872
8034,2.0,21.0,246.0,4.955,2.143464160736058,10,4,100000.0,19.259999999999998,2.136963,2.081926539377537,2.126282710541104,21.0,0,0.3490209057263364,6.264146545658479,2.1863181009682235
8039,2.0,199.0,269.0,3.49,2.5128728133679132,10,2,80000.0,11.3,2.5188446,2.5703172894170194,2.635736291183594,199.0,0,0.5233825576900828,4.897223534695291,2.5631213791688894
8040,7.0,259.0,302.0,16.054285714285715,23.656983549619834,33,4,80000.0,130.89000000000001,23.621704,23.699708980602843,23.959180059268558,259.0,2,1.487314561731049,16.224147027080466,24.130410125042285
8041,1.0,12.0,489.0,17.68,1.34268152649019,12,5,20000.0,48.239999999999995,1.3382226,1.0683875545098525,1.0331348370436686,12.0,0,0.0738815213096233,18.53711709480032,1.3695504116584722
8042,0.0,0.0,258.0,0.0,,4,1,40000.0,26.54,0.8918564,0.8987888930564856,0.6466122808506274,0.0,0,0.15971499998836897,24.510042505126265,3.914621438421164
8044,0.0,0.0,69.0,0.0,,6,3,60000.0,9.58,2.8379862,2.2516512075969466,2.920269206388159,0.0,0,0.2957220461344392,24.510042505126265,7.248159920458015
8046,1.0,205.0,608.0,32.54,3.603121997711388,7,3,60000.0,43.2,3.6527884,3.6869614710984493,3.880198009072026,205.0,0,0.11655521792220126,31.53230292722036,3.675254439271034
8048,1.0,25.0,446.0,7.68,0.9057463737494624,8,4,40000.0,14.82,0.90043277,0.9313553435173431,0.9573696439923376,25.0,0,0.09434891733395662,9.792039145661665,0.9238682918848996
8054,0.0,0.0,719.0,0.0,,3,0,20000.0,5.04,-0.04803711,0.11860929313373371,0.15431653256998512,0.0,0,0.07539738964788589,24.510042505126265,1.8479932250452502
8055,1.0,71.0,573.0,5.7,0.646931429261693,6,1,40000.0,12.06,0.62203956,0.5870604329269602,0.6710189470636507,71.0,0,0.08186590600027212,8.060513711732213,0.6598812578385739
8056,0.0,0.0,406.0,0.0,,4,3,120000.0,11.15,0.47459307,0.3230451853362154,0.4514170406905933,0.0,0,0.11750135493095368,24.510042505126265,2.8799632037676024
8059,4.0,573.0,595.0,11.645,6.5404279876204106,17,0,40000.0,55.089999999999996,6.493984,6.599313597684019,6.441465839302906,573.0,1,0.5517889244785154,12.0905504714813,6.671431841011874
8060,0.0,0.0,709.0,0.0,,1,4,60000.0,1.65,0.024716,0.14161836645857215,0.17739111167506394,0.0,0,0.0762702631807932,24.510042505126265,1.8693873924384081
8061,4.0,143.0,334.0,11.2775,7.4292443620319055,24,1,60000.0,69.19,7.386706,7.034467001787057,7.347715384097039,143.0,1,0.645710684308131,11.73577796913272,7.577917223336977
8062,0.0,0.0,583.0,0.0,,5,1,20000.0,22.88,0.110507615,0.16237893478415752,0.22527390648194778,0.0,0,0.0892975364540824,24.510042505126265,2.1886864140926217
8063,3.0,401.0,570.0,10.316666666666668,4.467085627075684,21,5,20000.0,61.99,4.4308057,4.340319707209115,4.62605101330669,401.0,1,0.4155692567595989,10.964592432593728,4.556547527884898
8068,2.0,363.0,637.0,11.16,2.977552276071393,17,4,80000.0,35.31,2.759202,2.9361755868839037,2.8905953482043447,363.0,0,0.25197025459588923,12.053741960693687,3.037184430669141
8069,0.0,0.0,27.0,0.0,,4,5,20000.0,4.42,4.5605164,3.360335406915204,3.781072757673503,0.0,0,,24.510042505126265,
8070,3.0,377.0,559.0,16.996666666666666,7.083005239602928,18,3,60000.0,71.99,7.120684,7.045074890323009,7.06048847415352,377.0,1,0.4166665016848397,17.33965129909222,7.224851847227742
8072,0.0,0.0,376.0,0.0,,3,2,40000.0,7.74,0.47469053,0.3686539795633967,0.5312964320812048,0.0,0,0.12415011533694903,24.510042505126265,3.042924603924949
8074,4.0,540.0,646.0,12.495,6.371351281483793,20,4,40000.0,53.22,6.3829217,6.298592895417399,6.142872481163702,540.0,1,0.5033634815352956,12.911112721811357,6.498982650145612
8077,4.0,305.0,326.0,16.575000000000003,14.242129620839084,20,4,40000.0,75.9,14.20881,14.110204176625858,14.362101373124943,305.0,2,0.8621537934533169,16.849811523395626,14.527128923868952
8079,0.0,0.0,107.0,0.0,,4,5,80000.0,3.35,2.5979812,2.181542282573782,2.1559784738331036,0.0,0,0.2524111775430864,24.510042505126265,6.1866086903500195
8080,0.0,0.0,235.0,0.0,,4,3,40000.0,17.11,0.9098746,1.0413827387899712,0.8774803846849135,0.0,0,0.16916701941515327,24.510042505126265,4.146290836330927
8083,1.0,324.0,566.0,6.27,1.2900916005655472,6,0,40000.0,12.11,1.3085663,1.3537223890948296,1.328898537358941,324.0,0,0.1537466738491397,8.558983154833115,1.3159151915864078
8087,9.0,324.0,358.0,15.029999999999998,25.069112452323843,40,2,20000.0,141.59,20.619923,23.520354751904037,22.96925783179815,324.0,2,1.6846519583882062,15.17878216112125,25.570965093680883
8089,2.0,332.0,503.0,17.2,5.580767204413984,12,2,80000.0,58.16,6.258072,5.640308635810458,5.685681571972852,332.0,1,0.32180278531927714,17.689383589511195,5.692492909685815
8091,3.0,521.0,714.0,12.956666666666665,4.6052342193888895,16,4,100000.0,46.93,4.6171875,4.4971759032621925,4.547949325682293,521.0,1,0.3483732412177519,13.484076775042231,4.697491530950473
8094,0.0,0.0,547.0,0.0,,5,2,60000.0,4.27,0.1957141,0.1445961152992164,0.2668559420013228,0.0,0,0.09387972698051743,24.510042505126265,2.300996098662131
8097,0.0,0.0,302.0,0.0,,4,1,40000.0,4.98,0.6534459,0.6688633143145443,0.6379360681260016,0.0,0,0.14429682692080711,24.510042505126265,3.5367213611838304
8098,2.0,179.0,663.0,21.174999999999997,3.332358625022307,12,3,40000.0,57.47,3.3427942,3.190608189645684,3.4931907632364814,179.0,0,0.15884931167944796,21.39827025748298,3.3991005015319753
8101,0.0,0.0,231.0,0.0,,4,2,140000.0,8.28,0.9140701,1.0404900399498302,0.8828640275439712,0.0,0,0.17092654113325753,24.510042505126265,4.189416788430355
8105,0.0,0.0,321.0,0.0,,4,4,120000.0,5.58,0.6715863,0.6106621677985429,0.610286000729336,0.0,0,0.138523986595012,24.510042505126265,3.395228799423285
8106,3.0,241.0,290.0,7.6433333333333335,5.893895251370326,17,4,80000.0,34.57,5.8758955,5.793557619917111,5.95674318411206,241.0,1,0.7145591359592096,8.413296419154708,6.0117978198399005
8107,0.0,0.0,675.0,0.0,,6,3,40000.0,31.08,0.18288621,0.056865591680240954,0.2354834988053618,0.0,0,0.07939550689682345,24.510042505126265,1.9459872487571883
8108,3.0,306.0,647.0,8.266666666666667,2.7158126938992666,17,2,40000.0,30.8,2.706285,2.7664049201979566,2.6999067640965584,306.0,0,0.307521989434446,9.008174666677274,2.7702117946695726
8110,1.0,65.0,325.0,11.1,2.2568852196311138,8,3,20000.0,15.79,2.217598,2.3438491431217128,2.326899652001604,65.0,0,0.18008573684480295,12.782855804267086,2.3020100064923046
8111,1.0,476.0,668.0,4.62,1.0053506367605953,11,2,40000.0,8.879999999999999,1.0139396,0.9923037408155613,0.9489471775058753,476.0,0,0.14410819316472018,7.116045293225237,1.0254804296850002
8113,0.0,0.0,176.0,0.0,,5,2,60000.0,24.7,1.5411727,1.4171200187304223,1.3067411232952457,0.0,0,0.19946617999333202,24.510042505126265,4.888924549971734
8114,0.0,0.0,240.0,0.0,,4,2,40000.0,13.4,0.84655124,1.0007622194163184,0.8710390766822886,0.0,0,0.16701803727706147,24.510042505126265,4.09361919278354
8115,2.0,102.0,287.0,11.085,4.928045281011889,15,5,60000.0,35.24,4.984179,5.154175984600527,4.951841764717583,102.0,1,0.41945101417718744,11.98376296695837,5.026601530149709
8116,4.0,627.0,690.0,15.035,7.301515463380042,17,2,120000.0,68.1,6.917316,7.035061198672454,6.985073840561193,627.0,1,0.48478303117866633,15.363145799268228,7.447792389009046
8117,1.0,165.0,478.0,8.37,1.5059668054693747,10,5,20000.0,16.939999999999998,1.5052208,1.4460680340305931,1.4940259215145995,165.0,0,0.14776676181984952,10.395449524152232,1.5361019138456709
8118,4.0,95.0,320.0,13.8025,7.1772625404106165,22,4,120000.0,78.4,8.978928,6.294806905149814,7.324034056614565,95.0,1,0.516525181616534,14.173330536289647,7.320882129368178
8119,1.0,12.0,135.0,1.32,1.4586128312441708,7,0,60000.0,5.98,1.9597082,1.8415750715333277,1.953285647956914,12.0,0,0.3516921644351291,4.230169570009481,1.4877174920042535
8121,3.0,340.0,358.0,3.733333333333333,2.890727502112161,10,2,20000.0,21.549999999999997,2.8999581,2.9079457855622106,3.1188818739103974,340.0,0,0.629797116872566,4.681787411967716,2.9485762138675398
8123,0.0,0.0,652.0,0.0,,5,3,60000.0,19.32,0.010720006,0.16151933533023846,0.1928778243986553,0.0,0,0.08165911824664643,24.510042505126265,2.0014684591564356
8124,1.0,169.0,496.0,13.95,2.12760396533331,7,2,20000.0,26.46,2.193825,2.120097892969272,1.8965877552124129,169.0,0,0.14207217970905828,15.275203019771602,2.170181388517341
8125,1.0,10.0,657.0,29.9,1.2187712723052009,10,4,40000.0,40.7,1.236518,1.188724631123522,1.337145087258274,10.0,0,0.04254005437895409,29.223602348647756,1.243173633060406
8129,0.0,0.0,634.0,0.0,,4,3,20000.0,5.04,0.100465044,0.17516830792886706,0.185080264528378,0.0,0,0.08352279682606972,24.510042505126265,2.047147300353994
8130,1.0,238.0,303.0,2.3,1.3558634871712205,6,4,60000.0,11.260000000000002,1.3718046,1.400432404435511,1.4166204741249935,238.0,0,0.2718533223508983,5.087187209025069,1.382968744194459
8134,0.0,0.0,320.0,0.0,,3,2,40000.0,4.62,0.6170447,0.6235927190245301,0.6535820662730387,0.0,0,0.13881625941724984,24.510042505126265,3.402392418719428
8137,1.0,383.0,483.0,5.85,1.5532337765208362,8,5,40000.0,14.06,1.5344537,1.4990831544408696,1.5806165249358024,383.0,0,0.19340519171320122,8.191689880969292,1.5843153518839566
8138,0.0,0.0,552.0,0.0,,4,4,40000.0,8.28,0.2884643,0.16977778612116934,0.27346365524506844,0.0,0,0.09321536446055176,24.510042505126265,2.2847125450589596
8139,1.0,13.0,292.0,6.22,1.342928451225601,8,0,60000.0,13.57,1.3257569,1.2291646371759057,1.2363638666668457,13.0,0,0.16086099954726618,8.515257765087423,1.3697728754945828
8140,3.0,511.0,559.0,8.049999999999999,3.865321617904495,11,1,40000.0,31.76,3.8418798,3.7046506541976445,3.724523139725961,511.0,0,0.4479662739313972,8.801398805238946,3.942729828167142
8141,2.0,393.0,457.0,7.390000000000001,3.0828663164551466,7,4,100000.0,23.47,3.118007,3.062592740438425,3.0882897689435342,393.0,0,0.3683840441762041,8.536131208931764,3.1445745363649933
8145,0.0,0.0,234.0,0.0,,3,3,40000.0,13.41,0.9544793,1.0468420838258967,0.8692764488113482,0.0,0,0.16960348622196783,24.510042505126265,4.1569886563180285
8146,1.0,91.0,396.0,10.92,1.9037831140833916,10,1,120000.0,21.939999999999998,1.7296923,2.0082471608853414,1.7040590845456745,91.0,0,0.15380560789856557,12.625444401182591,1.9418641511134296
8147,0.0,0.0,712.0,0.0,,3,3,140000.0,2.92,-0.024270602,0.15367889891366657,0.1753400790159203,0.0,0,0.07600628506938299,24.510042505126265,1.8629172777073209
8148,1.0,105.0,146.0,5.76,3.315388355434556,9,4,100000.0,11.36,3.0849285,3.136959137718734,3.0870316304765404,105.0,0,0.41680770285678514,8.112984179427045,3.3815542991404266
8151,1.0,132.0,246.0,2.29,1.4321257495114672,5,0,40000.0,11.61,1.4302293,1.384906482979751,1.524578730357658,132.0,0,0.287635823608693,5.0784421310759305,1.4607418850211114
8153,0.0,0.0,358.0,0.0,,5,3,20000.0,19.94,0.33633286,0.3712226390718048,0.6248346920276635,0.0,0,0.12851383317159334,24.510042505126265,3.1498795135324587
8154,1.0,698.0,714.0,7.8,1.4481407358043983,10,5,140000.0,28.2,1.4429151,1.5646044879854009,1.4990209201197047,698.0,0,0.14925154178848796,9.896980081051328,1.4771395361468653
8158,1.0,28.0,603.0,9.48,0.6430728982188022,9,3,20000.0,24.6,0.64692914,0.6198398144889768,0.6603609997094946,28.0,0,0.05771052461913935,11.366153176506625,0.6559466627176945
8159,3.0,157.0,544.0,11.030000000000001,2.773389629848788,16,4,100000.0,45.47,2.7901998,2.747719212703144,3.038538086933846,157.0,0,0.24292316150440688,11.645362191790673,2.8289282004936793
8161,0.0,0.0,454.0,0.0,,6,0,20000.0,7.13,0.2128362,0.30745916392250716,0.432459508635084,0.0,0,0.1082292523705285,24.510042505126265,2.652703575899691
8163,0.0,0.0,56.0,0.0,,7,3,40000.0,21.13,3.1683419,3.088899156959227,2.9600038179425376,0.0,0,0.3141900948631404,24.510042505126265,7.700812579785225
8164,5.0,503.0,701.0,23.002,12.271407509548297,28,4,40000.0,130.76,12.271219,12.005796844562724,12.776909224985141,503.0,1,0.5431881276785689,23.044073425410627,12.517267098036266
8165,2.0,198.0,223.0,8.94,5.930865931785858,12,1,,25.189999999999998,,,,198.0,1,0.6060104728937653,9.982363746128309,6.049416974388795
8166,2.0,52.0,114.0,16.11,13.199310926496757,9,2,140000.0,44.6,13.1798525,13.08292036788483,13.089731279351405,52.0,1,0.8074918660777984,16.67235554722459,13.46279149274092
8169,10.0,321.0,357.0,12.162,22.510654675206546,46,3,80000.0,131.05,22.548176,22.333420882232243,22.650612175667078,321.0,2,1.8612205326959637,12.336688104093016,22.961297204803962
8171,1.0,82.0,698.0,24.14,1.4632852445157598,8,1,100000.0,36.38,1.4580065,1.446735885434694,1.383282734417464,82.0,0,0.061711702546148314,24.18643744994389,1.4925862335619593
8172,6.0,466.0,621.0,11.693333333333333,8.44523719987263,27,0,60000.0,85.65,8.476409,8.455249560185166,8.652147066394525,466.0,1,0.7183048255232676,11.992707075158055,8.614419363173063
8173,1.0,231.0,362.0,35.91,7.680235120954102,13,4,40000.0,46.709999999999994,7.66845,8.079337599200286,7.980800039328133,231.0,1,0.22720329975326975,34.47939419608009,7.833832134843133
8175,0.0,0.0,581.0,0.0,,6,5,120000.0,11.4,0.1469849,0.19039272120484543,0.1737244725418865,0.0,0,0.08954032607580474,24.510042505126265,2.19463719804084
8176,3.0,197.0,236.0,18.926666666666666,15.366878425879197,15,1,20000.0,64.81,15.340631,15.214398053863691,15.339339167575638,197.0,2,0.8171478929877344,19.18154704944283,15.674160755697303
8179,2.0,166.0,242.0,5.63,3.7422839730309105,16,3,60000.0,14.52,3.755113,3.5767846808624326,3.7351537697796466,166.0,0,0.5536878302539692,6.893957489276329,3.8171003641005115
8180,0.0,0.0,301.0,0.0,,5,1,60000.0,20.52,0.5447508,0.6523330500046879,0.6283343885381507,0.0,0,0.14461404451857424,24.510042505126265,3.5444963779884766
8181,3.0,455.0,597.0,8.68,3.77235038508306,19,3,60000.0,30.43,3.77837,3.683095669285885,3.792813473381549,455.0,0,0.4092365763574147,9.402639386959613,3.847903951442733
8182,0.0,0.0,87.0,0.0,,5,2,100000.0,21.95,2.699688,2.2070993644319294,2.274482400006131,0.0,0,0.27348329039810965,24.510042505126265,6.703087072099457
8183,0.0,0.0,95.0,0.0,,3,4,40000.0,2.21,2.730494,2.3361774094587258,2.233747169452106,0.0,0,0.26464371036682005,24.510042505126265,6.486428589805084
8184,0.0,0.0,176.0,0.0,,6,4,60000.0,19.95,1.3561383,1.4845712307073247,1.2854331915078836,0.0,0,0.19946617999333202,24.510042505126265,4.888924549971734
8185,0.0,0.0,408.0,0.0,,2,4,140000.0,2.99,0.46790078,0.31523696485380065,0.4509797343863582,0.0,0,0.11708336848199548,24.510042505126265,2.86971833813707
8187,1.0,21.0,529.0,21.44,1.4790000251636541,7,1,80000.0,39.650000000000006,1.2174366,1.1904214450423893,1.4006091227039716,21.0,0,0.06912178044606919,21.825266403676455,1.508601272531894
8188,3.0,116.0,226.0,12.22,9.600153631284462,17,3,40000.0,42.54,9.582998,9.228605113036705,9.249416848182497,116.0,1,0.7661432201563843,12.78103884615193,9.792106258534677
8189,3.0,143.0,487.0,9.92,2.9451834935769883,17,2,80000.0,41.24,3.0002964,3.374444579791502,2.897807156655616,143.0,0,0.28378450559082,10.58603354780664,3.0041522965321414
8190,1.0,16.0,354.0,19.82,2.522812493062666,10,2,40000.0,28.07,2.5127623,2.4808170995019694,2.6518769809539093,16.0,0,0.12608745054439438,20.408563775915994,2.5732637757779266
8191,5.0,175.0,222.0,18.992,24.74722498946095,33,5,140000.0,117.36,24.7502,24.762754810771696,25.009530277974047,175.0,2,1.3184067268970106,19.14594987141471,25.242149103306108
8195,2.0,129.0,186.0,5.165,4.131235855896257,12,0,80000.0,15.35,4.158502,4.140397985126093,4.20745789800406,129.0,1,0.6522796134238696,6.460087728117366,4.21378352598068
8196,1.0,17.0,527.0,20.53,1.391970511472997,10,0,140000.0,38.94,1.3733717,1.4555950086773786,1.3662775732524866,17.0,0,0.06751620959866732,21.02946431030484,1.4198297201222354
8198,1.0,394.0,647.0,7.48,1.3229573215384538,9,4,,12.920000000000002,,,,394.0,0,0.14031670081445327,9.617137586678894,1.3494450174414554
8199,5.0,513.0,531.0,9.78,7.364164396910587,25,3,40000.0,54.41,7.3737955,7.137858872558089,7.106777062963031,513.0,1,0.7370898919797724,10.190958804230071,7.511652724180253
8202,5.0,633.0,678.0,12.164,7.3923103561396495,27,0,80000.0,67.13,7.3898067,7.297524557159894,7.286894847340317,633.0,1,0.6028254784987909,12.508446722615673,7.540410380837425
8203,8.0,232.0,302.0,10.99625,17.989529443447648,40,1,40000.0,98.12,17.979362,17.97048094705695,18.127901152986524,232.0,2,1.633338551330963,11.234382784802774,18.349550502827274
8204,5.0,187.0,283.0,13.116,14.184231573927281,29,3,20000.0,79.83,14.1939945,14.023721747983558,14.612175796347666,187.0,2,1.0769799698916795,13.433886528950865,14.468026709477742
8206,0.0,0.0,588.0,0.0,,4,4,140000.0,10.9,0.15067704,0.16516161302620835,0.18492022991126777,0.0,0,0.08869628863620473,24.510042505126265,2.1739498045203254
8207,1.0,11.0,525.0,12.19,0.8730473538775536,8,0,80000.0,17.32,0.8638596,1.0212137044016154,0.896291174987657,11.0,0,0.06483081688641922,13.736069300723198,0.8905205935743501
8211,2.0,18.0,335.0,8.23,1.8976154190708456,9,1,20000.0,36.35,1.8897209,1.919868446854873,1.8936908217550048,18.0,0,0.20768230046803982,9.319895938767312,1.9355774286859369
8212,0.0,0.0,296.0,0.0,,4,2,40000.0,3.67,0.57475495,0.671807123220858,0.6083010592666334,0.0,0,0.14622132812980285,24.510042505126265,3.5838909676174824
8215,0.0,0.0,693.0,0.0,,5,4,20000.0,8.57,0.12910952,0.16592079064210527,0.19542203157583415,0.0,0,0.07770971940832153,24.510042505126265,1.904668525759396
8217,0.0,0.0,250.0,0.0,,4,1,60000.0,19.23,0.8849321,0.965909063568609,0.6094436295549466,0.0,0,0.16288019103515206,24.510042505126265,3.9922004055146627
8218,1.0,201.0,435.0,2.44,0.9097232952860888,6,3,80000.0,14.559999999999999,0.9018533,0.9869418071353532,1.0019250981911005,201.0,0,0.17811743766216384,5.20961830031301,0.9279238628496704
8220,0.0,0.0,711.0,0.0,,3,2,40000.0,22.53,-0.16977854,0.1548441708240254,0.17765114354048972,0.0,0,0.07609407438007285,24.510042505126265,1.865068997443825
8224,0.0,0.0,388.0,0.0,,3,3,60000.0,11.34,0.48178145,0.3520379566304157,0.46020401282624235,0.0,0,0.12140219044148998,24.510042505126265,2.975572847936353
8226,0.0,0.0,178.0,0.0,,3,4,60000.0,7.74,1.4555656,1.4730465721895751,1.276339781378078,0.0,0,0.19826183774726117,24.510042505126265,4.859406070329818
8228,8.0,268.0,340.0,9.59125,14.627019156801332,37,1,60000.0,82.61,14.618368,14.62446193808926,14.156552873611627,268.0,2,1.5140642973285383,9.854140939297228,14.91980297703344
8229,1.0,124.0,302.0,11.27,2.9358193169088915,10,0,40000.0,33.84,2.907696,3.066789029137032,3.157279260782694,124.0,0,0.23156664967914728,12.931522129402442,2.994509254757476
8230,0.0,0.0,379.0,0.0,,3,1,60000.0,4.01,0.46109262,0.3593326108261334,0.56311398206112,0.0,0,0.12345152023465684,24.510042505126265,3.0258020082738946
8231,2.0,141.0,306.0,22.725,9.61192176058417,15,4,20000.0,56.019999999999996,9.09787,9.49340898008407,9.409969655560822,141.0,1,0.4291700097759362,22.84450279467953,9.804175487719016
8235,2.0,540.0,685.0,9.88,2.7884330005261155,9,1,40000.0,23.6,2.7333508,2.689668316211684,2.8318033852165576,540.0,0,0.26191821691071554,10.85943380094428,2.8442835378032805
8236,0.0,0.0,194.0,0.0,,3,0,40000.0,13.56,1.0508093,1.1540120176311939,1.0128312126590586,0.0,0,0.18912805787755158,24.510042505126265,4.635536737490769
8237,2.0,134.0,316.0,12.255,5.236225254963395,16,4,20000.0,46.39,5.6561728,5.898752707155938,5.228630778837744,134.0,1,0.4084731845750754,13.075435269229311,5.340964684127355
8239,7.0,288.0,329.0,10.094285714285714,14.326884433808983,34,0,60000.0,75.49,14.317657,14.146608608264982,14.433572899961336,288.0,2,1.4073396526624613,10.383872966378219,14.613636173793843
8240,1.0,38.0,202.0,8.51,2.8238203442711245,11,0,60000.0,23.740000000000002,2.9813282,2.95836067564483,2.9395623803817377,38.0,0,0.2738402140865879,10.517880615440173,2.88021867946931
8241,0.0,0.0,199.0,0.0,,3,4,20000.0,7.6,0.9351184,1.2064360842241069,0.9877409348144104,0.0,0,0.18644439961941636,24.510042505126265,4.569760159514642
8242,7.0,338.0,438.0,19.215714285714284,20.88524378905971,34,4,40000.0,142.13,20.85601,20.820017886749756,20.48581521752945,338.0,2,1.1025448466578773,19.322068047294767,21.30344655231768
8245,1.0,138.0,354.0,13.57,2.9381205229986715,8,0,20000.0,28.23,3.3445594,2.883937096568751,3.0346149753606135,138.0,0,0.20055539035909195,14.942890057704332,2.9968771486158863
8247,0.0,0.0,319.0,0.0,,6,3,60000.0,32.34,1.0131137,0.9635281257377147,0.8003450948334896,0.0,0,0.13910977044531878,24.510042505126265,3.4095863864931206
8248,2.0,584.0,724.0,26.385,6.473213682950356,16,3,20000.0,67.73,6.4627495,6.310595891023943,6.437103570412409,584.0,1,0.25144742868424896,26.259477688962992,6.602878143481148
8252,1.0,237.0,250.0,14.42,4.933992504502269,11,3,40000.0,31.270000000000003,4.9415364,4.937863668140115,4.968109220962019,237.0,1,0.3208283850445019,15.68622168338112,5.032585170129213
8253,0.0,0.0,459.0,0.0,,4,1,40000.0,11.77,0.33990148,0.29341922541727095,0.29781688717954147,0.0,0,0.1073469723324415,24.510042505126265,2.6310788546647546
8254,2.0,361.0,433.0,17.19,6.613254075973229,13,1,80000.0,49.79,6.557295,6.489884402265379,7.068579394453742,361.0,1,0.3815382108076822,17.680053057013154,6.745615810357691
8255,2.0,129.0,661.0,5.71,0.8543910826304247,12,1,40000.0,29.560000000000002,0.8246669,0.8584905402395878,0.6934284293637578,129.0,0,0.12506140280012365,6.968601749260667,0.8715031103179346
8259,4.0,580.0,714.0,11.855,5.5448723338807815,19,0,20000.0,53.66,5.5160446,5.177836608579295,5.1949494255412265,580.0,1,0.46008574839031086,12.293277615680493,5.655961831980216
8260,0.0,0.0,144.0,0.0,,5,3,40000.0,9.11,1.8273677,1.7847632240174567,1.7586012608520072,0.0,0,0.22094880148677595,24.510042505126265,5.415464515897584
8263,2.0,438.0,483.0,16.825,6.059510481905756,12,4,20000.0,46.96,6.1128016,6.3573395187611395,5.887382288517094,438.0,1,0.3564587386236713,17.33948862083461,6.180812242162207
8266,0.0,0.0,197.0,0.0,,5,0,20000.0,10.22,0.83350515,1.16065349937546,1.0260996328977656,0.0,0,0.18750864352413096,24.510042505126265,4.595844822855018
8267,0.0,0.0,268.0,0.0,,5,1,40000.0,10.2,0.7622618,0.7687021800361291,0.5803083437609926,0.0,0,0.15592777389606963,24.510042505126265,3.8217963659223844
8269,5.0,381.0,713.0,14.187999999999999,5.967888363314367,23,4,40000.0,94.21000000000001,5.9798946,5.725404962290116,5.924013176299579,381.0,1,0.42052137956408664,14.475978411714859,6.087458412234269
8270,1.0,41.0,174.0,5.4,2.423052263817837,4,1,20000.0,20.58,2.4437354,2.4746504104606117,2.4484122007450853,41.0,0,0.31692462349701583,7.798161373258052,2.47142935718878
8271,0.0,0.0,82.0,0.0,,3,2,40000.0,10.69,2.736122,2.511985285527335,2.455666514357319,0.0,0,0.27931608460091295,24.510042505126265,6.84604910593382
8272,1.0,263.0,385.0,7.95,2.17238401494477,8,1,120000.0,20.91,2.1573358,2.2406658741873513,2.0720412450438435,263.0,0,0.22096138018878683,10.02815625028841,2.2158352458125363
8274,0.0,0.0,267.0,0.0,,4,4,80000.0,27.94,1.110008,1.0370862129065508,0.5130646127453051,0.0,0,0.15629837682012593,24.510042505126265,3.8308798593435283
8275,8.0,577.0,669.0,13.56125,12.418246494324741,42,3,60000.0,142.04,12.458695,12.123705500884775,12.416012131160901,577.0,1,0.920960076973256,13.754183734070907,12.667054110434247
8277,0.0,0.0,610.0,0.0,,4,3,20000.0,2.12,0.15509796,0.15330074265018845,0.18816517875432393,0.0,0,0.08614428906878352,24.510042505126265,2.111400186649768
8279,9.0,263.0,303.0,19.13666666666667,35.37658699535641,50,3,80000.0,184.76999999999998,35.37868,34.28522533259626,35.15731999788095,263.0,2,1.8773528500631622,19.22099777270659,36.084594949648405
8281,4.0,366.0,423.0,15.2175,10.767113472252092,24,3,20000.0,70.63,10.737764,10.552375638037729,10.727791718175002,366.0,1,0.7067660665831318,15.539325341250857,10.98266784879145
8282,0.0,0.0,80.0,0.0,,3,2,20000.0,1.76,2.792,2.467503845575252,2.481608747291439,0.0,0,0.28171988021022193,24.510042505126265,6.904966238491619
8283,2.0,463.0,701.0,19.325000000000003,4.7152048263584385,17,1,140000.0,51.160000000000004,4.7004414,4.710814668134641,4.928623401552064,463.0,1,0.2444906826985745,19.672121745345173,4.8096504756489145
8284,0.0,0.0,301.0,0.0,,3,1,60000.0,3.0,0.61992306,0.6577923950406134,0.6257058631334527,0.0,0,0.14461404451857424,24.510042505126265,3.5444963779884766
8285,1.0,28.0,245.0,27.12,5.6506680295530725,7,2,40000.0,38.4,5.6629176,5.755568673541677,5.4869582177884775,28.0,1,0.2151192513810008,26.79247067878721,5.763576235068119
8287,3.0,265.0,332.0,13.163333333333334,8.674440447588156,17,5,40000.0,59.160000000000004,8.576129,8.520395311211711,8.834105891155453,265.0,1,0.6467223555018123,13.681309135183405,8.848008470254275
8288,0.0,0.0,506.0,0.0,,3,3,60000.0,1.87,0.29056007,0.24414677165282642,0.22783920888132148,0.0,0,0.09970726854054289,24.510042505126265,2.443829389998745
8289,4.0,575.0,718.0,9.805,4.613141338518911,18,4,20000.0,47.31,4.676966,4.15088279314792,4.429790490336844,575.0,1,0.45621866737403155,10.314274541355065,4.705564586186908
8290,0.0,0.0,413.0,0.0,,3,1,40000.0,9.41,0.45693424,0.3224279280978356,0.5176732015175398,0.0,0,0.11605131513004878,24.510042505126265,2.8444226666132986
8291,2.0,400.0,709.0,9.045,2.2595175960553853,12,2,40000.0,34.39,2.2470124,2.348248084644356,2.363405586268787,400.0,0,0.2286408789261957,10.080334337357753,2.3047765027633873
8293,1.0,121.0,276.0,21.38,5.388189856927325,8,4,20000.0,41.97,5.377837,5.287533208210317,5.517072493309585,121.0,1,0.2524197197701321,21.772795935981623,5.495883048772753
8294,1.0,14.0,281.0,6.27,1.4260790939365022,7,1,40000.0,21.799999999999997,1.3601403,1.3639472775261567,1.288858356664397,14.0,0,0.16994812753226482,8.558983154833115,1.4545831607440844
8296,1.0,288.0,405.0,8.65,2.2426874625967836,12,5,20000.0,27.97,2.238206,2.248986211920744,2.181757383296609,288.0,0,0.21498896986255228,10.640311706728117,2.287549652845933
8298,3.0,452.0,618.0,13.353333333333333,5.345737054357659,16,2,80000.0,49.62,5.7224517,5.559994976215212,5.58354580391915,452.0,1,0.39334569430924143,13.86263565982932,5.452808048571613
8301,0.0,0.0,673.0,0.0,,6,4,60000.0,26.03,0.028356856,0.10098565160627636,0.19115392866569003,0.0,0,0.07958734542399956,24.510042505126265,1.9506892192123955
8302,0.0,0.0,53.0,0.0,,5,4,100000.0,11.93,3.5331452,3.0733931246530806,2.9366320974304463,0.0,0,0.3187867022206464,24.510042505126265,7.813475621497073
8304,2.0,554.0,649.0,24.02,6.572790556211213,16,5,40000.0,55.75,6.56322,6.432341005190305,6.385816059162136,554.0,1,0.27873790850611996,24.052806753176,6.704429048082156
8308,0.0,0.0,506.0,0.0,,4,0,20000.0,5.76,0.19413288,0.2616204610826984,0.2429786690824951,0.0,0,0.09970726854054289,24.510042505126265,2.443829389998745
8310,4.0,392.0,645.0,17.53,7.767646255336265,22,1,40000.0,109.22,7.7778172,8.05504847102345,8.085011577482819,392.0,1,0.4458341823631772,17.771737345825276,7.923247988749153
8311,1.0,49.0,455.0,15.28,1.6993370619890673,7,2,100000.0,25.14,1.7153155,1.5884656293921953,1.748961568303292,49.0,0,0.10544511609064419,16.438298387007045,1.733338281750607
8312,0.0,0.0,650.0,0.0,,2,3,40000.0,3.96,0.12688886,0.17199791475794404,0.20995421895268418,0.0,0,0.08186207337848955,24.510042505126265,2.0064428980645443
8314,1.0,355.0,405.0,28.27,6.178935814423255,8,2,60000.0,45.55,6.188321,6.0749671357112245,6.300088300171972,355.0,1,0.2267250422865452,27.798154642938155,6.302537786908076
8315,1.0,54.0,333.0,4.26,1.1148412203248972,7,0,60000.0,6.09,1.1105434,1.2271673159967424,1.1467878768080677,54.0,0,0.1671953631951595,6.801222487056245,1.137132863894455
8317,0.0,0.0,410.0,0.0,,5,0,20000.0,20.2,0.3475988,0.3268372951672359,0.5405889426753046,0.0,0,0.11666834925696346,24.510042505126265,2.8595461992910907
8318,0.0,0.0,657.0,0.0,,2,0,100000.0,2.86,0.008624765,0.16773319947919155,0.16739654043326269,0.0,0,0.08115610908802051,24.510042505126265,1.9891396832980466
8321,0.0,0.0,332.0,0.0,,4,1,60000.0,4.16,0.54953945,0.6132931867090836,0.5894337037339143,0.0,0,0.13538851359703055,24.510042505126265,3.318378222969084
8322,0.0,0.0,331.0,0.0,,5,5,60000.0,15.23,0.5592031,0.6266757333116658,0.5795369715344769,0.0,0,0.1356676688600545,24.510042505126265,3.3252203303313306
8323,2.0,155.0,473.0,12.030000000000001,3.2423202871925256,15,3,60000.0,64.43,3.1815197,2.432993175863002,2.6849063450955555,155.0,0,0.25706148286507563,12.865498288023362,3.307224067717377
8324,0.0,0.0,450.0,0.0,,4,1,40000.0,23.63,0.43451428,0.30120129554617003,0.40475346371138166,0.0,0,0.10894560003233625,24.510042505126265,2.670261287539047
8325,0.0,0.0,275.0,0.0,,6,3,40000.0,16.74,0.6839939,0.7054695163343584,0.5897704730229663,0.0,0,0.15338206425212852,24.510042505126265,3.759400914343678
8326,5.0,182.0,293.0,12.558000000000002,12.985795327746958,26,1,20000.0,66.41000000000001,13.012002,13.105823909886045,12.999316803568657,182.0,1,1.0274735238931072,12.891454373556922,13.245628053305738
8329,1.0,461.0,518.0,6.85,1.6775471144918175,8,5,80000.0,12.78,1.6669619,1.69401539851099,1.6871849525841558,461.0,0,0.18873632440969035,9.066197675883156,1.711120825717864
8333,1.0,11.0,180.0,8.1,2.72242916970158,9,2,100000.0,23.439999999999998,2.7270226,2.7521305520729387,2.7272543651073624,11.0,0,0.27332383992143205,10.159332419525489,2.7767877479429997
8336,3.0,141.0,278.0,16.183333333333334,10.677948625230862,19,4,20000.0,62.949999999999996,10.684722,10.938389809709074,10.919088009805524,141.0,1,0.6575645621055196,16.56344652692374,10.891535462434799
8337,1.0,13.0,141.0,37.23,11.921860043411936,12,4,40000.0,43.709999999999994,11.929712,13.23004878800591,12.381490613106598,13.0,1,0.34124306760619016,35.63374448536639,12.15976827848159
8338,2.0,309.0,313.0,14.219999999999999,7.224765736914225,12,2,20000.0,40.769999999999996,6.8260226,7.265414960450287,7.000605939904453,309.0,1,0.49428773502812073,14.90888490509461,7.369278951534153
8340,0.0,0.0,84.0,0.0,,4,0,140000.0,13.57,2.8428457,2.1667030506038096,2.4510348888935902,0.0,0,0.2769531942645993,24.510042505126265,6.78813456335582
8341,1.0,1.0,192.0,19.74,4.856707241553357,9,4,40000.0,28.58,4.82887,4.982402240044221,4.80510912134616,1.0,1,0.2435612459915185,20.338603152322882,4.953695525506787
8342,0.0,0.0,706.0,0.0,,4,2,80000.0,8.12,0.066562146,0.14484827942781497,0.17607574082414867,0.0,0,0.07653608247611607,24.510042505126265,1.8759026346654544
8344,0.0,0.0,231.0,0.0,,4,1,80000.0,6.32,0.9879026,1.0394438114108597,0.8806381105908301,0.0,0,0.17092654113325753,24.510042505126265,4.189416788430355
8345,5.0,275.0,335.0,15.946000000000002,16.04575430702867,23,3,40000.0,99.89,15.441618,16.22372469133627,15.921648437709267,275.0,2,1.0112422853718492,16.184931331396864,16.366886948148213
8350,0.0,0.0,204.0,0.0,,3,3,140000.0,26.42,1.2759885,1.231027863209657,1.0009061929649459,0.0,0,0.1838360563868678,24.510042505126265,4.505829556016919
8351,12.0,500.0,686.0,12.505,13.56526415898096,60,4,80000.0,159.01,13.56391,13.121608375694246,13.689424666417246,500.0,2,1.0941110734049546,12.646864220736182,13.837074187756379
8352,0.0,0.0,244.0,0.0,,4,1,40000.0,1.91,0.9689254,0.9824393278784656,0.8608472141795573,0.0,0,0.1653378624910729,24.510042505126265,4.0524380373629185
8354,0.0,0.0,456.0,0.0,,3,2,40000.0,5.29,0.3440345,0.29636303432358474,0.35629453033256286,0.0,0,0.10787460369767544,24.510042505126265,2.644011121853676
8355,7.0,246.0,280.0,19.1,29.590736416611385,36,4,80000.0,156.0,29.585289,29.371707065790297,29.489777302170378,246.0,2,1.5713124411579515,19.208678258484397,30.18283512575679
8356,0.0,0.0,447.0,0.0,,2,3,60000.0,10.92,0.3409154,0.28998547449263523,0.3871762288967089,0.0,0,0.10948912234666917,24.510042505126265,2.6835830425658314
8359,2.0,464.0,599.0,7.445,2.452155961018928,10,5,60000.0,19.93,2.3716052,2.4380993480996884,2.464103904184561,464.0,0,0.29126941789542354,8.587449137670996,2.5012613115359876
8362,0.0,0.0,189.0,0.0,,4,1,80000.0,3.42,1.2481058,1.4363470466154387,1.1964880358516679,0.0,0,0.19189035034287644,24.510042505126265,4.703240643227471
8363,6.0,268.0,320.0,18.128333333333334,22.143220999645802,37,5,80000.0,112.65,22.129969,21.72648986684346,21.683528071663314,268.0,2,1.2357545322179384,18.277397818482257,22.586377191339707
8364,4.0,247.0,322.0,16.13,13.549549144973351,26,4,40000.0,87.08,13.504156,13.29418464912947,13.705540723462427,247.0,2,0.8416867032381776,16.420223051164005,13.820683406369762
8367,4.0,539.0,676.0,15.23,7.306138855241207,25,4,60000.0,78.55,7.3582864,7.459034659308921,7.395114547899529,539.0,1,0.4792178329018496,15.551392433167475,7.452504580428739
8370,0.0,0.0,240.0,0.0,,2,2,120000.0,8.37,0.8665406,0.9964690380698212,0.8369215603841038,0.0,0,0.16701803727706147,24.510042505126265,4.09361919278354
8371,0.0,0.0,267.0,0.0,,5,3,60000.0,12.18,0.7995972,0.760575069668512,0.5459715640111407,0.0,0,0.15629837682012593,24.510042505126265,3.8308798593435283
8373,2.0,158.0,629.0,9.255,1.6173397612841387,11,3,60000.0,27.39,2.0936918,1.5268544063216989,1.7118853716196867,158.0,0,0.1605377355794805,10.276275519816641,1.6497300021422125
8374,4.0,557.0,741.0,8.8975,4.0323933451105525,20,2,60000.0,41.11,3.982267,3.6441558247805523,4.035517191727863,557.0,0,0.4358016323663177,9.438203668208565,4.113184565211061
8375,1.0,122.0,172.0,47.25,16.555570973348534,10,3,40000.0,50.37,14.345002,14.086597308987969,15.166187245372821,122.0,2,0.3803491520004243,44.396312590403326,16.886099845705665
8376,1.0,138.0,227.0,26.38,7.995344163877453,12,5,140000.0,32.82,8.00629,7.687416663725595,7.858559080117607,138.0,1,0.31191315022565286,26.14533491055095,8.155073775654685
8380,1.0,84.0,213.0,2.32,1.4920077441830424,8,2,40000.0,9.11,1.502519,1.4385317994868951,1.496655354485716,84.0,0,0.29812077359157074,5.1046773649233455,1.5218103649663286
8381,1.0,72.0,279.0,15.8,3.648835090286215,8,5,120000.0,23.79,3.3121138,3.669263453410964,3.574969816879781,72.0,0,0.22031352839242418,16.893042440362255,3.7217657853191763
8388,7.0,313.0,336.0,23.504285714285714,32.29465429747944,40,5,20000.0,178.69,32.29262,31.28486186905223,32.057629333790125,313.0,2,1.400287635091828,23.524489602958276,32.941051912868744
8390,0.0,0.0,457.0,0.0,,3,4,60000.0,20.98,0.2654606,0.2786154893416381,0.3452573584778742,0.0,0,0.10769815053712864,24.510042505126265,2.63968624738851
8391,2.0,91.0,275.0,8.335,3.9328543511685266,12,3,40000.0,36.83,3.8565323,3.805393638657407,3.7095500469862333,91.0,0,0.42594583358285476,9.417866529996754,4.011501009691536
8394,0.0,0.0,324.0,0.0,,3,0,20000.0,16.18,0.3154124,0.6212926487802721,0.7077318445396559,0.0,0,0.13765451937606243,24.510042505126265,3.3739181209300173
8397,3.0,192.0,254.0,18.156666666666666,13.891337112666097,14,3,20000.0,64.72999999999999,13.952368,14.221144762959366,13.968331331880567,192.0,2,0.7681132556528825,18.446697449562016,14.169152834026804
8400,1.0,126.0,306.0,15.8,3.7983519967884476,7,2,20000.0,24.96,3.8875477,3.6960292348119483,3.7652123191142843,126.0,0,0.22934217343454752,16.893042440362255,3.874287069194732
8403,1.0,89.0,679.0,12.9,0.9439890257732626,7,3,80000.0,43.86,0.9426546,0.5162384852770455,0.5438459959076294,89.0,0,0.06706782289524528,14.356969835112043,0.9628907102136733
8404,5.0,345.0,393.0,17.574,15.897950594163841,23,3,60000.0,101.99000000000001,15.860847,15.821256703675388,15.414946305921458,345.0,2,0.9126887861764675,17.767511168280993,16.21620820155521
8405,7.0,268.0,325.0,13.502857142857142,18.866394534816216,36,3,60000.0,111.16,18.818964,19.122822361416848,19.19579889052063,268.0,2,1.4022177063231036,13.723972177508507,19.24399678838807
8406,0.0,0.0,625.0,0.0,,4,1,40000.0,15.34,0.07452091,0.17869278433607852,0.19403954599066253,0.0,0,0.08448692905207998,24.510042505126265,2.0707782221940674
8407,1.0,409.0,616.0,11.79,1.977532644372344,6,0,60000.0,17.08,2.171726,2.0750294089446646,2.0032369422150493,409.0,0,0.15068597884730203,13.386266182757652,2.017122622859374
8410,1.0,224.0,648.0,5.8,0.8852570618180624,7,3,40000.0,10.76,0.9005934,0.998168441202502,0.8119550671397331,224.0,0,0.11082293675444269,8.147964491223597,0.9029813534883174
8411,0.0,0.0,609.0,0.0,,5,3,80000.0,2.81,0.100007296,0.15880080173494912,0.17335562562664641,0.0,0,0.08625709652703585,24.510042505126265,2.1141651022464276
8414,6.0,499.0,571.0,16.433333333333334,13.158947434948555,29,1,20000.0,101.16,13.124019,13.069594242973125,12.47068564005426,499.0,1,0.8075164274537595,16.62198976721038,13.422529793990673
8415,0.0,0.0,230.0,0.0,,4,4,60000.0,4.86,0.99582577,1.0348797588286744,0.8715161544757635,0.0,0,0.17137217055785858,24.510042505126265,4.200339184568862
8417,0.0,0.0,97.0,0.0,,2,1,40000.0,15.54,2.6475122,2.3243988622689447,2.2574348976097216,0.0,0,0.2625228472567665,24.510042505126265,6.434446144830117
8418,2.0,334.0,593.0,7.575,2.277585923302768,5,3,40000.0,24.450000000000003,2.2587628,2.2072209603975677,2.3575818278279814,334.0,0,0.26676569966636265,8.708746060145543,2.323194735951405
8421,0.0,0.0,313.0,0.0,,4,2,60000.0,12.47,0.6191664,0.6460867560759114,0.5968680293715529,0.0,0,0.14089728600506682,24.510042505126265,3.4533984688411197
8423,0.0,0.0,484.0,0.0,,3,1,100000.0,11.16,0.3854906,0.2583782005895431,0.23785673341425362,0.0,0,0.10314311236839412,24.510042505126265,2.5280420682603544
8427,14.0,671.0,704.0,9.983571428571429,15.217320057696611,51,3,20000.0,147.08,15.214593,15.553910838007827,14.875563953292088,671.0,2,1.532159812667421,10.130957445656751,15.52224586207906
8428,0.0,0.0,40.0,0.0,,4,2,60000.0,9.91,4.5982294,3.1699375073915523,3.8754621161368115,0.0,0,0.34037796799751807,24.510042505126265,8.342678463427676
8429,0.0,0.0,126.0,0.0,,5,1,40000.0,5.97,2.2171123,2.093607899543626,1.8515750584085353,0.0,0,0.23520727192888102,24.510042505126265,5.764940232491665
8430,0.0,0.0,342.0,0.0,,5,2,20000.0,26.93,0.49328652,0.7349964082666273,0.6279095824876881,0.0,0,0.13265897497566106,24.510042505126265,3.251477115339934
8434,1.0,26.0,133.0,6.63,3.2554156464396726,8,3,20000.0,11.879999999999999,3.0711668,3.321579791355713,3.0557801700589784,26.0,0,0.3741766404509659,8.873805961002105,3.3203709025015224
8435,5.0,434.0,689.0,19.072,9.614147208767106,26,3,80000.0,110.98,9.606747,9.595394613317893,9.791545289699407,434.0,1,0.5101387843798906,19.223717922367246,9.806764092178343
8438,1.0,68.0,108.0,29.44,13.415029112943351,9,3,20000.0,33.27,13.428246,13.829662206366196,13.107200248727011,68.0,1,0.474737866977432,28.82132876298738,13.682576140395938
8439,2.0,130.0,572.0,2.33,0.62959424212846,10,4,100000.0,26.69,0.6387631,0.6476120772476682,0.5833201204675289,130.0,0,0.168341049938423,3.814881764922392,0.6422012016979797
8441,0.0,0.0,486.0,0.0,,1,4,80000.0,0.85,0.4004704,0.26625447310475214,0.25823485718786277,0.0,0,0.10282099819526316,24.510042505126265,2.5201470361854112
8442,3.0,488.0,661.0,6.336666666666666,2.620504030585748,17,4,20000.0,27.79,2.6345677,2.5858394788085497,2.686449719895685,488.0,0,0.37299630881875145,7.166278916326659,2.672995583755486
8448,1.0,471.0,634.0,12.22,2.0577998815038314,8,1,40000.0,20.62,2.0488243,2.163550319521387,2.0447365770950245,471.0,0,0.15251797771326325,13.762304534570614,2.0989988562867827
8451,0.0,0.0,593.0,0.0,,4,2,60000.0,7.8,0.107009694,0.15474979357193364,0.20982461835014465,0.0,0,0.0881030896438292,24.510042505126265,2.159410472003203
8452,7.0,668.0,713.0,13.758571428571429,10.77637600396963,39,4,140000.0,117.53,10.765899,10.638415512720115,10.869153944221427,668.0,1,0.7865941943155291,13.974549612040077,10.992299593005054
8454,5.0,590.0,689.0,12.930000000000001,7.601554827067741,22,3,80000.0,68.49,7.118677,7.389226389216194,7.15892964209184,590.0,1,0.5850604092238934,13.253075810486216,7.753849957158348
8457,4.0,414.0,640.0,13.0825,6.133696517462817,24,1,40000.0,73.03999999999999,6.11897,6.39465977413432,6.521537289070101,414.0,1,0.4641966287593101,13.478266041892423,6.2565656581675535
8462,3.0,231.0,333.0,8.81,5.8573062285832,19,3,80000.0,37.45,5.8055606,5.983236157019837,5.858231387900561,231.0,1,0.62713252223676,9.52670490382261,5.9745064749395835
8463,2.0,209.0,291.0,16.2,8.110222979144398,12,1,40000.0,43.38,8.148526,8.331701543792626,8.042538410398803,209.0,1,0.4936894934913592,16.75633033970697,8.272424238183829
8466,6.0,658.0,731.0,15.428333333333333,10.179424216447389,26,3,20000.0,109.08,10.169132,9.916501865990503,9.81137504843164,658.0,1,0.6638797449902702,15.640464639465108,10.383387676377435
8467,2.0,139.0,606.0,21.04,3.287770190392002,13,2,40000.0,46.47,3.2319093,3.3041698651370304,3.463239983013957,139.0,0,0.15765144958429245,21.272308068759415,3.353610203043562
8469,0.0,0.0,165.0,0.0,,6,2,60000.0,10.6,1.4050578,1.7202694941230692,1.430115410572098,0.0,0,0.20636161640824802,24.510042505126265,5.057931989592721
8470,0.0,0.0,85.0,0.0,,5,4,40000.0,25.74,2.7781973,3.1727143628567913,2.4456157606721667,0.0,0,0.2757867621292345,24.510042505126265,6.759545262138683
8471,0.0,0.0,229.0,0.0,,4,2,140000.0,15.4,0.8748574,1.0404900399498302,0.8958765094895993,0.0,0,0.1718201358256834,24.510042505126265,4.211318832324068
8472,0.0,0.0,471.0,0.0,,3,1,40000.0,14.73,0.32768527,0.29341922541727095,0.3113438032812441,0.0,0,0.10528712720345981,24.510042505126265,2.580591962999436
8473,0.0,0.0,391.0,0.0,,5,4,40000.0,10.38,0.49749383,0.35250487634629357,0.4613984703778824,0.0,0,0.12073413842864865,24.510042505126265,2.959198864705977
8474,1.0,30.0,193.0,8.92,2.9594472199379966,8,1,80000.0,13.9,2.9499183,3.0335636498721863,2.985052171558356,30.0,0,0.2775311692873259,10.87642881135486,3.0185480056856746
8477,1.0,308.0,420.0,17.82,3.857701081918931,10,5,60000.0,25.310000000000002,3.870957,3.9342890087732387,4.020825653259179,308.0,0,0.21087731589725744,18.659548186088262,3.9348754373378316
8478,0.0,0.0,400.0,0.0,,3,2,20000.0,5.57,0.43894187,0.3122525113119469,0.47116925889437855,0.0,0,0.11877343970124449,24.510042505126265,2.9111420555575536
8480,0.0,0.0,74.0,0.0,,1,0,40000.0,3.98,2.864539,2.434927616118919,2.9066658323873997,0.0,0,0.2891876602292451,24.510042505126265,7.08800184417681
8482,1.0,188.0,265.0,4.03,1.8833055687497628,7,1,20000.0,18.31,1.8886209,1.7620927434509677,2.011828454261803,188.0,0,0.291048263517819,6.600085694226056,1.9209434803732925
8483,1.0,361.0,656.0,13.83,1.9861318210142338,8,3,40000.0,22.25,1.980072,1.9950783677467676,2.016297163915742,361.0,0,0.13354405073372858,15.170262084381939,2.0258982494406608
8486,3.0,194.0,334.0,11.659999999999998,7.165354207639821,14,2,60000.0,62.449999999999996,7.170093,6.804146256598155,7.390033416861566,194.0,1,0.5967963856986542,12.246602773511336,7.30872827231868
8487,1.0,11.0,38.0,17.96,12.066453027411455,9,5,60000.0,26.020000000000003,12.071783,11.653286112210527,12.182633231560791,11.0,1,0.6552382518044139,18.781979277376205,12.306671267134712
8488,0.0,0.0,317.0,0.0,,3,1,40000.0,12.53,0.63478,0.6542138664435285,0.6507319931727542,0.0,0,0.1397005387798407,24.510042505126265,3.4240661434829356
8490,0.0,0.0,223.0,0.0,,3,3,80000.0,5.62,1.0737473,1.0668759495562847,0.8369546265684278,0.0,0,0.174558027580304,24.510042505126265,4.278424675604254
8491,1.0,169.0,256.0,7.73,2.8270580145476805,6,2,20000.0,10.01,2.9970317,2.7346431333376797,2.8730732421906073,169.0,0,0.29317012615419624,9.83576453540736,2.8835523296683454
8492,0.0,0.0,610.0,0.0,,1,1,60000.0,6.23,0.088474095,0.15180598466561984,0.18067376165121907,0.0,0,0.08614428906878352,24.510042505126265,2.111400186649768
8497,4.0,299.0,353.0,10.690000000000001,8.798985612572494,17,2,60000.0,54.6,8.717735,8.658913805761065,8.822849323456017,299.0,1,0.8035981557954971,11.168624649051653,8.97508617075004
8498,5.0,251.0,313.0,12.566,13.34874161614221,19,2,20000.0,64.02,11.191085,12.183171404312846,11.989073080201614,251.0,1,1.0555564598727611,12.899231178652173,13.61586679801843
8499,1.0,19.0,384.0,4.68,0.802370066464946,8,2,20000.0,15.77,0.8083947,0.7908016367166931,0.7935410106272807,19.0,0,0.11416849986852522,7.1685157609200685,0.8184186907081238
8500,2.0,429.0,489.0,20.05,7.002950857803871,14,1,40000.0,66.1,7.04561,6.989628693139039,7.035884917648057,429.0,1,0.35103873800847907,20.348585351453234,7.143141722031967
8503,0.0,0.0,314.0,0.0,,4,4,80000.0,1.86,0.6562956,0.6442271241238551,0.5455454763176322,0.0,0,0.1405961774910188,24.510042505126265,3.4460182863631474
8504,2.0,644.0,683.0,16.2,4.474488794387029,15,5,60000.0,58.849999999999994,4.5038733,4.609742615940465,4.571675759629279,644.0,1,0.27238121282092054,16.75633033970697,4.564109580357372
8510,3.0,99.0,217.0,22.87,17.222618875382253,19,3,40000.0,76.0,17.220236,17.150788777640766,17.089420562747776,99.0,2,0.7656158249917829,22.944867727620338,17.566953834609382
8511,10.0,610.0,657.0,12.049,14.04716527950604,41,1,80000.0,141.98,14.036558,14.07321914816198,14.07761386522523,610.0,2,1.1720470767808067,12.22528671826642,14.328611560951378
8517,0.0,0.0,340.0,0.0,,3,4,40000.0,4.68,0.6357326,0.6134756308635777,0.5949752389880016,0.0,0,0.13319602735016278,24.510042505126265,3.26464029186645
8518,0.0,0.0,618.0,0.0,,5,3,60000.0,12.69,0.12595573,0.15089480434314098,0.19811799533263397,0.0,0,0.08525234955248964,24.510042505126265,2.0895387111934034
8522,5.0,126.0,165.0,7.872,12.74634210539616,26,5,140000.0,51.68,12.726254,13.11775457199742,12.991467925403787,126.0,1,1.5595998443903218,8.336190789012061,13.001121857351245
8524,0.0,0.0,622.0,0.0,,4,3,60000.0,34.67,-0.09102616,0.154087018752248,0.34482462124542224,0.0,0,0.08481327565949039,24.510042505126265,2.0787769914131
8528,4.0,540.0,578.0,11.3375,6.500967692776062,21,3,140000.0,56.82,6.3172183,6.609896470305705,6.4215631925120125,540.0,1,0.5622642545579883,11.793700010332488,6.631175944790136
8529,1.0,5.0,242.0,5.57,1.505910836419487,11,4,20000.0,12.79,1.521321,1.5969694069031815,1.507274921235819,5.0,0,0.19328469467178802,7.94682769839341,1.5360001652932782
8530,0.0,0.0,203.0,0.0,,4,1,20000.0,15.04,0.8892563,1.079222148041106,1.0222769144805453,0.0,0,0.18435185284314248,24.510042505126265,4.518471749084204
8533,0.0,0.0,293.0,0.0,,4,1,40000.0,18.43,0.5324664,0.6667083361701329,0.6127401769105107,0.0,0,0.14720299760679656,24.510042505126265,3.6079517282245837
8534,6.0,198.0,363.0,14.31,13.02118634236303,29,2,80000.0,90.86,12.993843,12.846625030968244,12.879449156165096,198.0,1,0.9129505016833708,14.548253427662328,13.28183526540114
8536,0.0,0.0,427.0,0.0,,5,0,60000.0,4.6,0.40655807,0.302199597919026,0.5288404996119986,0.0,0,0.11325614831071604,24.510042505126265,2.7759130090625344
8541,2.0,524.0,575.0,16.919999999999998,5.3180940875181495,11,1,140000.0,52.35,5.332754,5.44104718212454,5.472097003753998,524.0,1,0.3112545401256216,17.42812867956601,5.424584177408476
8542,0.0,0.0,33.0,0.0,,4,3,40000.0,6.95,4.5427136,3.3659085455163646,3.8113705606713983,0.0,0,,24.510042505126265,
8544,1.0,83.0,329.0,27.58,5.0361899433893305,10,3,40000.0,30.58,4.315235,5.208574128860167,4.805646099427063,83.0,1,0.1888926624265583,27.19474426444759,5.136887648120881
8546,0.0,0.0,457.0,0.0,,5,4,40000.0,11.75,0.38127992,0.2904523942085131,0.3415104482105784,0.0,0,0.10769815053712864,24.510042505126265,2.63968624738851
8548,3.0,137.0,348.0,17.37,8.573715932332343,17,2,40000.0,55.02,8.584339,8.687838579560216,8.398516171156524,137.0,1,0.49419708596138434,17.69594201418595,8.745282976752327
8550,2.0,229.0,452.0,7.28,2.6691395624201077,13,1,20000.0,48.13,2.658396,2.269589748740267,2.5747680027388857,229.0,0,0.32282763926888497,8.433495351453299,2.722565395094784
8551,6.0,612.0,695.0,19.188333333333333,13.0483907100501,38,4,20000.0,121.43,13.059326,12.91207607011392,12.998885840363219,612.0,1,0.6891768696657575,19.312638251726025,13.30982357531171
8554,0.0,0.0,400.0,0.0,,4,4,60000.0,3.52,0.46817553,0.29193630682159216,0.45253989902931924,0.0,0,0.11877343970124449,24.510042505126265,2.9111420555575536
8555,1.0,299.0,682.0,6.4,0.9990624970107598,9,1,40000.0,16.04,1.0566177,1.0073093742322985,0.8246776623207,299.0,0,0.11750328013958146,8.672669168171918,1.0190670748256159
8556,2.0,612.0,679.0,10.35,3.006915281863481,11,0,20000.0,23.630000000000003,3.000627,2.8407087196665928,3.0523897148224792,612.0,0,0.2714772156783479,11.297968828352264,3.0671411203418395
8557,2.0,556.0,698.0,27.45,6.906295496961981,15,1,20000.0,67.39,6.915279,6.996217208470203,6.773848553337362,556.0,1,0.2584882958079998,27.253179400004488,7.044627898456847
8558,1.0,5.0,97.0,6.87,3.8342068954821524,10,2,20000.0,15.780000000000001,3.8221514,3.7447853310273516,3.691889232272163,5.0,0,0.4305143912561557,9.083687831781434,3.910658337260333
8560,0.0,0.0,439.0,0.0,,5,3,80000.0,10.86,0.32970476,0.29403648265565074,0.4367976411887975,0.0,0,0.11096541903807904,24.510042505126265,2.7197671372224645
8561,0.0,0.0,76.0,0.0,,4,1,20000.0,34.65,2.8913083,3.1048569980177634,2.7036115174711473,0.0,0,0.2866545328862259,24.510042505126265,7.025914785328511
8562,0.0,0.0,604.0,0.0,,3,1,40000.0,21.31,-0.0342682,0.1513658740214744,0.20719389874835592,0.0,0,0.0868255982280009,24.510042505126265,2.128099103101318
8563,0.0,0.0,619.0,0.0,,4,2,40000.0,7.1,0.15347824,0.17261169027973286,0.1940572669742986,0.0,0,0.08514215510884894,24.510042505126265,2.086837840695941
8564,6.0,286.0,333.0,12.203333333333333,14.78769339320315,32,1,20000.0,99.29,14.75759,14.752323838110794,15.47929355077545,286.0,2,1.2075822424712754,12.49079445341685,15.08366157630489
8568,0.0,0.0,161.0,0.0,,4,4,40000.0,15.5,1.4108427,1.7320697212785985,1.6201773632146876,0.0,0,0.2089891929355208,24.510042505126265,5.122334001961648
8569,0.0,0.0,354.0,0.0,,4,3,40000.0,4.27,0.5023726,0.3686539795633967,0.5831895416864441,0.0,0,0.12952560269963326,24.510042505126265,3.1746780276701085
8570,0.0,0.0,392.0,0.0,,4,2,100000.0,30.5,0.69528943,0.33688227603565557,0.6032131051775371,0.0,0,0.12051308759359797,24.510042505126265,2.9537808993430907
8571,3.0,159.0,236.0,20.790000000000003,16.219370515461925,20,1,20000.0,81.33,16.236847,15.973031168023907,16.088652373034147,159.0,2,0.7893054449229184,20.959819457812426,16.543699622652678
8573,0.0,0.0,190.0,0.0,,4,1,,4.03,,,,0.0,0,0.19133143524225046,24.510042505126265,4.689541610354373
8574,1.0,281.0,690.0,15.78,1.8611810320607522,8,0,60000.0,20.32,1.7275693,1.606228493191869,1.7881867475805313,281.0,0,0.11249698945778935,16.875552284463975,1.8984488274397169
8576,1.0,207.0,315.0,19.27,4.953624436997766,7,2,60000.0,29.1,4.9217825,5.021953411905364,5.1008435672959,207.0,1,0.2535511355293536,19.927584488713364,5.052661675470407
8577,3.0,380.0,597.0,16.686666666666667,6.4571741501407,17,4,100000.0,65.13,6.4011974,6.588137032730404,6.617708903557827,380.0,1,0.3864454502298726,17.043802758880464,6.5865000307847055
8578,5.0,556.0,701.0,17.306,9.693909565305306,23,3,140000.0,90.61999999999999,9.655375,9.621611227997104,9.408245520174624,556.0,1,0.5648103753542831,17.506988197589994,9.88812857520381
8585,0.0,0.0,218.0,0.0,,3,0,20000.0,8.1,0.82233864,1.0388736758488946,0.8957579988637141,0.0,0,0.17690734136899733,24.510042505126265,4.336006456423006
8587,1.0,146.0,682.0,4.25,0.5568467553188448,3,4,60000.0,5.22,0.5454764,0.5155853786848347,0.5130751112347287,146.0,0,0.08362143271976354,6.792477409107107,0.5679966926661637
8592,6.0,225.0,331.0,9.556666666666667,11.008775021835337,28,2,80000.0,82.72,11.006831,10.92696756178987,11.31109396801313,225.0,1,1.1335721661419158,9.905948843367941,11.229107888067603
8593,1.0,87.0,723.0,9.12,0.6440267751935497,7,2,120000.0,13.41,0.6467785,0.5667871105152402,0.5945771888681568,87.0,0,0.05944294053983852,11.05133037033763,0.6569235740900914
8594,1.0,18.0,602.0,8.28,0.5424149948575325,7,0,140000.0,16.77,0.52439094,0.5435347751303666,0.6944376540478734,18.0,0,0.053628708118005415,10.316743822609984,0.5532736431909863
8596,0.0,0.0,144.0,0.0,,5,1,120000.0,15.6,1.7909619,1.7213356185131388,1.7506863436504707,0.0,0,0.22094880148677595,24.510042505126265,5.415464515897584
8597,0.0,0.0,410.0,0.0,,4,5,40000.0,16.52,0.6024602,0.3156185668885654,0.497730155919891,0.0,0,0.11666834925696346,24.510042505126265,2.8595461992910907
8599,0.0,0.0,123.0,0.0,,5,2,20000.0,26.38,2.2225578,2.57771403153945,1.8929358829831129,0.0,0,0.23776536682611374,24.510042505126265,5.827639247154986
8601,0.0,0.0,681.0,0.0,,3,2,20000.0,16.08,0.088848054,0.15814581502061087,0.19471655132461851,0.0,0,0.0788255040149815,24.510042505126265,1.9320164538951978
8602,2.0,151.0,325.0,12.795,5.463471684862298,15,4,80000.0,33.21,5.5127587,5.555772501246596,5.596068481193637,151.0,1,0.41038707540921104,13.579284024123591,5.572762656811103
8606,2.0,326.0,707.0,10.2,2.284593238518024,10,2,120000.0,35.519999999999996,2.2793443,2.320333232597717,2.385067657178528,326.0,0,0.20885032920103902,11.15801084088163,2.330354237346891
8607,0.0,0.0,312.0,0.0,,6,3,20000.0,24.86,0.5774312,0.6411353720607836,0.6272764520452778,0.0,0,0.14119968945500613,24.510042505126265,3.460810390252829
8615,5.0,217.0,360.0,12.574,10.94164142331706,25,2,100000.0,87.82,10.941858,10.675486105320926,11.245223026381652,217.0,1,0.8646968162753262,12.907007983747427,11.160648711186617
8617,1.0,133.0,512.0,4.03,0.8013605827613117,5,0,20000.0,11.92,0.79162574,0.904432180161935,0.7486197993786723,133.0,0,0.12384662171210181,6.600085694226056,0.8173983162402693
8618,1.0,148.0,357.0,11.93,2.6865377858271744,7,1,40000.0,30.64,2.7709436,3.0573413586303584,2.7033830426358327,148.0,0,0.20285185019672047,13.508697274045595,2.740264235787543
8619,2.0,388.0,436.0,12.780000000000001,5.107176741991781,16,4,60000.0,50.2,5.0893183,4.737244343509879,5.348607739010965,388.0,1,0.38402399423067257,13.565288225376529,5.209396167199406
8621,0.0,0.0,233.0,0.0,,5,3,80000.0,30.16,1.179568,1.0295321587857131,0.9020330997119057,0.0,0,0.17004221694566787,24.510042505126265,4.167741965004221
8622,0.0,0.0,71.0,0.0,,2,5,100000.0,8.33,2.8333707,2.1127815475828107,2.8423336783722264,0.0,0,0.2930729547729243,24.510042505126265,7.183230578587321
8623,1.0,20.0,575.0,9.39,0.6552714911179844,8,4,40000.0,28.91,0.65120816,0.507450144413249,0.708385323229181,20.0,0,0.059215190093143605,11.287447474964377,0.6683883478963893
8624,0.0,0.0,81.0,0.0,,5,1,80000.0,3.82,2.8804226,2.188546370801031,2.472138496191366,0.0,0,0.2805128028220991,24.510042505126265,6.875380720401752
8625,0.0,0.0,220.0,0.0,,2,4,40000.0,2.47,1.0480604,1.060640481222291,0.8410193855711592,0.0,0,0.1759600473552829,24.510042505126265,4.312788239882014
8626,1.0,10.0,321.0,2.25,0.6878891425254019,3,4,20000.0,3.11,0.6839878,0.6682718715310999,0.7678752680173773,10.0,0,0.13911924677275184,5.043461819279376,0.7016426094252793
8627,0.0,0.0,15.0,0.0,,4,4,20000.0,11.08,4.5196085,3.402660684190868,3.7720370701956853,0.0,0,,24.510042505126265,
8629,0.0,0.0,575.0,0.0,,3,2,,4.35,,,,0.0,0,0.09027668822026276,24.510042505126265,2.212685465500672
8630,0.0,0.0,366.0,0.0,,3,2,60000.0,13.87,0.6955286,0.3622764197324472,0.5956755062986119,0.0,0,0.12653705642855984,24.510042505126265,3.101428631537562
8634,0.0,0.0,692.0,0.0,,2,3,60000.0,11.47,0.06725032,0.16382201660565932,0.20283029523487084,0.0,0,0.07780149276963574,24.510042505126265,1.906917894746046
8638,1.0,10.0,291.0,5.57,1.2358946415582377,7,1,40000.0,19.9,1.2456765,1.1810998385253713,1.1671569423614843,10.0,0,0.1586292508532222,7.94682769839341,1.2605993244557825
8639,1.0,3.0,35.0,8.82,6.948698154538521,6,4,100000.0,32.82,6.9588647,6.421995535292971,7.180458787165621,3.0,1,0.6568757846640847,10.788978031863472,7.08701841040389
8640,0.0,0.0,115.0,0.0,,5,4,80000.0,12.96,2.2595456,2.389400280775847,1.995863605878875,0.0,0,0.24486844392596913,24.510042505126265,6.001735968789631
8644,1.0,584.0,698.0,12.47,1.9997262978870591,7,2,40000.0,21.11,2.0010347,2.0939919842014008,2.06868295356944,584.0,0,0.1458965052239402,13.98093148329908,2.0397690431886946
8645,0.0,0.0,180.0,0.0,,3,1,20000.0,16.78,1.0417098,1.4736048905197412,1.2411124212597473,0.0,0,0.1970719991857489,24.510042505126265,4.830243076612914
8647,4.0,542.0,658.0,11.045,5.576107077897516,20,1,60000.0,57.709999999999994,5.734996,5.619875824342205,5.656269206193383,542.0,1,0.4941054349399218,11.511330059483615,5.6878107457781475
8649,1.0,8.0,114.0,12.24,5.293986942356714,8,4,60000.0,24.47,5.3134904,5.208432911328673,5.613798357930735,8.0,1,0.3918477570768865,13.779794690468893,5.399581642440226
8652,0.0,0.0,114.0,0.0,,4,1,40000.0,5.28,2.1717997,2.4023100152261923,2.000908407099783,0.0,0,0.2457864235525629,24.510042505126265,6.024235688456284
8653,1.0,66.0,664.0,3.54,0.3745458544296232,9,3,60000.0,10.620000000000001,0.39396325,0.4076448200930351,0.3391422750594275,66.0,0,0.06190398185544384,6.171576874718262,0.3820451828720361
8657,1.0,19.0,421.0,11.59,1.285382153235939,7,2,40000.0,30.69,1.2767246,1.234249523476765,1.3538558319567802,19.0,0,0.09924006600899095,13.21136462377488,1.311096697332267
8658,3.0,210.0,353.0,19.606666666666666,11.206094435091964,16,1,40000.0,67.13000000000001,11.221865,11.358876855207548,11.053111947390736,210.0,1,0.5764020184260499,19.830505137649265,11.43034318774919
8659,1.0,315.0,366.0,14.87,3.8314823664282622,8,3,40000.0,27.33,3.9151938,3.8289970848753847,4.079395755016972,315.0,0,0.2430454420367756,16.07975019109236,3.9081099930349694
8663,2.0,367.0,563.0,11.43,3.5297669049318117,12,5,60000.0,32.69,3.5759027,3.5673618975239743,3.4976274583106597,367.0,0,0.29258431778233895,12.305666338140826,3.6004449904020266
8665,2.0,272.0,634.0,8.870000000000001,2.1648518564966843,11,1,60000.0,36.95,2.180441,2.234350277339514,2.0215015329936765,272.0,0,0.2226677848345004,9.917050018642016,2.2082075597439585
8667,4.0,253.0,357.0,16.57,12.663217980549668,25,3,60000.0,96.64,12.764712,12.647675597891316,13.417544062900141,253.0,1,0.7667956565343611,16.844984686628976,12.916661092094925
8668,0.0,0.0,94.0,0.0,,2,3,20000.0,6.7,2.7207272,2.355759948307368,2.2816459886367517,0.0,0,0.26571711375333995,24.510042505126265,6.512737752433833
8669,0.0,0.0,476.0,0.0,,5,4,20000.0,19.09,0.35231248,0.2701713115319326,0.26651102568243523,0.0,0,0.10445202983205856,24.510042505126265,2.560123690930472
8670,10.0,227.0,258.0,14.847999999999999,33.95433174843892,51,1,40000.0,165.01999999999998,33.958443,32.94650435501039,34.036810035401544,227.0,2,2.3112732665135156,14.984689186661441,34.63371152414474
8682,1.0,25.0,388.0,27.93,3.148628645585994,10,2,40000.0,35.37,3.214187,3.186601704108046,3.0311292706373894,25.0,0,0.11678223291571663,27.50082199266744,3.2116073993213514
8683,3.0,182.0,267.0,8.123333333333333,6.340978059122523,19,3,140000.0,32.52,5.2288,5.691570042148482,6.0426838886981775,182.0,1,0.7290637182730314,8.871384481418072,6.467804556252329
8684,1.0,22.0,474.0,7.05,0.759126150439517,7,2,20000.0,12.07,0.7717626,0.810780067860329,0.7207371825664728,22.0,0,0.08379050518030359,9.241099234865931,0.7743163733107333
8685,0.0,0.0,283.0,0.0,,5,1,120000.0,24.11,0.8146637,0.7085470985934738,0.5754647395261321,0.0,0,0.1505728100271229,24.510042505126265,3.6905459738810844
8687,3.0,550.0,662.0,14.58,5.656044897631593,15,2,40000.0,49.04,5.648232,5.607808010005671,5.584530323970672,550.0,1,0.38377068902354866,15.03330515228014,5.769341876591814
8688,1.0,63.0,241.0,9.3,2.7487442139831653,9,4,20000.0,24.200000000000003,2.9527807,2.8714115405927876,2.911201274322601,63.0,0,0.2501320750774802,11.20874177342213,2.803665838793713
8689,0.0,0.0,607.0,0.0,,3,1,60000.0,2.33,0.14377712,0.15180598466561984,0.17741353964242812,0.0,0,0.08648360080319774,24.510042505126265,2.1197167316827485
8691,1.0,69.0,265.0,6.42,1.9662763804361527,9,3,40000.0,16.6,2.0031211,1.9995019508738003,1.814231541737132,69.0,0,0.23078661634793685,8.690159324070194,2.005572465926634
8692,0.0,0.0,139.0,0.0,,4,2,20000.0,6.57,1.7830424,1.7910418689233312,1.7707911768151536,0.0,0,0.2247323910198213,24.510042505126265,5.5082004561744755
8697,7.0,271.0,355.0,10.635714285714286,13.774185693789883,32,5,40000.0,90.26,13.774815,13.732612780033843,14.118540761000716,271.0,2,1.287278866614526,10.914425188095898,14.049908885881122
8698,0.0,0.0,116.0,0.0,,5,5,20000.0,9.6,2.0348797,2.3952398726026054,1.9993470159995237,0.0,0,0.24395732776820828,24.510042505126265,5.979404473035805
8699,0.0,0.0,578.0,0.0,,3,2,20000.0,22.36,0.10849061,0.17980739589201108,0.22936692408684145,0.0,0,0.08990699816253944,24.510042505126265,2.2036243464721506
8700,0.0,0.0,366.0,0.0,,4,5,40000.0,21.73,0.7240094,0.3534414644118872,0.5921379416525756,0.0,0,0.12653705642855984,24.510042505126265,3.101428631537562
8701,0.0,0.0,20.0,0.0,,6,3,20000.0,10.88,4.4948645,3.3857901453698576,3.8532566185546933,0.0,0,,24.510042505126265,
8704,2.0,161.0,275.0,6.744999999999999,3.8314739298256693,12,3,60000.0,23.349999999999998,3.8133101,3.84020948986253,3.598851239454997,161.0,0,0.4925560422025982,7.9343118628080385,3.9080932487458515
8708,3.0,127.0,329.0,16.286666666666665,8.419811883577584,20,1,140000.0,60.88,7.835545,8.051558955029542,8.776168815389862,127.0,1,0.515439319066794,16.662062706994327,8.588282255941378
8709,4.0,178.0,269.0,10.2375,9.698483841811449,19,0,40000.0,54.97,9.691181,9.556761822999635,9.720430227981595,178.0,1,0.9217929813594149,10.731795921670065,9.892494157977058
8710,5.0,182.0,214.0,9.104,12.74577344366899,22,5,40000.0,52.94,12.749345,12.591270554898664,12.510221955297077,182.0,1,1.3636363214990548,9.53381877368113,13.000661562381165
8713,0.0,0.0,332.0,0.0,,6,2,40000.0,25.56,0.6125225,0.569546870515044,0.5916011448976848,0.0,0,0.13538851359703055,24.510042505126265,3.318378222969084
8717,4.0,639.0,683.0,11.219999999999999,5.624999334708424,23,1,60000.0,52.8,5.6333356,5.557684616041406,5.526905871359798,639.0,1,0.49122907024467616,11.680269346316273,5.737687851198334
8718,0.0,0.0,409.0,0.0,,3,4,60000.0,9.94,0.4817695,0.31308353705812825,0.48759405035288506,0.0,0,0.11687548994720043,24.510042505126265,2.86462322641334
8723,1.0,95.0,142.0,23.64,9.740547042091752,8,3,40000.0,32.370000000000005,10.609036,10.223845395903105,9.39807683558724,95.0,1,0.4183271781333794,23.749183552486958,9.934928938483536
8724,1.0,420.0,597.0,10.89,1.9464321470309702,7,4,40000.0,25.22,2.198822,2.2527263487307265,1.9947764068098053,420.0,0,0.15758110875493844,12.599209167335175,1.9853973500240616
8728,0.0,0.0,121.0,0.0,,5,2,20000.0,15.44,2.0650535,2.12037800522865,1.8913567715293453,0.0,0,0.23950204412865142,24.510042505126265,5.8702052816578725
8729,1.0,83.0,184.0,54.46,16.773282660130803,11,4,20000.0,69.94,16.7739,16.609803335041306,16.418476857456458,83.0,2,0.3374299854039337,50.701513791732296,17.10821105870157
8730,4.0,309.0,690.0,12.26,3.9777111232242994,20,1,20000.0,57.82,3.9871066,3.946740190397232,4.227994284775289,309.0,0,0.31987695379910347,12.68425139377893,4.057399697064036
8731,10.0,678.0,714.0,13.197,14.389340586070416,38,1,60000.0,150.81,15.23343,14.577862837784366,13.446179322705504,678.0,2,1.0988709911331789,13.357045930026864,14.677670299740013
8734,2.0,91.0,129.0,8.05,7.13495963894296,14,4,20000.0,34.66,7.128042,6.794710572044605,7.157293478832108,91.0,1,0.7951772845354773,9.15194635380255,7.277419849831075
8737,2.0,193.0,676.0,14.15,2.3534821135777384,11,2,20000.0,53.32,2.327087,2.172736737376213,2.4492438989446597,193.0,0,0.1617279250258426,14.843571177608315,2.4006199665279957
8739,1.0,39.0,402.0,4.83,0.8604670056791561,5,1,80000.0,13.38,0.8659062,0.889378944285947,0.8724076995668097,39.0,0,0.1202351175503449,7.299691930157149,0.8776793173037488
8742,3.0,347.0,376.0,19.433333333333334,11.678928723662011,16,1,20000.0,69.81,11.638097,11.756055506872709,11.531576416869374,347.0,1,0.6057774829112542,19.665084448498607,11.912665358448736
8745,2.0,228.0,314.0,14.055,6.788846987826398,13,1,80000.0,32.53,6.8207107,6.866593039955779,6.644456586881065,228.0,1,0.46931033009183265,14.754931118876913,6.924641593882377
8746,6.0,676.0,729.0,16.368333333333336,10.861228833560856,31,3,40000.0,111.99,10.903987,11.10110547320422,10.755701160027373,676.0,1,0.6690731301180796,16.55850804253034,11.078852806101171
8747,0.0,0.0,335.0,0.0,,4,1,120000.0,3.22,0.5995711,0.6121492807258385,0.5809255805945854,0.0,0,0.13455791013458157,24.510042505126265,3.2980200967995543
8749,1.0,355.0,675.0,23.0,2.9091830499500215,7,2,20000.0,41.31,2.9083652,3.00909058959238,2.8456549011145826,355.0,0,0.12796454544684951,23.189498563742085,2.9674336428496257
8751,0.0,0.0,79.0,0.0,,2,3,20000.0,5.27,2.7845864,2.467503845575252,2.4812558739737307,0.0,0,0.28293745252749425,24.510042505126265,6.934808987741029
8752,2.0,231.0,294.0,11.355,5.976403097544102,14,3,20000.0,25.770000000000003,5.951761,5.983758888978049,5.851556178826424,231.0,1,0.49820913698829267,12.235687344405509,6.095931232314843
8753,1.0,234.0,390.0,20.27,4.303231141579763,7,1,40000.0,28.84,4.3216186,4.418314074027112,4.240174301391174,234.0,1,0.2110030609737279,20.802092283627232,4.389305146503311
8754,0.0,0.0,27.0,0.0,,5,2,60000.0,2.15,4.6278367,3.1699375073915523,3.8754621161368115,0.0,0,,24.510042505126265,
8756,0.0,0.0,312.0,0.0,,4,1,80000.0,12.11,0.64286715,0.6499206850970314,0.5954471010561431,0.0,0,0.14119968945500613,24.510042505126265,3.460810390252829
8757,0.0,0.0,620.0,0.0,,4,2,60000.0,4.14,0.102845356,0.1675924558879528,0.19098855630380918,0.0,0,0.08503224537972413,24.510042505126265,2.084143948563365
8758,1.0,548.0,703.0,11.39,1.8151685084631257,9,3,80000.0,27.04,1.835169,2.02092656708913,1.8087282086988221,548.0,0,0.14202595147325414,13.036463064792109,1.851516070623034
8760,1.0,20.0,285.0,1.95,0.809695980654187,7,4,,4.59,,,,20.0,0,0.17273824859127818,4.781109480805216,0.8258804780374484
8761,0.0,0.0,37.0,0.0,,3,4,140000.0,15.11,4.5448327,3.055774181682267,3.7863987922263136,0.0,0,,24.510042505126265,
8765,0.0,0.0,681.0,0.0,,4,2,140000.0,14.16,-0.010021118,0.17222630084464507,0.21221125745592406,0.0,0,0.0788255040149815,24.510042505126265,1.9320164538951978
8766,0.0,0.0,64.0,0.0,,3,2,20000.0,2.73,2.8914552,3.2821383173359706,2.9156540646265925,0.0,0,0.302560551766563,24.510042505126265,7.415771984172914
8767,0.0,0.0,85.0,0.0,,5,1,40000.0,15.34,2.7333667,2.499290655924495,2.467187191704439,0.0,0,0.2757867621292345,24.510042505126265,6.759545262138683
8768,4.0,534.0,568.0,15.5375,8.866412455451323,16,1,100000.0,65.34,7.8207717,8.282435346312612,8.239889334282955,534.0,1,0.5706622533275922,15.84824289431629,9.043994001353536
8769,5.0,371.0,646.0,16.312,8.11901755310641,26,3,80000.0,104.2,8.0887575,7.975121791369143,8.007320465039449,371.0,1,0.5006835669302991,16.54072016450472,8.281666771560147
8770,1.0,84.0,403.0,4.32,0.9850438323960709,4,2,60000.0,6.7,0.9997495,0.9731388551051522,0.888727039728054,84.0,0,0.14659953687157212,6.853692954751077,1.0047482130264647
8773,2.0,253.0,317.0,10.18,5.180781467442381,9,3,60000.0,25.08,5.1932063,5.018491148372364,4.908069814651177,253.0,1,0.4743914687636108,11.139349775885547,5.284412501253944
8775,8.0,275.0,329.0,14.395,22.52279240288717,37,2,140000.0,122.28999999999999,22.49492,22.638008072272626,22.483623849016162,275.0,2,1.5764233976376762,14.573241839900266,22.97359941585112
8777,5.0,483.0,660.0,7.2360000000000015,4.364211211488062,26,0,80000.0,74.60000000000001,5.752688,5.694330569846334,4.528112131515201,483.0,1,0.5767919090082411,7.717934783939394,4.45164233762951
8778,0.0,0.0,420.0,0.0,,5,4,40000.0,22.62,0.40117943,0.3414362379139228,0.4918785200268445,0.0,0,0.11463667361773439,24.510042505126265,2.8097497430169565
8782,0.0,0.0,492.0,0.0,,5,2,40000.0,15.25,0.29845855,0.2505243314837759,0.2220708963031779,0.0,0,0.10186662764821278,24.510042505126265,2.4967553735115655
8784,0.0,0.0,124.0,0.0,,3,2,40000.0,5.34,2.2176719,2.1063025291464657,1.8590786278068423,0.0,0,0.23690648074865137,24.510042505126265,5.806587912889322
8786,0.0,0.0,195.0,0.0,,2,2,40000.0,5.44,1.0534285,1.1883309448639279,0.9970258132231642,0.0,0,0.18858514446970864,24.510042505126265,4.622229906787936
8787,1.0,438.0,630.0,13.82,2.2316496001266852,10,0,140000.0,24.939999999999998,2.2498412,2.210949508752763,2.193742819983531,438.0,0,0.15013858521985332,15.161517006432799,2.2763287131325662
8793,3.0,373.0,428.0,8.549999999999999,4.966994946364543,16,1,60000.0,57.79,4.9296284,4.765609744482828,5.323975299474905,373.0,1,0.5460347674783343,9.278573870096618,5.066423925688756
8794,0.0,0.0,50.0,0.0,,4,4,140000.0,6.9,3.4882066,3.055774181682267,2.908767556239155,0.0,0,0.32352079625020796,24.510042505126265,7.929508467384891
8797,0.0,0.0,117.0,0.0,,4,5,120000.0,16.4,2.131758,2.0613608805777677,1.9749718466266941,0.0,0,0.24305299808713618,24.510042505126265,5.95723931411408
8803,1.0,1.0,63.0,2.66,2.820447678323929,6,3,140000.0,14.48,2.8184352,2.9352518148273696,2.8481232080731123,1.0,0,0.5325127734560072,5.40201001519406,2.876639335428117
8809,0.0,0.0,237.0,0.0,,4,4,20000.0,9.36,0.7266579,1.0421876154594574,0.8588863534396154,0.0,0,0.16830080766069835,24.510042505126265,4.1250599494107965
8810,0.0,0.0,644.0,0.0,,5,1,60000.0,35.33,0.002205819,0.05623162958694757,0.28668385554568676,0.0,0,0.08247704168394848,24.510042505126265,2.021515797370648
8813,0.0,0.0,315.0,0.0,,4,3,40000.0,10.12,0.65297896,0.6571576753498423,0.6321190835344463,0.0,0,0.14029635559893586,24.510042505126265,3.438669639044227
8814,2.0,295.0,599.0,14.36,3.6930530213496144,8,2,40000.0,33.79,3.6897535,3.7713142968903997,3.7676986910916512,295.0,0,0.25047406555582774,15.039512360067201,3.767007804803154
8815,2.0,42.0,313.0,10.655000000000001,3.231852719186343,12,2,20000.0,24.16,3.4946733,3.7147353823592293,3.1985996383311677,42.0,0,0.2846089816946514,11.582550069542554,3.29649778071982
8816,0.0,0.0,368.0,0.0,,5,4,40000.0,11.53,0.7561326,0.36274333944832504,0.5945919935435997,0.0,0,0.12605234237503457,24.510042505126265,3.089548269482826
8817,0.0,0.0,47.0,0.0,,4,2,140000.0,1.54,3.4915593,3.0389036428612566,2.9732376159142926,0.0,0,0.32839867730364003,24.510042505126265,8.04906553933946
8818,2.0,552.0,717.0,12.665,3.3069329686792432,12,2,40000.0,54.97,3.299485,3.609565177708428,3.2084062735556307,552.0,0,0.2506446897309496,13.457987101649042,3.373173001495946
8821,3.0,178.0,201.0,18.756666666666664,16.90932166067101,16,2,40000.0,63.33,16.89641,16.792592459917575,16.281581528056208,178.0,2,0.9068333758354082,19.019307527391224,17.247342851115974
8823,0.0,0.0,278.0,0.0,,4,2,20000.0,15.12,0.512271,0.7067256880829904,0.6064302345649235,0.0,0,0.15231636894886041,24.510042505126265,3.733280677163063
8824,0.0,0.0,124.0,0.0,,6,3,100000.0,19.34,2.1685317,2.0710506437179093,1.8643301070821385,0.0,0,0.23690648074865137,24.510042505126265,5.806587912889322
8825,2.0,292.0,314.0,8.98,4.805495783801115,15,3,80000.0,22.659999999999997,4.562544,4.959648519902193,4.837518946999028,292.0,1,0.48919878978204423,10.019685876120478,4.90161820459438
8827,1.0,4.0,122.0,6.71,3.221369592647509,8,0,,19.85,,,,4.0,0,0.36736570470929625,8.943766584595217,3.2856331141052775
8830,1.0,444.0,711.0,4.85,0.9368456176132564,2,0,40000.0,7.4799999999999995,0.9256673,0.8987742993522574,0.8861670929785106,444.0,0,0.13059749933285383,7.317182086055426,0.9556056826019935
8834,1.0,116.0,270.0,11.95,3.386624026448591,10,2,20000.0,29.2,3.3767326,3.39658138184163,3.1990558604126305,116.0,0,0.25537933213734537,13.526187429943871,3.454308712223622
8837,4.0,567.0,644.0,5.8175,3.2330274172311784,18,4,40000.0,35.09,3.2309055,3.3407455809680835,3.214462118216453,567.0,0,0.5101092920985626,6.464872219953778,3.297791391628284
8839,0.0,0.0,145.0,0.0,,4,3,40000.0,21.62,1.7981783,1.7962878825352062,1.7676946709818129,0.0,0,0.22020738069028414,24.510042505126265,5.397292260661385
8840,3.0,451.0,499.0,10.476666666666667,5.32681730229975,15,1,40000.0,54.03,5.315685,5.325053405744955,5.263483171462899,451.0,1,0.48874107572254144,11.11728845334818,5.433475517807179
8841,3.0,196.0,563.0,11.273333333333333,3.2346675285904376,15,1,20000.0,43.21,3.245168,3.202657275751031,3.6464645791874997,196.0,0,0.27778762004944807,11.877587390021406,3.2994467330033816
8843,3.0,660.0,666.0,9.816666666666666,4.048422311921146,17,0,40000.0,37.12,4.0468745,4.031025328030373,4.0116752624487,660.0,1,0.39375923620915065,10.487417367736054,4.12951745252633
8844,0.0,0.0,628.0,0.0,,5,1,40000.0,22.14,-0.1335067,0.173233439300153,0.19584278671120714,0.0,0,0.08416308611870243,24.510042505126265,2.062840818131999
8846,3.0,88.0,323.0,21.883333333333336,9.475608587196492,17,1,60000.0,86.72999999999999,9.454223,9.61341838023462,9.577159427974143,88.0,1,0.4392624399069928,22.0032422663012,9.665197883760134
8849,2.0,504.0,535.0,14.715,4.9936495282490245,6,2,40000.0,36.16,5.0039263,4.803569705350605,4.811431931306307,504.0,1,0.33138478267243643,15.3707462637477,5.093631410125195
8850,1.0,237.0,334.0,9.88,2.8461126587736603,9,1,40000.0,28.270000000000003,2.9522784,3.009171761269625,2.7718713551872263,237.0,0,0.2477836199791536,11.715956294472171,2.903022062161865
8851,2.0,59.0,540.0,6.21,0.8496723925759732,10,3,60000.0,31.89,0.87720233,0.8488882829765225,0.9699518868286177,59.0,0,0.11656619506947342,7.43512837416278,0.8666846244292353
8853,1.0,470.0,682.0,3.5,0.8426377077056721,6,4,80000.0,30.41,0.8485271,0.9299815472928674,0.8071350750230675,470.0,0,0.14006300209559722,6.136596562921707,0.8595101372523378
8854,0.0,0.0,227.0,0.0,,2,2,80000.0,3.48,0.9718432,1.0696026793207032,0.863163773293306,0.0,0,0.17272314791610915,24.510042505126265,4.233451697043046
8857,1.0,87.0,221.0,3.35,1.709134633446814,6,1,40000.0,20.270000000000003,1.7516489,1.687908826091664,1.7166782255569961,87.0,0,0.2902839721766148,6.005420393684627,1.7432772864692232
8858,0.0,0.0,692.0,0.0,,6,3,60000.0,4.88,0.06266453,0.16382201660565932,0.20283029523487084,0.0,0,0.07780149276963574,24.510042505126265,1.906917894746046
8859,1.0,82.0,619.0,18.9,1.4601346535553879,10,4,80000.0,47.94,1.4540614,1.4325613072644974,1.2226632790087697,82.0,0,0.07597252444189027,19.604016604595234,1.4893666306518343
8860,3.0,435.0,534.0,20.676666666666666,9.294020041869487,19,4,40000.0,73.42,8.110042,8.467263065505234,8.9566796579823,435.0,1,0.4546464184080875,20.851659776444684,9.480132435224558
8862,1.0,377.0,718.0,16.42,2.0697053621877766,9,1,40000.0,23.220000000000002,2.0831306,2.1172305949261463,1.9907813436278063,377.0,0,0.12108531936839756,17.435237273208852,2.111151273490283
8864,0.0,0.0,564.0,0.0,,5,4,80000.0,42.44,0.38532278,-0.20802534345838114,0.30251343868218683,0.0,0,0.09165865071683851,24.510042505126265,2.246557425032234
8865,1.0,39.0,307.0,4.42,1.1793519147932994,9,4,20000.0,21.229999999999997,1.1794181,1.2099188846193913,1.319538724871773,39.0,0,0.17330417674348741,6.941143734242464,1.202929200521106
8867,3.0,222.0,347.0,12.443333333333333,7.596344025338373,18,3,20000.0,39.85,7.520917,7.402282812941988,7.4785471013378535,222.0,1,0.5962941907949482,12.994177041788356,7.748352284179481
8870,9.0,135.0,206.0,15.479999999999999,33.690735366990715,46,1,80000.0,150.45,33.68683,32.78778081175395,33.557129888745365,135.0,2,2.1997941276985196,15.621719748429708,34.364567367147664
8872,1.0,31.0,182.0,11.81,3.866398036739291,9,2,60000.0,16.78,3.9334912,3.6699892895596986,3.7749521035553193,31.0,0,0.294216044697717,13.403756338655931,3.943600174051301
8873,0.0,0.0,153.0,0.0,,4,3,40000.0,8.06,1.8318549,1.7489371376874463,1.6908836280271293,0.0,0,0.21445112082183881,24.510042505126265,5.256206086615237
8875,1.0,16.0,237.0,23.62,4.898954995746487,8,2,60000.0,38.54,4.9028563,5.059837955467018,5.016279909924241,16.0,1,0.2105553643483377,23.731693396588682,4.99683534972177
8877,0.0,0.0,246.0,0.0,,4,2,40000.0,14.16,0.9242739,0.9853831367847795,0.8479984247005534,0.0,0,0.16451041912116818,24.510042505126265,4.032157365195968
8878,0.0,0.0,490.0,0.0,,2,3,20000.0,5.29,0.38874784,0.26393764602374364,0.22801574502836974,0.0,0,0.10218277445114182,24.510042505126265,2.504504145089216
8884,0.0,0.0,70.0,0.0,,3,0,60000.0,5.02,2.924599,2.2389565779941067,2.936722228928143,0.0,0,0.2943915037511381,24.510042505126265,7.215548270088433
8887,1.0,389.0,555.0,31.25,4.980503465542851,11,5,80000.0,65.91,4.9998846,5.10393909779909,5.304054029668558,389.0,1,0.16708862552913606,30.404187871781474,5.080193961825595
8890,2.0,33.0,146.0,7.795,5.658668928987058,15,0,40000.0,36.34,5.642023,5.978511337475423,5.854856479807828,33.0,1,0.6474836490921402,8.914017775102472,5.77168075709555
8891,0.0,0.0,500.0,0.0,,3,2,40000.0,15.48,0.2783766,0.2505243314837759,0.22900733579654275,0.0,0,0.10062138384239822,24.510042505126265,2.4662343949018055
8892,6.0,482.0,643.0,12.823333333333332,8.952968059373267,26,1,60000.0,91.64,8.952237,8.95525948803487,8.94762191203404,482.0,1,0.6973206733221377,13.096312442672637,9.132329410561573
8893,1.0,4.0,66.0,22.56,11.774579339062809,9,4,20000.0,27.93,11.778289,12.222738619027998,11.87789446567503,4.0,1,0.5266096365648198,22.804715133979983,12.009182748669446
8897,1.0,445.0,674.0,33.53,4.4284953906062245,11,5,60000.0,38.36,4.4333143,4.404134896753582,4.242506252917158,445.0,1,0.13942705765719515,32.39806564418509,4.517166966553388
8898,1.0,158.0,398.0,21.42,3.905100981644443,7,0,80000.0,33.050000000000004,3.9227502,4.070916630586625,3.8754367507577947,158.0,0,0.18265112438086237,21.80777624777818,3.983214851902948
8901,5.0,644.0,704.0,8.86,5.30808651730355,27,1,100000.0,58.29,5.325059,5.81916261717139,5.680592891182433,644.0,1,0.582408638936794,9.296626218275893,5.414435422490177
8902,4.0,451.0,614.0,10.1625,5.291567215352667,18,0,20000.0,51.69,5.3159027,5.288659189158388,5.374785191297,451.0,1,0.5063666299142605,10.659393370170353,5.397561097783573
8904,0.0,0.0,168.0,0.0,,5,1,40000.0,15.46,1.4062129,1.6151299082435584,1.3889996788625645,0.0,0,0.2044340391409658,24.510042505126265,5.010686988839718
8907,2.0,68.0,288.0,4.4,2.08404772775169,10,5,140000.0,18.98,2.0783136,1.998524570084403,2.1430490819967627,68.0,0,0.36992956592287196,5.746301992017135,2.125727001568633
8908,0.0,0.0,606.0,0.0,,1,1,40000.0,5.49,0.19168259,0.1568252190573999,0.17990515318159073,0.0,0,0.0865972999631084,24.510042505126265,2.122503502924956
8911,1.0,21.0,320.0,19.39,2.936611020414227,8,2,20000.0,39.05,3.0126452,3.223193100199569,3.0637767151604254,21.0,0,0.14952305535382496,20.03252542410303,2.995324407865063
8912,0.0,0.0,674.0,0.0,,2,2,60000.0,5.88,0.040085554,0.15959486594235606,0.1987906357276481,0.0,0,0.07949131034116773,24.510042505126265,1.948335395250204
8914,0.0,0.0,187.0,0.0,,4,0,20000.0,9.77,0.98660636,1.411739280999541,1.2451658014928517,0.0,0,0.19301806585254228,24.510042505126265,4.730880998303071
8915,9.0,247.0,313.0,14.163333333333334,25.108120018051324,48,2,20000.0,142.53,25.140137,25.80786062130843,25.688918670407542,247.0,2,1.7877392427829215,14.325717178156815,25.610646780400355
8916,2.0,314.0,667.0,17.795,3.9826233223494527,13,3,20000.0,43.92,3.9764347,4.076194582640815,4.055955208825845,314.0,0,0.22266318488146272,18.24455027314471,4.062389670548362
8919,1.0,34.0,242.0,4.34,1.508658117968095,6,4,140000.0,13.92,1.6806155,1.55815444646715,1.4878934982828227,34.0,0,0.22395012838282416,6.871183110649355,1.538802339771816
8921,2.0,408.0,594.0,28.42,7.847022105898121,15,4,80000.0,67.53,7.406725,7.7274877005708404,7.63917056205347,408.0,1,0.28425637984858565,28.158241052314587,8.004159664434773
8923,2.0,327.0,627.0,3.13,1.1025554631244365,11,4,20000.0,11.74,1.1088209,1.0684776918431977,1.0306525721689228,327.0,0,0.24655911186016494,4.56132436476577,1.1246360842827794
8926,2.0,65.0,248.0,20.405,8.871604611296725,12,2,80000.0,46.230000000000004,8.853497,8.643986949985969,8.732841382742906,65.0,1,0.4375752037852398,20.679819255133733,9.04897612480707
8927,0.0,0.0,315.0,0.0,,4,3,40000.0,10.92,0.6518243,0.6571576753498423,0.6321190835344463,0.0,0,0.14029635559893586,24.510042505126265,3.438669639044227
8928,4.0,220.0,332.0,8.89,7.33792764468072,15,0,20000.0,44.07,7.3624816,7.451596509523775,7.0609355392659285,220.0,1,0.7936380666801455,9.430963413058594,7.4847715700710085
8929,0.0,0.0,133.0,0.0,,4,5,20000.0,5.94,1.7847733,2.086537756920039,1.7086312500687146,0.0,0,0.22944808274526038,24.510042505126265,5.623782260806061
8930,3.0,166.0,523.0,10.953333333333333,3.1613205141731147,18,0,40000.0,42.53,3.2047336,3.297147040447014,3.3807489198087297,166.0,0,0.27865273080267605,11.572195348512494,3.224623835245032
8932,1.0,59.0,136.0,3.44,2.402393423633883,5,1,20000.0,5.67,2.4226623,2.4595652387738656,2.4618082198655977,59.0,0,0.4027416135811937,6.084126095226876,2.4503307608231193
8933,0.0,0.0,565.0,0.0,,2,4,20000.0,6.92,0.23967738,0.15664575067892383,0.20825495155900242,0.0,0,0.09153127032027729,24.510042505126265,2.2434353260981985
8935,0.0,0.0,45.0,0.0,,4,3,20000.0,11.27,3.4453287,3.3857901453698576,3.056712725945962,0.0,0,0.33173376791289155,24.510042505126265,8.130808751930664
8937,4.0,375.0,514.0,8.817499999999999,5.359345353949225,19,1,20000.0,36.93,4.1600227,4.439805033005048,5.114766157641207,375.0,1,0.5839851471638131,9.360974279942205,5.466669942468718
8942,1.0,244.0,299.0,15.05,4.404638952764216,9,2,40000.0,20.03,4.3887362,4.081205097774767,4.347068452908915,244.0,1,0.2766918367691673,16.237161594176854,4.492690065410574
8943,2.0,311.0,324.0,14.36,7.0914920749063075,14,2,40000.0,35.28,7.1420417,6.9658932281264665,7.1946985573956574,311.0,1,0.4809563536518048,15.039512360067201,7.23334902539917
8944,1.0,11.0,384.0,2.28,0.5374373526257485,4,3,100000.0,5.039999999999999,0.529542,0.39865075287073903,0.5499419582388816,11.0,0,0.10813011370431705,5.0696970531267915,0.5481869188010411
8945,2.0,162.0,264.0,5.98,3.622253283712485,11,0,40000.0,32.6,3.6978054,3.6488082785372344,3.5704779785825944,162.0,0,0.5116916315866451,7.220526126707808,3.6946827946891174
8946,2.0,512.0,631.0,26.095,7.188821050440065,14,2,140000.0,78.44,7.196285,7.329660035608818,7.226279133522156,512.0,1,0.2821509741456421,25.988892246519764,7.332791264321677
8947,6.0,483.0,613.0,11.195,8.353001215511394,30,2,60000.0,108.21,9.693256,10.035412496308776,9.256553148443087,483.0,1,0.7405112631591615,11.506013852611062,8.520332851923827
8952,11.0,334.0,371.0,16.44,32.133212327807065,49,3,120000.0,191.79,32.13412,33.249057676164256,32.06676893765518,334.0,2,1.9811830585143795,16.543921942378784,32.77653787362515
8953,0.0,0.0,590.0,0.0,,5,3,40000.0,8.32,0.16096468,0.1597690279637137,0.2317762418292375,0.0,0,0.08845805227452416,24.510042505126265,2.1681106211692684
8954,0.0,0.0,602.0,0.0,,3,3,140000.0,12.56,0.10850473,0.15690322136760598,0.20161841735489716,0.0,0,0.08705510436116205,24.510042505126265,2.133724308180285
8960,4.0,484.0,575.0,12.1375,6.826121327273295,21,2,,55.7,,,,484.0,1,0.5541019013186067,12.565993892996069,6.962841108067122
8963,4.0,512.0,675.0,10.3825,5.040153370484681,23,2,20000.0,63.53,5.053226,5.4473959022993705,5.1716819414481545,512.0,1,0.4728872910271077,10.871774187902838,5.141123844375807
8964,1.0,94.0,134.0,17.14,7.686493148386026,11,4,80000.0,34.34,7.798051,8.221931100661601,7.896504455328738,94.0,1,0.4339836725474488,18.064882885546833,7.8398642188091685
8966,8.0,474.0,581.0,10.53125,10.718430309939027,36,3,60000.0,88.93,10.6907625,10.738247128372835,10.535344999446384,474.0,1,1.014434299777649,10.777576764760013,10.933143538659184
8968,1.0,372.0,389.0,7.33,2.2151741261254467,9,3,20000.0,60.519999999999996,2.2297618,1.979192035913699,2.215995951699771,372.0,0,0.2381922188642464,9.485961417441812,2.259482198081097
8969,0.0,0.0,56.0,0.0,,3,2,60000.0,7.77,3.3999062,3.0662856793576654,2.978302058226128,0.0,0,0.3141900948631404,24.510042505126265,7.700812579785225
8970,3.0,540.0,632.0,4.656666666666666,2.1867759821312953,8,1,20000.0,23.63,2.2006137,2.26065395174035,2.1544918217588602,540.0,0,0.40096863930895477,5.562970698404882,2.2305767914549914
8973,4.0,276.0,326.0,8.7025,7.706967453992248,15,1,40000.0,64.28999999999999,7.713806,7.621662079773168,8.23929130135011,276.0,1,0.8498624994787258,9.249957034309316,7.861191605248938
8975,2.0,545.0,634.0,11.17,3.3648086861198534,9,5,60000.0,38.629999999999995,3.4293938,3.336416899549816,3.3221496823020735,545.0,0,0.2845208835450932,12.063072493191727,3.4321960440314205
8976,0.0,0.0,307.0,0.0,,4,1,20000.0,8.56,0.5044234,0.6622418709878624,0.7113448425638307,0.0,0,0.14273142680730563,24.510042505126265,3.4983533378643794
8984,0.0,0.0,689.0,0.0,,6,2,80000.0,15.84,0.012827551,0.17059975453309323,0.1959649450945662,0.0,0,0.0780781189059655,24.510042505126265,1.913698013105517
8989,3.0,103.0,234.0,14.466666666666667,10.500566145428184,19,2,140000.0,59.19,10.501467,10.076484347487348,10.638179377191033,103.0,1,0.7176168783238017,14.925145470912401,10.710536301364785
8991,0.0,0.0,58.0,0.0,,5,5,80000.0,9.58,3.3655481,2.9274160193435295,2.916361113261817,0.0,0,0.3111991259158039,24.510042505126265,7.627503803754494
8992,1.0,303.0,453.0,12.28,2.6248776225113977,7,3,60000.0,17.32,2.5931146,2.6368113137711173,2.602601371410041,303.0,0,0.19380678121369116,13.814775002265446,2.677397076380429
8993,2.0,433.0,626.0,7.95,2.4219873196515485,9,3,20000.0,23.119999999999997,2.430795,2.4377841524850297,2.414067651820139,433.0,0,0.2727221192324017,9.058641028822128,2.4704917787459544
8994,0.0,0.0,469.0,0.0,,3,5,100000.0,9.2,0.35166964,0.28703860521405944,0.27739120291122177,0.0,0,0.10562492126802037,24.510042505126265,2.5888713098797944
8995,1.0,16.0,267.0,11.73,2.393857000738746,7,1,140000.0,24.05,2.4632268,2.4138354939134192,2.1189196802616728,16.0,0,0.1831210840401233,13.33379571506282,2.4416991257118545
8998,0.0,0.0,415.0,0.0,,5,1,20000.0,22.09,0.35664988,0.3146904196930255,0.5271511705193017,0.0,0,0.11564357702460484,24.510042505126265,2.834428988317908
9004,1.0,10.0,110.0,2.5,2.086978781052898,9,1,40000.0,19.32,2.4703789,2.322334677184123,2.3745002234693766,10.0,0,0.40451669706859233,5.2620887680078425,2.1286027681162705
9005,1.0,34.0,63.0,7.16,5.309962872233475,9,0,60000.0,16.12,5.306236,5.538586395551172,5.263358373671873,34.0,1,0.5800130529590776,9.337295092306455,5.415753032868479
9006,4.0,201.0,384.0,9.21,6.131027814150076,20,1,40000.0,50.45,6.1398053,5.862976654238336,6.020005030079376,201.0,1,0.6420766216190589,9.739880966124026,6.25374986570069
9010,0.0,0.0,186.0,0.0,,6,5,60000.0,29.82,1.5631769,1.4786644062750796,1.214015468570377,0.0,0,0.19358692487928963,24.510042505126265,4.744823757228074
9013,1.0,13.0,171.0,12.38,3.944260880733225,11,5,140000.0,29.520000000000003,4.1798296,4.271459487509523,4.185948806897784,13.0,0,0.28937857141407697,13.902225781756833,4.023006236200742
9014,3.0,578.0,706.0,18.683333333333334,6.736837094668292,16,1,60000.0,60.269999999999996,6.7211714,6.526162371835441,6.738985273264214,578.0,1,0.36264068874200345,18.9493218512121,6.871795127317452
9016,2.0,150.0,208.0,18.16,11.18459239185811,11,2,60000.0,48.92,11.177727,10.882740256866375,10.850496747698784,150.0,1,0.6138314119752079,18.58511470932325,11.408127203745096
9017,1.0,487.0,537.0,2.23,0.9083558797618192,9,2,20000.0,16.22,0.9096077,0.9495198260747261,1.0929147282725822,487.0,0,0.1843497375136338,5.025971663381098,0.9265365568952668
9018,0.0,0.0,88.0,0.0,,1,2,20000.0,1.24,2.7030942,2.5318668853808277,2.281998861954461,0.0,0,0.27234600380596685,24.510042505126265,6.675212129385527
9019,0.0,0.0,293.0,0.0,,5,4,60000.0,2.88,0.6592435,0.6581299307233696,0.5683602199590796,0.0,0,0.14720299760679656,24.510042505126265,3.6079517282245837
9020,0.0,0.0,574.0,0.0,,4,4,120000.0,11.56,0.17719741,0.18763742853085266,0.1828004778544159,0.0,0,0.09040059535371667,24.510042505126265,2.2157224346083155
9021,0.0,0.0,689.0,0.0,,3,3,20000.0,18.53,0.0256077,0.1569136206479886,0.2109750066282876,0.0,0,0.0780781189059655,24.510042505126265,1.913698013105517
9025,2.0,370.0,449.0,24.96,9.052360243636187,17,3,60000.0,87.72,9.108956,9.182359933878178,9.613381665220544,370.0,1,0.3703809444600204,24.92987680799197,9.233551317416024
9026,2.0,179.0,255.0,12.98,7.243375069638301,9,2,40000.0,31.06,6.834871,6.447878178127661,6.838535933818141,179.0,1,0.537249536821496,13.751898875337373,7.388201301191056
9027,0.0,0.0,417.0,0.0,,4,1,60000.0,2.41,0.4297984,0.3057442003536679,0.5147881524970952,0.0,0,0.1152386977448,24.510042505126265,2.824505379960446
9029,4.0,390.0,514.0,10.0775,6.126208695240101,18,1,20000.0,58.45,6.2135024,6.053791080195503,6.195069554520245,390.0,1,0.5907810411580902,10.577337145137347,6.248890251284383
9030,1.0,29.0,503.0,4.62,0.5558156046124272,7,1,60000.0,17.05,0.6886424,0.7258430842606225,0.534408623035703,29.0,0,0.0796704931103209,7.116045293225237,0.5669388375066327
9032,1.0,4.0,54.0,8.5,5.902198882444847,6,0,40000.0,15.21,5.8838453,6.027642897492194,5.830252400081719,4.0,1,0.5728119337148889,10.509135537491035,6.019758248902098
9033,0.0,0.0,613.0,0.0,,6,3,60000.0,22.14,-0.060284697,0.14929044853600812,0.1903342231506464,0.0,0,0.08580763148975493,24.510042505126265,2.103148695078104
9037,7.0,284.0,363.0,13.287142857142856,16.913377369657056,28,1,20000.0,125.47999999999999,16.942142,17.43328580210031,17.61243882563992,284.0,2,1.2767315051594645,13.512591213182993,17.25195091821168
9038,1.0,20.0,144.0,14.76,5.403031194035101,10,0,60000.0,53.5,5.387118,5.108244422858382,5.553355565728553,20.0,1,0.3447829665950372,15.983554333651835,5.510857279889443
9039,0.0,0.0,183.0,0.0,,4,1,20000.0,3.54,1.086055,1.4377290893303272,1.2317280293368489,0.0,0,0.19531386613709673,24.510042505126265,4.787151160860782
9040,6.0,635.0,642.0,12.823333333333332,9.6258136520486,29,5,40000.0,95.23,9.635639,9.766919814772693,9.726553060380645,635.0,1,0.7497266331762095,13.096312442672637,9.818654234668656
9042,0.0,0.0,160.0,0.0,,3,4,40000.0,11.22,1.4419318,1.7320697212785985,1.6107929712917892,0.0,0,0.20965661417548534,24.510042505126265,5.1386925249220035
9044,0.0,0.0,716.0,0.0,,5,3,40000.0,27.65,-0.12821321,0.003671530666511518,0.14351997502413116,0.0,0,0.07565714538799714,24.510042505126265,1.8543598492763276
9047,1.0,129.0,384.0,23.04,4.065907414377431,10,3,120000.0,51.16,4.055763,4.140037775370989,4.0997465983548365,129.0,1,0.17857157449471706,23.22447887553864,4.147231759624231
9048,0.0,0.0,160.0,0.0,,2,3,80000.0,1.43,1.4595102,1.6987797522680168,1.6228904050509527,0.0,0,0.20965661417548534,24.510042505126265,5.1386925249220035
9049,2.0,241.0,322.0,14.58,6.93158499508841,13,0,140000.0,35.1,6.9758396,6.90762798131839,6.711445879325324,241.0,1,0.46378102123182474,15.24478407502413,7.07024152677335
9050,1.0,70.0,649.0,32.64,2.0423993757548295,10,4,80000.0,35.410000000000004,2.03121,2.0827469721453578,2.2374229258811233,70.0,0,0.06588576470896641,31.619753706711748,2.0832916528758787
9055,0.0,0.0,39.0,0.0,,3,1,20000.0,3.89,4.567252,3.3857901453698576,3.869580722150402,0.0,0,0.34216157930962604,24.510042505126265,8.386394852500066
9057,0.0,0.0,692.0,0.0,,3,2,140000.0,10.44,0.019906612,0.18067782873435642,0.20813899869379515,0.0,0,0.07780149276963574,24.510042505126265,1.906917894746046
9058,0.0,0.0,100.0,0.0,,5,4,20000.0,4.61,2.4727519,2.3548438658943094,2.1687950245733205,0.0,0,0.25940485613702374,24.510042505126265,6.358024049954616
9059,0.0,0.0,45.0,0.0,,3,0,40000.0,13.38,3.4908118,3.3659085455163646,3.032281218383523,0.0,0,0.33173376791289155,24.510042505126265,8.130808751930664
9061,1.0,608.0,621.0,11.17,2.1069500214621915,8,2,20000.0,14.129999999999999,2.1041265,2.1772585200644867,2.1465957054018867,608.0,0,0.16732478793942018,12.844071349911058,2.14913151490265
9062,0.0,0.0,322.0,0.0,,5,4,20000.0,26.28,0.5584971,0.7413306486146224,0.6602571492269833,0.0,0,0.13823294414694892,24.510042505126265,3.388095336650463
9063,1.0,80.0,441.0,10.37,1.5177340130181807,9,1,40000.0,29.409999999999997,1.4681293,1.2769565187517498,1.5108408350807148,80.0,0,0.12747368466773676,12.144465113979962,1.5480997163978114
9064,5.0,519.0,675.0,15.356,8.830112195044041,24,3,60000.0,91.89999999999999,8.844677,8.86632757570062,8.76613616315316,519.0,1,0.5769515411357452,15.611391955621901,9.00701664807023
9065,1.0,19.0,395.0,4.97,0.7963364753315554,8,4,60000.0,11.1,0.8174936,0.7490569887552713,0.8101764818113839,19.0,0,0.10943841352183563,7.422123021445089,0.8122653684308437
9067,0.0,0.0,171.0,0.0,,4,1,40000.0,18.48,1.3329734,1.626654566761308,1.3073848971994089,0.0,0,0.2025422618904496,24.510042505126265,4.964319448019335
9068,0.0,0.0,623.0,0.0,,4,0,40000.0,14.7,0.10465784,0.17931940830134707,0.22336611977896137,0.0,0,0.08470421347980872,24.510042505126265,2.076103872753401
9069,1.0,186.0,403.0,4.31,1.273352038198769,8,0,100000.0,9.129999999999999,1.3197763,1.235208662943633,1.3341581961594455,186.0,0,0.18974923284842818,6.844947876801938,1.298823608510645
9074,1.0,360.0,492.0,8.51,1.9221373722989874,12,0,40000.0,15.620000000000001,1.9219284,1.8139482103192786,1.9163192265213649,360.0,0,0.18640660468058579,10.517880615440173,1.9606024139599527
9075,2.0,464.0,559.0,11.54,3.803737900659856,12,0,40000.0,28.48,3.7784429,3.654061780380338,3.72959631263424,464.0,0,0.31268588613422377,12.40830219561929,3.879900967458452
9076,1.0,16.0,255.0,32.08,5.905468645639653,10,4,40000.0,43.8,5.9104576,5.876387820975781,5.615166631930248,16.0,1,0.1934941668846674,31.130029341559982,6.023479092540399
9078,0.0,0.0,538.0,0.0,,2,5,40000.0,2.88,0.2900992,0.18993942846904663,0.25546301491718726,0.0,0,0.095099776641943,24.510042505126265,2.3308995677220365
9080,0.0,0.0,442.0,0.0,,5,2,40000.0,25.39,0.44308102,0.2501645209297739,0.4543962913178623,0.0,0,0.11040716022865923,24.510042505126265,2.7060841900747237
9081,0.0,0.0,351.0,0.0,,3,2,60000.0,9.52,0.42528927,0.3622764197324472,0.5893077155425868,0.0,0,0.13029496383541259,24.510042505126265,3.193535101809852
9085,0.0,0.0,626.0,0.0,,5,1,120000.0,6.3,0.03618309,0.18045128787173237,0.17187183095574632,0.0,0,0.08437870464906501,24.510042505126265,2.0681256374760784
9086,1.0,262.0,310.0,18.37,5.1047448348372715,11,1,20000.0,39.870000000000005,5.1275196,5.16958508130288,5.3305274089593055,262.0,1,0.27203010757807267,19.140527473290888,5.206799747660376
9087,0.0,0.0,279.0,0.0,,6,5,40000.0,9.35,0.7192413,0.7079724448026279,0.574058381515897,0.0,0,0.15196442742541466,24.510042505126265,3.724654575464089
9088,0.0,0.0,59.0,0.0,,5,5,120000.0,26.03,3.218553,3.8065062108376484,2.902172946378859,0.0,0,0.3097250382290544,24.510042505126265,7.59137385189598
9092,2.0,53.0,152.0,10.72,7.6018465046434684,14,1,20000.0,35.910000000000004,7.6446915,7.812419795756887,7.838375033189088,53.0,1,0.6659406157499395,11.643198530779829,7.75367879888631
9093,1.0,28.0,149.0,3.86,2.1837420044027533,8,2,40000.0,35.35,2.1761527,1.9570551822439581,2.356398909946787,28.0,0,0.3452458041745789,6.451419369090699,2.2273254681491728
9095,0.0,0.0,31.0,0.0,,4,3,80000.0,8.95,4.5952516,3.05652258583207,3.8277867821234848,0.0,0,,24.510042505126265,
9097,2.0,113.0,270.0,3.76,2.325533360517717,11,1,20000.0,27.06,2.2673094,2.2340544895446905,2.186680365245585,113.0,0,0.4606657621312746,5.149147912142431,2.372036147273754
9098,0.0,0.0,628.0,0.0,,4,4,60000.0,27.93,-0.035381444,0.11325922420102807,0.1643895549150427,0.0,0,0.08416308611870243,24.510042505126265,2.062840818131999
9099,2.0,474.0,544.0,20.125,6.457507722630497,15,1,20000.0,53.69,6.4411187,6.29083454588446,6.431922856418577,474.0,1,0.32258889813109665,20.41856434518855,6.586802173533271
9101,1.0,95.0,418.0,5.29,1.095840566109631,10,4,40000.0,17.82,1.0417806,1.1026353197397751,1.0996251616644672,95.0,0,0.14512697254575815,7.701965515817527,1.1177629379624263
9102,3.0,550.0,552.0,11.516666666666666,5.439013572061824,12,2,20000.0,46.75,5.0063186,5.238456134892814,5.3094475172817575,550.0,1,0.45813549816798266,12.109812588252137,5.5479350228398
9103,0.0,0.0,653.0,0.0,,5,1,120000.0,19.37,0.047483094,0.15809058243614402,0.19087008847727116,0.0,0,0.08155801785658552,24.510042505126265,1.998990484298758
9106,0.0,0.0,324.0,0.0,,6,3,100000.0,15.03,0.53062177,0.6202880037784128,0.6326924679859225,0.0,0,0.13765451937606243,24.510042505126265,3.3739181209300173
9108,0.0,0.0,240.0,0.0,,4,1,40000.0,7.15,0.876201,0.9978184105100044,0.8736323059124596,0.0,0,0.16701803727706147,24.510042505126265,4.09361919278354
9110,0.0,0.0,20.0,0.0,,4,3,60000.0,13.44,4.595656,3.1699375073915523,3.8638996079401227,0.0,0,,24.510042505126265,
9111,1.0,15.0,408.0,11.04,1.265059174098348,10,2,40000.0,18.89,1.2892944,1.3249634064018907,1.2412817119497994,15.0,0,0.10136107224651315,12.730385336572255,1.290365507826252
9112,2.0,343.0,483.0,7.655,2.9174099627600385,12,0,20000.0,20.66,2.871055,2.8211639064278304,2.8931120472740486,343.0,0,0.33879991218424765,8.783390320129882,2.975811869139975
9115,3.0,523.0,651.0,21.24,8.09770759837649,21,4,40000.0,77.7,8.097435,7.960516934942034,8.160348485311225,523.0,1,0.3861706095660894,21.389277016184327,8.259910143517848
9116,1.0,71.0,152.0,2.68,2.028192543913839,8,5,20000.0,17.07,2.11025,1.9902331266312359,2.2529442929787287,71.0,0,0.3817092578289394,5.419500171092338,2.0686733881114665
9119,0.0,0.0,169.0,0.0,,4,3,80000.0,15.96,1.46008,1.6012448885448018,1.3857014439741882,0.0,0,0.20379951865485418,24.510042505126265,4.995134864754749
9123,3.0,543.0,623.0,14.936666666666667,6.137858714414387,17,1,100000.0,53.69,6.1700115,6.164136796892087,6.221576414032321,543.0,1,0.4072409858627996,15.373690031878613,6.260796684931342
9125,4.0,549.0,726.0,15.370000000000001,6.8328809565084985,22,3,60000.0,79.43,6.817778,6.73496732113851,6.942660526168838,549.0,1,0.44431572193064645,15.686543862633604,6.969778060922801
9129,5.0,540.0,709.0,8.24,4.701792743141945,29,0,120000.0,44.15,4.701825,4.535327700707763,4.657620269992213,540.0,1,0.5516490942718848,8.693923823393732,4.795995202843914
9130,0.0,0.0,60.0,0.0,,5,4,120000.0,5.36,3.419578,2.963058134899602,2.886674779318686,0.0,0,0.30826494274662536,24.510042505126265,7.555586849560102
9134,10.0,551.0,630.0,13.143,15.58278178075832,46,5,80000.0,136.41,15.558772,15.734288259341918,15.054908167565314,551.0,2,1.1947690084930744,13.303809869543361,15.8949797270147
9139,0.0,0.0,226.0,0.0,,4,5,20000.0,9.24,0.85020715,1.0778162430463283,0.8721418670073602,0.0,0,0.17317823224233675,24.510042505126265,4.244605833222302
9141,0.0,0.0,231.0,0.0,,3,4,80000.0,12.58,0.9991708,1.0337502504376836,0.8521673643221135,0.0,0,0.17092654113325753,24.510042505126265,4.189416788430355
9142,1.0,11.0,28.0,18.96,13.611125444534158,8,4,60000.0,22.44,11.946718,10.99461486298807,12.871875042790062,11.0,2,0.7062299846776116,19.65648707229007,13.882000563879085
9143,6.0,236.0,326.0,20.07,23.22077800302697,37,5,60000.0,147.29999999999998,27.02732,23.977811080221112,25.053848967420283,236.0,2,1.174078184032972,20.173710876232242,23.685513830772965
9144,3.0,452.0,559.0,7.566666666666667,3.578683899862792,11,1,20000.0,27.82,3.5354753,3.4194023943097465,3.438720153686552,452.0,0,0.43768526317101375,8.340129575876533,3.650351808297876
9145,2.0,27.0,615.0,14.969999999999999,0.913602165017825,12,1,80000.0,46.76,0.94476587,1.0987400547975514,0.6265994687316647,27.0,0,0.0597038594842662,15.608674842447776,0.9318981295291029
9149,2.0,196.0,327.0,7.32,3.631361066096349,11,1,80000.0,26.52,3.5887313,3.6848028175092007,3.695593797414236,196.0,0,0.4372663528594454,8.470817481445467,3.704003465849692
9150,0.0,0.0,293.0,0.0,,4,1,20000.0,7.67,0.50274676,0.6734238529546904,0.6231937646731351,0.0,0,0.14720299760679656,24.510042505126265,3.6079517282245837
9157,0.0,0.0,139.0,0.0,,4,1,20000.0,16.02,1.7644641,1.7783472393204909,1.7726719993397442,0.0,0,0.2247323910198213,24.510042505126265,5.5082004561744755
9159,0.0,0.0,494.0,0.0,,4,1,40000.0,7.44,0.31229123,0.24758052257746216,0.22459320820811612,0.0,0,0.10155243312067087,24.510042505126265,2.4890544522866356
9160,0.0,0.0,632.0,0.0,,4,1,20000.0,7.83,0.07671569,0.17222449902255327,0.1881793499731126,0.0,0,0.08373514056609703,24.510042505126265,2.052351854447761
9162,0.0,0.0,524.0,0.0,,4,3,60000.0,8.55,0.2546269,0.24414677165282642,0.2652672251557373,0.0,0,0.09706202521653581,24.510042505126265,2.3789943636909303
9163,0.0,0.0,554.0,0.0,,5,5,60000.0,7.29,0.2989043,0.179366088216718,0.2671413632543116,0.0,0,0.09295224720396152,24.510042505126265,2.2782635299161007
9166,0.0,0.0,225.0,0.0,,4,1,40000.0,10.21,0.9870626,1.0711133339231125,0.8907100167441131,0.0,0,0.17363572742427785,24.510042505126265,4.2558190595775685
9167,0.0,0.0,67.0,0.0,,7,5,120000.0,18.0,2.7925355,1.9252427092121933,2.833750084738659,0.0,0,0.29841977519693513,24.510042505126265,7.314281374447105
9169,5.0,482.0,575.0,12.576,8.540299440810598,25,5,80000.0,84.35,8.490986,8.459890221675542,8.530207028187528,482.0,1,0.6748310717926456,12.908952185021239,8.711362038737896
9171,1.0,34.0,435.0,19.71,2.067188135469361,10,0,20000.0,53.67,2.0868955,2.0798339781887663,2.135986675034987,34.0,0,0.10380600487342904,20.312367918475466,2.108545763136148
9175,1.0,15.0,719.0,23.13,0.8518601984114524,9,2,100000.0,24.93,0.85589886,0.8889767985658107,0.8224513443328663,15.0,0,0.037287554387584736,23.303184577080888,0.8689187623218294
9176,6.0,503.0,563.0,13.979999999999999,11.440717081577658,30,4,40000.0,91.34,11.439574,11.627483395413893,11.193600897974106,503.0,1,0.8203226023712236,14.225961594671343,11.669877836573878
9178,0.0,0.0,261.0,0.0,,4,4,40000.0,3.99,0.80463535,0.7657353488273712,0.5549937283799755,0.0,0,0.15855961093598295,24.510042505126265,3.8863028036372254
9179,0.0,0.0,330.0,0.0,,7,4,40000.0,23.36,0.59707105,0.6596014533586411,0.7239121955398797,0.0,0,0.13594797969925101,24.510042505126265,3.332090760914685
9180,0.0,0.0,114.0,0.0,,5,4,20000.0,16.2,2.0280414,2.4545491534319446,2.0125606863314642,0.0,0,0.2457864235525629,24.510042505126265,6.024235688456284
9182,0.0,0.0,265.0,0.0,,5,2,120000.0,16.57,0.75867194,0.7673528075959457,0.536239199681261,0.0,0,0.1570449049094815,24.510042505126265,3.849177294544904
9184,3.0,196.0,489.0,12.229999999999999,4.515752227927969,12,0,40000.0,43.86,4.436935,4.674315487034913,4.551491240090608,196.0,1,0.3601218143690908,12.790582347449082,4.606167721800627
9187,5.0,664.0,678.0,10.734,6.615894746456608,25,4,20000.0,77.57,7.3202486,7.129593847470765,6.666189224047811,664.0,1,0.6069645373114331,11.118342811839074,6.748439800457802
9189,2.0,290.0,340.0,3.74,2.2980068358333168,14,2,60000.0,14.11,2.3053722,2.490600253305493,2.45145872830101,290.0,0,0.4568728265893465,5.130486847146347,2.343980027635216
9190,0.0,0.0,68.0,0.0,,4,3,40000.0,16.68,2.8075285,2.464606249275434,2.8985956739894423,0.0,0,0.2970647471771156,24.510042505126265,7.281069580085691
9191,0.0,0.0,319.0,0.0,,4,1,40000.0,11.34,0.6141369,0.6206489101182163,0.6662733555065152,0.0,0,0.13910977044531878,24.510042505126265,3.4095863864931206
9195,1.0,181.0,246.0,9.99,3.567946014204721,8,3,80000.0,18.759999999999998,3.5383425,3.6691538062350535,3.7363170338242084,181.0,0,0.30809281550109957,11.812152151912695,3.6392392136101543
9197,6.0,271.0,350.0,11.286666666666667,12.941491076019286,29,1,80000.0,76.17999999999999,12.940568,12.885740943954984,13.037757095723604,271.0,1,1.1384144441019728,11.595539361775227,13.20052949659789
9198,0.0,0.0,142.0,0.0,,3,2,120000.0,4.12,1.8104562,1.734030248115979,1.7322647358911532,0.0,0,0.222446783447862,24.510042505126265,5.452180117435716
9199,0.0,0.0,500.0,0.0,,4,2,20000.0,3.82,0.29527792,0.26393764602374364,0.22136521522618224,0.0,0,0.10062138384239822,24.510042505126265,2.4662343949018055
9200,3.0,310.0,342.0,10.723333333333334,7.193770604696965,15,4,20000.0,42.54,7.290361,7.254213900275174,7.291834765510811,310.0,1,0.6463416377504289,11.352694818677968,7.337719361985125
9205,0.0,0.0,362.0,0.0,,3,4,140000.0,2.21,0.6815065,0.35851920741304794,0.5558481054214521,0.0,0,0.12751777225870436,24.510042505126265,3.125466018219855
9206,0.0,0.0,478.0,0.0,,4,3,40000.0,18.22,0.3365598,0.255462486363447,0.2771426362005682,0.0,0,0.10412169244402622,24.510042505126265,2.552027107508767
9208,3.0,530.0,694.0,20.31,7.266415755355101,17,5,20000.0,70.68,7.2403994,7.314623160065724,7.244857704708673,530.0,1,0.3615294403477308,20.501731395549058,7.411979477592354
9209,0.0,0.0,287.0,0.0,,4,4,60000.0,13.43,0.64979845,0.6581299307233696,0.5545568375342604,0.0,0,0.14920650090368365,24.510042505126265,3.6570576791904466
9213,2.0,282.0,661.0,12.445,2.7735503472883467,11,3,80000.0,34.93,2.813681,2.704306839713216,2.7479427691782368,282.0,0,0.2134732279425938,13.252715386692113,2.8290999326016455
9217,0.0,0.0,400.0,0.0,,4,5,40000.0,24.56,0.6874778,0.2989304276845701,0.45892204418029525,0.0,0,0.11877343970124449,24.510042505126265,2.9111420555575536
9223,0.0,0.0,434.0,0.0,,5,4,40000.0,1.95,0.36283767,0.29588966355499796,0.4689485683723218,0.0,0,0.1119085183661897,24.510042505126265,2.7428825418410128
9224,4.0,539.0,558.0,10.6725,6.351417515134083,20,4,40000.0,56.12,6.335795,6.316380641727333,6.355035092253993,539.0,1,0.5809523462168189,11.151730720368386,6.4786241263761895
9225,2.0,127.0,598.0,15.52,2.4024133389817743,13,2,40000.0,35.2,2.3661795,2.2528261906141656,2.4775753373576763,127.0,0,0.15200003867180184,16.1218541298401,2.4505224511968433
9226,1.0,157.0,357.0,26.99,5.399996388357419,10,1,20000.0,41.17,5.4067917,5.433821371660356,5.412876958817341,157.0,1,0.20645571867444087,26.678784665448408,5.507987661465804
9227,1.0,546.0,660.0,20.1,3.0843598750384174,11,1,20000.0,45.8,3.083982,3.2462253027602035,3.2113996484500418,546.0,0,0.15232899948942116,20.653425958491876,3.1461157122859067
9228,0.0,0.0,203.0,0.0,,3,2,60000.0,16.59,1.0425032,1.0859585256548052,1.0133726284099147,0.0,0,0.18435185284314248,24.510042505126265,4.518471749084204
9230,1.0,9.0,190.0,5.22,1.9237615127827108,8,3,60000.0,18.91,1.9385977,2.151454531133268,1.7662832761361411,9.0,0,0.25680437505160497,7.640749970173556,1.9621780210159894
9231,0.0,0.0,605.0,0.0,,3,4,40000.0,4.51,0.20227234,0.16802741962231607,0.1892612626212884,0.0,0,0.08671129870920573,24.510042505126265,2.1252976170373326
9233,0.0,0.0,405.0,0.0,,5,4,80000.0,12.78,0.48780212,0.2959873149846077,0.4529546575641472,0.0,0,0.11771147083906863,24.510042505126265,2.885113153606503
9234,2.0,346.0,403.0,28.49,11.196741404004273,10,1,20000.0,63.48,9.634942,9.403166069991856,9.966851072115805,346.0,1,0.40465529868216277,28.223554779800878,11.420810989292708
9235,0.0,0.0,277.0,0.0,,2,4,60000.0,7.29,0.74041146,0.6884879569453558,0.5642879790843454,0.0,0,0.15266994792535407,24.510042505126265,3.7419469129058416
9236,3.0,326.0,692.0,17.873333333333335,5.124029433224707,17,0,80000.0,62.3,5.111331,5.034638141279807,5.449053621468668,326.0,1,0.28755446025087683,18.17629824614267,5.226675631528515
9237,1.0,331.0,549.0,15.7,2.645524566392674,4,4,60000.0,31.849999999999998,2.6462014,2.698992008453823,2.701506570391029,331.0,0,0.16057017055406683,16.805591660870867,2.6984767192480383
9238,9.0,277.0,366.0,13.327777777777778,20.72032685008022,41,2,20000.0,129.55,19.492586,20.4899923442884,19.930459718579648,277.0,2,1.565185948208983,13.50327504073469,21.13513634855902
9239,1.0,255.0,368.0,14.27,3.4987217770625643,10,0,100000.0,26.66,3.5068889,3.58031623607594,3.628145709942349,255.0,0,0.2294236416119045,15.555045514144037,3.5686951872938444
9241,2.0,266.0,346.0,6.615,3.39313238241582,13,1,20000.0,25.37,3.4080029,3.529124644065717,3.550771937713791,266.0,0,0.4429809237339211,7.81301494033349,3.461016575415856
9242,0.0,0.0,545.0,0.0,,5,4,40000.0,19.15,0.21432371,0.15959869858018547,0.2583989869141474,0.0,0,0.09414813360687582,24.510042505126265,2.307574756482833
9243,0.0,0.0,190.0,0.0,,7,4,40000.0,31.68,1.2644981,1.447526981453692,1.048356027585359,0.0,0,0.19133143524225046,24.510042505126265,4.689541610354373
9244,0.0,0.0,303.0,0.0,,3,3,20000.0,16.59,0.48857456,0.6798351277651918,0.6630062683269795,0.0,0,0.14398100063415373,24.510042505126265,3.5289804454737195
9247,1.0,3.0,79.0,3.65,2.9532235344474165,7,4,40000.0,20.24,2.954457,2.5843166913155953,2.7440383651700646,3.0,0,0.4805669899626334,6.267772732158788,3.0120846756634196
9248,2.0,308.0,665.0,17.155,3.831987042501377,12,2,60000.0,41.91,3.8835285,3.807242259159543,3.797371186982643,308.0,0,0.22149080692151432,17.64739619327001,3.908736022911034
9249,8.0,307.0,364.0,16.09125,23.401845436655435,37,2,40000.0,149.28,23.405054,23.53115629403418,23.505564747566662,307.0,2,1.4698834950741848,16.239601434518615,23.870322115181967
9251,1.0,276.0,550.0,11.82,1.9752150720821493,9,4,100000.0,20.09,2.1590629,2.1706255060137507,1.96032920549911,276.0,0,0.1502143820296049,13.412501416605068,2.0147506117665306
9252,2.0,459.0,532.0,9.545,3.388376812080092,14,3,60000.0,41.5,3.4038532,3.354285444913491,3.4841682809225927,459.0,0,0.32770106935577553,10.546860962259865,3.4562176156792415
9253,0.0,0.0,275.0,0.0,,2,2,100000.0,7.1,0.7012556,0.7011763349878612,0.5526295403881951,0.0,0,0.15338206425212852,24.510042505126265,3.759400914343678
9254,0.0,0.0,99.0,0.0,,3,4,60000.0,6.72,2.6706183,2.314857081490864,2.175528452373067,0.0,0,0.2604358815291101,24.510042505126265,6.383294526138517
9256,5.0,446.0,559.0,4.646,3.4746756006827537,25,3,40000.0,40.629999999999995,3.4766333,3.873768717249439,3.919925367494248,446.0,0,0.6815650999003227,5.200194134351006,3.544270834680015
9262,1.0,49.0,210.0,9.15,2.976707758367212,8,3,60000.0,25.9,2.9969697,3.0700484171553915,3.14853701649712,49.0,0,0.27408233495847206,11.077565604185047,3.036165046450695
9263,10.0,628.0,708.0,9.059000000000001,9.911115315278037,45,2,40000.0,99.22,9.906828,9.840236076361712,9.781575552573738,628.0,1,1.0896917913735287,9.277586332235296,10.109709669996045
9264,0.0,0.0,707.0,0.0,,4,4,100000.0,26.68,-0.10877755,0.06274952890648974,0.15734311614995633,0.0,0,0.0764472702799748,24.510042505126265,1.8737258439630584
9268,1.0,36.0,227.0,22.62,5.418165347189781,8,2,20000.0,47.46,5.3983874,5.297061803290162,5.6765665729172,36.0,1,0.24177992075400237,22.857185601674818,5.526408523432462
9269,3.0,224.0,546.0,5.5566666666666675,2.064097267315044,12,2,20000.0,23.400000000000002,2.0680046,2.1602128808808043,2.1614766807032124,224.0,0,0.32785262411742777,6.421885815148693,2.1054321162789855
9270,1.0,149.0,400.0,23.76,4.165578961322813,7,4,20000.0,43.040000000000006,4.1646028,4.478125691892772,4.110163336131375,149.0,1,0.1781203103384368,23.854124487876625,4.2489040566322895
9271,2.0,434.0,501.0,17.405,6.025186889054876,13,5,60000.0,63.25,6.5403047,6.484747724982572,6.121637824090881,434.0,1,0.34371265627388087,17.880659505721063,6.145808974640205
9272,0.0,0.0,79.0,0.0,,5,5,40000.0,9.07,2.8335047,2.422167507267105,2.429527776380044,0.0,0,0.28293745252749425,24.510042505126265,6.934808987741029
9275,1.0,21.0,624.0,6.51,0.44185134249235325,8,2,20000.0,13.46,0.44486007,0.5240955103876825,0.5514984472755513,21.0,0,0.05139745603160711,8.768865025612442,0.4506973546010128
9276,3.0,284.0,678.0,13.530000000000001,3.6799431544470913,15,4,140000.0,46.379999999999995,3.715146,3.5043598014414474,3.7241684788196507,284.0,0,0.2675215885764885,14.031237516079031,3.753658949995485
9280,0.0,0.0,87.0,0.0,,5,1,20000.0,7.64,2.6984997,2.519172255777988,2.273992738620949,0.0,0,0.27348329039810965,24.510042505126265,6.703087072099457
9281,0.0,0.0,614.0,0.0,,5,2,20000.0,8.1,0.1416594,0.15330074265018845,0.18285820371692285,0.0,0,0.08569599672962462,24.510042505126265,2.100412522362261
9283,0.0,0.0,92.0,0.0,,4,2,40000.0,15.3,2.6429873,2.511985285527335,2.2654410209432347,0.0,0,0.2678903999237104,24.510042505126265,6.566005088845415
9285,1.0,366.0,631.0,25.51,3.5051224747095535,5,0,80000.0,37.63,3.4989762,3.4931245536413957,3.5372093585618836,366.0,0,0.140845622586294,25.38451312897589,3.575297555700563
9286,1.0,350.0,546.0,18.03,3.0409220805720545,9,5,20000.0,22.59,3.062226,3.010165688472743,3.1109087360990544,350.0,0,0.16461050386454237,18.843194823020173,3.101787794235087
9288,0.0,0.0,29.0,0.0,,4,4,80000.0,15.77,4.619775,3.0733931246530806,3.7559516256873753,0.0,0,,24.510042505126265,
9291,0.0,0.0,66.0,0.0,,5,3,60000.0,35.16,2.8740451,2.901698989642298,3.1060770511376594,0.0,0,0.2997873016467266,24.510042505126265,7.3477995058583785
9292,1.0,137.0,196.0,8.46,3.6097800911429148,7,5,40000.0,37.010000000000005,3.6443367,3.543978700847967,3.2762934045877476,137.0,0,0.3515195925429781,10.474155225694481,3.681870777168029
9294,1.0,178.0,282.0,4.64,1.8992464884540765,9,0,80000.0,9.68,1.9166582,1.849841107907759,1.8320877652583114,178.0,0,0.27156357654618823,7.133535449123514,1.9372083999830005
9297,4.0,585.0,681.0,8.850000000000001,4.46425279099093,19,1,80000.0,47.010000000000005,4.4921145,4.407739122240738,4.578260999174417,585.0,1,0.4848294366238674,9.392348718925415,4.553687137971512
9300,2.0,202.0,479.0,15.21,4.434833582972187,15,3,20000.0,41.26,4.148586,4.888696394118882,4.251717206879507,202.0,1,0.28571482029564454,15.832607622400792,4.5236106416456945
9301,0.0,0.0,329.0,0.0,,3,5,40000.0,3.91,0.6152062,0.6298108433575977,0.6612199532741911,0.0,0,0.13622945331645112,24.510042505126265,3.338989691236331
9302,0.0,0.0,566.0,0.0,,1,1,140000.0,1.71,0.12048043,0.14594678176850095,0.21009798883699293,0.0,0,0.09140424378461719,24.510042505126265,2.2403219003098904
9304,2.0,82.0,164.0,7.19,5.479319964953926,10,4,20000.0,25.58,5.5213366,5.57868696788333,5.36077866357881,82.0,1,0.6693529041204485,8.349520558970918,5.5887758341605736
9306,3.0,648.0,708.0,8.506666666666666,3.3498222336687777,14,4,60000.0,33.33,3.37787,3.323986135551287,3.293186385974725,648.0,0,0.3699088516468651,9.237218697808954,3.4169289609174607
9307,3.0,212.0,294.0,8.033333333333333,5.946994977367508,23,3,20000.0,44.120000000000005,5.9551015,6.213997069136327,6.455843530784682,212.0,1,0.6904521810442835,8.785492969743693,6.065962782508753
9308,1.0,27.0,256.0,3.36,1.2011090568428895,8,4,40000.0,10.39,1.1727612,1.1884567193526607,1.0340095598962984,27.0,0,0.2037042946412171,6.014165471633766,1.225111335254719
9309,3.0,563.0,691.0,22.353333333333335,8.117082658783346,16,4,20000.0,72.56,8.123424,8.051828249428102,7.909695341914073,563.0,1,0.3687762764831007,22.451786827267412,8.279686346552005
9310,0.0,0.0,676.0,0.0,,4,0,40000.0,3.08,0.08664468,0.16229691539309088,0.1968932553040199,0.0,0,0.07929993425337459,24.510042505126265,1.9436447592039294
9311,2.0,251.0,319.0,20.12,9.429186901808038,18,3,80000.0,56.82,9.165761,8.880428518882102,9.613347075307557,251.0,1,0.47113983221211136,20.41389907893953,9.617800986846545
9312,0.0,0.0,48.0,0.0,,2,1,80000.0,2.44,3.5551949,3.05652258583207,3.0127870169516258,0.0,0,0.326756335866914,24.510042505126265,8.008811680917375
9313,0.0,0.0,659.0,0.0,,5,4,40000.0,13.56,0.124589995,0.167682172739821,0.1793949820505807,0.0,0,0.08095663749469442,24.510042505126265,1.984250626067059
9315,0.0,0.0,521.0,0.0,,3,3,140000.0,9.25,0.24369302,0.24630019944849874,0.208083941178705,0.0,0,0.09749309931365147,24.510042505126265,2.3895600081340937
9317,0.0,0.0,280.0,0.0,,5,5,20000.0,27.56,0.86759645,0.7768282482254649,0.5892200618739825,0.0,0,0.15161411198472327,24.510042505126265,3.7160683291225407
9318,8.0,586.0,598.0,15.10375,15.486169199302253,35,1,120000.0,125.99,15.419568,15.560380502139814,14.92952243754855,586.0,2,1.0345066426309868,15.26950262851383,15.79640189886887
9319,2.0,169.0,222.0,6.755,4.6313968867759385,17,4,140000.0,25.509999999999998,4.363636,4.207052698081427,4.535874670540267,169.0,1,0.5946859110043681,7.943642395306081,4.723972214545517
9321,4.0,270.0,365.0,6.965,5.662919176849732,13,2,20000.0,38.46,5.647752,5.454659452505795,5.507820960201431,270.0,1,0.7627813280965672,7.572631257899352,5.7762617280860455
9323,1.0,273.0,424.0,22.8,4.554129546510887,7,1,60000.0,26.7,4.5290923,4.526489868316309,4.5838113500225734,273.0,1,0.20183876849635995,23.014597004759313,4.645237916880634
9324,0.0,0.0,504.0,0.0,,4,0,120000.0,1.4,0.25374374,0.24860732463921503,0.20255330903865598,0.0,0,0.10001012072025861,24.510042505126265,2.4512523097963475
9325,0.0,0.0,386.0,0.0,,3,1,140000.0,11.34,0.44717643,0.3539743052841927,0.4556528516509557,0.0,0,0.12185168684993054,24.510042505126265,2.986590024013133
9326,0.0,0.0,39.0,0.0,,1,0,20000.0,1.72,4.492052,3.3857901453698576,3.883018494306405,0.0,0,0.34216157930962604,24.510042505126265,8.386394852500066
9327,3.0,458.0,681.0,8.333333333333334,3.138352897719062,22,5,40000.0,39.67,3.1506078,3.237076774782144,3.244852282914949,458.0,0,0.3528760281634262,9.071798008658297,3.201220049596219
9328,1.0,16.0,117.0,21.53,8.512056713361918,7,1,20000.0,36.93,8.637051,8.666306562089307,8.190583714467703,16.0,1,0.3963595797508617,21.903972105218703,8.681849178499084
9331,3.0,509.0,700.0,11.9,4.328081213369508,15,2,20000.0,44.160000000000004,4.34798,4.452171890547416,4.377734466375949,509.0,1,0.3538721562883912,12.47564680464302,4.414784035851403
9335,0.0,0.0,110.0,0.0,,2,2,40000.0,2.55,2.5856917,2.27584099232651,2.1667799876196883,0.0,0,0.2495285581256958,24.510042505126265,6.115955565903674
9337,1.0,160.0,257.0,16.14,4.863977327037993,7,4,40000.0,27.54,4.9165554,4.602802288845216,4.696127114639491,160.0,1,0.28860203037570514,17.19037509063297,4.961177154076621
9340,0.0,0.0,644.0,0.0,,3,4,60000.0,12.62,0.12550755,0.17052650532435504,0.18707282740304887,0.0,0,0.08247704168394848,24.510042505126265,2.021515797370648
9342,0.0,0.0,315.0,0.0,,5,1,60000.0,5.04,0.62671167,0.6431429471695976,0.6319251499052374,0.0,0,0.14029635559893586,24.510042505126265,3.438669639044227
9343,0.0,0.0,126.0,0.0,,5,5,140000.0,16.93,2.167889,2.0410203389805917,1.8095808660681127,0.0,0,0.23520727192888102,24.510042505126265,5.764940232491665
9345,0.0,0.0,113.0,0.0,,5,2,60000.0,20.94,2.5803924,2.4315780438027987,2.2076043780917187,0.0,0,0.2467113448132615,24.510042505126265,6.046905547869902
9349,4.0,229.0,340.0,20.3425,15.738347304956772,22,4,20000.0,103.57,16.462072,15.769419891705532,15.72715107538972,229.0,2,0.7835915991449549,20.486833027064428,16.05331025309309
9350,0.0,0.0,258.0,0.0,,6,3,120000.0,12.17,0.81286776,0.7646260778315274,0.5840764275461758,0.0,0,0.15971499998836897,24.510042505126265,3.914621438421164
9351,0.0,0.0,522.0,0.0,,3,4,80000.0,5.96,0.29767206,0.262282148301787,0.19116919791664877,0.0,0,0.09734898272256243,24.510042505126265,2.3860277043608074
9352,1.0,188.0,278.0,7.44,2.6183809669454625,7,2,120000.0,12.41,2.5494182,2.6928155980676305,2.699818449485249,188.0,0,0.2787175231201873,9.582157274882338,2.670715141803289
9353,0.0,0.0,434.0,0.0,,5,2,20000.0,6.79,0.35375434,0.3098283082144032,0.4856944069978084,0.0,0,0.1119085183661897,24.510042505126265,2.7428825418410128
9354,0.0,0.0,305.0,0.0,,4,4,40000.0,25.78,0.7087225,0.7778018524018182,0.6559739785731686,0.0,0,0.1433534854766131,24.510042505126265,3.513600022289788
9355,0.0,0.0,615.0,0.0,,4,1,100000.0,30.26,0.06659424,0.11395755974142287,0.18891957249842672,0.0,0,0.08558465228472287,24.510042505126265,2.097683465285009
9357,2.0,350.0,736.0,17.814999999999998,3.660517514556413,10,0,40000.0,47.45,3.6697571,3.6456587666850924,3.75040008851255,350.0,0,0.20444612189548017,18.263211338140792,3.733842731440448
9359,1.0,125.0,173.0,11.9,5.027022220888861,6,1,80000.0,27.68,5.0101867,4.919157747176527,4.804984651477847,125.0,1,0.38030050622371164,13.482462040198179,5.127387139029343
9362,0.0,0.0,137.0,0.0,,5,3,40000.0,29.32,2.1443508,1.5873314744025697,1.7904991425991739,0.0,0,0.22628251237145533,24.510042505126265,5.54619399639113
9364,0.0,0.0,616.0,0.0,,5,1,40000.0,10.04,0.13499515,0.1568252190573999,0.18316537519038167,0.0,0,0.08547359702322373,24.510042505126265,2.094961496105247
9366,2.0,160.0,368.0,12.065,4.594606648719237,12,0,120000.0,31.86,4.536028,4.678938250545401,4.557206839414964,160.0,1,0.3633495339210057,12.898155151766508,4.686538662835179
9368,0.0,0.0,52.0,0.0,,4,3,40000.0,3.52,3.4787278,3.3659085455163646,3.014826668062667,0.0,0,0.320349153899291,24.510042505126265,7.851771378552857
9370,0.0,0.0,217.0,0.0,,5,2,100000.0,5.76,1.0031204,1.0620966578286393,0.8453253475793092,0.0,0,0.1773848342286961,24.510042505126265,4.347709826710118
9373,0.0,0.0,550.0,0.0,,5,3,20000.0,7.97,0.2444597,0.14450538981664068,0.2755849686389258,0.0,0,0.09347997688441252,24.510042505126265,2.2911982068151717
9374,0.0,0.0,35.0,0.0,,3,5,80000.0,6.7,4.6008344,3.0310678473774164,3.7556029212422954,0.0,0,,24.510042505126265,
9376,0.0,0.0,260.0,0.0,,5,3,80000.0,15.39,0.7968723,0.7646260778315274,0.5709341926184877,0.0,0,0.15894287447432603,24.510042505126265,3.8956966092526795
9378,0.0,0.0,275.0,0.0,,2,4,60000.0,15.01,0.69205457,0.6884879569453558,0.5549766141463985,0.0,0,0.15338206425212852,24.510042505126265,3.759400914343678
9379,0.0,0.0,189.0,0.0,,4,1,140000.0,4.39,1.2035494,1.4220104942247382,1.188406328507484,0.0,0,0.19189035034287644,24.510042505126265,4.703240643227471
9381,1.0,324.0,606.0,8.32,1.4358179863808027,10,3,120000.0,39.230000000000004,1.435266,1.4451456490024503,1.3547773948769626,324.0,0,0.14148001393146575,10.35172413440654,1.4645620747505275
9383,4.0,384.0,601.0,17.0075,8.243176442228322,24,4,120000.0,72.73,8.241346,8.258791686971398,8.29347638475279,384.0,1,0.4869477192595966,17.26733290371062,8.408288375158074
9386,2.0,36.0,431.0,22.215,3.339011561138476,16,3,60000.0,59.66,3.8649886,2.969324672203612,3.4773364079806623,36.0,0,0.15225955557021642,22.36864563727938,3.405840043439819
9387,0.0,0.0,84.0,0.0,,2,2,40000.0,15.46,2.7139065,2.511985285527335,2.4650509062802173,0.0,0,0.2769531942645993,24.510042505126265,6.78813456335582
9390,2.0,399.0,700.0,13.72,3.2872649447694493,10,1,80000.0,40.47,3.289821,3.3305168807225938,3.388972238848237,399.0,0,0.23217183309866846,14.442358280192499,3.353108796180025
9391,1.0,182.0,208.0,6.4,3.006886573659259,8,1,80000.0,14.72,2.442416,2.905970176826771,2.9487943560481957,182.0,0,0.35363337949801055,8.672669168171918,3.0669453072088353
9393,2.0,42.0,428.0,14.655000000000001,2.4538521354674465,11,4,140000.0,45.29,2.4316018,2.3357092626390887,2.561136694787229,42.0,0,0.1634347209416801,15.314763068759449,2.502964028430649
9394,1.0,206.0,238.0,44.89,13.494247795499446,10,4,80000.0,81.5,13.504131,14.612725865304748,13.535582191403483,206.0,2,0.32513723016455554,42.33247419440661,13.763863405581889
9395,1.0,261.0,306.0,7.59,2.618916259040618,10,5,40000.0,42.53,2.617471,2.3507841368126594,2.849102073717038,261.0,0,0.27501089696723635,9.713333444119417,2.671272543009136
9396,2.0,625.0,665.0,13.47,3.876160287071005,13,2,60000.0,41.19,3.8690348,3.818607259659503,3.8757221333263785,625.0,0,0.2782579749524988,14.209094967741443,3.9537939916314753
9397,1.0,6.0,380.0,25.3,2.617564557264941,11,5,40000.0,30.73,2.610446,2.6217894512976105,2.6392926571654893,6.0,0,0.10594551080727987,25.200866492043975,2.6699186732856623
9398,1.0,265.0,318.0,14.26,4.061198186451005,10,4,20000.0,17.07,3.822385,4.018570730843857,4.065674613738622,265.0,1,0.2664553529515602,15.546300436194901,4.142394969817307
9401,2.0,631.0,672.0,10.825,3.1750602727752266,9,4,60000.0,50.97,3.1576796,3.494784601249016,3.019800826876181,631.0,0,0.2758373482462405,11.74116912200927,3.238652955925677
9402,1.0,92.0,187.0,6.84,3.011766509614933,6,3,60000.0,26.27,3.0004523,3.0714934581763647,2.8832748344601526,92.0,0,0.3391580164130198,9.057452597934018,3.0719076568702546
9403,0.0,0.0,125.0,0.0,,3,0,40000.0,10.69,2.183926,2.077123127800916,1.8650128305645364,0.0,0,0.23605380490518893,24.510042505126265,5.785688791722963
9404,2.0,396.0,434.0,13.715,5.477216244141483,10,4,60000.0,34.29,5.4264874,5.396991059940575,5.486864369439835,396.0,1,0.38696217332889515,14.437693013943477,5.586841066530974
9405,0.0,0.0,482.0,0.0,,2,2,20000.0,10.79,0.3852269,0.2743351459393402,0.23933190521400682,0.0,0,0.10346725328805727,24.510042505126265,2.535986775978949
9412,1.0,139.0,482.0,11.26,1.735308568585605,8,3,80000.0,34.589999999999996,2.0513647,2.517948434296727,1.4579873617831725,139.0,0,0.13697005475549492,12.922777051453306,1.7700334803306126
9413,0.0,0.0,81.0,0.0,,2,2,80000.0,14.2,2.8154027,2.2012410004038707,2.470002210767144,0.0,0,0.2805128028220991,24.510042505126265,6.875380720401752
9414,0.0,0.0,278.0,0.0,,5,2,60000.0,6.56,0.6884358,0.6943985970604275,0.58214586053513,0.0,0,0.15231636894886041,24.510042505126265,3.733280677163063
9415,3.0,68.0,202.0,16.083333333333332,12.044627357556598,12,1,120000.0,69.42,12.05069,12.169503219414759,12.113850475048597,68.0,1,0.7460162691284749,16.468011513952206,12.285404509603392
9416,0.0,0.0,232.0,0.0,,3,1,40000.0,11.7,0.9746714,1.0438982749195829,0.9058167267617456,0.0,0,0.170483229287286,24.510042505126265,4.178551196242567
9417,2.0,527.0,666.0,8.525,2.5242375059883697,13,5,40000.0,29.060000000000002,2.558132,2.61920638063173,2.5030901153595235,527.0,0,0.2683434052938403,9.595146647459556,2.5747943256730728
9419,2.0,407.0,601.0,6.234999999999999,2.05010919618407,12,0,60000.0,15.690000000000001,1.9999658,1.8929820522838043,1.9910129553623186,407.0,0,0.2803749168879399,7.458454705407885,2.0911636181412
9420,1.0,402.0,597.0,27.14,4.08407424591079,5,1,20000.0,30.490000000000002,4.0713034,4.10432679267882,4.046317850407114,402.0,1,0.15538375710949476,26.809960834685487,4.165832442451837
9421,3.0,507.0,579.0,5.723333333333333,2.789658043723356,12,3,40000.0,24.4,2.846648,2.7825012945236605,2.7071545180016785,507.0,0,0.43238894974929143,6.580944170101249,2.8455275380688017
9422,1.0,94.0,313.0,10.87,2.5521565731046247,9,4,40000.0,15.32,2.5574093,2.5909316011926267,2.4291942445580923,94.0,0,0.2069018401693249,12.581719011436896,2.6031808159596728
9425,2.0,133.0,155.0,19.55,14.437041778698047,12,5,20000.0,47.78,14.394139,14.047764570377405,14.002378259694403,133.0,2,0.7406378608450603,19.882058726551122,14.725405444428688
9426,0.0,0.0,365.0,0.0,,2,3,20000.0,11.44,0.7439868,0.3766819841077303,0.6227517005194212,0.0,0,0.12678081624215562,24.510042505126265,3.1074031949298364
9432,0.0,0.0,23.0,0.0,,4,1,60000.0,3.59,4.6333146,3.1699375073915523,3.8789783446757364,0.0,0,,24.510042505126265,
9433,1.0,258.0,609.0,28.22,3.493834482329071,8,4,40000.0,31.7,3.3140197,3.660597146780889,3.67836195147178,258.0,0,0.12840398264516156,27.754429253192463,3.563779252153289
9435,1.0,37.0,295.0,9.98,2.087563558163405,7,1,20000.0,11.73,2.113707,2.118664153159127,2.0603346499871913,37.0,0,0.1803965410975291,11.803407073963555,2.1292938093091323
9437,0.0,0.0,672.0,0.0,,6,1,20000.0,8.06,0.073888876,0.15520200611429708,0.2149499300626747,0.0,0,0.07968361298697149,24.510042505126265,1.9530487412727024
9438,0.0,0.0,172.0,0.0,,5,4,60000.0,3.34,1.4439093,1.4730465721895751,1.2751181611537126,0.0,0,0.20191945266645192,24.510042505126265,4.949054367466568
9439,2.0,160.0,405.0,6.720000000000001,2.505875234972507,5,0,20000.0,20.04,2.5223584,2.4661152956842463,2.4871516005022087,160.0,0,0.3230979679639597,7.910985531562934,2.5560233498402694
9440,2.0,389.0,608.0,19.634999999999998,5.34100944891799,11,2,60000.0,50.36,5.2875094,5.380381797498101,5.315828311697981,389.0,1,0.2729255607222456,19.961368252784478,5.447967623174436
9443,3.0,131.0,301.0,13.176666666666668,7.867746258733051,22,4,20000.0,47.38,7.8869805,8.053776263384258,7.994600393599962,131.0,1,0.5860322133092177,13.69403380357961,8.025144939043004
9444,1.0,18.0,253.0,24.19,4.689099893982538,9,5,20000.0,59.11,4.724438,4.8886225723133645,5.015702025481677,18.0,1,0.19739040393892948,24.230162839689587,4.782801630432366
9447,0.0,0.0,405.0,0.0,,4,1,60000.0,11.85,0.42553487,0.29490313803035,0.4931819863546112,0.0,0,0.11771147083906863,24.510042505126265,2.885113153606503
9448,0.0,0.0,130.0,0.0,,3,3,120000.0,10.68,2.002435,2.0528428234805682,1.7002440311941713,0.0,0,0.2318812550813483,24.510042505126265,5.683419418185872
9449,0.0,0.0,322.0,0.0,,7,2,20000.0,7.0,0.46789947,0.6158866218912391,0.6647175047239005,0.0,0,0.13823294414694892,24.510042505126265,3.388095336650463
9450,2.0,260.0,339.0,8.825,4.349699234847657,11,2,100000.0,28.12,4.344389,4.469829195671515,4.205529839811911,260.0,1,0.4492849928126563,9.875062622400824,4.436717439329885
9451,1.0,114.0,297.0,7.15,2.1085774685580176,6,1,40000.0,27.64,2.1440363,2.336282814849953,2.053713159488386,114.0,0,0.23055334732336877,9.328550014357317,2.150728431483539
9455,0.0,0.0,228.0,0.0,,3,5,40000.0,8.48,0.97416764,1.0765600712976962,0.8788407351394216,0.0,0,0.1722704553941605,24.510042505126265,4.222356184088332
9456,2.0,192.0,268.0,8.805,5.041503020505527,12,1,20000.0,40.29,5.0625763,5.271058157466821,5.305418779629649,192.0,1,0.5217233143689667,9.85640155740474,5.142314488280646
9457,0.0,0.0,55.0,0.0,,4,3,,7.62,,,,0.0,0,0.3157073946374207,24.510042505126265,7.738001661745853
9459,0.0,0.0,716.0,0.0,,3,4,60000.0,25.2,-0.078248635,0.05219619201197603,0.144653241567549,0.0,0,0.07565714538799714,24.510042505126265,1.8543598492763276
9460,3.0,68.0,138.0,15.573333333333332,16.214640755520247,15,1,140000.0,71.1,16.19713,16.18473044708348,15.932312886702242,68.0,2,1.0348688057312077,15.98129294779738,16.538541546927647
9461,3.0,578.0,699.0,12.433333333333332,4.665266241599991,22,4,20000.0,44.26,4.6154833,4.6778554217746,4.700825972811905,578.0,1,0.36648886350264875,12.9846335404912,4.758723589252995
9462,0.0,0.0,319.0,0.0,,3,3,40000.0,19.71,0.55897856,0.6181333739886046,0.6558376654177955,0.0,0,0.13910977044531878,24.510042505126265,3.4095863864931206
9464,0.0,0.0,192.0,0.0,,4,5,,4.68,,,,0.0,0,0.19022334637271027,24.510042505126265,4.662382305062485
9467,1.0,568.0,641.0,49.28,7.197538215128993,9,4,100000.0,58.02,5.350843,5.444802314915378,5.759297498482031,568.0,1,0.15900787129588376,46.17156341407848,7.341642012875526
9469,6.0,427.0,705.0,7.239999999999999,4.0832069041407575,29,1,20000.0,54.79,4.0854716,4.047791122894945,4.293649438173976,427.0,1,0.5449172690386488,7.643395066310019,4.165017965717137
9471,1.0,20.0,629.0,3.93,0.32077864027662517,8,3,20000.0,12.25,0.3484653,0.39457128486164716,0.36009656651283883,20.0,0,0.05024092847529894,6.5126349147346705,0.3272008249369192
9473,0.0,0.0,665.0,0.0,,3,5,40000.0,15.54,0.14434944,0.16816192529232726,0.20060016990687402,0.0,0,0.08036406693463431,24.510042505126265,1.9697266964526992
9476,0.0,0.0,534.0,0.0,,5,1,20000.0,12.41,0.27644286,0.17405368202633845,0.2797696912148755,0.0,0,0.09565226858512867,24.510042505126265,2.3444411687332574
9478,0.0,0.0,282.0,0.0,,2,5,100000.0,4.06,0.65332395,0.7037078263657052,0.5449280886094918,0.0,0,0.15091831439526768,24.510042505126265,3.69901430063002
9479,0.0,0.0,138.0,0.0,,3,4,120000.0,15.44,1.9668894,1.7573660179944393,1.7203411960266877,0.0,0,0.22550477684950343,24.510042505126265,5.527131665690343
9480,5.0,129.0,260.0,14.784,15.004154666891939,24,4,40000.0,90.61,17.091116,15.941557290460212,15.98530346038436,129.0,2,1.0165362892041432,15.055350391311261,15.304310019451695
9481,2.0,437.0,668.0,11.23,3.016995687361699,13,2,40000.0,33.4,3.0533879,2.9507071576118022,3.068477485897682,437.0,0,0.2539324912427712,12.119055688179982,3.077422002409419
9484,3.0,111.0,152.0,9.74,10.564978072948648,17,4,60000.0,63.24,10.590709,11.132538612508249,10.90601376961548,111.0,1,1.0347418467306535,10.414250524457879,10.776060819993223
9487,4.0,564.0,665.0,15.92,7.839608411868907,17,3,140000.0,67.33,7.181327,7.246873277823683,7.2856416732649585,564.0,1,0.49308832850470685,16.217495906964814,7.996657949297205
9488,4.0,357.0,484.0,7.8775,5.093605175505265,16,2,60000.0,41.1,5.0906835,5.173367698646957,4.844255266663985,357.0,1,0.6146071066390796,8.453528967812499,5.195598979796885
9491,6.0,576.0,607.0,10.328333333333333,8.15348525873575,25,4,20000.0,82.72,7.8574758,8.069674110153494,7.814402628526161,576.0,1,0.7802192533669445,10.659590856877163,8.316818019549808
9492,1.0,39.0,255.0,6.91,1.9300168737200984,6,5,,19.09,,,,39.0,0,0.21588513249297162,9.118668143577988,1.9685848803357735
9494,0.0,0.0,76.0,0.0,,5,2,,13.06,,,,0.0,0,0.2866545328862259,24.510042505126265,7.025914785328511
9495,1.0,96.0,452.0,8.13,1.3063418398998774,8,0,80000.0,14.77,1.3267856,1.2872443535301636,1.2994738797530454,96.0,0,0.13082034366570616,10.185567653372907,1.3324794608445438
9498,3.0,88.0,246.0,21.400000000000002,13.648582978571095,14,4,80000.0,68.16,13.674781,13.32871993661586,13.451295109042876,88.0,2,0.6462512593069112,21.541973036938785,13.921527203077217
9499,1.0,323.0,676.0,7.47,1.1575654506464224,8,4,120000.0,17.15,1.1820822,1.222951888017113,1.16697590227216,323.0,0,0.12288667931445742,9.608392508729754,1.1807434489477082
9500,0.0,0.0,130.0,0.0,,5,3,40000.0,13.32,1.945491,2.1063025291464657,1.7148751925376917,0.0,0,0.2318812550813483,24.510042505126265,5.683419418185872
9501,1.0,291.0,636.0,17.03,2.245764407556444,6,4,80000.0,22.25,2.2548935,2.227478905274735,2.1238447394798854,291.0,0,0.12748437535831664,17.96868702810631,2.2907268417872197
9504,5.0,491.0,502.0,15.754,12.095207319609901,26,2,40000.0,81.32000000000001,11.030747,11.808212270430088,11.420705316888446,491.0,1,0.7711718158807725,15.998288009110773,12.337428814969543
9505,0.0,0.0,641.0,0.0,,5,3,20000.0,10.24,0.12637614,0.1655296294444188,0.20708657260150432,0.0,0,0.08278800624709488,24.510042505126265,2.0291375520309543
9507,1.0,480.0,525.0,7.13,1.7163691844149742,10,1,40000.0,11.719999999999999,1.7173705,1.8152314621088697,1.7060255468626346,480.0,0,0.18802593490063826,9.31105985845904,1.7507207348025655
9509,0.0,0.0,52.0,0.0,,4,4,140000.0,8.74,3.4809673,3.055774181682267,2.908767556239155,0.0,0,0.320349153899291,24.510042505126265,7.851771378552857
9510,6.0,499.0,668.0,18.411666666666665,12.262330343180437,38,5,80000.0,126.49,12.239779,12.165904402620283,12.125045383597111,499.0,1,0.6741363578040358,18.55411302862603,12.50800217940236
9512,2.0,263.0,592.0,11.525,2.9336967110385137,9,4,20000.0,47.730000000000004,2.92175,3.064922843478947,3.053182041348083,263.0,0,0.24143699032612942,12.394306396872228,2.992444033640724
9513,1.0,31.0,361.0,34.63,4.3886944096669325,9,4,20000.0,38.85,4.3948565,4.170899918143824,4.522016521632354,31.0,1,0.13418645474499047,33.36002421859035,4.476463380099659
9514,2.0,124.0,199.0,2.585,2.4491107772475766,9,1,20000.0,20.48,2.4871578,2.5964059506671915,2.864538091322436,124.0,0,0.616375780776708,4.052810343622468,2.498054139890217
9516,0.0,0.0,198.0,0.0,,4,4,60000.0,30.58,1.426293,1.173104557264724,1.092367390591181,0.0,0,0.18697500259786995,24.510042505126265,4.582765261069886
9517,0.0,0.0,521.0,0.0,,2,3,80000.0,4.78,0.2709421,0.2481977798158419,0.210058864356494,0.0,0,0.09749309931365147,24.510042505126265,2.3895600081340937
9522,1.0,7.0,240.0,17.66,3.5859528979998694,11,4,40000.0,41.96,4.7861037,4.176038253336612,4.201896811172915,7.0,0,0.1974986748825161,18.519626938902043,3.6576017797517015
9524,4.0,555.0,644.0,15.5575,7.90186212461176,19,3,60000.0,77.63,8.02848,8.13068287810248,8.024093944972236,555.0,1,0.5079644953845301,15.867550241382878,8.060152151352733
9525,2.0,9.0,223.0,8.375,3.3731871182336914,18,4,20000.0,33.21,3.360072,3.163880345285374,3.4437707072867068,9.0,0,0.36388625227380633,9.455188659988924,3.4406131660251624
9527,3.0,354.0,470.0,13.053333333333333,6.571741979966459,13,1,80000.0,55.66,6.5924006,6.584810961982786,6.48921870142055,354.0,1,0.4937501100286807,13.576330620914716,6.703314737862388
9528,0.0,0.0,633.0,0.0,,4,1,40000.0,5.26,0.08438686,0.17869278433607852,0.18596420954163317,0.0,0,0.08362883380602416,24.510042505126265,2.0497462712397927
9533,1.0,24.0,233.0,28.97,6.217278304243226,13,5,40000.0,34.589999999999996,6.221436,6.159371713907658,6.216982266771208,24.0,1,0.22321099582300216,28.41031009937786,6.341493608922428
9535,2.0,78.0,619.0,10.809999999999999,1.1596205666072572,16,5,40000.0,33.42,1.1316847,0.9669178599805954,1.3362111322514387,78.0,0,0.10086348481967286,11.727173323262207,1.1828435684685301
9536,0.0,0.0,261.0,0.0,,3,5,140000.0,13.61,0.7516689,0.7679867186064464,0.5172555264410068,0.0,0,0.15855961093598295,24.510042505126265,3.8863028036372254
9540,2.0,314.0,361.0,25.73,11.045911380735092,12,1,40000.0,59.71,11.021714,10.981149272006162,10.595215550346467,314.0,1,0.4392846816357633,25.648327810341222,11.266917516655438
9542,0.0,0.0,648.0,0.0,,1,1,60000.0,10.32,0.05895429,0.16403487145985018,0.2036648256783682,0.0,0,0.08206604058634459,24.510042505126265,2.0114421429987233
9543,2.0,335.0,642.0,20.520000000000003,4.922197411848186,13,1,40000.0,54.08,4.909309,4.793258391568213,4.969673046884635,335.0,1,0.2415330500025326,20.78712037886122,5.020776585876152
9546,0.0,0.0,220.0,0.0,,3,3,40000.0,2.65,1.0491502,1.0665511213373624,0.8632198109009108,0.0,0,0.1759600473552829,24.510042505126265,4.312788239882014
9549,0.0,0.0,94.0,0.0,,4,1,40000.0,2.28,2.709034,2.3243988622689447,2.2480505056868267,0.0,0,0.26571711375333995,24.510042505126265,6.512737752433833
9550,2.0,59.0,380.0,22.02,5.0683786021714905,9,1,80000.0,52.04,5.0940843,5.276077365925323,5.249830444063739,59.0,1,0.23301329948059935,22.186700253567555,5.169796230670826
9551,0.0,0.0,705.0,0.0,,5,2,20000.0,2.31,0.1404866,0.13783663399654547,0.19037278267606084,0.0,0,0.07662510139507984,24.510042505126265,1.8780844921530169
9552,0.0,0.0,64.0,0.0,,6,4,60000.0,7.12,2.8762724,3.083156218178676,2.8904444139050223,0.0,0,0.302560551766563,24.510042505126265,7.415771984172914
9554,3.0,667.0,731.0,8.043333333333335,3.104201057486837,13,3,80000.0,32.77,3.102679,3.1763868324768216,3.1069810928441624,667.0,0,0.36002009285617326,8.795036471040847,3.166389846977556
9555,0.0,0.0,480.0,0.0,,2,1,60000.0,6.78,0.3719378,0.25160046266210917,0.23722689674596253,0.0,0,0.10379344016258198,24.510042505126265,2.543981630138164
9556,0.0,0.0,257.0,0.0,,3,2,20000.0,17.25,0.58824444,0.7674428156551494,0.6591920276081504,0.0,0,0.16010388934744493,24.510042505126265,3.9241531331419073
9558,0.0,0.0,70.0,0.0,,5,3,100000.0,11.79,2.859441,2.1382362860374644,2.8759877492644037,0.0,0,0.2943915037511381,24.510042505126265,7.215548270088433
9559,1.0,6.0,178.0,12.94,3.804074461308393,9,2,20000.0,16.84,3.828915,3.869719850134357,4.072033253257532,6.0,0,0.26959711195277797,14.391950146908599,3.880028194974917
9561,0.0,0.0,160.0,0.0,,4,2,40000.0,4.42,1.4220558,1.7152207536670516,1.6331024308600242,0.0,0,0.20965661417548534,24.510042505126265,5.1386925249220035
9564,2.0,174.0,350.0,11.435,4.765997659367833,12,5,40000.0,29.05,4.731976,4.621816997499451,4.489342317714598,174.0,1,0.394900000837428,12.310331604389848,4.861349960882567
9567,0.0,0.0,471.0,0.0,,5,3,,7.59,,,,0.0,0,0.10528712720345981,24.510042505126265,2.580591962999436
9569,0.0,0.0,118.0,0.0,,4,5,40000.0,5.08,2.180741,2.09783658268999,1.9766971032791432,0.0,0,0.24215537904174667,24.510042505126265,5.935238633158173
9571,1.0,317.0,382.0,11.7,3.047636104208632,5,1,40000.0,18.0,3.049594,3.0446915378588417,3.030261459635891,317.0,0,0.23359599229320624,13.307560481215404,3.1085927956113695
9573,3.0,245.0,336.0,10.313333333333333,6.770418841451599,14,3,40000.0,34.9,6.7017136,6.526659828291929,6.391010046720912,245.0,1,0.6300185068326408,10.961411265494675,6.905891958265443
9574,1.0,133.0,213.0,38.42,11.74883674880033,9,4,20000.0,65.56,13.917189,13.869988165492138,13.835773078660957,133.0,1,0.3267542225137707,36.6744087613139,11.983517920955343
9578,1.0,222.0,369.0,2.22,1.0837936612249597,8,2,80000.0,7.040000000000001,1.0875057,1.0497864923511742,1.1754817731624145,222.0,0,0.22033474556940727,5.01722658543196,1.105469343165217
9581,0.0,0.0,618.0,0.0,,4,4,40000.0,16.8,0.17583524,0.16417243039352342,0.19476616384668421,0.0,0,0.08525234955248964,24.510042505126265,2.0895387111934034
9583,0.0,0.0,157.0,0.0,,5,3,60000.0,14.62,1.8565826,1.7301185901671619,1.638611105181873,0.0,0,0.21168479920263686,24.510042505126265,5.188403426145748
9584,2.0,582.0,666.0,7.1850000000000005,2.243088541349764,14,4,40000.0,25.97,2.235406,2.268404434108681,2.1045223540196805,582.0,0,0.2741826280254929,8.344855292721897,2.288014354650934
9585,0.0,0.0,34.0,0.0,,6,3,20000.0,19.72,4.3886867,3.4027741489235326,3.862471908678386,0.0,0,,24.510042505126265,
9586,2.0,92.0,281.0,11.205,4.944437241154625,14,3,20000.0,28.23,4.972421,5.092519315094363,4.813135511691268,92.0,1,0.41695023083780264,12.095729356934877,5.043317147525583
9588,0.0,0.0,188.0,0.0,,3,2,80000.0,8.1,1.2351652,1.438903028315717,1.1941204085717763,0.0,0,0.19245255083442203,24.510042505126265,4.717020201171657
9592,0.0,0.0,295.0,0.0,,3,2,20000.0,12.07,0.43788356,0.6798351277651918,0.6092244909984021,0.0,0,0.14654709033585403,24.510042505126265,3.591875413134361
9593,0.0,0.0,638.0,0.0,,2,1,40000.0,13.8,0.09122834,0.17352075079156234,0.18596420954163317,0.0,0,0.08310132625812582,24.510042505126265,2.036817038819029
9595,0.0,0.0,222.0,0.0,,4,4,40000.0,2.74,1.053735,1.060640481222291,0.832126004063654,0.0,0,0.17502287168474165,24.510042505126265,4.289818024362278
9596,0.0,0.0,240.0,0.0,,4,1,40000.0,11.43,0.87490755,0.9978184105100044,0.8736323059124596,0.0,0,0.16701803727706147,24.510042505126265,4.09361919278354
9598,0.0,0.0,172.0,0.0,,6,3,100000.0,9.09,1.3953065,1.4465013428994224,1.2773981341471288,0.0,0,0.20191945266645192,24.510042505126265,4.949054367466568
9599,0.0,0.0,112.0,0.0,,4,4,60000.0,13.36,2.675324,2.4412255651781702,2.175528452373067,0.0,0,0.2476432870689604,24.510042505126265,6.069747492169405
9601,2.0,152.0,267.0,7.565,4.262734312737518,10,0,140000.0,47.67,4.2396,3.989548621310212,4.3426621536584715,152.0,1,0.4998005466731358,8.699415527647503,4.347972636454988
9602,1.0,300.0,614.0,13.86,2.0125653959190037,7,0,40000.0,18.58,1.9982579,1.868909929567895,1.9660925682900903,300.0,0,0.13508747800854484,15.196497318229355,2.052856497283219
9603,1.0,328.0,438.0,13.69,3.029950231400224,7,4,140000.0,32.19,3.0488563,3.1604264560557045,3.1951889289380104,328.0,0,0.20538311505832918,15.047830993093996,3.090570404232916
9604,0.0,0.0,484.0,0.0,,6,1,40000.0,13.88,0.40099785,0.2579780224930587,0.25414997180725774,0.0,0,0.10314311236839412,24.510042505126265,2.5280420682603544
9606,0.0,0.0,117.0,0.0,,5,0,80000.0,17.04,2.1684625,2.057285123062846,2.036885811539171,0.0,0,0.24305299808713618,24.510042505126265,5.95723931411408
9607,0.0,0.0,235.0,0.0,,3,1,60000.0,15.29,0.9129432,1.037846590037432,0.8764747734140874,0.0,0,0.16916701941515327,24.510042505126265,4.146290836330927
9610,11.0,292.0,353.0,12.42,24.704914743104958,48,2,40000.0,150.56,28.65198,24.645607692508413,23.890229318124923,292.0,2,2.003825239922849,12.575689477444095,25.199483984334663
9611,0.0,0.0,175.0,0.0,,5,5,40000.0,29.49,1.752463,1.4736333766929308,1.319428824581851,0.0,0,0.2000738733726144,24.510042505126265,4.903819140528029
9612,1.0,485.0,653.0,5.71,1.1772564262342626,9,1,140000.0,26.82,1.33076,1.2289256492218774,1.1146326506233306,485.0,0,0.14881507218460988,8.06925878968135,1.2008273292627276
9619,3.0,554.0,741.0,16.69333333333333,5.684119731065407,15,3,40000.0,54.52,5.6652822,5.647814344723713,5.782061980391789,554.0,1,0.34005512037712615,17.050165093078565,5.797995943176706
9620,0.0,0.0,157.0,0.0,,5,4,100000.0,13.12,1.8351225,1.707287141178865,1.596490227515785,0.0,0,0.21168479920263686,24.510042505126265,5.188403426145748
9621,0.0,0.0,93.0,0.0,,4,5,60000.0,2.74,2.7843976,2.289201183508699,2.2609758153646755,0.0,0,0.2667993073001619,24.510042505126265,6.5392623622652115
9622,3.0,441.0,524.0,13.836666666666666,6.523433377421814,18,3,40000.0,52.65,6.5801897,6.557458616932465,6.441142732149636,441.0,1,0.4645423984257932,14.323904889191734,6.654061132048074
9623,1.0,386.0,568.0,27.95,4.380685760725725,10,2,120000.0,31.66,4.401596,4.275264798061619,4.409191366635927,386.0,1,0.16237819746021334,27.51831214856572,4.468373923831592
9625,6.0,284.0,302.0,12.046666666666667,15.83203758618873,26,2,80000.0,87.72,15.857194,16.083492132457,16.14414260191387,284.0,2,1.3088940500173105,12.337787219572643,16.14885628207825
9629,0.0,0.0,354.0,0.0,,5,1,40000.0,6.84,0.5045955,0.3657101706570829,0.5947475081624747,0.0,0,0.12952560269963326,24.510042505126265,3.1746780276701085
9630,0.0,0.0,278.0,0.0,,3,4,,6.96,,,,0.0,0,0.15231636894886041,24.510042505126265,3.733280677163063
9631,10.0,602.0,622.0,16.336,19.900873496192816,51,5,40000.0,175.14,19.899324,20.249156132350645,19.765023317024088,602.0,2,1.2338939668488709,16.451638408873585,20.299577377488273
9633,0.0,0.0,520.0,0.0,,3,1,60000.0,14.85,0.22982144,0.24120296274651262,0.219546307020277,0.0,0,0.0976376436566328,24.510042505126265,2.3931027961244418
9634,3.0,189.0,291.0,10.08,7.158062929883393,17,3,120000.0,53.93,7.2222114,7.399861965954334,7.790746262320588,189.0,1,0.679899331635391,10.738729568561094,7.301255056277898
9638,2.0,485.0,508.0,9.715,3.6290216548626466,11,3,80000.0,29.72,3.6329687,3.479291994624883,3.5515833056858384,485.0,0,0.3457738507062474,10.705480014726582,3.7016750483507845
9639,4.0,460.0,495.0,16.43,10.394034805536212,24,1,120000.0,74.9,9.999983,10.002536196593905,9.940123501318833,460.0,1,0.6344869347090554,16.70983325716285,10.602170882836687
9640,0.0,0.0,186.0,0.0,,3,2,140000.0,6.12,1.1724733,1.4245664759250165,1.1845469081829618,0.0,0,0.19358692487928963,24.510042505126265,4.744823757228074
9642,6.0,608.0,657.0,10.9,8.015069988023571,31,4,20000.0,73.28,8.006049,7.77741337843117,7.943092010128074,608.0,1,0.7288033212439307,11.217904486755486,8.175646047344589
9644,11.0,310.0,328.0,10.905454545454546,23.675149278936672,53,2,20000.0,140.88,22.83953,25.58293560558268,23.81298984396273,310.0,2,2.1793897315780684,11.08064757636287,24.149049547160647
9648,3.0,226.0,648.0,11.61,2.8352495782700737,13,1,20000.0,47.55,2.2165735,2.665351667165924,3.1428703815161136,226.0,0,0.23707421761874023,12.19888526702557,2.892041180500864
9649,0.0,0.0,38.0,0.0,,4,4,60000.0,20.74,4.4441657,3.2037920497662378,3.7925489380942787,0.0,0,0.3439641304741128,24.510042505126265,8.4305754581593
9651,0.0,0.0,555.0,0.0,,2,5,140000.0,10.64,0.20914806,0.17633899945838405,0.25480921070290474,0.0,0,0.0928212453055434,24.510042505126265,2.275052667817621
9652,0.0,0.0,472.0,0.0,,2,3,40000.0,2.03,0.4498725,0.29636303432358474,0.27245454138528213,0.0,0,0.10511903998842362,24.510042505126265,2.5764721382143305
9656,1.0,70.0,418.0,14.39,2.0258774283196646,6,2,60000.0,19.990000000000002,2.0507047,2.191220123250304,1.987566817227286,70.0,0,0.13195447283960815,15.659986449533704,2.066405256623627
9658,0.0,0.0,323.0,0.0,,2,4,20000.0,6.36,0.49781242,0.6294252793185904,0.6520966350583812,0.0,0,0.1379431243074115,24.510042505126265,3.3809918400645724
9660,0.0,0.0,186.0,0.0,,3,0,40000.0,15.8,1.1593606,1.3983259664595733,1.2376835305364198,0.0,0,0.19358692487928963,24.510042505126265,4.744823757228074
9662,2.0,494.0,592.0,8.755,2.875098995342366,14,3,60000.0,46.78,2.819072,2.861812130845036,3.0699259250686723,494.0,0,0.29895494055816335,9.809748894914529,2.932672897769682
9665,0.0,0.0,313.0,0.0,,4,5,40000.0,8.64,0.66375536,0.6596606038181118,0.59444065489678,0.0,0,0.14089728600506682,24.510042505126265,3.4533984688411197
9667,2.0,90.0,435.0,14.649999999999999,3.3527290189549324,13,3,120000.0,35.94,3.3466642,3.513190497973359,3.512305980654314,90.0,0,0.22337108430576438,15.310097802510425,3.4198331469740544
9668,3.0,440.0,458.0,8.376666666666667,4.704835530128491,17,1,80000.0,30.229999999999997,4.6926594,4.696988090237388,4.597523753477666,440.0,1,0.5266044550591036,9.113153180945961,4.799027064722184
9671,1.0,59.0,353.0,5.58,1.2354157027737704,6,4,40000.0,12.43,1.2297366,1.1303144410504553,1.2808977910567476,59.0,0,0.15839480927074415,7.955572776342548,1.2601214325483023
9673,3.0,642.0,739.0,20.593333333333334,7.199112497745087,16,2,40000.0,75.56,7.2040944,7.274880974792324,7.310050079547074,642.0,1,0.35351885028722113,20.772130598968406,7.343339727363317
9674,0.0,0.0,145.0,0.0,,3,1,80000.0,21.99,1.8180611,1.73954343875048,1.7721734360795676,0.0,0,0.22020738069028414,24.510042505126265,5.397292260661385
9678,1.0,25.0,52.0,13.01,8.677457826873125,9,4,,19.89,,,,25.0,1,0.6123422716163961,14.45316569255257,8.850284312225803
9679,1.0,270.0,620.0,22.39,2.8385106928800576,10,0,40000.0,42.91,2.837836,2.700949723398688,2.9673518232213243,270.0,0,0.12779536357346674,22.656048808844627,2.8953379946645073
9680,0.0,0.0,234.0,0.0,,5,5,,5.88,,,,0.0,0,0.16960348622196783,24.510042505126265,4.1569886563180285
9682,1.0,160.0,227.0,5.93,2.604508578232757,9,4,60000.0,14.91,2.4430254,2.5258934584470407,2.4964385614012228,160.0,0,0.3215508815799017,8.2616505045624,2.6565410030470793
9684,1.0,205.0,379.0,11.04,2.6125153432530546,10,4,,21.79,,,,205.0,0,0.20932344984038134,12.730385336572255,2.6647681764487086
9685,1.0,243.0,369.0,11.1,2.830736877359179,5,3,60000.0,15.85,2.8344855,2.840661346866196,2.7752913094980554,243.0,0,0.22587684313323889,12.782855804267086,2.8873511152952487
9686,0.0,0.0,576.0,0.0,,2,1,60000.0,5.89,0.15523703,0.16655824297557828,0.2195755120811098,0.0,0,0.09015312057223925,24.510042505126265,2.209656817195357
9687,1.0,270.0,315.0,5.78,2.151306300545188,10,0,80000.0,18.21,2.1804106,2.0725774441072815,2.1629341668601656,270.0,0,0.26988795822241174,8.13047433532532,2.194317117740671
9691,1.0,100.0,432.0,12.69,1.9619211302061994,8,3,60000.0,19.119999999999997,1.9280725,1.8644216068251642,1.9310829142025927,100.0,0,0.14119286852249693,14.173323198180132,2.001172158847503
9692,0.0,0.0,106.0,0.0,,4,3,40000.0,34.54,2.7951925,2.557150671098301,2.4004009765988052,0.0,0,0.25338698227134104,24.510042505126265,6.210525705716244
9694,0.0,0.0,701.0,0.0,,3,1,140000.0,10.43,0.039485008,0.14170496376763822,0.21151450419587547,0.0,0,0.07698325881062935,24.510042505126265,1.8868629456316615
9697,1.0,249.0,660.0,27.14,2.9782781183017675,9,2,20000.0,32.33,3.0031824,3.017763637860475,3.0114907641570423,249.0,0,0.11331273396442167,26.809960834685487,3.0379099596572807
9703,4.0,586.0,655.0,12.377500000000001,6.330737949341231,18,1,20000.0,54.75,6.292144,6.203313577107043,6.200627506446734,586.0,1,0.504588097827357,12.797682057795145,6.4575580461421485
9709,0.0,0.0,195.0,0.0,,4,2,120000.0,20.47,1.0155371,1.1828343999378559,0.9767930656309085,0.0,0,0.18858514446970864,24.510042505126265,4.622229906787936
9710,2.0,315.0,685.0,11.46,2.5966680802991835,11,3,20000.0,25.5,2.613786,2.458925411402571,2.703170666865855,315.0,0,0.21475199832572076,12.333657935634953,2.64867768834349
9715,6.0,420.0,465.0,18.141666666666666,17.10780807469475,32,4,80000.0,124.64,18.344954,16.607433704793802,16.61797731894019,420.0,2,0.9540727102473283,18.290419710724315,17.4503903049719
9717,1.0,143.0,249.0,14.88,4.56807825195797,9,4,60000.0,32.59,4.5914874,4.513859718230401,4.5787841888957,143.0,1,0.2896080814258962,16.0884952690415,4.659358247896717
9719,0.0,0.0,454.0,0.0,,5,5,40000.0,39.5,0.5288417,0.25415853501630536,0.49897346842032864,0.0,0,0.1082292523705285,24.510042505126265,2.652703575899691
9725,1.0,41.0,275.0,16.69,3.4606649938260814,6,3,120000.0,24.700000000000003,3.453156,3.5837588657558896,3.4797252732787523,41.0,0,0.19974883049468806,17.671354377835595,3.5298323702298458
9726,1.0,48.0,287.0,19.08,3.7905238046293075,9,3,40000.0,23.939999999999998,3.7766097,3.7814029325288487,4.055984815397149,48.0,0,0.19564838015229832,19.76142800767973,3.866291379198799
9728,14.0,449.0,686.0,15.780714285714286,11.122299581041485,64,1,20000.0,227.72,23.46854,23.899319278481595,23.623978740332554,449.0,1,0.71491340137234,15.869282315162685,11.345162597270878
9734,4.0,374.0,433.0,16.195,11.219365797010214,24,4,40000.0,83.08,11.279953,11.386810218673814,11.213339014319356,374.0,1,0.6942912066251935,16.48297192913042,11.443982469445153
9736,1.0,31.0,729.0,26.77,1.0736452511688304,10,3,80000.0,52.989999999999995,1.0585237,1.027175627520144,0.8466654547541461,31.0,0,0.0413474781009237,26.486392950567357,1.0951455524960436
9743,3.0,261.0,333.0,15.266666666666666,9.893215748016942,19,4,60000.0,53.480000000000004,9.87161,9.846033872615255,9.69849847494661,261.0,1,0.6432157762142515,15.688625574684675,10.09117147675556
9744,0.0,0.0,644.0,0.0,,4,3,40000.0,25.08,-0.033163436,0.14553597165843898,0.20471432024080194,0.0,0,0.08247704168394848,24.510042505126265,2.021515797370648
9745,3.0,291.0,655.0,19.89333333333333,5.723427790429477,19,4,60000.0,75.33999999999999,5.750783,5.856918414713502,5.851520000843841,291.0,1,0.29039236159577814,20.104085508167664,5.838072868440268
9746,0.0,0.0,288.0,0.0,,5,2,40000.0,3.59,0.61413944,0.6751114901123721,0.5846449239775948,0.0,0,0.14886879716858037,24.510042505126265,3.6487805462889256
9747,4.0,548.0,593.0,10.0325,5.679205273599723,23,5,40000.0,67.88,5.6819887,5.719961224559268,5.940021139432613,548.0,1,0.5499350518770071,10.53389561423752,5.792958431082688
9748,0.0,0.0,676.0,0.0,,3,1,40000.0,3.28,0.118598744,0.16167029142782233,0.20084999998887998,0.0,0,0.07929993425337459,24.510042505126265,1.9436447592039294
9752,5.0,415.0,691.0,17.994,8.72639173639175,25,1,60000.0,101.4,8.756467,8.50677095078398,8.767653071450578,415.0,1,0.4897295587017851,18.17579343578181,8.901223298360227
9753,0.0,0.0,698.0,0.0,,7,4,120000.0,16.8,0.029581493,0.12812911175124694,0.18745249132868658,0.0,0,0.07725408322982545,24.510042505126265,1.8935008636575839
9754,0.0,0.0,232.0,0.0,,3,2,40000.0,11.76,0.9430663,1.0468420838258967,0.9032234975315738,0.0,0,0.170483229287286,24.510042505126265,4.178551196242567
9758,0.0,0.0,165.0,0.0,,5,5,40000.0,31.41,1.6608149,1.6714856875429722,1.4868991741050426,0.0,0,0.20636161640824802,24.510042505126265,5.057931989592721
9759,0.0,0.0,565.0,0.0,,5,4,60000.0,11.05,0.21342432,0.15809480160066902,0.20590137046361967,0.0,0,0.09153127032027729,24.510042505126265,2.2434353260981985
9760,2.0,594.0,618.0,9.620000000000001,3.0855874814249113,12,2,40000.0,32.58,3.0874002,3.1559691003620367,3.243033730704858,594.0,0,0.2964517210652959,10.616839955995182,3.147380477229572
9761,0.0,0.0,162.0,0.0,,4,3,40000.0,25.8,1.4547217,1.847964965377875,1.4344836056839627,0.0,0,0.20832602289727487,24.510042505126265,5.1060796761361145
9766,1.0,175.0,301.0,8.83,2.689765955495834,6,0,80000.0,13.41,2.650971,2.763149117018144,2.728617049168406,175.0,0,0.2540847373410988,10.797723109812612,2.7435366402386503
9767,0.0,0.0,488.0,0.0,,3,3,140000.0,5.15,0.3639034,0.2502725242514639,0.27169903400219386,0.0,0,0.10250089180025464,24.510042505126265,2.5123012148375894
9770,1.0,8.0,119.0,3.07,2.1473960292761127,8,4,20000.0,11.86,2.1474612,2.246219021679126,2.294303247034782,8.0,0,0.38021182602118714,5.760558211108745,2.1902323563469994
9771,0.0,0.0,339.0,0.0,,6,3,40000.0,9.28,0.5622468,0.6193862709786494,0.6067269769125998,0.0,0,0.13346619026398326,24.510042505126265,3.271261996367499
9773,1.0,33.0,524.0,8.44,0.7831244807202892,6,1,60000.0,17.189999999999998,0.76511586,0.8230788449642464,0.8791373811707377,33.0,0,0.07639127151945198,10.456665069796202,0.7987979405347709
9775,2.0,268.0,296.0,9.095,5.035229629167982,13,2,40000.0,32.67,5.0868106,5.275020844547849,5.231545306873347,268.0,1,0.5071533749317286,10.126986999847965,5.135935634862637
9776,0.0,0.0,218.0,0.0,,4,2,140000.0,12.83,0.98091304,1.0535159157417042,0.8543442459680364,0.0,0,0.17690734136899733,24.510042505126265,4.336006456423006
9777,1.0,3.0,181.0,34.2,8.446753909515174,8,0,,37.85,,,,3.0,1,0.26119984286681663,32.98398586677738,8.615411925523553
9778,0.0,0.0,292.0,0.0,,3,1,100000.0,7.44,0.6508638,0.6678744998595613,0.5805974208890401,0.0,0,0.1475331624080695,24.510042505126265,3.6160440815374795
9779,0.0,0.0,526.0,0.0,,3,1,40000.0,10.38,0.2723518,0.24758052257746216,0.2812118801916599,0.0,0,0.09677675609118783,24.510042505126265,2.3720024053032507
9781,5.0,537.0,656.0,9.27,5.726282585994339,25,1,60000.0,53.06999999999999,5.6867514,5.897838405795338,5.681003557982596,537.0,1,0.6024638635676667,9.695187479407647,5.841000106856798
9782,0.0,0.0,278.0,0.0,,6,2,40000.0,7.23,0.6831289,0.7054695163343584,0.5943760655276789,0.0,0,0.15231636894886041,24.510042505126265,3.733280677163063
9784,0.0,0.0,285.0,0.0,,3,3,60000.0,22.13,0.52709687,0.6669725155983651,0.5817037908213019,0.0,0,0.1498865353594362,24.510042505126265,3.6737253526058917
9785,0.0,0.0,697.0,0.0,,4,3,100000.0,11.19,0.033465095,0.1318439687082704,0.18986822874720577,0.0,0,0.07734478224683618,24.510042505126265,1.89572390041969
9786,0.0,0.0,280.0,0.0,,4,3,60000.0,6.61,0.72950906,0.6943985970604275,0.5781423016416776,0.0,0,0.15161411198472327,24.510042505126265,3.7160683291225407
9787,4.0,479.0,608.0,24.400000000000002,12.472068062241483,22,0,60000.0,127.84,12.458555,12.743808565122617,12.520148086164085,479.0,1,0.5213074780632375,24.40381106319878,12.721889200487892
9788,8.0,655.0,695.0,11.838750000000001,10.764424494504585,34,0,120000.0,101.81,10.978611,10.925908560324281,10.676858432900598,655.0,1,0.9103028512360041,12.06203670283724,10.980106402306069
9790,6.0,148.0,227.0,18.665000000000003,26.918729906683627,36,4,120000.0,129.17000000000002,25.051916,26.005646041683363,26.1289957481767,148.0,2,1.4603674766188832,18.80152898122517,27.457141434888605
9791,0.0,0.0,211.0,0.0,,2,0,20000.0,2.96,0.8261239,1.0388736758488946,0.961571677857731,0.0,0,0.18030496991893746,24.510042505126265,4.41928247659867
9793,0.0,0.0,95.0,0.0,,6,4,20000.0,3.5,2.714648,2.3548438658943094,2.259445563306995,0.0,0,0.26464371036682005,24.510042505126265,6.486428589805084
9794,0.0,0.0,597.0,0.0,,1,3,,4.47,,,,0.0,0,0.08763421749103079,24.510042505126265,2.1479183956086443
9795,1.0,334.0,733.0,14.06,1.6859378430823058,10,2,80000.0,28.54,1.6798699,1.7148578979998748,1.6695780720336177,334.0,0,0.11187660459131757,15.37139887721213,1.7196999142012843
9797,10.0,666.0,685.0,11.425,12.98946984207521,54,5,60000.0,136.89,12.988549,12.926707521136436,13.225159409187473,666.0,1,1.1412236341327233,11.61011446379036,13.24973702106373
9800,0.0,0.0,28.0,0.0,,5,3,40000.0,21.68,4.3626513,3.3828925490700397,3.8212394391845614,0.0,0,,24.510042505126265,
9801,1.0,2.0,387.0,13.9,1.4920476712206507,5,2,140000.0,29.009999999999998,1.4920807,1.362018863359029,1.4074111938292466,2.0,0,0.09991751474504802,15.23147763002591,1.521891390686983
9806,2.0,31.0,258.0,14.969999999999999,5.361736134333898,9,4,100000.0,46.51,5.371089,5.112703551262762,5.247523823739515,31.0,1,0.35037842126231744,15.608674842447776,5.468942849293703
9807,0.0,0.0,305.0,0.0,,4,1,40000.0,8.14,0.63922757,0.6688633143145443,0.6798286421460222,0.0,0,0.1433534854766131,24.510042505126265,3.513600022289788
9808,2.0,13.0,323.0,13.355,2.9150839055541145,11,4,40000.0,31.43,2.9821606,3.0571599404560965,3.31476202693452,13.0,0,0.21085235045692136,14.101793844013956,2.9733963776692867
9810,1.0,69.0,711.0,6.21,0.4641805448981854,11,3,20000.0,12.67,0.45031467,0.44248170069501036,0.43818883416262366,69.0,0,0.0556603680835657,8.506512687138283,0.47347562727363834
9811,5.0,151.0,235.0,5.694,7.405554091658372,25,1,40000.0,37.94,7.413108,7.158459274970915,7.552565772214328,151.0,1,1.2146210203957513,6.218955601829241,7.553674198889706
9812,5.0,693.0,728.0,11.784,6.784189933555332,25,2,60000.0,83.3,6.7803464,6.624784907234421,6.799490706472028,693.0,1,0.5700709127240037,12.139048480591125,6.920118446931513
9813,0.0,0.0,373.0,0.0,,4,4,20000.0,5.76,0.5099746,0.3707713439926587,0.5296634165250058,0.0,0,0.12485667397604129,24.510042505126265,3.0602423862014643
9814,2.0,83.0,584.0,12.809999999999999,1.5972261848841716,13,0,60000.0,28.04,1.6890736,1.4967178328135968,1.9118764321387864,83.0,0,0.11985407576677924,13.593279822870654,1.6292099898093708
9815,4.0,341.0,589.0,11.035,5.289499491618019,21,5,40000.0,58.95,5.3006835,5.456864410190494,5.319760741922314,341.0,1,0.469100830592969,11.50167638595032,5.395445945860833
9816,0.0,0.0,610.0,0.0,,3,3,40000.0,17.49,0.14880724,0.15430968292778818,0.19439781327563388,0.0,0,0.08614428906878352,24.510042505126265,2.111400186649768
9819,3.0,325.0,359.0,16.326666666666668,10.224044734626375,17,2,60000.0,53.11,10.308347,10.089473987638224,10.209299797084908,325.0,1,0.6244610563480741,16.700236712182942,10.428647458552648
9820,5.0,196.0,328.0,9.097999999999999,8.660287615380037,22,3,60000.0,56.54,8.66531,8.84543298425544,8.737153769693553,196.0,1,0.9271219004585968,9.527986169859691,8.833604645343543
9822,1.0,130.0,216.0,16.62,5.550215887370042,11,4,60000.0,29.42,5.534533,5.477552999785921,5.802530098565983,130.0,1,0.3214673250016806,17.610138832191623,5.661084223292861
9823,0.0,0.0,367.0,0.0,,4,0,80000.0,11.17,0.67142737,0.3625657463189254,0.6046701168088937,0.0,0,0.12629423360612924,24.510042505126265,3.0954770338385735
9824,0.0,0.0,189.0,0.0,,3,4,120000.0,4.76,1.2300867,1.4463421044432536,1.1505907171235066,0.0,0,0.19189035034287644,24.510042505126265,4.703240643227471
9825,2.0,115.0,621.0,14.07,1.8991720976143576,16,2,100000.0,59.24,1.8828617,1.9745841025997715,1.5640904111194462,115.0,0,0.1311676762443484,14.768926917623977,1.9372058244073445
9826,4.0,639.0,708.0,22.8375,10.639112678517199,22,4,80000.0,102.23,10.644813,10.447433693360976,10.331791990574342,639.0,1,0.4739925722159454,22.89542457362147,10.852261185627004
9829,0.0,0.0,100.0,0.0,,6,3,140000.0,36.72,2.851596,2.3988084799377254,2.295422125994495,0.0,0,0.25940485613702374,24.510042505126265,6.358024049954616
9830,3.0,238.0,328.0,13.496666666666664,8.787938959944228,15,4,40000.0,45.01,8.737325,8.657491184007966,8.552462632885646,238.0,1,0.6402958413375224,13.999425845088515,8.963774149723205
9831,2.0,467.0,608.0,17.945,5.175826117223155,13,3,20000.0,46.93,5.167126,5.229918411915966,5.254246687010635,467.0,1,0.28716984335312196,18.38450826061534,5.279476357325084
9833,0.0,0.0,120.0,0.0,,4,1,40000.0,10.25,2.1600518,2.1062950504696936,2.000908407099783,0.0,0,0.24037997512119516,24.510042505126265,5.891723407601687
9835,0.0,0.0,136.0,0.0,,5,0,40000.0,25.13,1.8971046,1.627993866175829,1.7300118396636748,0.0,0,0.22706565356009917,24.510042505126265,5.565388820212306
9837,4.0,419.0,593.0,22.915000000000003,11.577752535671598,26,5,40000.0,103.65,11.574856,11.920976425863305,11.434217730738684,419.0,1,0.5141283652279816,22.97024054350451,11.809652219525477
9842,0.0,0.0,260.0,0.0,,5,4,40000.0,45.25,1.3213643,1.2787431712354878,1.0179759613486636,0.0,0,0.15894287447432603,24.510042505126265,3.8956966092526795
9844,9.0,192.0,333.0,15.68,19.953499772844673,45,4,80000.0,159.15,26.163507,27.493785983613307,25.7617243831497,192.0,2,1.2866450518713943,15.81858089834458,20.35289884048241
9846,0.0,0.0,605.0,0.0,,5,4,60000.0,2.0,0.15887442,0.163008185230536,0.1877711768629977,0.0,0,0.08671129870920573,24.510042505126265,2.1252976170373326
9848,3.0,260.0,303.0,19.14,13.248272869556597,19,2,120000.0,74.82,13.279027,13.597508406536035,13.763121324197783,260.0,1,0.697096539877499,19.385141743782107,13.513315234625374
9850,0.0,0.0,192.0,0.0,,4,2,40000.0,19.27,0.97696185,1.4437817250040212,1.0076417794311165,0.0,0,0.19022334637271027,24.510042505126265,4.662382305062485
9851,5.0,281.0,670.0,14.044,4.2956738392446825,24,0,20000.0,95.62,4.2812653,4.457064236022387,4.65940373032038,281.0,1,0.3056455624448286,14.335995920000293,4.381733536175258
9852,0.0,0.0,586.0,0.0,,4,3,20000.0,15.98,0.20704743,0.15330074265018845,0.2276237879173717,0.0,0,0.08893581276073331,24.510042505126265,2.1798205509935245
9854,2.0,235.0,275.0,2.615,2.112457729972684,11,5,140000.0,12.27,2.1195667,2.3158833575524973,2.3232243254490017,235.0,0,0.5280092771452731,4.080801941116595,2.154701283102001
9855,2.0,323.0,697.0,7.63,1.822094795000734,15,4,40000.0,25.009999999999998,1.7917907,1.913566914929711,1.7734034516438006,323.0,0,0.21216638349128364,8.760063988884776,1.8585910956739111
9859,0.0,0.0,189.0,0.0,,3,3,80000.0,11.93,1.2588394,1.4361762985512985,1.1950129021141658,0.0,0,0.19189035034287644,24.510042505126265,4.703240643227471
9860,0.0,0.0,653.0,0.0,,5,1,40000.0,14.85,0.086328104,0.16905410585163025,0.21280946531819467,0.0,0,0.08155801785658552,24.510042505126265,1.998990484298758
9863,1.0,205.0,538.0,14.67,2.147076646563714,7,0,20000.0,24.439999999999998,2.122768,2.2767926791100908,2.107313143200983,205.0,0,0.1376970274746995,15.904848632109587,2.1900503790765304
9866,3.0,355.0,547.0,9.646666666666667,4.237956804444383,20,1,80000.0,44.87,4.228236,4.2904552618041185,4.2977395991030605,355.0,1,0.41866831329426873,10.325177845684445,4.322824793116058
9867,2.0,490.0,638.0,11.395,3.3213523894012233,14,5,40000.0,37.61,3.2597227,3.294637637922796,3.403789557954489,490.0,0,0.2760423247181135,12.273009474397679,3.3878700666001675
9868,8.0,211.0,299.0,12.935,20.447872991262056,35,1,80000.0,108.56,20.442833,20.439459367961312,20.249780111413084,211.0,2,1.5874217706657894,13.13896917481977,20.857085712215625
9869,0.0,0.0,195.0,0.0,,4,3,80000.0,18.17,1.0164725,1.1867908318930291,0.9821350958834323,0.0,0,0.18858514446970864,24.510042505126265,4.622229906787936
9870,1.0,101.0,298.0,2.54,1.1561651830605013,4,1,120000.0,5.63,1.1494607,1.1059200850962332,1.1526852635390288,101.0,0,0.22262827931965776,5.2970690798043965,1.1792773746742156
9871,5.0,588.0,673.0,11.348,6.881668131059467,24,4,20000.0,62.85,6.5378513,6.701860943028268,6.331911559691261,588.0,1,0.5991813162602643,11.715212602899797,7.019536507674337
9873,0.0,0.0,225.0,0.0,,4,2,100000.0,7.68,0.94614166,1.0696026793207032,0.8589640210878908,0.0,0,0.17363572742427785,24.510042505126265,4.2558190595775685
9880,0.0,0.0,166.0,0.0,,2,3,40000.0,9.5,1.4612004,1.6176858899438367,1.3864200436218788,0.0,0,0.20571505014536728,24.510042505126265,5.042084623007133
9881,2.0,646.0,672.0,6.815,2.1719489821097353,11,0,20000.0,29.340000000000003,2.189038,2.293276902182563,2.182290028000483,646.0,0,0.2769442786383544,7.999625590294335,2.215450538480985
9883,2.0,240.0,413.0,10.8,4.169743787091085,10,2,60000.0,25.08,4.1078258,4.527912597046911,4.0460736172002605,240.0,1,0.3629671967935116,11.717842790764166,4.253192550230728
9884,1.0,129.0,203.0,6.27,2.835701910759869,7,3,40000.0,16.740000000000002,2.8287082,2.763170773922672,2.657426847103992,129.0,0,0.33793012025605307,8.558983154833115,2.892338206782287
9885,0.0,0.0,312.0,0.0,,5,4,80000.0,13.26,0.6664207,0.6442271241238551,0.5702315677316818,0.0,0,0.14119968945500613,24.510042505126265,3.460810390252829
9887,1.0,112.0,344.0,13.4,2.8266302870770064,8,5,40000.0,18.08,2.8090668,2.8870952298332777,2.781422668548991,112.0,0,0.19488374971764055,14.794223732568977,2.8831537951647506
9891,2.0,372.0,440.0,17.7,6.727144518788793,14,0,60000.0,51.24,6.693228,6.783843992033838,6.897565211853863,372.0,1,0.3779369615592246,18.155910214413307,6.861789540777456
9892,1.0,3.0,273.0,3.89,1.045768893221725,7,5,140000.0,6.630000000000001,0.9180246,1.0039204591274917,0.8193356082858214,3.0,0,0.16466917560659675,6.477654602938115,1.0666700433300962
9895,5.0,331.0,360.0,16.064,15.648164553699338,23,3,60000.0,100.56,15.228675,15.772679177471366,15.830634958317662,331.0,2,0.9792472793564307,16.299639206551856,15.961377347507316
9896,0.0,0.0,140.0,0.0,,5,0,40000.0,33.79,1.9768318,1.6337366102381075,2.0612895572477994,0.0,0,0.22396529968047416,24.510042505126265,5.489399014841763
9897,5.0,552.0,673.0,9.172,5.5541572660516385,27,1,20000.0,48.59,5.5777683,5.556971016162929,5.569035405553096,552.0,1,0.5901537862427334,9.599921616990787,5.6654300899005765
9898,2.0,305.0,578.0,9.61,2.7657931539671043,12,2,40000.0,35.56,2.7614725,2.879699608264493,2.7227738301973683,305.0,0,0.2659602770979293,10.607509423497138,2.821176145592195
9900,0.0,0.0,581.0,0.0,,4,5,20000.0,27.0,0.23095927,0.10785011050441305,0.2027014045753921,0.0,0,0.08954032607580474,24.510042505126265,2.19463719804084
9901,1.0,33.0,173.0,11.31,3.941828326042214,10,4,40000.0,15.25,3.9961884,3.728949946974959,3.91044155977943,33.0,0,0.31007029657736024,12.966502441198998,4.020527257513638
9903,0.0,0.0,632.0,0.0,,4,4,40000.0,11.42,0.12526003,0.18518441820058337,0.16888265400898383,0.0,0,0.08373514056609703,24.510042505126265,2.052351854447761
9904,1.0,50.0,333.0,13.91,2.455358209830532,9,0,20000.0,25.54,2.473997,2.57749097676971,2.4950706501113022,50.0,0,0.16433184813585686,15.240222707975047,2.5044539636035923
9906,0.0,0.0,94.0,0.0,,3,4,80000.0,12.26,2.782705,2.223867559849446,2.2490843936427956,0.0,0,0.26571711375333995,24.510042505126265,6.512737752433833
9908,0.0,0.0,618.0,0.0,,4,2,60000.0,8.94,0.09882069,0.15089480434314098,0.19156565343513599,0.0,0,0.08525234955248964,24.510042505126265,2.0895387111934034
9909,1.0,204.0,270.0,7.6,2.777807348544137,8,4,40000.0,25.6,2.8238564,2.921251843012752,2.8719669341257337,204.0,0,0.2914319490877136,9.722078522068557,2.8333242928702376
9919,3.0,42.0,258.0,10.37,4.922031110296389,16,2,20000.0,36.29,5.1533346,5.5658130843148585,5.3447382617773735,42.0,1,0.4557645859011042,11.015491106178544,5.02047074250476
9920,0.0,0.0,491.0,0.0,,3,2,20000.0,12.51,0.37176967,0.26393764602374364,0.2238131676557158,0.0,0,0.10202445587865262,24.510042505126265,2.500623750148155
9924,2.0,671.0,698.0,10.239999999999998,2.9462300514611064,12,0,40000.0,27.11,2.9483254,2.839423298807384,2.964118596063542,671.0,0,0.26843710229412937,11.195332970873798,3.005242741919289
9928,15.0,646.0,678.0,15.436,25.693741001692608,77,5,20000.0,240.78,25.690443,25.256272310362622,25.643007880425095,646.0,2,1.6884808044038215,15.521985971416465,26.208575358962104
9929,4.0,539.0,682.0,21.59,10.091571654794278,31,3,60000.0,90.52,10.327266,10.656304499740566,10.216432201038888,539.0,1,0.4745599474414868,21.69112880034295,10.29374094343727
9930,0.0,0.0,245.0,0.0,,5,2,100000.0,14.26,0.94031364,0.9810899554382823,0.8186200563242227,0.0,0,0.16492310041543012,24.510042505126265,4.0422722012594
9931,4.0,416.0,622.0,12.9425,6.319630747284797,17,3,60000.0,68.98,6.397925,6.540352617345344,6.344703544986194,416.0,1,0.4831120672312654,13.343114612426298,6.4462196837129735
9932,0.0,0.0,371.0,0.0,,4,4,120000.0,18.78,0.5320084,0.35495744274446556,0.5022471664512613,0.0,0,0.125332204851079,24.510042505126265,3.0718976681611383
9933,0.0,0.0,584.0,0.0,,3,3,20000.0,2.39,0.21500196,0.1535683487586071,0.21823939599447328,0.0,0,0.08917663512585622,24.510042505126265,2.185723117398872
9937,6.0,281.0,555.0,10.171666666666667,5.549546204805818,29,2,20000.0,65.4,5.49785,5.691204920425566,5.619614399723456,281.0,1,0.5387767542196754,10.50658362303296,5.660703022355295
9939,0.0,0.0,130.0,0.0,,2,2,80000.0,7.14,1.9745182,2.0622527149645786,1.7215732973126885,0.0,0,0.2318812550813483,24.510042505126265,5.683419418185872
9941,1.0,27.0,341.0,8.53,1.4665557458084184,11,2,120000.0,19.869999999999997,1.4989743,1.504976699461004,1.3688616551814592,27.0,0,0.14198660968192953,10.53537077133845,1.4958815775644412
9942,2.0,234.0,283.0,14.425,7.63092680695799,13,1,60000.0,34.7,7.5787363,7.5929812316914145,7.425622537934629,234.0,1,0.5154603289192964,15.100160821304476,7.783533863683878
9943,2.0,42.0,386.0,12.305,2.5653349250172606,13,1,40000.0,36.69,2.6023974,2.3916651714529884,2.5244804648389465,42.0,0,0.19940945831237747,13.122087931719522,2.6166684463915755
9944,2.0,264.0,278.0,6.29,3.917973133166277,12,3,80000.0,16.009999999999998,3.90096,3.8074032979059655,3.8983848859966006,264.0,0,0.5321497873360969,7.509772634147117,3.996323910203828
9945,3.0,137.0,292.0,15.016666666666666,9.350292675906594,11,1,40000.0,51.82,9.351263,9.425088571397035,9.06607584518013,137.0,1,0.6173020425053559,15.450038042255839,9.53734004026998
9949,0.0,0.0,520.0,0.0,,4,3,80000.0,7.61,0.26019713,0.2481977798158419,0.210058864356494,0.0,0,0.0976376436566328,24.510042505126265,2.3931027961244418
9951,3.0,287.0,594.0,25.933333333333334,8.57166094421932,18,4,100000.0,93.71,8.569363,8.52267030910175,8.409331394401923,287.0,1,0.33799340009987794,25.86836029164834,8.743335049982893
9953,2.0,244.0,265.0,9.46,5.610171035696453,13,1,80000.0,25.560000000000002,5.6376705,5.555783807270724,5.395912697835536,244.0,1,0.5466752426323546,10.467551436026506,5.722351221056441
9954,1.0,15.0,86.0,9.37,5.275722558433505,10,3,40000.0,16.71,4.9039674,4.801788484565449,5.3035967215242845,15.0,1,0.4774544402499796,11.269957319066098,5.380891163415864
9956,2.0,388.0,437.0,7.1,3.1053230379860572,10,4,140000.0,25.86,3.0995078,3.0384934387504283,3.035930729354035,388.0,0,0.38321436762503874,8.265545766488538,3.167475893980721
9962,0.0,0.0,227.0,0.0,,4,1,20000.0,1.39,0.83918184,1.0723695056717446,0.9027641857813595,0.0,0,0.17272314791610915,24.510042505126265,4.233451697043046
9966,0.0,0.0,171.0,0.0,,4,4,20000.0,4.3,1.2969501,1.6306700408158843,1.2933920876478764,0.0,0,0.2025422618904496,24.510042505126265,4.964319448019335
9967,2.0,473.0,628.0,9.795,2.941267218020482,16,3,120000.0,36.42,2.9408534,2.9840206230428823,2.9393014521417156,473.0,0,0.2783058297868114,10.780124274710921,3.000171431478371
9971,1.0,202.0,373.0,5.8,1.6937450282479647,6,3,20000.0,18.86,1.4632418,1.5717502303746849,1.7324908032852253,202.0,0,0.21203092067278637,8.147964491223597,1.7276204126833106
9972,1.0,439.0,551.0,17.55,3.152338639080869,5,1,20000.0,26.1,3.1445334,3.1211821430995657,3.238398330318289,439.0,0,0.17452967709685377,18.42343108146152,3.2154354776636183
9973,0.0,0.0,74.0,0.0,,4,3,20000.0,13.23,2.8714004,2.467503845575252,2.9149096759214395,0.0,0,0.2891876602292451,24.510042505126265,7.08800184417681
9974,1.0,1.0,455.0,36.06,2.5893854285045284,8,3,60000.0,74.23,2.5866811,2.3795056646896273,2.4468340361092675,1.0,0,0.07631180795402909,34.61057036531717,2.6411951988974947
9976,2.0,591.0,685.0,11.365,3.207757350520832,12,4,20000.0,24.87,3.179794,3.070408367338865,3.1589126824613785,591.0,0,0.26721126260394207,12.245017876903551,3.27200668749524
9977,1.0,70.0,676.0,3.84,0.38669839992344407,6,4,80000.0,13.25,0.39285243,0.41937598372058577,0.3699036589715803,70.0,0,0.061306438215839386,6.433929213192421,0.3944412837936653
9978,1.0,21.0,106.0,6.24,3.5979154373672504,9,4,40000.0,13.32,3.5754087,3.5307689210827538,3.5363834407721426,21.0,0,0.4300688135229168,8.532747920985699,3.669668774468455
9979,0.0,0.0,118.0,0.0,,6,4,40000.0,15.07,2.1273324,2.1401618599656542,1.9805263816881862,0.0,0,0.24215537904174667,24.510042505126265,5.935238633158173
9984,1.0,110.0,216.0,13.18,4.4488649950254135,7,1,60000.0,14.64,4.4226704,4.508196937637397,4.493690597370955,110.0,1,0.3107646554902209,14.601832017687926,4.537733296502866
9985,1.0,154.0,319.0,13.1,3.301541171584078,7,3,60000.0,18.65,3.3424115,3.3587697085260757,3.4814447881012063,154.0,0,0.23173549158362808,14.531871394094818,3.3675503611406254
9987,0.0,0.0,42.0,0.0,,3,2,40000.0,1.96,4.5857043,3.3659085455163646,3.015327217688596,0.0,0,0.33686637603709085,24.510042505126265,8.256609195216944
9989,0.0,0.0,345.0,0.0,,5,3,60000.0,3.76,0.54331756,0.4998028927456303,0.6235289187462945,0.0,0,0.13186148133598377,24.510042505126265,3.231930512333876
9990,1.0,143.0,243.0,7.44,2.7811638392274576,7,3,120000.0,21.75,2.779123,3.0442339773815688,2.9287982487094903,143.0,0,0.29604338750017783,9.582157274882338,2.83673429921564
9992,0.0,0.0,35.0,0.0,,3,2,20000.0,27.06,4.3783503,4.233355007472009,3.8994975439630046,0.0,0,,24.510042505126265,
9993,3.0,211.0,329.0,8.639999999999999,5.697792843356759,15,1,40000.0,28.47,5.657744,5.569616446902357,5.620018966948218,211.0,1,0.6206226016295624,9.364465381771,5.811798868104691
9995,1.0,44.0,370.0,2.92,0.7663344441815527,7,2,40000.0,14.04,0.75653404,0.6927077759929271,0.8945552238980738,44.0,0,0.13885379976108803,5.629382041871665,0.781661086820713
9997,3.0,227.0,552.0,11.353333333333333,3.8068837295363878,19,2,20000.0,37.230000000000004,3.7907634,3.6534684503234027,3.959142951152208,227.0,0,0.3248403214962744,11.953935400398633,3.8831202186111877
9998,1.0,199.0,570.0,3.9,0.8003909124464861,6,0,60000.0,15.6,0.80056036,0.8267585346172281,0.835466943506848,199.0,0,0.1258652681519093,6.486399680887254,0.816412435175333
9999,2.0,139.0,360.0,20.3,7.167793749507555,13,1,,49.1,,,,139.0,1,0.3552259099246451,20.58184866390429,7.311205919566742
10000,3.0,124.0,298.0,13.353333333333333,7.89278726005295,15,5,20000.0,49.86,7.842366,7.821975041727258,7.999965325357462,124.0,1,0.580746993700176,13.86263565982932,8.050683984206733
10001,5.0,211.0,313.0,15.758,15.816290892468569,21,1,40000.0,99.37,17.047253,17.120837908334195,16.054204746911253,211.0,2,1.0081625422289446,16.0021764116584,16.132794852373582
10002,5.0,240.0,285.0,25.39,28.23090335095772,28,3,120000.0,131.88,28.20792,27.348468307787538,27.5591141294617,240.0,2,1.1352350761300898,25.36544974634386,28.79574827386464
10003,1.0,22.0,320.0,11.58,1.94659763734871,6,1,80000.0,16.77,1.956213,2.003769304634484,1.8216150683792778,22.0,0,0.15038811800652085,13.20261954582574,1.9855171062528403
10004,0.0,0.0,631.0,0.0,,6,2,80000.0,14.26,0.028344491,0.18339509677804616,0.1666082637848314,0.0,0,0.08384171813788245,24.510042505126265,2.0549640752623146
10008,7.0,313.0,370.0,14.20142857142857,18.16179920507359,33,1,20000.0,106.97,17.546452,16.478642686406026,17.53477025661224,313.0,2,1.285724479204059,14.408510532178544,18.525374700091458
10009,0.0,0.0,266.0,0.0,,6,4,100000.0,21.96,0.6584746,0.7532560926805302,0.5133532994890597,0.0,0,0.15667074957986432,24.510042505126265,3.8400067315124673
10012,1.0,181.0,632.0,13.97,1.561906520385859,10,3,20000.0,21.6,1.5739024,1.450137321990172,1.4657778067595242,181.0,0,0.1041789750763338,15.292693175669882,1.5931771011981326
10015,0.0,0.0,409.0,0.0,,4,1,140000.0,11.63,0.40619403,0.3209305258269769,0.5000885054823705,0.0,0,0.11687548994720043,24.510042505126265,2.86462322641334
10016,2.0,179.0,188.0,9.915,7.2095862612048585,13,4,40000.0,31.86,7.192243,7.429073731921422,7.281808502225397,179.0,1,0.6751363841220495,10.892090664687426,7.353646706886599
10019,2.0,485.0,656.0,15.04,4.105350227564714,12,2,40000.0,40.21,4.040889,4.104130524076577,4.1540164512754325,485.0,1,0.26716700800053855,15.673988569934073,4.187572629663927
10020,0.0,0.0,455.0,0.0,,3,2,40000.0,6.67,0.33691543,0.29636303432358474,0.4147571532216032,0.0,0,0.10805163668686844,24.510042505126265,2.648350207943606
10021,1.0,48.0,407.0,6.97,1.1132702813696738,8,0,80000.0,15.02,1.1267889,1.2182712884436995,1.14551100748809,48.0,0,0.12381669863836156,9.17113861127282,1.1355401056026084
10022,0.0,0.0,592.0,0.0,,3,2,20000.0,9.48,0.15546003,0.15330074265018845,0.2183466864197463,0.0,0,0.08822109331047469,24.510042505126265,2.162302746888445
10023,0.0,0.0,73.0,0.0,,1,4,40000.0,0.53,2.85164,2.4644927845427693,2.8593864895834074,0.0,0,0.29047119091616214,24.510042505126265,7.11946123586978
10024,0.0,0.0,273.0,0.0,,5,1,40000.0,10.04,0.7119683,0.7105777424589325,0.5910317958383038,0.0,0,0.15410086951959562,24.510042505126265,3.777018862002205
10025,1.0,173.0,254.0,12.19,3.996188852836972,8,1,20000.0,19.119999999999997,3.9486008,3.736279189599619,3.9700570194272675,173.0,0,0.2967402733938512,13.736069300723198,4.076044959653488
10026,5.0,476.0,727.0,8.068000000000001,4.177160620355335,28,3,20000.0,50.410000000000004,4.1673145,4.009845377749768,4.268844329405387,476.0,1,0.49970599655933473,8.52672251384578,4.2608543711662215
10028,0.0,0.0,168.0,0.0,,1,4,100000.0,1.14,1.4309773,1.6180938561563487,1.349916874516122,0.0,0,0.2044340391409658,24.510042505126265,5.010686988839718
10029,0.0,0.0,57.0,0.0,,5,3,20000.0,7.3,3.3887138,3.2821383173359706,2.985153629268768,0.0,0,0.31268740905356623,24.510042505126265,7.663981686720712
10031,1.0,287.0,467.0,8.63,1.9203507447501154,7,3,20000.0,19.03,1.9290837,1.8335928337345748,1.8914420494443593,287.0,0,0.18439320484249336,10.622821550829839,1.9587761102274195
10032,1.0,1.0,429.0,8.86,0.8926958439568398,10,4,40000.0,40.96,0.90856355,0.7431209257115691,0.7527228564525821,1.0,0,0.08412405275919815,10.823958343660026,0.9105552427654191
10033,7.0,566.0,679.0,13.635714285714286,10.820784057521939,32,2,40000.0,120.25,10.855655,10.526586286691044,11.089784018753408,566.0,1,0.796698218091699,13.85416045355005,11.037584946499809
10034,1.0,202.0,367.0,10.55,2.60192312391128,8,2,20000.0,19.48,2.6783195,2.7255275563632404,2.59426469225912,202.0,0,0.21573623470103756,12.30187651706446,2.653960519548601
10039,0.0,0.0,695.0,0.0,,5,4,60000.0,15.3,0.07580225,0.16736984156385046,0.19179180311708066,0.0,0,0.07752682109523004,24.510042505126265,1.900185680331408
10043,1.0,256.0,644.0,6.22,0.9908124004144012,6,2,40000.0,12.68,0.9938932,1.0003081564738239,0.8531295606716274,256.0,0,0.11868693832087515,8.515257765087423,1.010649873151284
10047,0.0,0.0,75.0,0.0,,4,2,40000.0,6.08,2.8276083,2.447622245721759,2.455666514357319,0.0,0,0.2879154912006713,24.510042505126265,7.05682092721276
10048,0.0,0.0,223.0,0.0,,4,2,40000.0,11.38,1.0221559,1.0740571428294263,0.8590050488830707,0.0,0,0.174558027580304,24.510042505126265,4.278424675604254
10049,2.0,452.0,601.0,14.934999999999999,4.404065402933087,13,3,100000.0,32.23,4.460286,4.486953403566215,4.428325799121798,452.0,1,0.28840868926882823,15.576017978704629,4.492258929265906
10050,0.0,0.0,384.0,0.0,,4,2,,10.66,,,,0.0,0,0.12230452905678364,24.510042505126265,2.9976892057512172
10054,0.0,0.0,495.0,0.0,,5,4,120000.0,3.84,0.33128566,0.262282148301787,0.1740292347050536,0.0,0,0.10139606231226951,24.510042505126265,2.485221797126157
10055,0.0,0.0,557.0,0.0,,5,3,20000.0,3.02,0.20868582,0.1425613821929788,0.25684141005663985,0.0,0,0.09256034713082945,24.510042505126265,2.2686580424658715
10058,0.0,0.0,635.0,0.0,,5,5,40000.0,9.15,0.1574339,0.18518441820058337,0.16752815827801637,0.0,0,0.0834170285998756,24.510042505126265,2.0445549166342842
10059,2.0,379.0,463.0,13.024999999999999,4.886306396903917,11,0,40000.0,37.62,4.9495726,5.167243068096219,4.900423903753797,379.0,1,0.3613278593490338,13.793886271578561,4.984115398613506
10060,0.0,0.0,149.0,0.0,,3,2,140000.0,13.11,1.7794456,1.7101509260181473,1.7332350722302987,0.0,0,0.21729098707761238,24.510042505126265,5.3258113292531215
10061,0.0,0.0,37.0,0.0,,3,3,20000.0,9.31,4.5190887,3.3857901453698576,3.8532566185546933,0.0,0,,24.510042505126265,
10063,0.0,0.0,82.0,0.0,,1,0,60000.0,6.72,2.8735123,2.301961292360513,2.5012969684782864,0.0,0,0.27931608460091295,24.510042505126265,6.84604910593382
10064,0.0,0.0,385.0,0.0,,3,4,60000.0,4.82,0.51564646,0.34612731651534406,0.4431583965214694,0.0,0,0.1220776873949934,24.510042505126265,2.9921293069788053
10065,1.0,47.0,424.0,4.95,0.8422910595484376,8,0,80000.0,25.02,0.94345045,0.9013891029391278,0.9058783836230546,47.0,0,0.11602758222780205,7.404632865546812,0.8591416486739183
10067,0.0,0.0,474.0,0.0,,4,1,120000.0,7.27,0.42543355,0.2655843513331326,0.24016558146777012,0.0,0,0.10478447227791336,24.510042505126265,2.568271869408881
10068,3.0,212.0,591.0,14.333333333333334,3.9203991345450273,13,2,60000.0,54.06,3.9118557,3.8537117440016324,4.20153946195863,212.0,0,0.27023544203894173,14.797898786950356,3.9989167199390487
10070,0.0,0.0,726.0,0.0,,3,2,60000.0,6.88,-0.0069361073,0.15335546845484627,0.15289335220387112,0.0,0,0.07479817831512874,24.510042505126265,1.833306529809819
10071,2.0,101.0,149.0,13.405000000000001,10.204592339657346,13,2,140000.0,29.5,10.193991,9.85950469683388,10.169875250746552,101.0,1,0.7356568254794268,14.148446506504168,10.408401242440343
10073,1.0,1.0,304.0,12.05,1.8813480667753524,9,2,60000.0,13.23,1.8878605,1.9192191303193338,1.9292733075710498,1.0,0,0.14095854535719982,13.613638209435258,1.9189586390211884
10075,1.0,28.0,453.0,31.35,2.80591688725129,9,4,60000.0,44.980000000000004,2.7835588,2.8515666568270217,2.81917652572149,28.0,0,0.09386372013983706,30.491638651272865,2.862058636968115
10076,1.0,28.0,227.0,11.02,2.913867026383139,8,5,80000.0,18.32,2.9257367,2.927668774884628,2.721164249386498,28.0,0,0.233784650850598,12.712895180673975,2.972079761114115
10079,0.0,0.0,671.0,0.0,,3,1,20000.0,5.04,0.09974662,0.15520200611429708,0.2149499300626747,0.0,0,0.07978011387582098,24.510042505126265,1.9554139821601861
10080,2.0,318.0,596.0,12.425,3.3750296067001937,15,5,140000.0,46.08,3.3603003,3.571876126399493,3.630407140416682,318.0,0,0.26013308133544405,13.234054321696028,3.442615329263438
10081,1.0,145.0,261.0,4.42,1.89326889247813,9,3,120000.0,8.26,1.9154621,1.7240368056809658,1.7595391820931052,145.0,0,0.27821129575557496,6.941143734242464,1.931104592329286
10083,1.0,23.0,95.0,8.57,4.790600051865624,9,2,60000.0,21.58,4.755575,4.504369891114724,4.642941620094698,23.0,1,0.46224739059207315,10.570351083135005,4.88611720582125
10091,2.0,151.0,627.0,2.17,0.5621207220393724,13,2,40000.0,16.65,0.55201817,0.6119379314537007,0.42017915089468705,151.0,0,0.15642166065472018,3.6655932449537163,0.5733781826603848
10093,0.0,0.0,295.0,0.0,,3,2,40000.0,15.46,0.52414125,0.671807123220858,0.6065547138840559,0.0,0,0.14654709033585403,24.510042505126265,3.591875413134361
10095,2.0,254.0,362.0,7.34,3.502217939192356,11,1,100000.0,19.009999999999998,3.4660065,3.4480965547166185,3.4746776453752233,254.0,0,0.42079033659406234,8.489478546441552,3.5722905350652114
10098,0.0,0.0,370.0,0.0,,4,1,40000.0,5.02,0.4893258,0.3657101706570829,0.6227876234686827,0.0,0,0.1255713332944671,24.510042505126265,3.0777587164727653
10099,0.0,0.0,406.0,0.0,,3,2,20000.0,4.5,0.45255128,0.333399741548483,0.48461724407546036,0.0,0,0.11750135493095368,24.510042505126265,2.8799632037676024
10101,1.0,194.0,505.0,12.84,2.0523355109693284,7,1,120000.0,20.89,2.080844,2.0716513919030843,2.0561957090966825,194.0,0,0.14634612751854956,14.304499367417211,2.093408088513051
10102,0.0,0.0,681.0,0.0,,5,1,20000.0,2.99,0.0955347,0.15520200611429708,0.20114654555349887,0.0,0,0.0788255040149815,24.510042505126265,1.9320164538951978
10104,4.0,555.0,659.0,12.0575,6.07297849297055,24,4,20000.0,76.78999999999999,6.788651,6.778708428292677,6.65418581476105,555.0,1,0.4960167198604829,12.48876450472971,6.19463600474606
10106,1.0,120.0,233.0,21.0,6.220467085647719,12,5,40000.0,28.79,6.2319613,6.18559482403384,6.145614813354271,120.0,1,0.29592365558483763,21.440482973914353,6.3447460991452065
10113,2.0,12.0,249.0,25.73,8.034697631399373,11,4,,57.72,,,,12.0,1,0.31952718695864124,25.648327810341222,8.195338035431417
10114,0.0,0.0,297.0,0.0,,4,3,20000.0,16.07,0.4689653,0.6798351277651918,0.6248171616578873,0.0,0,0.1458970138658256,24.510042505126265,3.575942011222381
10116,0.0,0.0,368.0,0.0,,4,3,40000.0,10.47,0.7285008,0.3686539795633967,0.6112296569926521,0.0,0,0.12605234237503457,24.510042505126265,3.089548269482826
10118,3.0,568.0,664.0,10.42,4.177425117172534,15,1,,53.7,,,,568.0,1,0.385159871781523,11.063208612664312,4.261104010746028
10119,1.0,37.0,200.0,6.53,2.3728581948365304,8,2,40000.0,11.879999999999999,2.3081627,2.3884428956379256,2.108379648499392,37.0,0,0.27545536182148755,8.786355181510721,2.4202486456151378
10120,0.0,0.0,595.0,0.0,,4,1,100000.0,3.87,0.11859831,0.15858372259305376,0.2073757030368535,0.0,0,0.0878680275838963,24.510042505126265,2.1536490909229054
10121,0.0,0.0,283.0,0.0,,5,0,20000.0,4.09,0.46351644,0.6558253344197542,0.6310388730484533,0.0,0,0.1505728100271229,24.510042505126265,3.6905459738810844
10126,0.0,0.0,439.0,0.0,,5,3,60000.0,38.16,0.575505,0.47131575506192963,0.5647203101035778,0.0,0,0.11096541903807904,24.510042505126265,2.7197671372224645
10128,0.0,0.0,404.0,0.0,,6,4,40000.0,23.46,0.52330595,0.3305951755906049,0.47720338878977575,0.0,0,0.11792234058015773,24.510042505126265,2.890281579923642
10131,1.0,291.0,322.0,32.03,8.195470967494709,10,5,60000.0,48.72,8.189112,8.230407603012079,8.111934070969529,291.0,1,0.2689071725720836,31.08630395181429,8.359330101398768
10133,0.0,0.0,64.0,0.0,,3,5,20000.0,8.22,2.9047594,3.256683578881317,2.8812556050292617,0.0,0,0.302560551766563,24.510042505126265,7.415771984172914
10134,1.0,45.0,320.0,18.36,3.1714178544470464,13,3,20000.0,23.689999999999998,2.9914918,3.0446364974599014,3.6540934558304876,45.0,0,0.16908125996207637,19.131782395341748,3.234825872724654
10137,0.0,0.0,222.0,0.0,,6,2,100000.0,25.47,1.1005508,1.027436277417285,0.8411874109727187,0.0,0,0.17502287168474165,24.510042505126265,4.289818024362278
10138,0.0,0.0,60.0,0.0,,4,4,20000.0,8.93,3.381621,3.299008856156981,2.955328836785631,0.0,0,0.30826494274662536,24.510042505126265,7.555586849560102
10142,0.0,0.0,522.0,0.0,,3,3,20000.0,12.0,0.27705008,0.26393764602374364,0.22585389286097524,0.0,0,0.09734898272256243,24.510042505126265,2.3860277043608074
10145,2.0,223.0,525.0,7.13,2.144940225349065,11,1,40000.0,45.4,2.0786786,1.8969859511635514,1.9471901050044824,223.0,0,0.2638059475191717,8.293537363982665,2.1878844825911004
10147,1.0,41.0,622.0,17.14,1.0580088506903444,11,5,140000.0,29.65,1.23153,1.1029049142321372,1.083002176631748,41.0,0,0.0597396856479278,18.064882885546833,1.0791904248491988
10150,0.0,0.0,128.0,0.0,,5,3,20000.0,37.0,2.2197647,2.8531222772646636,1.9826904529818146,0.0,0,0.23353236996272297,24.510042505126265,5.723888314109212
10152,0.0,0.0,329.0,0.0,,4,5,100000.0,30.99,0.91864634,0.8625304425783268,0.721475538170842,0.0,0,0.13622945331645112,24.510042505126265,3.338989691236331
10153,0.0,0.0,287.0,0.0,,4,1,40000.0,12.85,0.6251391,0.6721676812060584,0.5973362132110713,0.0,0,0.14920650090368365,24.510042505126265,3.6570576791904466
10154,1.0,14.0,298.0,3.36,0.9293497157169539,7,2,20000.0,25.99,0.8984681,1.0123501933738575,0.9394262222535419,14.0,0,0.15761584585699487,6.014165471633766,0.9479277779354885
10160,2.0,250.0,324.0,11.235,5.519874204170493,13,1,60000.0,41.55,5.4586616,5.485834817702581,5.883682521080266,250.0,1,0.4644030335662783,12.123720954429002,5.630292789347884
10161,2.0,105.0,704.0,10.64,1.0485189784183373,12,0,40000.0,24.32,1.1084136,1.1859757742332184,1.3220969224195391,105.0,0,0.0924507018344905,11.56855427079549,1.0695209615454355
10166,3.0,512.0,577.0,11.020000000000001,4.957861576746136,19,1,80000.0,48.93,4.965061,4.95463210897916,5.107968249234256,512.0,1,0.4346195231415488,11.635818690493519,5.057153970623814
10167,2.0,277.0,532.0,15.399999999999999,4.459776752697503,12,2,60000.0,43.08,4.4547086,4.618732246319553,4.4227701190869135,277.0,1,0.28414120049178226,16.00988773986359,4.549068722143507
10168,1.0,171.0,403.0,10.02,2.143394598202671,9,3,20000.0,21.77,2.1236444,1.9955752587461582,1.968240346389445,171.0,0,0.18467634512840367,11.838387385760111,2.1862701146163745
10171,0.0,0.0,69.0,0.0,,6,4,60000.0,7.07,2.8777938,2.268521746417957,2.8904444139050223,0.0,0,0.2957220461344392,24.510042505126265,7.248159920458015
10173,12.0,489.0,598.0,11.633333333333333,16.4846411642273,45,0,40000.0,148.91,16.48214,16.51774025822205,16.224686406978506,489.0,2,1.4267444304033716,11.785498085063516,16.814893752393974
10174,1.0,155.0,391.0,28.9,5.151660230408236,9,5,40000.0,39.989999999999995,5.1304817,5.142653356004223,4.921280800046345,155.0,1,0.1853570742313669,28.34909455373389,5.254705223588492
10176,2.0,161.0,583.0,6.709999999999999,1.447809025133501,12,3,80000.0,31.439999999999998,1.4578103,1.5154407700966996,1.413492788824641,161.0,0,0.18689764803219613,7.90165499906489,1.4768007348870729
10177,2.0,178.0,328.0,9.58,4.413023477950259,11,4,40000.0,35.73,4.2738132,4.398638581796517,4.397809638783425,178.0,1,0.4254733522294578,10.579517826003013,4.501302914400807
10178,1.0,173.0,331.0,12.9,3.2402180102950604,9,2,40000.0,43.68,3.2491953,3.343792858852943,3.468475048934819,173.0,0,0.23020222849967706,14.356969835112043,3.3050064505454335
10181,0.0,0.0,170.0,0.0,,4,1,60000.0,8.45,1.4265275,1.620178648699576,1.3842314677191245,0.0,0,0.20316893847156126,24.510042505126265,4.9796793176593495
10186,2.0,576.0,691.0,21.94,5.709242736442846,14,2,40000.0,51.82000000000001,5.6875234,5.617434906109193,5.645696013145029,576.0,1,0.26336748864486853,22.112055993583215,5.8235966558047245
10189,0.0,0.0,362.0,0.0,,5,2,100000.0,11.02,0.6417092,0.3690541576598811,0.5593680139965329,0.0,0,0.12751777225870436,24.510042505126265,3.125466018219855
10190,1.0,240.0,301.0,7.83,2.6658309773522655,8,5,40000.0,13.52,2.6683326,2.6691820850775643,2.6545764195378827,240.0,0,0.27401634404319575,9.923215314898744,2.7191231817420034
10191,0.0,0.0,601.0,0.0,,5,4,80000.0,12.38,0.16960664,0.1670591933935515,0.19521279087372267,0.0,0,0.08717031338010853,24.510042505126265,2.136548086131637
10192,2.0,443.0,515.0,12.14,4.2713272001079865,16,3,80000.0,36.18,4.202194,4.228103023022009,4.330010586994792,443.0,1,0.33596518248201473,12.968134145501825,4.356841554644767
10205,0.0,0.0,309.0,0.0,,6,3,40000.0,19.55,0.5753315,0.6516983303139168,0.5972380977163203,0.0,0,0.1421147536425908,24.510042505126265,3.483238652385448
10208,6.0,354.0,366.0,18.411666666666665,20.90751241134351,27,4,100000.0,117.99000000000001,20.916868,21.12131940059419,20.860551146523207,354.0,2,1.149396348111191,18.55411302862603,21.32602975754503
10209,4.0,438.0,468.0,11.065,7.495119070244723,20,1,20000.0,68.12,7.4801164,7.48891198647013,7.518418315770763,438.0,1,0.6630329771691793,11.530637406550206,7.645192848323287
10210,1.0,406.0,550.0,8.01,1.6897510257344615,10,3,20000.0,17.58,1.6891665,1.7574244018016865,1.8140266650536612,406.0,0,0.17097873158738966,10.08062671798324,1.7235727698467251
10213,0.0,0.0,716.0,0.0,,4,2,40000.0,10.13,0.04943067,0.11582464073983596,0.15490972899746325,0.0,0,0.07565714538799714,24.510042505126265,1.8543598492763276
10214,1.0,341.0,392.0,13.06,3.294646353111726,10,3,,28.5,,,,341.0,0,0.2318115763635347,14.496891082298262,3.360547174158029
10220,1.0,16.0,155.0,20.25,6.512258189792664,7,4,60000.0,27.490000000000002,6.978798,6.111580317082574,6.557984747123123,16.0,1,0.31957516739696357,20.784602127728956,6.642242704248266
10225,5.0,500.0,611.0,13.59,8.698848732062807,25,2,40000.0,73.75,8.658982,8.630470474288119,8.522552368041236,500.0,1,0.6385978340146747,13.894662230844645,8.873101204982898
10226,3.0,211.0,333.0,11.796666666666667,7.440472678075002,18,3,20000.0,48.52,8.084068,7.9272659379478405,7.489273275144945,211.0,1,0.6131802620643322,12.377030624572434,7.589350881953591
10229,0.0,0.0,201.0,0.0,,5,1,40000.0,12.9,1.0742959,1.185387135957614,1.0090084942418382,0.0,0,0.1853922040526247,24.510042505126265,4.543970801448872
10230,0.0,0.0,187.0,0.0,,3,1,20000.0,16.62,1.061416,1.4547130928840022,1.2411124212597473,0.0,0,0.19301806585254228,24.510042505126265,4.730880998303071
10231,0.0,0.0,356.0,0.0,,4,2,140000.0,21.25,0.52957124,0.3616972322566125,0.5890892508576009,0.0,0,0.12901773119054766,24.510042505126265,3.1622300753952777
10233,1.0,474.0,703.0,8.74,1.4238919226223348,8,2,60000.0,38.93,1.4296584,1.478469600622731,1.3430287146565627,474.0,0,0.13549790729391004,10.719017408270364,1.4524044270676257
10240,6.0,550.0,716.0,15.585,9.967329935603342,27,3,140000.0,104.78,9.288588,9.294274055084216,9.821815385249486,550.0,1,0.6437494507792252,15.793471873309315,10.167038844340013
10241,0.0,0.0,201.0,0.0,,5,5,20000.0,8.57,0.91407245,1.2148496528074482,0.9971815017385008,0.0,0,0.1853922040526247,24.510042505126265,4.543970801448872
10242,0.0,0.0,152.0,0.0,,4,4,20000.0,7.03,1.6916283,1.7662445008410677,1.6853060264974822,0.0,0,0.2151540787641185,24.510042505126265,5.273435615659828
10243,6.0,319.0,634.0,13.788333333333334,6.301294984281226,30,4,40000.0,86.42,9.366757,7.645746388084171,6.878349854546883,319.0,1,0.45784141541801154,14.038771893691731,6.42753119453842
10249,0.0,0.0,325.0,0.0,,6,4,40000.0,21.24,0.4666619,0.6159379297383311,0.6528633613240205,0.0,0,0.1373671217171905,24.510042505126265,3.3668739920951927
10250,1.0,193.0,350.0,18.55,4.235803003475169,10,2,20000.0,34.870000000000005,4.276067,4.327729587047299,4.64583619648988,193.0,1,0.2238844602566429,19.297938876375383,4.320508629402989
10251,0.0,0.0,58.0,0.0,,5,3,100000.0,12.25,3.3694272,2.952870757798183,2.934521579257316,0.0,0,0.3111991259158039,24.510042505126265,7.627503803754494
10253,2.0,49.0,272.0,4.654999999999999,2.1310364595520457,12,3,20000.0,30.65,2.1820037,2.156813598274724,2.1621551297526995,49.0,0,0.3632297542616297,5.984230570717211,2.1736505996465447
10255,0.0,0.0,603.0,0.0,,2,1,100000.0,2.3,0.12588702,0.15858372259305376,0.20079912888029483,0.0,0,0.08694019971228326,24.510042505126265,2.1309079903522288
10257,0.0,0.0,318.0,0.0,,2,1,80000.0,3.88,0.6232373,0.6165110988366908,0.63993093296508,0.0,0,0.13940452757758542,24.510042505126265,3.4168108963336654
10258,0.0,0.0,178.0,0.0,,5,4,40000.0,19.68,1.345337,1.479522490251307,1.2839294305756486,0.0,0,0.19826183774726117,24.510042505126265,4.859406070329818
10260,0.0,0.0,331.0,0.0,,6,3,20000.0,28.98,0.91716737,0.8891646934506989,0.6774990187577723,0.0,0,0.1356676688600545,24.510042505126265,3.3252203303313306
10262,2.0,325.0,414.0,8.945,3.818705396507693,12,5,40000.0,30.39,3.8222785,3.9284109819442,3.9707450548743797,325.0,0,0.39001881174113023,9.98702901237733,3.8951291882316
10263,1.0,197.0,312.0,9.57,2.8361756498046047,9,3,40000.0,15.33,2.8152714,2.8160704952906612,2.764249701417324,197.0,0,0.2527665737509858,11.444858878048873,2.8928777656679654
10266,1.0,221.0,367.0,4.88,1.5932758245435488,10,3,140000.0,16.46,1.7831502,1.5637875930097593,1.6399493312382614,221.0,0,0.22130577862633743,7.343417319902842,1.6251406877592305
10268,0.0,0.0,326.0,0.0,,3,2,40000.0,16.01,0.49799725,0.6273079148893282,0.6695486141129319,0.0,0,0.13708092375903247,24.510042505126265,3.3598592679758585
10271,2.0,231.0,370.0,7.890000000000001,3.555377088535134,12,0,80000.0,27.79,3.5953445,3.717448386675104,3.5821056322007605,231.0,0,0.4028272849214346,9.002657833833874,3.6265162122799834
10273,3.0,167.0,390.0,13.643333333333333,6.439316459310121,15,3,80000.0,51.79,6.3354697,6.136019674852937,6.094400328589939,167.0,1,0.46453168900868613,14.139397197446767,6.56819806169463
10274,0.0,0.0,330.0,0.0,,4,4,60000.0,11.52,0.5705222,0.6103263555003257,0.7100549929235047,0.0,0,0.13594797969925101,24.510042505126265,3.332090760914685
10277,1.0,31.0,73.0,11.09,6.771186141419745,9,4,100000.0,22.240000000000002,6.776522,7.170421569260337,6.937335180168167,31.0,1,0.5406343952633685,12.774110726317947,6.906123627550213
10278,0.0,0.0,253.0,0.0,,4,0,40000.0,5.98,0.7243196,0.7268853232652047,0.6716154083553043,0.0,0,0.16167861659459004,24.510042505126265,3.9627497649034145
10280,3.0,134.0,192.0,15.003333333333332,13.657471574278219,19,5,,56.41,,,,134.0,2,0.902389103258334,15.437313373859634,13.930463372155081
