Customer ID,frequency,recency,T,monetary_value,CLV_BGNBD,Units Sold,Revenue,CLV_Linear,CLV_DecisionTree,CLV_XGBoost,CLV_LightGBM,CLV_CatBoost
3,0.0,0.0,274.0,0.0,,6,29.3,1.8739892193198515,1.5700575856160297,0.9645066,0.8784369324221272,0.5857368290109308
8,3.0,132.0,222.0,12.116666666666665,9.963974563849533,14,64.72,10.064222138372475,14.071252795590777,11.870946,10.76624213033114,10.375943132091953
9,1.0,40.0,91.0,9.44,5.490733522857728,9,51.66,8.572043848111964,5.490733522857728,5.4610624,5.900505178846196,5.280997953770956
20,2.0,602.0,733.0,23.314999999999998,5.731412351701714,13,59.269999999999996,5.301427306180388,5.731412351701714,5.7541575,5.608379596149601,5.825181746427383
24,1.0,92.0,140.0,3.72,2.6081898866752566,6,8.700000000000001,3.810191706642996,2.6081898866752566,2.6104038,2.6787496286919947,2.6589806200250723
26,2.0,141.0,451.0,13.505,3.678736232868041,9,34.88,3.805073522847193,3.678736232868041,3.728652,3.9639859866474727,3.720990746756951
28,2.0,612.0,715.0,19.115,4.915710571615904,11,49.269999999999996,4.1808692023896095,4.915710571615904,4.941542,4.854477461968196,4.93473686261971
30,2.0,462.0,662.0,11.765,3.2281776424141624,10,50.370000000000005,3.28761772130048,3.2281776424141624,3.2180166,3.255372594021044,2.941301927594597
32,0.0,0.0,249.0,0.0,,3,4.27,0.16858841808118097,1.0625347642413732,1.0032269,0.9387779986706868,0.6045648474116625
36,3.0,135.0,526.0,6.633333333333333,1.653571375578974,17,35.2,2.635051780377477,1.653571375578974,1.619668,1.5527752628452394,1.7574324955320035
39,0.0,0.0,352.0,0.0,,4,14.28,-0.489802725427924,0.6878891425254019,0.62371707,0.396045375243124,0.6224181718835835
41,1.0,391.0,460.0,2.48,1.0514643485667499,6,10.74,0.5956720875533947,1.0514643485667499,1.0484228,1.0872517119173342,1.062193744735139
42,2.0,167.0,222.0,8.415,5.524477969267676,11,24.16,5.686382970309752,5.524477969267676,5.519616,5.305883038824601,5.325105688729586
43,1.0,401.0,683.0,15.93,2.203473537477568,7,30.63,0.9268964338213252,2.203473537477568,2.2006392,2.343278594523993,2.2252870919541117
44,4.0,160.0,609.0,19.185,3.136030768860632,22,82.4,7.904483742755567,3.136030768860632,3.120415,3.4181950425225223,3.1270932844468224
45,1.0,11.0,248.0,4.42,1.3235167416122267,12,17.09,2.765979463825058,1.3235167416122267,1.3169886,1.3169071877403338,1.392778457608438
47,0.0,0.0,151.0,0.0,,4,5.9,1.7268903130339872,1.0625347642413732,1.745212,1.7872037636271483,1.6421108979763455
48,6.0,170.0,240.0,7.786666666666666,11.565822466053358,27,60.0,11.394238165427208,11.565822466053358,11.587435,11.98894535754105,11.629562320221071
49,2.0,186.0,620.0,12.21,2.3536262146680436,16,33.71,1.4459056317513581,2.4025415026141186,2.3773506,2.5317729206755106,2.562266056458048
52,3.0,195.0,344.0,17.136666666666667,9.919461660511542,17,59.080000000000005,8.909744036972278,9.919461660511542,9.86547,9.815042727863998,9.801747987894474
55,1.0,416.0,543.0,8.45,1.791737489843454,8,18.22,0.9899294233847509,1.791737489843454,1.7987471,1.7782906410860766,1.8165660085328392
57,1.0,32.0,308.0,9.66,1.8846914976556457,12,22.67,3.1796355231685856,2.702571422589245,1.8769915,2.1683148377548713,1.9723322158505345
59,3.0,216.0,311.0,11.973333333333334,8.101639817544658,22,54.62,8.500223737330163,8.101639817544658,8.097583,8.306696560816407,8.526592139889088
60,2.0,34.0,252.0,27.29,9.795612749008495,15,81.26,11.922576515603996,9.795612749008495,9.761178,10.170138658324777,10.205209869199013
62,0.0,0.0,142.0,0.0,,5,9.46,2.160889631885696,1.0625347642413732,1.7339175,1.7723805478866512,1.860645282645737
64,2.0,454.0,678.0,18.68,4.722763031605937,12,42.08,3.358118185699943,4.722763031605937,4.656851,4.5187598822420565,4.551752862661409
71,4.0,238.0,326.0,10.22,8.66882305500321,24,52.39,8.717089437602677,8.66882305500321,8.59426,8.660364897985676,8.777169830162965
75,1.0,21.0,153.0,11.75,4.312959494857283,8,24.71,5.734230108336353,3.777356691429926,4.2356253,4.496250563811098,4.22555771710649
76,6.0,478.0,721.0,15.493333333333334,8.99337929857183,29,110.66,11.092457913684798,8.99337929857183,9.049714,9.04880699827087,9.356778688510248
77,0.0,0.0,657.0,0.0,,5,11.59,-5.0696600328027595,0.32077864027662517,0.1790657,0.13384892909038967,0.21855076527403128
79,1.0,1.0,351.0,6.17,0.9545729666214889,9,14.68,1.232301418061574,0.9545729666214889,0.9538703,0.7891429865912417,1.0715803690715235
80,0.0,0.0,671.0,0.0,,5,23.52,-4.314197246657684,0.31599932901172306,0.12916777,0.10459294751057749,0.26056638256380626
81,0.0,0.0,333.0,0.0,,3,4.7,-1.004141093509416,0.6878891425254019,0.7462174,0.642232301943242,0.587863833448294
87,0.0,0.0,196.0,0.0,,4,18.15,2.0624954480322315,1.0625347642413732,1.1749551,1.1809878754006355,1.0449415269693052
91,1.0,214.0,680.0,10.42,1.2086062566534403,8,15.86,-1.835100524534858,1.1575654506464224,1.3952518,1.1845287254573167,1.2351810470862628
93,1.0,78.0,412.0,12.22,1.8764917681226259,12,37.56,3.450370094269359,1.8764917681226259,1.76283,1.747318344671009,1.752915436345102
96,0.0,0.0,468.0,0.0,,5,14.09,-2.1529604047781854,0.6071638539809521,0.32206446,0.3024179888701987,0.2947035211985085
99,6.0,518.0,549.0,25.538333333333338,21.124803202721438,38,165.55,19.725608609550132,21.124803202721438,21.1427,20.988272549931917,21.098574283171832
102,0.0,0.0,166.0,0.0,,5,11.35,1.9675309380732695,1.0625347642413732,1.3521461,1.5660489995100946,1.4169217139768397
104,2.0,9.0,99.0,16.439999999999998,13.06027893216652,15,42.05,9.347852213586282,13.06027893216652,13.058325,12.741215783041266,13.084927878605136
105,2.0,505.0,627.0,7.67,2.4420946443941345,10,28.71,1.683179741863471,2.5242375059883697,2.4553418,2.5029219933403914,2.4104919770639017
109,0.0,0.0,263.0,0.0,,4,9.77,0.4276100956565956,0.809695980654187,0.8208207,0.7482039370401014,0.5336736317205544
110,0.0,0.0,52.0,0.0,,5,13.1,3.746221108465371,2.820447678323929,3.5891466,3.2890836577648637,3.1038646035965094
112,0.0,0.0,101.0,0.0,,5,7.62,2.6025743567917194,2.32659064545856,2.5439315,2.326254678124299,2.17239982463805
114,0.0,0.0,190.0,0.0,,2,5.96,1.1328518526091793,1.0625347642413732,1.2751117,1.3965483303006638,1.0667096011204116
115,1.0,41.0,591.0,2.7,0.34871973261261513,10,8.75,-2.970590936797854,0.392823275481997,0.27710837,0.274992998506841,0.35787706309307055
117,0.0,0.0,37.0,0.0,,4,13.46,3.971483381351018,4.276645059846402,4.7301188,3.296554164291193,4.020613143760862
118,0.0,0.0,49.0,0.0,,3,6.89,3.25299799816711,2.820447678323929,3.6065187,3.3136419006022977,3.1038646035965094
119,0.0,0.0,188.0,0.0,,5,25.8,2.8100996003046426,1.0625347642413732,1.4424195,1.5406156093433325,1.0414105938029659
121,0.0,0.0,304.0,0.0,,5,13.95,0.19274904958222372,1.0228150522731139,0.6873647,0.6735739012947658,0.5072300468442821
125,1.0,16.0,287.0,8.46,1.7190299410938001,7,16.71,2.665716678188015,1.744642074639716,1.6189145,1.662028302559646,1.613718053618081
126,0.0,0.0,410.0,0.0,,4,19.28,-0.9224041350697094,0.6071638539809521,0.40878153,0.3371025257161474,0.40715463925181083
127,0.0,0.0,55.0,0.0,,5,10.94,3.5298963975301065,2.820447678323929,3.424244,3.083218852526448,2.980605734628056
128,0.0,0.0,434.0,0.0,,4,8.84,-2.1045034022753155,0.562158674561362,0.39860487,0.34396453518248676,0.42880368131658475
131,0.0,0.0,163.0,0.0,,3,8.89,1.7750196809967793,1.0625347642413732,1.3832861,1.6950412454958932,1.5270496043139596
133,2.0,202.0,415.0,15.334999999999999,5.344025075530965,11,34.83,4.896283928841962,3.82006287972205,5.0845127,5.637779546891235,5.391451500009016
135,1.0,39.0,359.0,15.39,2.2878688479526716,10,29.83,3.8140405316076764,2.2878688479526716,2.23965,2.1796432521047002,2.507056220074027
136,0.0,0.0,571.0,0.0,,6,32.97,-2.100067778133397,0.815340757509851,0.20931785,0.12744001392286683,0.29024104759410196
137,0.0,0.0,34.0,0.0,,3,13.77,4.020277428942275,4.276645059846402,4.7351255,3.296554164291193,4.020613143760862
139,0.0,0.0,166.0,0.0,,5,10.35,1.8873411105474642,1.0625347642413732,1.3521461,1.5660489995100946,1.4169217139768397
140,1.0,64.0,159.0,11.59,4.705816882216299,11,14.83,5.0913846139706855,4.705816882216299,4.6643233,4.688626030495875,4.852172125159042
141,0.0,0.0,351.0,0.0,,6,8.67,-0.8869371318453165,0.7496644682170794,0.58070815,0.40062920205888486,0.6224181718835835
144,0.0,0.0,121.0,0.0,,2,1.76,1.7876922970298665,1.0625347642413732,2.1367266,2.1335467790624563,1.895791713294967
148,0.0,0.0,690.0,0.0,,3,3.08,-6.264695948164671,0.2280781283679771,0.20351788,0.11695245408012277,0.2649854518009258
154,3.0,243.0,376.0,12.033333333333331,6.95561528070931,14,47.64,6.987128215836583,6.95561528070931,7.0718465,6.7497106391863,7.0517786902881845
155,0.0,0.0,35.0,0.0,,3,6.23,3.401274568237861,4.276645059846402,4.729533,3.3136419006022977,4.020613143760862
156,0.0,0.0,255.0,0.0,,3,16.19,1.038221795229732,0.809695980654187,0.8497862,0.7205293935912898,0.576230017057723
158,7.0,573.0,644.0,9.112857142857143,7.823229978479519,39,79.99,10.199452012876051,7.823229978479519,7.805681,7.534324090687906,7.945558684930617
159,0.0,0.0,7.0,0.0,,6,3.54,3.64550609193281,4.276645059846402,4.687607,3.2918311474610826,4.020613143760862
160,0.0,0.0,350.0,0.0,,3,8.04,-0.980623609290534,0.6878891425254019,0.64118,0.4570121211240654,0.6378977268835806
161,1.0,63.0,565.0,19.97,1.6190819929705311,9,22.25,0.9769315708321158,1.6190819929705311,1.5921512,1.5555951640807841,1.5740157218820752
162,3.0,229.0,259.0,13.973333333333334,11.002581606892663,15,53.19,9.33806942658768,11.002581606892663,11.125268,10.673353239016901,10.97487626948023
164,0.0,0.0,111.0,0.0,,3,16.77,3.1542367022118882,2.32659064545856,2.6183708,2.2320963075658478,2.16486338100599
165,1.0,6.0,54.0,13.31,8.31282895372696,7,15.55,6.550887838588102,8.31282895372696,8.313092,9.160201696463307,8.53049739268942
168,0.0,0.0,627.0,0.0,,3,9.28,-4.862110664434657,0.2280781283679771,0.2068169,0.12894482415477496,0.2619936357037531
169,2.0,333.0,620.0,9.620000000000001,2.623216720046714,10,36.7,1.8946652846687249,2.623216720046714,2.6022315,2.6671345021101134,2.617100174150765
170,2.0,61.0,568.0,13.969999999999999,1.5230809955519287,12,38.29,2.1465288515933643,1.5230809955519287,1.4425839,1.3735096831373335,1.6684515125546993
175,0.0,0.0,99.0,0.0,,4,3.59,2.2889729917611397,2.32659064545856,2.5501187,2.3337251846506284,2.17239982463805
177,2.0,77.0,177.0,11.16,7.387121011108741,11,26.15,6.4559090931708285,7.387121011108741,7.3949375,7.438813783265988,7.200151260960935
178,3.0,578.0,607.0,14.01,5.996061825839432,17,49.41,5.703861789584169,5.725772582438416,6.104062,6.086274553421953,5.962899199946441
179,2.0,319.0,527.0,8.305,2.7794819562061566,11,25.3,2.0876310799961977,1.7510484428614546,2.7882752,2.8952053487734046,2.703613720464765
180,2.0,12.0,568.0,34.56,1.9829922619707583,13,81.94,8.30843451875015,2.466001674485855,6.386011,5.032764229409315,2.987164316804092
181,2.0,337.0,513.0,18.595,5.889401099761012,13,52.61,6.035797989238409,5.889401099761012,5.7691784,5.956080687113673,6.020855120270688
182,2.0,458.0,619.0,14.91,4.27473034789306,11,49.870000000000005,4.3045380297915825,4.27473034789306,4.1644025,4.468687943725994,4.2064286879279145
187,1.0,126.0,438.0,12.51,2.062898510797969,10,34.88,3.0876113883102754,2.006212022369716,2.154196,2.1149196794694354,1.853011746433877
188,2.0,390.0,420.0,8.95,3.8951508576218887,17,41.4,5.45239449452469,3.8951508576218887,3.8860946,4.0946108789150975,4.302883088626842
190,4.0,194.0,697.0,11.16,1.661866542594555,20,55.370000000000005,3.473460305564786,1.661866542594555,1.6259624,1.8054311233595144,2.1261417723853446
191,1.0,285.0,361.0,19.15,4.6736254538015185,8,39.16,6.166004641116535,5.189651018644002,5.016321,4.637923050093326,4.9778802455752
192,4.0,435.0,577.0,11.6475,6.369841294643793,22,58.18,6.653049000684039,5.306065796383339,6.1956344,6.328223285481376,6.451209600305203
193,0.0,0.0,202.0,0.0,,5,5.29,0.9642043815125914,1.0625347642413732,1.1767379,1.1506095700820502,1.0312800720370294
194,1.0,148.0,193.0,2.66,1.9110278682862485,8,14.61,3.6740098835297097,1.9110278682862485,1.9088843,1.6741650906093404,1.8813908152392003
195,0.0,0.0,372.0,0.0,,2,6.12,-1.469941906077863,0.6878891425254019,0.45832098,0.3999120331031581,0.487241120806857
197,1.0,31.0,63.0,2.74,3.0925257881891515,9,5.720000000000001,4.314404329016013,3.0925257881891515,3.0925078,3.266071932648727,3.075661172877929
198,0.0,0.0,446.0,0.0,,4,7.9,-2.3523405740676724,0.562158674561362,0.35849947,0.34396453518248676,0.4324471540163728
208,6.0,618.0,630.0,19.998333333333335,14.989094765793492,30,122.92,14.683264173356278,14.989094765793492,14.988844,14.826629621276753,14.428728456345194
210,0.0,0.0,210.0,0.0,,2,6.53,0.8911288311020567,1.0625347642413732,1.0001346,1.038762869581522,0.999436982302961
211,4.0,294.0,362.0,13.47,10.63668338414081,28,59.14,9.531880208308499,10.30267493457186,10.415841,10.696262290234555,10.324765901286293
213,0.0,0.0,707.0,0.0,,3,25.29,-4.727996418533841,0.31599932901172306,0.08594576,0.05427409953854052,0.2547732764508437
216,2.0,194.0,539.0,12.62,3.118252714240415,10,31.479999999999997,2.4105568481481296,3.118252714240415,3.0731475,2.906920544392956,3.180519279295478
218,0.0,0.0,115.0,0.0,,4,26.59,3.9033940462971977,2.32659064545856,2.1881657,2.737134146567073,2.0183994688725893
221,1.0,82.0,388.0,20.23,3.1163162309143213,10,36.730000000000004,4.825839416258636,3.1163162309143213,3.0838144,3.105175077429218,2.910061371625245
224,0.0,0.0,32.0,0.0,,5,10.64,3.8363853559487215,4.276645059846402,4.6844964,3.3061713940759683,4.020613143760862
225,0.0,0.0,126.0,0.0,,5,7.98,2.2721536657049692,1.0625347642413732,2.124804,2.1091194056265454,1.895791713294967
226,1.0,546.0,643.0,8.16,1.5695587161106133,9,20.17,0.2938383189970577,1.5695587161106133,1.5836251,1.6079209824436784,1.6209814586354865
227,0.0,0.0,151.0,0.0,,6,29.5,3.6577292074855285,1.0625347642413732,1.6203676,1.7103072563694124,1.7134993215690963
228,0.0,0.0,132.0,0.0,,3,14.2,2.6463460611138947,1.0625347642413732,1.7610884,2.0995021758417702,1.8593429445554133
229,1.0,219.0,594.0,9.04,1.3338378080631736,10,17.049999999999997,-0.6344672339752844,1.3338378080631736,1.3112165,1.3837917391006846,1.3183797351999589
235,0.0,0.0,453.0,0.0,,6,23.68,-1.1491870589868203,0.6489445261916096,0.32718205,0.3197383069307374,0.3435297176509957
238,2.0,95.0,114.0,8.805,8.274151541962084,13,29.85,7.451924944291448,8.274151541962084,8.301363,8.71433863741403,7.960373750068135
240,3.0,692.0,730.0,11.186666666666667,4.1940614999165495,14,41.980000000000004,3.4205285075795495,4.1940614999165495,4.227231,4.249633028653068,4.154387450210941
242,1.0,19.0,318.0,3.65,0.9157646766642717,6,10.67,1.0600037189632152,0.7496644682170794,0.9816389,0.9929333690536813,0.8424266662817006
243,0.0,0.0,327.0,0.0,,4,11.91,-0.32056358766804305,0.6878891425254019,0.63308626,0.6331499426467698,0.5375902351660615
244,2.0,79.0,265.0,12.9,5.726977278858976,12,41.629999999999995,6.7036579390821,5.726977278858976,5.7752028,5.807962789796111,5.584836257635571
248,3.0,118.0,303.0,14.676666666666668,8.262553688864637,17,48.94,7.983949968149191,8.262553688864637,8.255488,8.225487494723465,8.151958287961254
250,1.0,26.0,26.0,3.24,4.276645059846402,9,23.18,6.292675066150777,4.276645059846402,4.2768517,3.830738728026056,4.329772730162332
257,0.0,0.0,265.0,0.0,,4,22.57,1.4252967656672213,0.809695980654187,0.6858834,0.7390630398913575,0.4934156598895081
260,1.0,325.0,688.0,18.91,2.3145612239642013,10,50.269999999999996,2.548755262701534,3.6730532661190063,2.3423526,3.0505464794658,2.2644344390688937
262,2.0,149.0,194.0,9.395,6.587397368208648,15,56.89,8.842857053582124,6.587397368208648,6.6079383,6.16982868178752,6.688600223672018
264,0.0,0.0,236.0,0.0,,2,1.6,0.12213239124395425,1.0625347642413732,0.9033615,1.046177276085085,0.789353325691664
265,0.0,0.0,471.0,0.0,,4,19.22,-1.803880755471595,0.6071638539809521,0.25239193,0.30988849539652813,0.270129735590257
268,0.0,0.0,397.0,0.0,,3,4.51,-1.9391570749691818,0.562158674561362,0.44585955,0.34582933030119656,0.4536216740730614
271,0.0,0.0,303.0,0.0,,6,20.95,0.7876288858439695,0.809695980654187,0.43321666,0.6657035929410741,0.5071630851136186
272,15.0,317.0,360.0,14.339333333333334,38.19167440890915,71,221.92,31.530111772500348,38.19167440890915,38.18862,35.05213672485527,38.01061889583406
273,1.0,174.0,240.0,11.22,3.9433918173873352,7,16.3,4.429587319118825,4.925050420307457,3.6974888,4.092693362593238,3.9591678859762283
274,3.0,358.0,428.0,10.24,5.78875533397408,17,50.77,6.8343299467754814,5.78875533397408,5.9007607,5.541785482720761,6.048174938770041
275,0.0,0.0,323.0,0.0,,2,7.01,-0.6943664627476567,0.6878891425254019,0.65771496,0.6502376789578752,0.5655408870498295
280,3.0,22.0,262.0,9.5,3.563657931949708,14,42.54,6.833184268033606,3.563657931949708,3.5948136,3.913808191225334,3.9848489931581734
281,0.0,0.0,94.0,0.0,,3,22.36,3.846814377798448,2.32659064545856,2.540432,2.2636717153855437,2.20112413860034
282,0.0,0.0,563.0,0.0,,4,6.72,-4.12843722624959,0.2280781283679771,0.272734,0.1602823962458912,0.2569282018009904
283,0.0,0.0,684.0,0.0,,4,11.3,-5.500126716522234,0.32077864027662517,0.2318132,0.12126543098638094,0.2685866037097595
286,3.0,148.0,329.0,7.306666666666666,4.373317051285676,19,26.16,4.9341692028151405,3.993480339395231,4.2535906,4.26032733996448,4.054573430419544
287,0.0,0.0,689.0,0.0,,4,5.04,-6.073972842632984,0.2280781283679771,0.17115632,0.11695245408012277,0.2649854518009258
291,1.0,84.0,298.0,26.19,5.411008265819429,8,45.71,7.641342874890438,5.411008265819429,5.4392858,5.550489124654013,5.677167986397717
294,0.0,0.0,483.0,0.0,,6,9.07,-2.7519072739340853,0.4105308468223392,0.3460269,0.3062574921847098,0.2212398389426129
296,0.0,0.0,448.0,0.0,,7,21.53,-1.2305578999468274,0.6489445261916096,0.16510391,0.30893619519133747,0.369380042588924
297,0.0,0.0,206.0,0.0,,7,14.79,1.7068804632109102,1.0625347642413732,0.9482036,1.0201515259949676,0.9725448485762547
298,2.0,205.0,338.0,10.145,4.6597657992540436,15,22.73,4.399663731722402,4.6597657992540436,4.6870146,4.7236940533554925,4.769434372959209
299,0.0,0.0,101.0,0.0,,5,10.5,2.8335210600660385,2.32659064545856,2.5288415,2.326254678124299,2.17239982463805
301,0.0,0.0,248.0,0.0,,3,15.9,1.1155676733661397,1.0625347642413732,1.0223672,0.9216902623595814,0.7051734104388494
303,0.0,0.0,228.0,0.0,,4,9.74,0.9282090414252773,1.0625347642413732,0.8868077,1.0488935959011434,0.810572066407202
304,0.0,0.0,708.0,0.0,,4,19.05,-5.223573021033441,0.31599932901172306,0.1444189,0.0847538025509036,0.23140204996171576
305,2.0,116.0,238.0,9.52,5.403719520254986,14,39.24,6.639589013197936,9.778127828169252,5.5812063,5.492861453504597,5.444942274166831
309,0.0,0.0,121.0,0.0,,6,17.9,3.1586740429814335,1.0625347642413732,2.0371842,2.127579649071778,1.895791713294967
310,1.0,9.0,117.0,19.8,7.723126442395293,8,35.21,8.160066599690825,7.723126442395293,7.6721025,7.778962655143862,7.546314908006513
312,0.0,0.0,606.0,0.0,,5,3.32,-4.99988028728925,0.2280781283679771,0.21769159,0.12769967901033114,0.28923839008708097
317,0.0,0.0,132.0,0.0,,4,22.85,3.359167551633379,1.0625347642413732,1.68673,2.1397014304828277,1.961028225824096
319,1.0,125.0,348.0,15.46,3.2310484374365123,8,26.85,4.105422083377329,3.2310484374365123,3.2829294,3.1618833370467616,3.4277113437173745
321,2.0,208.0,314.0,15.8,7.398517397714148,13,45.85,7.36266371738551,7.398517397714148,7.4644885,7.489133656674711,7.664021697791792
322,7.0,232.0,287.0,20.344285714285714,30.4573117896074,34,157.23,21.40459490061557,29.590736416611385,29.01705,28.71174292849111,29.070975937799286
323,0.0,0.0,86.0,0.0,,6,16.24,3.528563569883053,2.820447678323929,2.6902115,2.3843579145173535,2.4826809107669083
328,1.0,4.0,672.0,14.76,0.604099061196681,7,21.35,-1.6727866675278635,0.604099061196681,0.60744405,0.7329974353582082,0.43514506657479846
329,0.0,0.0,582.0,0.0,,4,35.52,-2.0920298555433847,0.815340757509851,0.1316327,0.12264731340360399,0.3317924234451022
330,0.0,0.0,207.0,0.0,,3,13.63,1.5227707724360666,1.0625347642413732,1.0577427,1.0216751332704168,0.9715037064813092
335,2.0,496.0,543.0,5.59,2.1902893560114642,11,27.43,2.4749653540585466,2.1902893560114642,2.2320242,2.293758273538506,2.353498855913715
336,0.0,0.0,136.0,0.0,,4,26.91,3.6272520067487823,1.0625347642413732,1.8737901,1.8629761270638654,1.9389389674345
337,3.0,146.0,246.0,20.51,15.174540615099584,17,74.87,11.826297419945984,15.174540615099584,15.186105,15.172657103485067,15.198627234320057
338,0.0,0.0,608.0,0.0,,3,1.63,-5.202503182970077,0.2280781283679771,0.26195213,0.13517018553666052,0.27765276760187785
339,0.0,0.0,58.0,0.0,,4,22.42,4.388181451625561,2.820447678323929,3.375203,3.097224918008169,2.9779536690645214
340,1.0,13.0,280.0,41.64,6.570696866929297,9,65.28999999999999,11.312558720162215,6.570696866929297,6.567978,7.774612762327667,6.833107020042299
341,5.0,574.0,628.0,7.81,5.188687496529308,24,63.15,7.184667354712611,5.188687496529308,5.2087784,5.086942326618647,5.435060779781516
344,1.0,238.0,266.0,15.19,4.890501608408839,8,34.589999999999996,6.39362372864538,4.890501608408839,4.9056206,5.012281415888934,5.148480982801113
345,1.0,13.0,83.0,5.28,3.648679572901302,8,20.4,5.455228426915883,3.281457792046254,3.9931357,3.364106579246706,3.693527747011731
346,3.0,379.0,538.0,11.343333333333334,5.1025932259432425,17,43.31,4.906962601858061,4.957861576746136,4.4916153,5.077445045284651,4.831057899995054
347,0.0,0.0,69.0,0.0,,4,16.04,3.7184831792526647,2.820447678323929,2.9342492,2.2926118638342063,2.8405736797263055
349,1.0,5.0,331.0,3.27,0.7496644682170794,6,9.57,0.6667255933048035,0.7496644682170794,0.7294929,0.835128958118542,0.7426643722443504
352,0.0,0.0,285.0,0.0,,4,21.22,1.029609275310552,0.809695980654187,0.6492494,0.6791085896224182,0.5308561990473644
354,4.0,315.0,737.0,15.620000000000001,4.376642817661301,23,69.82000000000001,5.300730572645606,4.376642817661301,4.385311,4.410306471830643,4.765727007519479
355,5.0,274.0,402.0,14.163999999999998,11.873923127045025,26,84.5,11.670636401241815,11.873923127045025,11.95402,12.0226451719061,11.370932413226253
360,1.0,366.0,407.0,11.35,2.896839327961053,10,13.92,2.8092900644344283,2.896839327961053,2.9007103,2.9326091861932917,2.823774395596882
361,0.0,0.0,446.0,0.0,,5,4.86,-2.5769381673248537,0.562158674561362,0.34864008,0.33649402865615735,0.4324471540163728
363,0.0,0.0,708.0,0.0,,6,30.91,-4.234162701734855,0.815340757509851,-0.039177574,0.025501213851740773,0.2871428436144532
364,3.0,75.0,126.0,15.840000000000002,17.703602723012732,15,72.78999999999999,12.363657241504008,16.214640755520247,16.591768,16.42972534645133,17.145966575072844
365,0.0,0.0,188.0,0.0,,2,7.62,1.2947100886216996,1.0625347642413732,1.2768203,1.3965483303006638,1.039765372813374
366,1.0,29.0,149.0,22.08,7.602865279869923,7,32.25,7.854755701773136,7.602865279869923,7.60181,7.566602359033352,7.5121868521808715
369,0.0,0.0,415.0,0.0,,3,11.46,-1.640525874541983,0.562158674561362,0.4212677,0.34634468091155396,0.42403692470237075
370,1.0,37.0,183.0,30.43,8.706564855725066,8,39.4,9.160178106122196,8.706564855725066,8.676233,8.892027890713289,8.826730364979584
372,1.0,230.0,449.0,16.54,3.0874683970881494,5,26.49,3.2074915001417597,3.0874683970881494,3.0681567,3.221195840372262,3.2623783525329206
373,1.0,137.0,692.0,15.4,1.2842308343748832,8,20.62,-1.2904094852092776,1.2842308343748832,1.2782558,1.1375805537239,1.0821457949698363
376,2.0,626.0,650.0,15.795,4.570784019989347,12,67.65,6.210442074392378,4.570784019989347,4.549538,4.5929516982643595,4.81718588044897
378,7.0,698.0,701.0,11.695714285714287,9.427396497449712,29,92.78999999999999,11.157676298108242,9.427396497449712,9.416757,9.411027197123015,9.35659342547617
381,1.0,145.0,327.0,9.2,2.4209846755501654,8,24.81,3.464037077234254,2.4209846755501654,2.4589808,2.385438168484531,2.3013020933310226
382,0.0,0.0,240.0,0.0,,5,9.53,0.7580899261480258,1.0625347642413732,0.9801291,0.9407679942594478,0.801206643763007
389,2.0,48.0,369.0,8.2,2.065190803045034,10,28.259999999999998,3.298708104205333,2.065190803045034,2.099395,2.126814983572938,2.2554610544224714
391,3.0,200.0,598.0,12.36,3.161753839141327,18,70.74,5.5708617768341755,1.8991720976143576,2.6734283,2.4500652092762745,3.2783794981278453
392,3.0,561.0,619.0,15.666666666666666,6.494850712804347,16,67.65,7.126633308722401,6.494850712804347,6.535372,6.551971039766981,6.717835833964527
394,0.0,0.0,322.0,0.0,,1,4.14,-0.9293191890081438,0.6878891425254019,0.65448624,0.6674954636973313,0.5451022219720301
395,0.0,0.0,271.0,0.0,,4,7.06,0.09532317378292987,0.809695980654187,0.78658867,0.7352738479423097,0.5492632476685051
397,0.0,0.0,302.0,0.0,,3,18.71,0.5648367860822066,0.809695980654187,0.6725681,0.6810444078210952,0.4466668282040498
398,2.0,188.0,531.0,10.075,2.5817506524767753,12,29.0,1.9822046171200731,2.5817506524767753,2.6338,2.595464825374561,2.600776392091641
399,6.0,303.0,491.0,11.878333333333332,9.246361978244252,27,79.55,10.545116285447708,9.246361978244252,9.311258,9.327833015956287,9.500314770584746
400,5.0,570.0,593.0,11.418000000000001,7.796739021779499,22,67.79,8.505807921490852,7.796739021779499,7.8010573,7.7027032348885065,7.597822794145387
402,0.0,0.0,184.0,0.0,,3,15.4,1.9952526738330985,1.0625347642413732,1.3010589,1.3794605939895586,1.039765372813374
405,1.0,210.0,502.0,16.27,2.577991373971991,8,24.56,2.217702065397914,2.577991373971991,2.680252,2.6156397919823067,2.6527519939684914
406,0.0,0.0,562.0,0.0,,5,6.19,-4.137386791257158,0.2280781283679771,0.277407,0.1528118897195618,0.2808000612159196
409,0.0,0.0,152.0,0.0,,4,6.9,1.792708579399951,1.0625347642413732,1.745212,1.7872037636271483,1.6421108979763455
411,0.0,0.0,76.0,0.0,,3,5.57,2.759115274517324,2.820447678323929,2.7704227,2.309699600145311,2.4826809107669083
414,1.0,194.0,293.0,22.17,5.889216949158651,9,26.860000000000003,6.173025254803072,5.920826234100773,5.372294,5.28350225219056,5.883373888799952
415,0.0,0.0,236.0,0.0,,4,7.67,0.6472436091681271,1.0625347642413732,0.90854394,1.046177276085085,0.789353325691664
417,2.0,178.0,589.0,11.665,2.4025415026141186,12,37.92,2.039027427014276,2.4025415026141186,2.4546373,2.581203755900501,2.6339211265008196
422,0.0,0.0,486.0,0.0,,3,2.16,-3.4066721128807265,0.4105308468223392,0.3942126,0.2981452036416381,0.21522331250812865
423,1.0,161.0,377.0,15.77,3.2356420524804905,9,34.91,4.565180645528413,3.2356420524804905,3.2208896,3.3894665856268302,3.238926640010448
426,1.0,433.0,577.0,8.21,1.6617343326983216,10,15.510000000000002,0.3681175657950648,1.6897510257344615,1.7275519,1.6659664881048861,1.723171754521033
430,10.0,593.0,653.0,11.931000000000001,13.916284136257786,50,129.69,16.897138975695118,13.916284136257786,13.911123,13.271763598595593,13.81356810077412
432,0.0,0.0,573.0,0.0,,5,6.96,-4.233727796820546,0.2280781283679771,0.23586185,0.15666423139164934,0.2846809502063916
436,1.0,30.0,453.0,5.9,0.7675948741350613,6,24.29,0.577015621061356,0.7675948741350613,0.7721187,0.8778764737120058,0.7896990677479634
438,0.0,0.0,174.0,0.0,,5,9.6,1.7122262506243775,1.0625347642413732,1.3631457,1.3652005307190476,1.346870423555524
439,1.0,160.0,679.0,29.57,2.497457743596363,10,64.37,4.52599568389389,2.497457743596363,2.5167477,2.3133225351211104,2.2396078666195294
440,0.0,0.0,114.0,0.0,,4,10.38,2.6178885032637345,2.32659064545856,2.1511993,2.231025655615564,1.9387729350693883
441,1.0,67.0,334.0,3.04,0.9862481763923057,5,4.01,0.41549877659783085,0.9862481763923057,0.98693746,0.9779568759221743,1.0288499716283548
443,2.0,46.0,227.0,4.655,2.6205698381310265,8,15.45,3.77028214082451,2.6205698381310265,2.617467,2.3737100975192824,2.641484074813795
446,3.0,342.0,412.0,16.213333333333335,9.060798937317552,17,66.1,9.051860572834936,9.060798937317552,9.082003,8.901626929562143,9.131944235408266
447,0.0,0.0,389.0,0.0,,4,13.76,-1.0632491986554822,0.6878891425254019,0.4316054,0.38282429679205277,0.46391668336844294
448,4.0,527.0,612.0,12.055,6.480567583732711,23,60.06,6.80562383797245,6.480567583732711,6.459164,6.584101270055127,6.511520813380174
450,0.0,0.0,139.0,0.0,,5,44.2,4.9897989236117,3.565563120226992,2.7761278,2.8067165025748975,2.4421885230096265
451,1.0,3.0,134.0,16.83,5.940392526256353,5,21.159999999999997,6.289474431785554,5.940392526256353,5.933456,5.643553899585644,5.995760049633562
453,0.0,0.0,320.0,0.0,,4,4.82,-0.7885085367071119,0.6878891425254019,0.6235207,0.6884378291193788,0.5072296358166613
454,1.0,623.0,658.0,3.6,0.9661759084480177,10,14.98,-0.5956269671848764,0.8953974337429653,0.75117105,0.9671850758117615,0.9728271634020542
457,0.0,0.0,97.0,0.0,,4,9.25,2.7715905378768815,2.32659064545856,2.6100545,2.3337251846506284,2.210230292647636
462,0.0,0.0,222.0,0.0,,3,8.54,0.8990311329320928,1.0625347642413732,0.97840106,1.038762869581522,0.8782423180957322
463,4.0,619.0,669.0,10.782499999999999,5.50494526275669,17,46.78,5.057849976007479,5.50494526275669,5.469685,5.351090072836055,5.288577015530042
464,0.0,0.0,445.0,0.0,,6,34.23,-0.18821188931084087,1.0037235782329168,0.34139434,0.4074810047483301,0.44410691743699005
465,2.0,236.0,386.0,7.755,3.376324157419284,14,44.089999999999996,5.214765165380024,3.376324157419284,3.3397582,3.316959738281756,3.577778620581609
466,0.0,0.0,590.0,0.0,,2,5.26,-4.671905490595523,0.2280781283679771,0.2586908,0.13517018553666052,0.28228137414298793
467,3.0,412.0,555.0,18.356666666666666,7.878922138484342,17,78.13,8.58653370040771,7.878922138484342,7.8688235,7.553209453189089,8.020738284162393
468,0.0,0.0,251.0,0.0,,1,0.76,-0.17997996369661307,1.0625347642413732,1.0990151,0.9387779986706868,0.6045648474116625
471,0.0,0.0,490.0,0.0,,3,13.19,-2.5796645599104595,0.4105308468223392,0.38356328,0.2810574673305328,0.22763237260470515
472,8.0,568.0,610.0,12.8575,12.94144138759524,34,109.39,14.163396582081376,11.709894364459391,12.209549,12.809650634393535,12.061965285125517
473,2.0,352.0,449.0,17.105,6.32728977531673,11,36.97,5.525218566116098,6.32728977531673,6.3329487,6.429941433934324,6.137978383265912
474,0.0,0.0,283.0,0.0,,3,7.77,-0.03938026501311409,0.809695980654187,0.80436635,0.6981321441322006,0.5490987965012444
476,0.0,0.0,202.0,0.0,,4,2.32,0.7068611113396823,1.0625347642413732,1.1938435,1.1580800766083796,1.0312800720370294
478,2.0,45.0,256.0,8.25,3.5215944721540966,9,21.09,4.321541949504491,3.5215944721540966,3.453224,3.419845367214148,3.474402176174195
480,1.0,28.0,55.0,2.69,3.213894578787545,9,34.11,6.685011133229235,3.213894578787545,3.2030275,3.8805196859175175,3.2980719909147806
481,0.0,0.0,63.0,0.0,,4,7.03,3.0822022002042075,2.820447678323929,2.884284,3.0906893590527775,2.8405736797263055
482,1.0,18.0,254.0,11.08,2.4590112762843774,7,22.240000000000002,3.9580534013020725,2.4590112762843774,2.4242542,2.3930293499378146,2.306238158435618
484,3.0,402.0,715.0,14.89,4.689607738354556,19,54.26,3.8813474063555065,4.689607738354556,4.6218038,4.67842383375974,4.657634236085684
486,6.0,232.0,255.0,9.450000000000001,13.995279394854261,34,64.26,12.175437558194282,13.995279394854261,13.995306,13.741663012571198,13.798348284254702
487,2.0,20.0,282.0,15.190000000000001,4.390739404909448,16,47.36,7.039830796742211,4.390739404909448,4.3962045,4.384447120265068,4.735540836155234
489,1.0,264.0,366.0,14.3,3.555680510752058,6,26.47,4.264065655144048,3.555680510752058,3.5733721,3.5387678604348336,3.6016478569051453
491,4.0,192.0,301.0,18.915,15.7909282091099,22,81.78,12.392717987217605,15.7909282091099,15.743878,15.571713032075188,15.59270137532556
492,1.0,14.0,523.0,6.11,0.5517331125806095,4,15.129999999999999,-1.2471898438487719,0.734006610487042,0.60592765,0.6601746811527432,0.6426907186840634
493,0.0,0.0,623.0,0.0,,4,26.36,-3.4158026832332675,0.31599932901172306,0.24975641,0.032028633550459165,0.2621531695152983
494,1.0,27.0,282.0,18.87,3.4856935656722747,8,32.55,5.529686115176927,2.734720201084194,3.7238388,3.719582665859001,3.4628417787378725
497,0.0,0.0,183.0,0.0,,2,11.86,1.7065727631303225,1.0625347642413732,1.2590295,1.3794605939895586,1.1353069349209441
498,8.0,324.0,345.0,13.36625,20.713332630842928,37,127.56,18.420061300690932,20.713332630842928,20.753523,20.84518033810253,21.067474154620612
499,0.0,0.0,513.0,0.0,,3,12.05,-3.001626869966234,0.5819915427067095,0.28638554,0.2810574673305328,0.22249893003360288
502,3.0,354.0,621.0,13.356666666666667,4.8409766855413805,18,48.47,4.311269652577434,4.8409766855413805,4.8874936,4.979013433906344,4.927815004839878
504,1.0,19.0,657.0,25.12,1.127361960709465,9,32.84,1.0169252851425905,1.127361960709465,1.1519177,1.1758928111613387,1.0351555717374241
506,1.0,91.0,170.0,2.43,1.861355111767966,7,12.129999999999999,3.488751307080032,1.316197104689457,1.8643291,2.0091306592478846,2.0632640701484712
510,1.0,130.0,259.0,13.31,3.9415885029742386,9,32.21,5.557022068008408,3.9415885029742386,3.9781313,3.8851857879967566,4.017176545714384
511,7.0,424.0,606.0,10.12857142857143,8.1747430348759,31,85.09,10.448211744373685,10.07888005375943,8.689562,8.327237098048036,8.553273395338069
518,3.0,64.0,201.0,12.736666666666666,9.604010583985543,15,50.85,9.042458985937177,9.604010583985543,9.501856,9.534766599339228,9.688277056944509
521,2.0,354.0,568.0,11.64,3.510812892679972,10,44.69,3.6622333112161938,3.510812892679972,3.4855113,3.591463391899923,3.550378518314356
524,0.0,0.0,108.0,0.0,,4,13.1,2.9222342010929747,2.32659064545856,2.5439749,2.2404411703634657,2.16486338100599
526,0.0,0.0,49.0,0.0,,3,12.18,3.677202185778621,2.820447678323929,3.6121106,3.296554164291193,3.1038646035965094
529,0.0,0.0,289.0,0.0,,5,12.53,0.2944529118932042,0.809695980654187,0.7194951,0.6735739012947658,0.5770267526313502
533,1.0,326.0,390.0,4.56,1.5960779984837516,8,26.9,2.9229447699294653,1.6357263437030933,1.4228035,1.4453145110574186,1.6579618648540553
534,2.0,306.0,382.0,17.455,7.304307951821642,13,40.23,6.62227804109402,7.304307951821642,7.2998266,7.071892961622131,7.141932321502873
537,0.0,0.0,348.0,0.0,,3,6.97,-1.0376836024234617,0.6878891425254019,0.58954763,0.4570121211240654,0.6262901776956813
538,0.0,0.0,319.0,0.0,,4,12.34,-0.17110947255321385,0.6878891425254019,0.60206205,0.6713500928082734,0.5018452577254608
540,1.0,140.0,158.0,8.28,4.178570120856991,7,27.939999999999998,5.9730654433131,4.178570120856991,4.2038436,4.084186559516148,4.168524538597362
541,0.0,0.0,663.0,0.0,,5,11.12,-5.193578618698937,0.32077864027662517,0.1790657,0.13458373609464958,0.2550886560834069
542,0.0,0.0,354.0,0.0,,4,10.35,-0.8336918699240234,0.6878891425254019,0.61016786,0.41313311155422927,0.5977241060358445
543,0.0,0.0,285.0,0.0,,4,10.44,0.1651629345823693,0.809695980654187,0.7706211,0.6981321441322006,0.5490987965012444
545,2.0,300.0,541.0,15.785,4.601745736047221,13,45.78,4.5214405463000125,4.601745736047221,4.4997253,4.482514992479616,4.710329423840452
546,0.0,0.0,41.0,0.0,,3,18.95,4.335059807407056,4.276645059846402,4.5856194,3.335817172779694,4.04865292907602
547,3.0,437.0,513.0,16.283333333333335,7.731986524984141,17,58.5,7.443459599132809,7.731986524984141,7.747636,7.6224341795984465,7.65702054070021
551,1.0,18.0,643.0,5.93,0.3842263229425578,9,15.11,-2.8839361251787503,0.36888698250752416,0.41459566,0.4749487527759872,0.45948070672239805
552,3.0,241.0,343.0,16.053333333333335,9.922379112543181,19,52.300000000000004,8.48215275502033,9.922379112543181,9.965782,9.684935187880907,9.597400939580123
553,0.0,0.0,609.0,0.0,,3,20.33,-3.7173249693973593,0.31599932901172306,0.08998995,0.11524554384087847,0.22766233107021439
554,2.0,121.0,303.0,21.689999999999998,8.903998849157091,17,60.42,9.181549390653462,8.903998849157091,8.891075,9.051597751188547,9.128209012144056
563,0.0,0.0,520.0,0.0,,3,11.71,-3.1294923394438987,0.5819915427067095,0.27817756,0.2981452036416381,0.21822600329448694
564,6.0,263.0,322.0,9.246666666666666,11.524475687596405,26,78.5,12.317155439655906,15.434045546165033,12.490748,12.691867424919058,12.415519399267183
565,0.0,0.0,410.0,0.0,,5,26.69,-0.30901803068222433,0.6489445261916096,0.518107,0.2586452082224376,0.4398765399859341
566,2.0,519.0,727.0,8.11,2.1911209286777478,9,19.75,-0.36505196974620313,2.1911209286777478,2.1926062,2.225802389528436,2.1704510314916714
567,1.0,20.0,172.0,26.54,7.644536318429948,9,45.44,9.200174159197324,7.644536318429948,7.641829,7.8057902375481465,7.694259308494731
568,4.0,157.0,291.0,11.1225,9.269549275558921,20,46.37,8.408914510579049,9.269549275558921,9.258092,8.58236513208661,8.854184176518613
569,3.0,322.0,450.0,15.81,8.011677677733577,19,58.79,7.808453309589981,8.011677677733577,7.980985,7.9988544932667525,7.985037257252827
570,0.0,0.0,637.0,0.0,,5,4.19,-5.375633533296889,0.2280781283679771,0.1809135,0.12366819197476948,0.2208815838293372
571,4.0,398.0,462.0,12.8775,8.602236214901598,21,70.00999999999999,9.234279391888858,8.602236214901598,8.622385,8.487465071154748,8.661569155766342
572,0.0,0.0,237.0,0.0,,2,8.45,0.6570611486358802,1.0625347642413732,0.90748835,1.046177276085085,0.789353325691664
573,2.0,512.0,555.0,20.384999999999998,6.4982524903594445,14,53.66,6.600850066796815,6.4982524903594445,6.473485,6.476791729014829,6.487884768943664
574,0.0,0.0,252.0,0.0,,3,5.44,0.2192958328068486,0.809695980654187,0.8097903,0.9387779986706868,0.572118818307267
581,0.0,0.0,21.0,0.0,,6,8.19,3.817186933690023,4.276645059846402,4.704782,3.2918311474610826,4.020613143760862
587,2.0,245.0,403.0,6.914999999999999,2.9730699059575163,16,22.18,3.1766787364236264,2.9730699059575163,2.973711,2.8681109241464395,2.8838497215405363
588,2.0,129.0,370.0,9.17,3.3377066176925334,15,35.81,4.498466242638452,3.3377066176925334,3.304364,3.175226049292224,3.381912590368967
591,1.0,468.0,648.0,37.54,5.225720372883356,10,42.4,5.756624828441152,5.225720372883356,5.228292,4.9554856817128,5.277393930981335
593,0.0,0.0,430.0,0.0,,4,15.54,-1.5097453132130543,0.6071638539809521,0.3859287,0.33294785881036326,0.4024845793713112
594,0.0,0.0,625.0,0.0,,4,7.38,-4.966548731992735,0.2280781283679771,0.19311051,0.12894482415477496,0.26044743828896433
595,0.0,0.0,546.0,0.0,,5,8.77,-3.7005520576831143,0.2280781283679771,0.27128547,0.19371303113055874,0.25569655306096006
597,7.0,162.0,225.0,18.83857142857143,32.20091426244535,39,136.8,20.217030565590136,25.21917006725944,24.03895,25.580217020085083,28.032891439860965
598,0.0,0.0,355.0,0.0,,3,5.18,-1.281824321813545,0.6878891425254019,0.6165971,0.41313311155422927,0.609014391717067
601,0.0,0.0,410.0,0.0,,4,17.78,-1.042688876358418,0.6071638539809521,0.43550712,0.3371025257161474,0.45106680859374215
602,1.0,299.0,662.0,15.76,2.0211178923184434,7,44.03,1.8041025859220814,2.0211178923184434,2.0769284,1.9252671073051373,1.8921234395027708
603,1.0,302.0,390.0,10.6,2.7372526838073687,10,15.62,2.7870441061669236,2.7372526838073687,2.7524667,2.8455687283867346,2.6927540729634574
604,1.0,582.0,685.0,6.94,1.3343979123375869,6,11.32,-1.0792872157608082,1.3343979123375869,1.3434098,1.33867012017933,1.3298361645825034
606,0.0,0.0,44.0,0.0,,7,12.68,3.8658728350257996,4.276645059846402,3.533811,2.9877928229228963,3.1049057456914553
612,1.0,22.0,520.0,8.42,0.734006610487042,6,18.560000000000002,-0.5312956124654162,0.734006610487042,0.7350552,0.7325030021691302,0.7438871338850186
614,2.0,236.0,529.0,13.495000000000001,3.737690919241312,11,32.31,2.9577779582855763,3.737690919241312,3.5718098,3.6244261148885264,3.7836867275316757
615,0.0,0.0,349.0,0.0,,4,25.92,0.4867215504519753,0.6878891425254019,0.7081064,0.39381265761176004,0.6666476573483218
617,2.0,537.0,636.0,17.115000000000002,4.881468654129083,9,38.6,3.7937943823350038,4.881468654129083,4.8206706,4.8713261308500435,4.757205258157978
618,0.0,0.0,255.0,0.0,,4,7.87,0.3902219126362976,0.809695980654187,0.8358286,0.7376171299023951,0.576230017057723
619,3.0,501.0,624.0,14.840000000000002,5.9892227740575485,19,55.39,5.734256533063327,5.9892227740575485,6.123721,6.013913180859107,6.062408861090475
621,2.0,24.0,404.0,8.6,1.4573316051741847,14,21.12,2.2437698649084914,1.1120366033789548,1.9653504,1.6003163493445531,1.3537398033599448
622,2.0,188.0,248.0,16.740000000000002,9.378521734215731,11,51.66,8.776570622958065,9.378521734215731,9.3754835,9.62336631905588,9.626324531748978
624,1.0,244.0,484.0,33.84,5.372865570495466,7,48.78,7.007649457459765,5.372865570495466,5.357981,5.54358445958911,5.359091894989847
625,5.0,507.0,693.0,9.3,5.275415696047402,25,56.24,5.611035249838839,5.726282585994339,5.560498,5.650699884166225,5.194432582217089
629,0.0,0.0,244.0,0.0,,4,17.58,1.3269523106701255,1.0625347642413732,0.9000693,0.9216902623595814,0.801206643763007
630,1.0,14.0,251.0,16.77,3.3916628749628734,8,32.480000000000004,5.616196015407212,4.359000821095777,3.875913,3.8050124958714187,3.5873914637710453
632,0.0,0.0,236.0,0.0,,5,16.38,1.3648764893391592,1.0625347642413732,0.900389,1.0216190332476502,0.789353325691664
633,1.0,7.0,28.0,21.15,14.802990142132497,6,42.91,10.197144672497886,11.691401181898453,14.17505,12.88342443207342,14.067671004085177
636,0.0,0.0,221.0,0.0,,5,6.96,0.8250617314436965,1.0625347642413732,0.95244974,1.0312923630551927,0.9604590770385109
638,1.0,34.0,651.0,13.38,0.7589158401977727,7,20.5,-1.4917222799166039,0.604099061196681,0.72625196,0.8286078907690558,0.6685946109788352
639,0.0,0.0,281.0,0.0,,5,47.4,3.20564468699677,3.565563120226992,1.4969807,1.3774623965716626,1.215083657373917
644,2.0,249.0,281.0,15.115,8.078178730990995,13,52.71,8.482626011094172,9.378521734215731,8.762354,8.636481965958884,8.657823898461235
645,4.0,255.0,426.0,9.9825,6.473332473615025,17,47.64,6.810900525232936,5.78875533397408,6.4400077,6.399439648818022,6.2690049279393465
647,5.0,306.0,644.0,11.166,4.504047961961495,24,65.81,6.386761405745686,4.504047961961495,4.4937267,4.721588429947724,4.621498252190774
649,0.0,0.0,326.0,0.0,,3,6.14,-0.7880668137533657,0.6878891425254019,0.64886737,0.6502376789578752,0.5664644358018069
652,2.0,401.0,660.0,16.419999999999998,4.160989134703781,10,40.23,2.8679462866489485,4.160989134703781,4.2001843,4.111257838235829,4.081696524057742
654,1.0,42.0,295.0,16.59,3.181398824826714,9,23.84,4.415601773286792,3.181398824826714,3.2392807,3.181698465334912,3.365181947290774
655,0.0,0.0,115.0,0.0,,5,14.76,2.9739278690881874,2.32659064545856,2.1474986,2.20646741277813,1.9387729350693883
658,0.0,0.0,346.0,0.0,,5,15.56,-0.281750896814577,0.7496644682170794,0.622844,0.5049470694433617,0.6264998110086726
662,0.0,0.0,115.0,0.0,,3,12.42,2.747924707835269,2.32659064545856,2.154234,2.2139379193044593,1.9387729350693883
663,5.0,299.0,402.0,9.058,8.036566814896743,25,58.489999999999995,8.970325422583183,8.036566814896743,8.07079,8.070591804175455,7.886707536918479
664,0.0,0.0,47.0,0.0,,5,13.64,3.861381421128514,4.276645059846402,3.5891466,3.2890836577648637,3.1038646035965094
665,1.0,17.0,579.0,21.16,1.208541453139212,11,25.86,1.055081127245296,0.7365131052353753,1.4112417,1.2442893168732918,1.256576712562694
669,1.0,141.0,336.0,9.87,2.4552112388929137,5,26.159999999999997,3.46018346024975,2.4209846755501654,3.0779643,2.4726722504136256,2.4928473265971394
670,4.0,235.0,307.0,25.325,21.572617017267532,28,145.25,18.605381252308497,21.572617017267532,21.586775,22.564987711993144,22.306452824681294
673,0.0,0.0,485.0,0.0,,5,7.85,-2.8976614682565174,0.4105308468223392,0.40628004,0.2906746971153087,0.21522331250812865
676,1.0,349.0,545.0,8.78,1.7375195230475309,7,22.43,1.0133203137443063,1.7375195230475309,1.7508702,1.8160846439997465,1.7354250175305044
680,5.0,148.0,229.0,7.169999999999999,9.288309770160673,23,70.41,11.407034060400914,9.288309770160673,9.3038645,10.245042440618468,9.646566932566605
681,0.0,0.0,253.0,0.0,,4,4.86,0.17759365410330696,0.809695980654187,0.80405456,0.7376171299023951,0.5601510146504216
682,1.0,143.0,517.0,2.31,0.6281810605507627,6,12.91,-1.229163400877848,0.7636979590137358,0.3344872,0.6454461001859559,0.5493854048953208
683,1.0,91.0,189.0,11.7,4.37789138554562,8,27.41,5.752675605853385,4.37789138554562,4.367389,4.215108884003304,4.464202468903519
689,0.0,0.0,201.0,0.0,,5,10.04,1.359477623420009,1.0625347642413732,1.1835657,1.1506095700820502,1.0312800720370294
690,1.0,9.0,552.0,14.03,0.8774989824562538,10,33.17,0.9787056970064909,0.8774989824562538,0.9673655,0.9188932686886397,0.8056575881472536
697,2.0,177.0,458.0,17.875,5.144806613880073,14,49.519999999999996,5.751453888103562,5.144806613880073,5.0535173,4.975262413892244,5.001974214083692
698,0.0,0.0,316.0,0.0,,4,26.59,1.0147102531690373,0.6878891425254019,0.71876657,0.7791732846920052,0.6125913566554688
704,3.0,60.0,325.0,15.616666666666665,5.508630675946934,16,48.22,7.451575646469857,4.541089075575605,6.5162206,6.58053875091874,6.314679917721515
711,2.0,681.0,723.0,16.55,4.351323542222869,11,56.68,4.624088204793181,4.351323542222869,4.328712,4.506433588160769,4.344013399515189
717,1.0,27.0,70.0,9.83,6.248902140943829,7,40.55,7.938360902699144,5.238941198838755,6.0339627,6.261838210166073,6.401063047617909
719,0.0,0.0,664.0,0.0,,3,6.28,-5.634427909926212,0.2280781283679771,0.2261788,0.14205424262097896,0.2550886560834069
724,1.0,22.0,312.0,16.45,2.662347908995649,5,32.629999999999995,4.686692843528924,2.662347908995649,2.6353226,2.8259057938628915,2.637454168040377
726,0.0,0.0,551.0,0.0,,4,17.47,-3.093937846429082,0.31599932901172306,0.27119422,0.16655721805796,0.26331711910523214
727,0.0,0.0,418.0,0.0,,6,16.52,-1.2203415834771318,0.6071638539809521,0.40250593,0.3167530351051042,0.42403692470237075
728,3.0,198.0,245.0,8.763333333333334,7.385423788149904,19,31.46,7.002545115422565,5.930865931785858,6.448668,6.790209939032301,7.165108514285674
729,0.0,0.0,393.0,0.0,,3,3.19,-1.9875214026638783,0.562158674561362,0.44585955,0.3999120331031581,0.4536216740730614
731,0.0,0.0,79.0,0.0,,4,33.84,5.002146497613585,2.820447678323929,2.569593,2.8119895946458118,2.668420326658731
732,3.0,198.0,342.0,28.959999999999997,16.508466746230532,22,107.58000000000001,14.586086484539354,16.508466746230532,16.50142,16.466495954966117,16.433881843748114
733,0.0,0.0,259.0,0.0,,6,18.74,1.24275805804497,0.809695980654187,0.69331324,0.7596545671291346,0.4583438230624308
734,1.0,407.0,444.0,20.7,4.442496318208628,9,25.419999999999998,4.675311252389708,4.442496318208628,4.4303613,4.259091609394236,4.414925773891493
736,0.0,0.0,375.0,0.0,,1,11.43,-1.106428087816628,0.6878891425254019,0.4393347,0.3999120331031581,0.49758437532578625
739,5.0,318.0,376.0,11.154,10.581053761615683,25,69.50999999999999,10.608482313634557,10.581053761615683,10.532649,10.668300711160342,10.472996029850815
740,0.0,0.0,591.0,0.0,,4,1.74,-4.930186279803665,0.2280781283679771,0.11388473,0.13517018553666052,0.28228137414298793
741,1.0,244.0,524.0,21.89,3.3184412081168455,10,32.77,3.5403135289354464,3.3184412081168455,3.3049912,3.3617892939689495,3.4599402835303357
742,0.0,0.0,39.0,0.0,,2,4.84,3.213144980916358,4.276645059846402,4.7285166,3.3136419006022977,4.020613143760862
745,2.0,302.0,699.0,14.915000000000001,3.1095823135303657,10,31.430000000000003,0.9304907573100216,3.1095823135303657,3.003158,2.936170369359377,3.2795707638014533
746,1.0,511.0,678.0,8.86,1.537432596080424,6,19.9,-0.35389624211403437,1.537432596080424,1.5226166,1.503349815085634,1.504960859024532
747,0.0,0.0,340.0,0.0,,2,11.64,-0.5674041010204851,0.6878891425254019,0.7037986,0.642232301943242,0.6077914185996542
749,2.0,126.0,276.0,14.254999999999999,6.785816785251765,12,57.81,8.251042161049117,8.035619514977666,7.0432453,7.798626679387585,6.823936240151402
750,1.0,275.0,355.0,11.57,3.134204782271647,7,28.45,4.270740523234478,3.134204782271647,3.168559,3.198868534278403,3.209705908685215
751,1.0,312.0,650.0,2.94,0.7059380437371574,9,15.79,-1.9765212232361602,0.7059380437371574,0.7195947,0.653766151220766,0.6275968929535081
753,6.0,681.0,723.0,15.69,10.525637722191734,29,101.42,11.296395497569847,10.525637722191734,10.535004,10.494528582192038,10.320875924076672
754,1.0,327.0,512.0,12.33,2.35432101898758,9,49.0,4.04901101626046,2.35432101898758,2.3271992,2.7782838374819434,2.4038920103769534
755,1.0,300.0,374.0,8.38,2.3999939258222454,7,31.980000000000004,3.9525022313270854,2.3999939258222454,2.381411,2.631135658543403,2.552263948105673
757,1.0,10.0,619.0,9.67,0.5386638726241476,9,18.75,-1.7629536130371415,0.5386638726241476,0.53376466,0.5023670983050446,0.6405829239887781
758,0.0,0.0,200.0,0.0,,5,22.74,2.3922599941575786,1.0625347642413732,1.3280799,1.1637851397415415,1.0813374938766191
759,1.0,242.0,278.0,13.86,4.388978633517241,10,27.15,5.496116096846051,4.388978633517241,4.3804092,4.2989374957132105,4.4264636341920305
760,7.0,678.0,724.0,12.381428571428572,9.611976527812958,35,91.46,10.837940028428172,9.427396497449712,10.782556,9.664688418705914,9.061786186066202
766,2.0,328.0,365.0,23.315,10.049222349403207,11,51.27,8.633128739568328,10.049222349403207,10.059723,10.087343141831598,9.735070303184559
767,7.0,219.0,365.0,13.501428571428573,14.668778070390331,32,97.16,14.413565681493719,14.668778070390331,14.664714,14.64674691132309,14.5926766129125
769,8.0,680.0,719.0,14.66,12.878160968433983,36,129.86,15.050110314170336,11.865183517003224,11.985691,12.328033538884187,12.12737290841643
770,8.0,458.0,621.0,14.615,13.16521739632365,39,130.47,15.52392764436896,13.16521739632365,13.220395,12.835121515649504,13.123512243728523
771,2.0,452.0,542.0,20.634999999999998,6.570639501814496,16,51.709999999999994,6.424857249347893,6.570639501814496,6.5495524,6.597130118444859,6.486702398649083
774,1.0,412.0,658.0,19.33,2.736284817442952,6,22.959999999999997,1.1772801992754243,2.736284817442952,2.7307878,2.675648370244191,2.7546271708907555
779,2.0,445.0,459.0,6.49,2.8262174647792015,13,20.09,3.019709216871042,2.05010919618407,2.962808,2.592510570822319,2.855891297075956
780,8.0,604.0,715.0,11.385,9.857421973446005,37,112.95,12.959889605309112,9.857421973446005,9.855816,9.65998395258033,10.045206121305071
781,0.0,0.0,539.0,0.0,,5,7.3,-3.7178301760271575,0.6616955829386749,0.27537578,0.19371303113055874,0.2654395003974459
782,2.0,518.0,617.0,25.794999999999998,7.296065129785525,13,63.8,7.286034740175631,7.296065129785525,7.312998,7.19959926717017,7.119830736930335
783,0.0,0.0,206.0,0.0,,2,3.95,0.7417253207248447,1.0625347642413732,1.0646154,1.0641091294534575,0.9715037064813092
786,0.0,0.0,84.0,0.0,,4,19.33,3.7667342944149405,2.820447678323929,2.7614522,2.386398907149059,2.4798169974499045
788,0.0,0.0,35.0,0.0,,4,13.73,4.0218777571026685,4.276645059846402,4.7301188,3.296554164291193,4.020613143760862
789,9.0,221.0,351.0,9.206666666666667,12.842589970088067,36,86.25999999999999,14.657571841242905,14.627019156801332,12.683065,12.83148114085036,14.032159433006612
790,2.0,359.0,677.0,15.555,3.6751628588096104,12,48.44,3.003973023343838,3.6751628588096104,3.6607451,3.6721691479651186,3.816216832438882
792,0.0,0.0,483.0,0.0,,2,3.44,-3.2800939325894376,0.4105308468223392,0.39870048,0.31876140168005423,0.2212398389426129
796,2.0,6.0,232.0,7.375,2.806580531509262,16,29.79,5.194582288745108,2.806580531509262,2.8204181,2.8346608980665327,2.7296055881259527
799,0.0,0.0,158.0,0.0,,3,8.09,1.7827256247753427,1.0625347642413732,1.7823756,1.7720826465602924,1.574107238971636
803,1.0,143.0,207.0,9.39,3.754708692478814,7,16.15,4.492170175014381,3.754708692478814,3.7130437,3.7279252171549464,3.742056400665593
804,0.0,0.0,46.0,0.0,,5,4.44,3.1380065690509458,4.276645059846402,3.5818088,3.3061713940759683,3.1038646035965094
806,2.0,358.0,646.0,20.49,5.0114478735936565,14,52.31999999999999,4.482406326045936,5.0114478735936565,4.9813967,4.961049242612199,5.092419822993925
808,0.0,0.0,211.0,0.0,,5,15.15,1.6255320304784584,1.0625347642413732,0.9879675,1.0142046267440874,0.999436982302961
810,0.0,0.0,39.0,0.0,,3,13.97,3.9644575886482283,4.276645059846402,4.7386255,3.296554164291193,4.020613143760862
815,3.0,121.0,280.0,15.913333333333334,9.914966042374534,17,55.75,9.046998862158247,9.914966042374534,9.921008,9.545387605760975,9.767004785885423
816,0.0,0.0,308.0,0.0,,5,16.81,0.3646057116666608,0.7496644682170794,0.70242023,0.6761711576939715,0.565535583640628
817,4.0,611.0,671.0,14.735,7.333142070918532,20,79.8,8.248316073615804,7.333142070918532,7.3677387,7.322356952254829,7.409850116251047
818,0.0,0.0,226.0,0.0,,4,8.3,0.8414788121078001,1.0625347642413732,0.8987173,1.0488935959011434,0.7663361709738563
819,3.0,286.0,668.0,14.790000000000001,4.130509993782681,18,61.510000000000005,4.564371115041729,4.130509993782681,4.1715546,4.270738877814954,4.10953540236091
820,1.0,1.0,351.0,19.2,2.2385440906985608,10,23.939999999999998,3.810794474326044,2.2385440906985608,2.2479036,2.1530910373668113,2.428884776900502
822,1.0,33.0,205.0,19.34,5.191382837362899,7,27.32,6.291222434753212,5.191382837362899,5.1972156,5.247510684702367,5.275227273454202
823,3.0,502.0,623.0,13.403333333333334,5.463537907046647,16,46.019999999999996,4.7440595697475025,5.463537907046647,5.3908777,5.3679000820018405,5.364569035432909
824,0.0,0.0,232.0,0.0,,4,19.38,1.6437527341346747,1.0625347642413732,0.7683522,1.0290895397739797,0.7902941599682745
826,0.0,0.0,80.0,0.0,,5,11.16,3.188249130589744,2.820447678323929,2.7568913,2.3022290936189815,2.4826809107669083
827,1.0,421.0,620.0,3.31,0.8837771695923606,9,19.58,-0.6818008240112112,0.8837771695923606,0.8793426,0.8944179549231283,0.8370769709482504
828,0.0,0.0,167.0,0.0,,5,6.08,1.5305589858524336,1.0625347642413732,1.3573346,1.5660489995100946,1.4169217139768397
831,1.0,2.0,335.0,18.79,2.3703057439232964,10,27.79,4.296965679255274,2.9150839055541145,2.7825377,2.929618715613066,2.5291828949903783
834,1.0,419.0,472.0,26.99,5.301411038448579,10,52.239999999999995,7.375718444845866,5.301411038448579,5.2590623,5.171235782340662,5.371938528490656
837,1.0,25.0,530.0,5.45,0.5452735567839526,7,27.88,-0.3085822905314908,0.5452735567839526,0.57208,0.5386946801562011,0.5866283035440798
838,5.0,163.0,274.0,13.556000000000001,14.42776648831552,23,81.24000000000001,12.589078496633078,14.42776648831552,14.440865,14.334303385894835,14.536525523099819
839,0.0,0.0,680.0,0.0,,5,7.14,-5.75705067196895,0.2280781283679771,0.26212448,0.11379492446005157,0.2680899376259527
841,0.0,0.0,410.0,0.0,,2,1.43,-2.39215152124787,0.562158674561362,0.4397149,0.35419026202725273,0.45106680859374215
843,4.0,219.0,343.0,21.7975,16.431159657764013,21,104.89,14.150874124183876,16.431159657764013,16.415588,16.010481977100806,16.286600442289952
847,1.0,10.0,444.0,21.38,1.8236617856315012,7,37.36,3.838753221554612,1.8236617856315012,1.8233416,1.9205832837526622,1.8857482047117982
850,8.0,299.0,349.0,11.2925,17.181514222978656,39,103.41,16.058680664330485,16.718962484938295,16.631405,16.932438839387164,17.735249782239507
852,0.0,0.0,147.0,0.0,,6,5.63,1.8010842690839202,1.0625347642413732,1.6999959,1.7673471449176361,1.6438978537672284
856,0.0,0.0,561.0,0.0,,5,10.31,-3.792633140690997,0.2280781283679771,0.27208257,0.17045793486680283,0.2808000612159196
857,0.0,0.0,538.0,0.0,,6,36.62,-1.3331133893894345,0.815340757509851,0.1483242,0.19363880450011983,0.347650552667659
863,2.0,31.0,58.0,13.425,14.868810707578582,10,29.98,8.555465435455677,8.31282895372696,13.50361,12.936450483192045,12.457923160515115
864,2.0,427.0,723.0,4.955,1.405467754062204,11,26.3,-0.6126868228603977,1.405467754062204,1.3771603,1.3631729308077922,1.1802174899889142
866,1.0,5.0,85.0,11.79,6.104628936121107,4,14.669999999999998,5.760671193898614,6.104628936121107,6.092991,5.47441163977367,6.296812196898151
867,0.0,0.0,322.0,0.0,,2,8.01,-0.5998050740620098,0.6878891425254019,0.6690185,0.6674954636973313,0.5451022219720301
868,0.0,0.0,639.0,0.0,,5,6.6,-5.211119171279381,0.2280781283679771,0.17509802,0.12366819197476948,0.2284722611770169
869,0.0,0.0,237.0,0.0,,12,22.68,1.989957218540761,1.0625347642413732,0.5706525,0.9924519807269047,0.9698221737323012
870,1.0,147.0,617.0,17.61,1.7784485573747122,9,26.77,0.6545534324250446,1.7784485573747122,1.7796416,1.7569527510839582,1.6997768774732451
872,0.0,0.0,198.0,0.0,,2,7.28,1.1237299356645094,1.0625347642413732,1.192905,1.1980756117117408,1.0449415269693052
873,1.0,18.0,671.0,16.12,0.7365131052353753,9,26.01,-0.991492413246692,0.7365131052353753,0.7942846,0.7830130051476663,0.6170706757253415
874,0.0,0.0,605.0,0.0,,5,3.06,-5.006358081286117,0.2280781283679771,0.18671833,0.12769967901033114,0.2931568298951106
875,4.0,109.0,272.0,12.2025,9.318660866265768,21,55.25,9.34008703567618,9.318660866265768,9.329865,9.320906539462715,9.199975764167824
876,0.0,0.0,80.0,0.0,,4,9.44,3.0311431448240915,2.820447678323929,2.7545075,2.309699600145311,2.4826809107669083
878,8.0,558.0,708.0,15.383750000000001,12.90598254994794,29,138.29,15.282192394160738,15.58278178075832,12.580991,12.687584548732286,12.644606991671928
879,0.0,0.0,665.0,0.0,,5,15.18,-4.896751041263852,0.31599932901172306,0.1781836,0.1174959997835442,0.2564254214019295
880,1.0,487.0,693.0,8.1,1.3852476047576088,6,23.560000000000002,-0.49380832570153066,1.3852476047576088,1.3700696,1.383467840988679,1.3595550480999261
886,0.0,0.0,22.0,0.0,,3,9.36,3.8390990234715723,4.276645059846402,4.7156363,3.3136419006022977,4.020613143760862
887,1.0,85.0,612.0,6.09,0.6469490275714782,7,12.89,-2.3201923765371175,0.6469490275714782,0.64816666,0.6362345483783314,0.6824574618700687
893,3.0,630.0,662.0,17.319999999999997,6.806584507939743,20,87.38,8.71966094664241,6.806584507939743,6.8399844,7.117396379996754,7.1621764522065074
895,0.0,0.0,110.0,0.0,,7,14.82,3.0889560293814777,2.32659064545856,2.517798,2.1565065916615915,2.1659045231009353
896,6.0,179.0,356.0,12.096666666666666,10.428743138155406,31,87.32000000000001,12.637529085470408,10.428743138155406,10.424894,10.644759806644077,10.397606145608082
897,0.0,0.0,353.0,0.0,,4,12.98,-0.6084210623713129,0.6878891425254019,0.612928,0.396045375243124,0.5977241060358445
898,1.0,159.0,180.0,10.37,4.582455224242751,9,34.13,6.5715929244724824,7.23852882370589,5.274232,4.300302462199537,4.547948424365326
900,1.0,19.0,462.0,4.76,0.6071638539809521,8,15.25,-0.4491068723328744,0.6071638539809521,0.61225885,0.7156902687107457,0.5923868017135439
901,0.0,0.0,594.0,0.0,,4,11.84,-4.163383705272555,0.32077864027662517,0.10590323,0.11808244922555519,0.2878715958081681
904,0.0,0.0,46.0,0.0,,5,26.94,4.942277688381568,4.276645059846402,3.6419733,4.123402125698203,3.1973193736815535
905,5.0,231.0,557.0,22.854,8.52880362702956,24,119.69,13.237771252560236,8.52880362702956,8.56449,8.619501964748403,8.838968052318199
906,3.0,92.0,330.0,12.13,5.40456745105849,16,42.44,6.579236133117527,4.567516655843299,5.2660127,5.611721160469015,5.636297217506469
907,1.0,56.0,606.0,17.19,1.2189301429453334,8,46.980000000000004,1.931372710195256,1.2189301429453334,1.1901047,1.108467199056883,1.1585148266743124
908,0.0,0.0,199.0,0.0,,4,18.48,2.0458434076362226,1.0625347642413732,1.1672117,1.1409923402972744,0.9764910547310439
909,0.0,0.0,289.0,0.0,,5,12.34,0.279216844663301,0.809695980654187,0.7194951,0.6735739012947658,0.5770267526313502
910,0.0,0.0,501.0,0.0,,6,22.67,-1.9200137204602798,0.4105308468223392,0.16275328,0.27391897538988874,0.12976256721685075
911,4.0,247.0,306.0,11.08,9.968021791860247,23,56.370000000000005,9.466355724144801,10.347649762495585,9.403525,9.551010536623135,9.822898767663899
913,0.0,0.0,41.0,0.0,,4,4.05,3.1594108596938226,4.276645059846402,4.722781,3.3136419006022977,4.020613143760862
916,2.0,261.0,627.0,15.825,3.5621423841055098,10,38.56,2.472769526689063,3.7445303694230914,3.4707928,3.2496729823562234,3.64827444744459
917,0.0,0.0,483.0,0.0,,6,20.15,-1.8634039849481612,0.4105308468223392,0.18131962,0.2891697558736045,0.14905238370280127
918,0.0,0.0,178.0,0.0,,5,6.96,1.443038861316885,1.0625347642413732,1.3855768,1.3652005307190476,1.095803224739961
919,2.0,308.0,339.0,14.285,6.78647028224342,13,56.04,8.07538971422035,6.78647028224342,6.8020535,6.7930149665983315,7.2770276465727415
921,6.0,287.0,606.0,20.076666666666668,8.471558909392634,35,127.9,13.991505188887977,8.471558909392634,8.45892,8.636717487199611,9.124342182558927
922,0.0,0.0,289.0,0.0,,4,25.27,1.2968918321506977,0.809695980654187,0.74108934,0.6158146639981446,0.5972167307399436
924,10.0,635.0,688.0,16.723000000000003,18.599663887157575,55,170.59,20.633706313053374,18.599663887157575,18.565332,18.11051881462157,18.618544127341266
925,0.0,0.0,181.0,0.0,,4,5.93,1.2981491730645134,1.0625347642413732,1.2249285,1.3965483303006638,1.1353069349209441
927,3.0,341.0,682.0,9.973333333333333,3.167665448033004,19,44.14,2.574233263648027,3.167665448033004,3.0945983,3.4052322878265118,3.0648229071817976
930,2.0,530.0,613.0,8.01,2.6159470235483604,11,23.85,1.67777305722469,2.6159470235483604,2.6374466,2.676250394033075,2.611101077772189
933,1.0,28.0,179.0,11.4,3.777356691429926,8,23.86,5.276236184810613,3.777356691429926,3.697238,3.6859560471309014,3.6311246449623678
934,0.0,0.0,666.0,0.0,,3,11.72,-5.226938370505514,0.32077864027662517,0.21594909,0.14205424262097896,0.2631710628966486
937,1.0,133.0,426.0,2.1,0.7636979590137358,9,9.95,-0.17706631565657105,0.7636979590137358,0.7746366,0.7191164602229061,0.7635964779124613
938,0.0,0.0,47.0,0.0,,4,11.46,3.667388114700991,4.276645059846402,3.609076,3.3136419006022977,3.1038646035965094
941,1.0,162.0,680.0,3.02,0.4952760719578662,9,32.54,-1.7525068647603987,0.4952760719578662,0.5159325,0.524456968912199,0.4191745450501916
943,2.0,112.0,173.0,13.53,9.419935534726154,13,28.65,7.245815155511406,8.271580134639542,8.481358,9.056148583527856,9.119159818665958
944,0.0,0.0,316.0,0.0,,5,13.73,0.0026485536084472905,0.7496644682170794,0.7545024,0.6672661083183101,0.5633361503288823
948,0.0,0.0,155.0,0.0,,6,6.88,1.786349064212444,1.0625347642413732,1.7002369,1.7595787370649478,1.6421108979763455
950,3.0,260.0,291.0,19.95,14.23776340609783,18,72.47,11.459592261870934,14.23776340609783,14.296076,14.265779608961282,14.414292872904063
952,0.0,0.0,119.0,0.0,,6,10.51,2.5948143398854153,1.0625347642413732,2.034339,2.1210428695671117,1.9387729350693883
955,1.0,29.0,122.0,17.78,7.33495453150125,9,29.04,7.424194124290116,7.33495453150125,7.352377,7.287851856779144,7.033685601202719
958,0.0,0.0,73.0,0.0,,4,9.51,3.137357360869789,2.820447678323929,2.873088,2.309699600145311,2.8405736797263055
959,0.0,0.0,134.0,0.0,,5,25.87,3.5917771908628953,1.0625347642413732,1.7742171,1.8882789681881944,1.9303146004313687
962,0.0,0.0,625.0,0.0,,3,13.34,-4.507796842360203,0.31599932901172306,0.2096701,0.11185708784366963,0.26044743828896433
965,2.0,88.0,354.0,19.200000000000003,5.856919841975083,11,49.83,6.983317180016652,5.856919841975083,5.8823605,5.947796971169258,6.141421906038003
967,1.0,502.0,602.0,15.37,2.6652911127510177,9,23.83,1.9767572547670267,2.577991373971991,2.7760062,2.6138805412936623,2.8148892016321065
968,0.0,0.0,422.0,0.0,,2,11.68,-1.7426645230264644,0.562158674561362,0.36940646,0.3500355951214686,0.39137908917077624
970,0.0,0.0,652.0,0.0,,4,2.03,-5.783596460571519,0.2280781283679771,0.17397492,0.13945008849745158,0.22257286887660133
971,0.0,0.0,168.0,0.0,,6,23.94,2.9675572267247436,1.0625347642413732,1.2701056,1.5709845306610777,1.4892569665100357
972,3.0,303.0,334.0,23.063333333333333,14.902329312779049,17,91.87,13.012635788452606,14.902329312779049,14.91408,14.99186729950821,15.069370133672054
974,0.0,0.0,9.0,0.0,,5,23.22,5.17571929289971,4.276645059846402,4.564536,3.3127069530313595,4.135352425239495
975,2.0,530.0,593.0,3.9749999999999996,1.5870783738879597,12,32.43,2.1098177373656672,1.6727946244429446,1.9022874,1.6915948754661008,1.659318716665041
976,13.0,637.0,707.0,12.663846153846153,17.5934355399013,53,175.34,22.29101848145039,17.5934355399013,17.61623,18.44850910794746,17.218774447234416
978,1.0,226.0,252.0,9.51,3.5274277727222514,10,25.42,5.049955081148706,3.5274277727222514,3.4926455,3.729035987293673,3.7137882689457387
979,0.0,0.0,109.0,0.0,,4,10.63,2.7097937659443936,2.32659064545856,2.6013374,2.2575289066745703,2.16486338100599
981,0.0,0.0,392.0,0.0,,5,29.64,0.18623006139605014,1.4920476712206507,0.54216045,0.2975535457199405,0.4327303462587162
983,2.0,241.0,381.0,13.354999999999999,5.465033458042187,12,32.82,5.1486310455308075,5.465033458042187,5.5050845,5.621279503863501,5.267268164219814
985,2.0,561.0,605.0,20.95,6.226448266602187,13,74.66,7.854252531140391,6.226448266602187,6.254712,6.51453883238009,6.714266118917888
988,0.0,0.0,65.0,0.0,,2,3.95,2.7681154442625098,2.820447678323929,2.889003,2.309699600145311,2.8405736797263055
991,0.0,0.0,652.0,0.0,,5,6.13,-5.435638685294449,0.2280781283679771,0.18016735,0.1319795819711222,0.22257286887660133
992,1.0,93.0,370.0,3.7,1.0452801688088642,9,10.42,0.7020701681967836,1.0452801688088642,1.0202117,1.0150615126073936,0.9904616532813151
993,1.0,267.0,480.0,6.39,1.4833981223015535,6,21.509999999999998,1.1390686910157948,1.4833981223015535,1.5282922,1.5521417905090975,1.4516542546402533
994,4.0,350.0,511.0,21.07,11.92933116970086,19,100.0,11.81514109493515,11.92933116970086,11.97096,11.787207288770857,11.90549221329579
995,4.0,421.0,557.0,13.225000000000001,7.385907021043675,21,66.26,7.7239271792654085,7.385907021043675,7.298454,7.447490867863299,7.3800447101127356
996,0.0,0.0,185.0,0.0,,4,5.75,1.2262287594705024,1.0625347642413732,1.2611831,1.3965483303006638,1.039765372813374
997,5.0,364.0,704.0,6.43,2.7757212894814844,24,47.72,3.6838462843019353,2.7757212894814844,2.7731671,2.747657281623757,2.9552268785498526
1002,1.0,232.0,282.0,14.46,4.444421270682193,7,33.04,5.890455186144103,4.313548910861358,4.7924285,4.692186929814108,4.392557357629329
1003,7.0,401.0,533.0,10.747142857142858,10.07888005375943,32,81.87,11.237344065349493,10.07888005375943,10.09852,10.107364008840618,9.858222195398955
1004,7.0,522.0,548.0,11.179999999999998,10.952300500667956,36,91.24,12.474219285467683,10.952300500667956,10.952421,11.038082982359475,10.929814517242551
1005,5.0,489.0,700.0,10.928,5.949241224231721,25,62.47,6.153106121546605,5.949241224231721,5.9243526,5.860443590928606,5.926148237939394
1013,6.0,313.0,354.0,12.848333333333334,14.952209727316998,26,81.27,12.814624524296065,14.952209727316998,14.961547,14.994958302269028,14.786244294612514
1014,3.0,232.0,256.0,11.156666666666666,9.0517985344413,13,43.06,8.15176151605576,9.0517985344413,9.107979,9.503237978201787,8.862468149676616
1015,0.0,0.0,452.0,0.0,,4,10.76,-2.209227034302919,0.562158674561362,0.34327364,0.34396453518248676,0.4385898620999704
1017,1.0,16.0,240.0,8.31,2.104915584404335,7,19.71,3.560835232465773,2.104915584404335,2.208565,2.2088993611258267,2.1103609012646523
1022,3.0,31.0,301.0,11.780000000000001,3.6309908599685095,16,48.31,7.133595417969019,4.6213382731406805,6.3549438,6.066473011791642,4.721297827197194
1023,1.0,210.0,695.0,20.66,2.0110719339887613,9,40.61,1.3623089047297006,2.0110719339887613,1.9569856,2.1921922780153773,1.9574027769913513
1024,2.0,349.0,381.0,14.26,6.243920265035092,13,52.71,7.3923735108266735,5.47913097200116,7.345063,6.609614776890632,6.737862267384962
1025,2.0,297.0,333.0,22.615,10.409793356160375,15,60.28,9.650151198644158,10.409793356160375,10.390678,10.338539564683671,10.262187608289384
1026,1.0,56.0,245.0,6.14,1.990137928508191,7,29.060000000000002,4.122638123381339,1.990137928508191,2.0027542,1.8573028618619558,2.094366250977803
1031,0.0,0.0,94.0,0.0,,4,17.73,3.494714958775236,2.32659064545856,2.6078792,2.308292585541906,2.210230292647636
1032,0.0,0.0,183.0,0.0,,4,3.6,1.0825637526097038,1.0625347642413732,1.2601664,1.3965483303006638,1.1353069349209441
1035,3.0,461.0,496.0,5.3500000000000005,3.009525338408713,14,33.25,4.192891886710857,3.009525338408713,3.0265887,3.2156905582540327,3.2481361571429828
1036,2.0,474.0,575.0,8.33,2.8171115124102304,10,21.36,1.7886329282929563,2.8171115124102304,2.8205042,2.8227185164984805,2.8635017695655165
1037,0.0,0.0,408.0,0.0,,4,3.93,-2.124574865271139,0.562158674561362,0.43397915,0.35419026202725273,0.45106680859374215
1038,5.0,252.0,284.0,11.344,13.16905916433134,27,80.16,12.541902025008607,15.213216459530905,14.251399,14.635065054066537,14.702540523000028
1041,1.0,81.0,345.0,13.71,2.616577377250448,9,32.89,4.202971945689805,2.616577377250448,2.608195,2.7420209652310197,2.784134200842467
1042,0.0,0.0,479.0,0.0,,4,19.34,-1.909230465447231,0.6071638539809521,0.23391113,0.3016736653689489,0.24526206289400143
1044,0.0,0.0,197.0,0.0,,4,26.22,2.6952557950056395,1.0625347642413732,1.3836102,1.294810922958445,1.0659396972302089
1048,0.0,0.0,641.0,0.0,,5,5.17,-5.354533746960965,0.2280781283679771,0.19572887,0.12366819197476948,0.2284722611770169
1049,2.0,347.0,476.0,18.72,6.46054756592933,17,74.34,8.450828733824839,10.509531050894067,7.392296,6.805121419695149,7.258476290633594
1050,9.0,311.0,339.0,16.358888888888888,28.36342862812314,43,158.94,22.20921218649569,28.33259537683241,27.359665,29.74992803354368,28.246008416613392
1051,0.0,0.0,41.0,0.0,,4,30.41,5.273214713274053,4.276645059846402,4.476998,3.9381711375074673,3.9208696089714246
1052,3.0,315.0,509.0,7.526666666666666,3.5543169885240937,14,34.410000000000004,3.722043456532738,3.5543169885240937,3.5191684,3.377990405540735,3.5392668075895326
1053,2.0,91.0,308.0,11.6,4.551223317158597,12,33.06999999999999,5.273932411558389,4.551223317158597,4.603917,4.667246430865217,4.559333447351354
1055,1.0,24.0,397.0,6.92,1.0037235782329168,6,29.89,1.9451364307752685,1.0037235782329168,1.0203415,0.8811818739261668,0.985130704755317
1056,4.0,262.0,357.0,17.455,13.42643084346177,21,84.43,11.903948841305443,13.42643084346177,13.427135,13.29171877060628,13.112254356133917
1057,0.0,0.0,635.0,0.0,,2,6.05,-5.255275779043008,0.2280781283679771,0.21302678,0.13113869850109888,0.22853527605616542
1058,1.0,64.0,109.0,4.72,3.3109989841763836,8,20.29,5.2323856141905,3.3109989841763836,3.3749757,3.235848877731568,3.3299044205120665
1059,2.0,104.0,323.0,13.54,5.135996658132342,10,44.12,6.23718424161002,5.135996658132342,5.1000953,5.380216841431619,4.876993113714732
1062,1.0,243.0,252.0,7.81,3.110212939850592,13,25.41,4.948902439029034,3.110212939850592,3.112357,3.35261622680149,3.389464832440411
1066,0.0,0.0,645.0,0.0,,1,4.18,-5.568125850535947,0.2280781283679771,0.22093382,0.13282747651954227,0.24101865101757447
1067,1.0,24.0,357.0,16.47,2.2434404601640976,9,23.83,3.4231309153372536,2.2434404601640976,2.2242527,2.344493536612333,2.395302149219293
1068,0.0,0.0,346.0,0.0,,6,22.12,0.2634738541759738,0.7496644682170794,0.47540283,0.48548924418593636,0.6308543496708987
1070,6.0,652.0,701.0,9.801666666666666,6.877998013304894,24,66.06,7.724984162610586,6.877998013304894,6.892624,6.879278659977122,6.710074140200594
1071,2.0,601.0,636.0,14.09,4.187161574002148,12,41.3,3.9443872812564638,3.4668791484489767,4.074541,4.13552500714773,4.149636615228646
1073,0.0,0.0,115.0,0.0,,6,18.78,3.315470458163192,2.32659064545856,2.0143738,2.2250585256248856,1.8645396001206764
1074,3.0,587.0,681.0,19.689999999999998,7.37413689483341,15,74.8,7.471932315706523,7.37413689483341,7.386141,7.553722118631099,7.535925213399249
1076,1.0,26.0,86.0,8.89,5.238941198838755,7,20.97,6.002574985479078,5.238941198838755,5.2303286,5.2136229246928085,5.249579582702084
1079,2.0,359.0,605.0,16.39,4.4366197332896915,14,40.77,3.578451366893361,4.4366197332896915,4.4419885,4.49496881567319,4.398732611449554
1082,0.0,0.0,436.0,0.0,,2,8.7,-2.182832065291146,0.562158674561362,0.40177554,0.34396453518248676,0.42880368131658475
1083,1.0,8.0,680.0,10.95,0.4848386296557765,8,36.7,-1.050244507624579,0.815340757509851,0.6213185,0.5842813035003135,0.443592277404683
1084,0.0,0.0,153.0,0.0,,4,16.99,2.5874523779754854,1.0625347642413732,1.7668266,1.7826034625073246,1.6421108979763455
1085,1.0,449.0,461.0,3.11,1.1984476755791786,9,16.55,1.4629287256064183,1.2286084336714926,0.95441,1.1303904260524344,1.189809033287328
1089,3.0,604.0,654.0,15.25,6.076211385674823,17,51.510000000000005,5.490878559644131,6.076211385674823,6.1259546,6.067082635030052,6.178285426818735
1090,3.0,366.0,472.0,8.813333333333334,4.628950182535699,13,38.22,4.957251944089846,4.628950182535699,4.5621796,4.709114635164518,4.664402351358342
1091,1.0,12.0,487.0,26.88,1.9388734088696387,6,51.59,5.11887792756844,1.9388734088696387,1.9181156,1.5978925974803613,1.8529569443179037
1092,0.0,0.0,180.0,0.0,,6,43.68,4.3780456881660434,3.565563120226992,2.4223702,3.302122905381708,1.6642168792040515
1093,1.0,289.0,607.0,8.15,1.3510452105869915,9,37.99,1.0408870461191326,1.3100352843670195,1.1963325,1.415207747926554,1.2030521406080146
1094,0.0,0.0,171.0,0.0,,3,6.12,1.4379213694715653,1.0625347642413732,1.380176,1.573519506036424,1.346870423555524
1097,2.0,503.0,589.0,13.985,4.343427238931882,11,33.9,3.5358335987768936,4.343427238931882,4.3055696,4.382022082896069,4.2871250304614446
1101,0.0,0.0,219.0,0.0,,3,24.83,2.248438106806988,1.0625347642413732,1.1380209,0.9984171714665947,0.9903557209560283
1102,0.0,0.0,180.0,0.0,,3,12.19,1.7953295721146296,1.0625347642413732,1.2227749,1.3555833009342717,1.1353069349209441
1103,0.0,0.0,28.0,0.0,,4,13.92,4.137714752451463,4.276645059846402,4.7301188,3.296554164291193,4.020613143760862
1107,2.0,268.0,405.0,10.695,4.347408749858054,11,29.82,4.2989353977641755,4.347408749858054,4.234265,4.4680574576549,4.2982889291860005
1109,0.0,0.0,308.0,0.0,,3,20.48,0.6205434138438326,0.6878891425254019,0.5357553,0.6808047588356242,0.5472929861867462
1110,1.0,212.0,606.0,16.12,2.000719172412965,10,38.8,1.8917298136071037,1.8384731033875934,2.408614,2.220802589786421,2.0703809722484845
1111,0.0,0.0,293.0,0.0,,3,3.87,-0.4958362039621709,0.809695980654187,0.73808914,0.6981321441322006,0.6021051237798885
1112,0.0,0.0,193.0,0.0,,5,26.55,2.7983841651497885,1.0625347642413732,1.3882833,1.2873404164321156,1.0847910529375664
1113,0.0,0.0,240.0,0.0,,4,11.13,0.8672141677680472,1.0625347642413732,0.9862349,0.9482385007857772,0.801206643763007
1114,0.0,0.0,698.0,0.0,,5,8.5,-5.906680607411004,0.2280781283679771,0.16884492,0.09437103233567955,0.2547219658040696
1115,0.0,0.0,626.0,0.0,,1,1.55,-5.5059654348918246,0.2280781283679771,0.2220287,0.12894482415477496,0.26044743828896433
1116,2.0,17.0,56.0,31.79,32.458664484821924,14,70.14,14.376701648694254,6.570696866929297,17.690386,20.166442261425157,23.14666498924839
1117,3.0,166.0,284.0,9.066666666666666,6.456302475507963,18,39.21,6.937482433642803,6.456302475507963,6.5199256,6.399960234784835,6.626187657990167
1119,1.0,106.0,194.0,4.52,2.327876014755834,8,9.95,3.349522721437622,1.9110278682862485,2.6694772,2.143434215726066,2.2043338014898852
1124,5.0,520.0,590.0,9.482000000000001,6.485626421361593,28,65.05,7.941287866241171,5.679205273599723,6.6800666,6.841843437022543,6.532837467115722
1125,5.0,304.0,352.0,14.972,14.722479926188555,23,81.42,12.337184263529615,14.722479926188555,14.765938,14.849778063634796,14.802073919841176
1127,0.0,0.0,101.0,0.0,,7,25.7,4.090765403300814,2.32659064545856,2.5154495,2.711367097276539,2.2444431335330632
1128,1.0,568.0,628.0,11.62,2.109616488524541,8,40.18,2.6797992854840107,2.109616488524541,2.153941,2.2136267480457343,2.099910010946502
1130,2.0,202.0,541.0,14.465,3.5737219634339836,15,33.21,2.9109746754843484,3.5737219634339836,3.5452394,3.7295295629958094,3.6306121295379494
1131,1.0,173.0,378.0,6.86,1.774619861283446,7,19.76,2.1111984624741815,1.774619861283446,1.8427768,1.9171683996882916,1.8533949464383133
1132,1.0,14.0,460.0,22.84,1.8776457315747148,11,34.41,3.67117666785648,1.8776457315747148,1.8728876,1.8389385241381344,1.7568197943635413
1133,4.0,496.0,558.0,19.4625,11.04204437012914,22,86.42999999999999,10.56543670330656,8.540299440810598,10.33748,10.02523356115342,10.545715861376731
1135,3.0,112.0,208.0,19.606666666666666,15.925287907004506,16,63.190000000000005,11.132190348745564,16.773282660130803,14.259214,14.758940402007719,14.761509427246311
1138,0.0,0.0,633.0,0.0,,2,2.73,-5.4927628841089975,0.2280781283679771,0.21150734,0.13113869850109888,0.23343917031670625
1140,1.0,408.0,491.0,11.88,2.5522444893867102,8,18.380000000000003,2.1910321557335477,2.5522444893867102,2.5189114,2.5686414420652404,2.569872198076487
1141,2.0,213.0,404.0,14.209999999999999,5.239077238536035,13,55.22,6.622216044194417,5.239077238536035,5.1822658,4.946471767165724,5.139028900888389
1144,4.0,321.0,620.0,12.7075,5.306039484064916,20,66.39,6.271494534904065,5.306039484064916,5.354826,5.3217750422556,5.415144783220994
1145,3.0,595.0,653.0,19.116666666666667,7.499354589289158,19,69.59,7.490615054826287,7.499354589289158,7.512566,7.429528978856153,7.476420908083827
1146,2.0,132.0,555.0,28.03,4.901485716631033,17,79.16,7.997923877328604,4.901485716631033,4.902115,4.988110950722858,4.971066198488272
1147,3.0,634.0,715.0,15.199999999999998,5.588479385873133,22,56.03,5.205431869669914,5.588479385873133,5.5912547,5.532256071523555,5.595229803348247
1152,0.0,0.0,96.0,0.0,,5,20.42,3.7008619549212365,2.32659064545856,2.536134,2.3156187211974926,2.20112413860034
1153,1.0,53.0,437.0,15.2,1.8359618358382215,6,19.799999999999997,1.850801530986811,1.8359618358382215,1.8357784,1.8922907977778003,1.8715416370825055
1154,0.0,0.0,661.0,0.0,,6,23.9,-4.120830018178194,0.31599932901172306,0.07268657,0.1166171372589995,0.23710718995644253
1157,1.0,15.0,53.0,5.1,4.391129361211711,10,46.49,8.001111966162199,4.391129361211711,4.410805,4.889742456430133,4.367669081045677
1159,1.0,262.0,688.0,16.9,1.9150114732674683,10,46.239999999999995,1.6516860607887294,1.9150114732674683,1.9580822,2.2358973822438903,1.8014732794449664
1161,2.0,542.0,730.0,15.344999999999999,3.8259982879105148,15,44.74,2.8268270527491404,3.8259982879105148,3.847984,3.839398456060481,4.009811661933691
1162,4.0,474.0,517.0,17.21,10.480707011271157,20,72.86,9.611527341411442,8.656938764963776,9.90059,9.965377512957163,10.146028440273499
1164,0.0,0.0,318.0,0.0,,4,22.8,0.6820476845265526,0.6878891425254019,0.64106107,0.6921329269896713,0.5677132530072786
1166,0.0,0.0,228.0,0.0,,4,2.79,0.3708897401209299,1.0625347642413732,0.8799798,1.0488935959011434,0.810572066407202
1167,1.0,372.0,571.0,20.67,3.307278183510755,7,34.71,3.389404357788385,3.307278183510755,3.3740153,3.2875493742776607,3.400481368500238
1168,4.0,382.0,639.0,18.724999999999998,8.25875501524012,19,90.61,9.044795364069323,8.25875501524012,8.30097,7.799629493541,8.205913839067305
1169,1.0,116.0,338.0,5.54,1.5601019230156776,10,23.29,2.5769379517548874,1.2354157027737704,1.5746288,1.638245910859236,1.606840341449204
1170,0.0,0.0,404.0,0.0,,4,12.04,-1.4167491193974913,0.562158674561362,0.4297945,0.32874159399009123,0.4269523790238523
1171,2.0,100.0,225.0,8.685,5.10390237847283,10,32.81,6.043079412599157,5.10390237847283,5.0963635,4.9867687712384425,4.90438004248445
1172,0.0,0.0,175.0,0.0,,5,12.24,1.909555834132662,1.0625347642413732,1.3784162,1.3481127944079423,1.346870423555524
1173,1.0,427.0,498.0,4.76,1.3680938518139256,7,13.98,0.8142461408585895,1.3680938518139256,1.366324,1.4320471593478572,1.3377238404219973
1174,4.0,153.0,221.0,11.450000000000001,12.371527511510038,21,59.23,10.492362744974567,12.371527511510038,12.420982,12.735961597573459,12.511388693560008
1175,1.0,214.0,476.0,19.34,3.202721551052967,7,37.96,4.0934175318714665,3.202721551052967,3.1338103,3.520945075533223,3.3520187283272906
1177,0.0,0.0,180.0,0.0,,3,29.48,3.181811690035805,1.0625347642413732,1.3442866,1.4140264004395764,1.1529042890250079
1178,1.0,17.0,393.0,22.91,2.4656184014045337,11,34.22,4.642578660567386,2.4656184014045337,2.4288974,2.483089286791462,2.3403559467125135
1180,0.0,0.0,266.0,0.0,,5,7.68,0.23607815506940444,0.809695980654187,0.80523944,0.7278033414159802,0.4961188281186075
1183,6.0,209.0,283.0,11.581666666666669,15.213216459530905,27,72.25,12.469503189175175,15.213216459530905,15.220042,15.233116747337245,14.956975736675764
1184,0.0,0.0,374.0,0.0,,1,8.03,-1.3647019402445242,0.6878891425254019,0.46962458,0.3999120331031581,0.49758437532578625
1185,4.0,206.0,265.0,16.7075,16.040480143738925,24,71.91,11.914446852926144,16.040480143738925,16.054295,16.17149301697971,15.832243571746675
1187,1.0,329.0,399.0,15.71,3.7235469122380227,8,28.08,4.456838012598238,3.294646353111726,3.6371977,3.5601922116607514,3.8293910261795454
1189,0.0,0.0,183.0,0.0,,4,37.23,3.7793476523025387,1.0625347642413732,1.3407077,1.7512208945088044,1.4209620667977365
1190,0.0,0.0,33.0,0.0,,5,7.38,3.560594957054754,4.276645059846402,4.7165937,3.3061713940759683,4.020613143760862
1191,0.0,0.0,280.0,0.0,,4,9.93,0.1961239283434173,0.809695980654187,0.7945403,0.6772979684497417,0.5524287555275418
1192,1.0,362.0,497.0,4.76,1.3105674921684336,11,14.28,0.6264177378261611,1.3105674921684336,1.3130124,1.4081575564388618,1.3092926625865875
1193,4.0,311.0,720.0,6.54,2.048888106963384,20,32.69,1.2254032998301412,2.048888106963384,2.051075,1.9328977595302808,1.9668353245794314
1194,0.0,0.0,388.0,0.0,,3,10.22,-1.3519291093582586,0.6878891425254019,0.44246507,0.3999120331031581,0.46391668336844294
1195,2.0,250.0,561.0,8.505,2.38403644006452,10,35.54,2.107228641282586,2.38403644006452,2.4122498,2.559335588428874,2.3518975572321343
1196,2.0,564.0,692.0,10.925,3.036717007264736,11,32.6,1.8089944826257436,3.036717007264736,3.0706506,3.201508509451617,3.13904923156054
1197,3.0,239.0,386.0,9.61,5.49628966667213,17,31.85,5.278226888211229,5.49628966667213,5.4050274,5.573312187965159,5.397405973560351
1201,0.0,0.0,451.0,0.0,,2,2.5,-2.8955824133487633,0.562158674561362,0.34970284,0.34396453518248676,0.4385898620999704
1202,2.0,650.0,683.0,15.09,4.204626130837227,12,40.74,3.591842708199887,4.204626130837227,4.155341,4.075421213374479,4.187971285839181
1203,0.0,0.0,40.0,0.0,,3,6.22,3.328614864163395,4.276645059846402,4.729533,3.3136419006022977,4.020613143760862
1204,0.0,0.0,486.0,0.0,,5,11.88,-2.588868024487364,0.4105308468223392,0.3868776,0.27358696080420336,0.21522331250812865
1205,1.0,215.0,688.0,26.29,2.546095033187753,10,37.379999999999995,2.031365428333885,2.756665524009189,2.8420966,2.6944927470215068,2.7333761742849902
1207,0.0,0.0,589.0,0.0,,4,13.86,-3.9295424478712198,0.31599932901172306,0.20672178,0.11808244922555519,0.28228137414298793
1209,0.0,0.0,180.0,0.0,,5,5.9,1.3292945218198478,1.0625347642413732,1.2078229,1.3652005307190476,1.1353069349209441
1212,0.0,0.0,353.0,0.0,,4,11.2,-0.7511589553672469,0.6878891425254019,0.61034054,0.41313311155422927,0.5977241060358445
1214,2.0,592.0,624.0,9.245000000000001,2.9543043582649737,15,36.19,3.047132100189851,2.9543043582649737,2.980485,2.90148260290358,3.0322649058600293
1215,1.0,9.0,411.0,8.35,0.9763290099247349,10,35.23,2.378331932091512,0.9763290099247349,0.99983644,0.9086958121037373,0.8524233154185916
1216,2.0,566.0,722.0,12.129999999999999,3.1800569399581544,12,29.61,1.3345934147093086,3.1800569399581544,3.2078366,3.01407700602711,3.1410134952207835
1217,0.0,0.0,327.0,0.0,,4,4.45,-0.9187797010105516,0.6878891425254019,0.6545449,0.6502376789578752,0.5375902351660615
1221,0.0,0.0,365.0,0.0,,3,10.7,-0.9828920854695147,0.6878891425254019,0.7250448,0.41313311155422927,0.5230846095656254
1222,7.0,296.0,364.0,10.624285714285715,13.773976560823346,27,79.22,12.851186737557029,13.773976560823346,13.727414,13.710925669881421,13.59157039578854
1224,0.0,0.0,572.0,0.0,,3,5.21,-4.398047398673397,0.2280781283679771,0.26829922,0.16413473791797872,0.2846809502063916
1228,1.0,144.0,283.0,6.59,2.2275269399705238,10,15.959999999999999,3.05649473915647,2.259961238832249,2.6214952,2.15659957715294,2.1951972493550054
1232,0.0,0.0,23.0,0.0,,4,14.63,4.266507335793992,4.276645059846402,4.745496,3.296554164291193,4.020613143760862
1234,1.0,341.0,518.0,7.2,1.5923452108280391,8,11.02,0.2479794811168432,1.5923452108280391,1.6288676,1.7266749177219372,1.582996505043604
1235,4.0,531.0,629.0,16.5275,8.493925978541384,23,76.13,8.492197227782174,8.636285194805371,8.441461,8.229312282225678,8.241145322036488
1236,2.0,182.0,306.0,9.22,4.6007027013696264,12,21.080000000000002,4.433524009545662,4.6007027013696264,4.456512,4.549687854169574,4.514514161893216
1237,0.0,0.0,257.0,0.0,,4,12.86,0.7616260296703841,0.809695980654187,0.83338404,0.772158476624479,0.5172404453941244
1240,0.0,0.0,118.0,0.0,,5,10.3,2.5731665548435707,1.0625347642413732,2.1340938,2.126076272536127,1.9387729350693883
1241,0.0,0.0,359.0,0.0,,4,4.64,-1.3634335908955793,0.6878891425254019,0.6098144,0.41313311155422927,0.5268584044415681
1244,1.0,192.0,523.0,6.4,1.1839696589279483,9,18.68,0.0035007270528195633,1.3028347828664257,1.4825376,1.3520978479069892,1.0957411510581654
1245,1.0,123.0,527.0,20.57,2.3785041303355037,9,27.2,2.2833168374554504,2.3785041303355037,2.3859458,2.44314061139771,2.454323600826283
1249,1.0,395.0,712.0,4.13,0.8176322467607766,9,32.5,-0.9747902938971658,0.8176322467607766,0.7986498,0.9351866871092014,0.639700965305317
1253,5.0,615.0,661.0,14.404000000000002,8.857020425507205,31,83.57000000000001,9.592638451204515,8.857020425507205,8.931875,8.960485763935727,8.747420699094612
1254,0.0,0.0,717.0,0.0,,4,24.11,-4.947156544191439,0.31599932901172306,-0.009480318,0.07113988265344603,0.21045724652567088
1256,1.0,225.0,462.0,9.0,1.849896633129071,9,20.1,1.5103680917444322,1.849896633129071,1.8304225,1.8466061080146954,1.835784641621066
1259,10.0,312.0,343.0,15.562999999999999,29.515232111279783,50,171.4,23.893662078466708,29.515232111279783,29.532982,30.820913902132904,29.805701629379566
1260,0.0,0.0,207.0,0.0,,5,24.76,2.4536425176408145,1.0625347642413732,1.2280288,0.9909466649402663,0.9978597533502569
1261,0.0,0.0,640.0,0.0,,7,12.71,-4.697171921414017,0.31599932901172306,0.09450009,0.10154705269464918,0.22892076584276122
1262,0.0,0.0,104.0,0.0,,3,4.84,2.2981729879479214,2.32659064545856,2.5558546,2.2575289066745703,2.17239982463805
1265,5.0,218.0,317.0,11.072,11.283280411956364,28,85.5,12.318629917516354,11.283280411956364,11.299331,11.822691416648448,12.009480239657819
1266,2.0,544.0,652.0,9.02,2.7247734636941,12,25.099999999999998,1.442778030932772,2.7247734636941,2.739015,2.789976777162418,2.6887301998382953
1268,0.0,0.0,78.0,0.0,,4,10.26,3.125641925714935,2.820447678323929,2.7435079,2.309699600145311,2.4826809107669083
1270,0.0,0.0,247.0,0.0,,4,9.44,0.6310924311305453,1.0625347642413732,0.998189,0.9387779986706868,0.7051734104388494
1271,4.0,474.0,635.0,17.942500000000003,8.818481770747972,20,86.23,9.089952630636459,8.818481770747972,8.836519,8.971682125284264,8.796854893212037
1274,0.0,0.0,460.0,0.0,,3,5.69,-2.749941431558751,0.562158674561362,0.32310003,0.32697623170763346,0.29457441101294
1275,0.0,0.0,719.0,0.0,,4,1.56,-6.7841802772180335,0.2280781283679771,0.17450088,0.08389289218060096,0.21588774838490465
1277,2.0,287.0,324.0,16.8,8.069774288585236,11,37.14,6.989795390589105,8.069774288585236,8.022057,7.760000899574243,7.780859813626423
1279,0.0,0.0,316.0,0.0,,6,16.42,0.23753867207413126,0.7496644682170794,0.7041626,0.6622327053492951,0.5633361503288823
1281,2.0,202.0,275.0,14.055,7.451122517987981,15,40.21,7.237972975662801,7.451122517987981,7.53345,7.618724226580415,7.463950089518055
1282,7.0,390.0,516.0,18.084285714285716,17.1353955678128,31,135.95000000000002,16.770882512920682,17.1353955678128,17.132011,16.915830574926506,17.14452216495141
1284,4.0,252.0,323.0,17.2125,14.430361469265247,19,84.78999999999999,12.302668323419109,14.430361469265247,14.417821,14.103024264803624,14.216104306760396
1285,0.0,0.0,401.0,0.0,,7,15.05,-1.0747246078014916,0.6071638539809521,0.41123223,0.3162376844947468,0.46473408083215784
1286,1.0,7.0,242.0,3.4,1.1600032257249069,8,6.8,1.7894757110656023,1.1600032257249069,1.1521888,1.2103545521634793,1.0825448919168759
1289,2.0,241.0,469.0,19.21,6.034231885581994,15,47.11,5.903739699175693,6.034231885581994,6.2257547,6.207316260342948,6.086608779124828
1293,0.0,0.0,737.0,0.0,,1,2.41,-7.032245471962049,0.2280781283679771,0.26098287,0.09099397918516966,0.2205594953156238
1295,4.0,229.0,372.0,18.9125,13.300626206451446,22,92.86,12.432954464587358,13.300626206451446,13.39099,13.748646800921982,13.785408411869383
1297,12.0,537.0,549.0,17.976666666666667,28.72606332476265,55,222.85,27.969724154713234,28.72606332476265,28.739798,28.231927715457765,28.63078535138322
1300,0.0,0.0,209.0,0.0,,3,0.73,0.4595788750334937,1.0625347642413732,0.99911785,1.038762869581522,0.999436982302961
1304,1.0,270.0,693.0,14.21,1.668797697233272,9,21.91,-0.7281436835605772,1.7811538421775155,1.6292881,1.6799509074397974,1.6019679353468845
1306,0.0,0.0,430.0,0.0,,5,10.4,-1.902741544274427,0.562158674561362,0.38856965,0.3425650885951392,0.4024845793713112
1309,1.0,38.0,510.0,15.48,1.344163516685732,7,42.7,2.626326859734776,1.344163516685732,1.2911787,1.0790463242188457,1.1071687949790263
1310,10.0,629.0,667.0,14.822,17.02605882876611,51,164.16,20.05014973725583,17.02605882876611,17.036253,16.456737627542793,17.07736507519786
1311,0.0,0.0,93.0,0.0,,4,14.28,3.232431614971049,2.32659064545856,2.6429486,2.3947437699466767,2.210230292647636
1312,2.0,51.0,229.0,5.405,2.963131276354716,10,21.509999999999998,4.393725609302121,2.963131276354716,2.976952,2.8265972617247193,2.9968308967178983
1313,1.0,167.0,708.0,10.47,1.0090082464245596,8,18.770000000000003,-2.216254521260339,1.0090082464245596,1.0353802,0.8736736134894436,1.0154628134590578
1316,0.0,0.0,514.0,0.0,,3,23.98,-2.059333788743216,0.5819915427067095,0.29842514,0.27720539660238575,0.19379028185328728
1317,0.0,0.0,90.0,0.0,,3,8.42,2.786454426728087,2.820447678323929,2.630097,2.4118315062577813,2.210230292647636
1319,0.0,0.0,40.0,0.0,,5,36.61,5.803942687515155,4.276645059846402,4.4946337,3.8998586831307014,4.2538190415793355
1321,0.0,0.0,570.0,0.0,,5,15.25,-3.525839443152094,0.31599932901172306,0.24993911,0.15130804011841992,0.2569282018009904
1322,2.0,208.0,579.0,14.055,3.192322468902538,14,39.99,2.860164047098789,3.192322468902538,3.1834807,3.3238274961206447,3.4442618559081914
1325,7.0,233.0,239.0,18.867142857142856,32.77504804281803,38,143.47,20.866440803894196,25.21917006725944,28.774805,27.05967631887911,28.550865731805974
1328,6.0,489.0,520.0,16.351666666666667,14.285060291004543,32,104.59,13.722876854901546,14.285060291004543,14.261017,14.280843467435673,13.999447394578858
1329,2.0,460.0,694.0,20.36,4.994773047964138,11,49.07,3.931727719128153,4.994773047964138,4.912492,4.907459520553387,5.032788826313853
1330,2.0,540.0,623.0,16.825000000000003,4.914087449458988,17,46.230000000000004,4.719458056287087,4.914087449458988,4.9364905,4.9865906528184105,5.071073719061079
1331,0.0,0.0,405.0,0.0,,3,11.66,-1.4807722974384054,0.562158674561362,0.42659354,0.34582933030119656,0.45106680859374215
1332,2.0,229.0,642.0,14.425,2.933586018652853,16,61.33,3.8538383716421665,2.933586018652853,2.8736386,2.6245651099950815,2.7748273927951517
1334,3.0,383.0,640.0,6.043333333333333,2.396028767932724,16,31.09,1.7216367617392638,2.396028767932724,2.4945195,2.419409923422379,2.3004260288364464
1337,0.0,0.0,418.0,0.0,,3,11.02,-1.7189240821328617,0.562158674561362,0.4212677,0.34634468091155396,0.42403692470237075
1338,0.0,0.0,367.0,0.0,,3,8.3,-1.2040907938511314,0.6878891425254019,0.7507587,0.41313311155422927,0.5230846095656254
1339,3.0,178.0,230.0,11.083333333333334,9.418569555707485,16,74.83,10.868664427163544,9.418569555707485,9.347238,9.06951574010998,9.710457551088824
1341,6.0,614.0,657.0,6.98,5.2882248644965975,25,55.88,6.989634863976636,5.2882248644965975,5.2818365,5.036361449333664,5.28741746564869
1343,2.0,136.0,248.0,12.91,7.00270116016934,11,39.019999999999996,6.986579464185312,7.00270116016934,6.933416,7.332555370637972,7.001498726280194
1344,0.0,0.0,208.0,0.0,,3,18.36,1.8876970954732846,1.0625347642413732,0.97624576,1.0216751332704168,0.9309865100646997
1345,2.0,338.0,374.0,21.380000000000003,9.121284050433614,15,58.040000000000006,8.900204759061602,7.731986524984141,9.867303,8.877448626118394,9.413768180238437
1346,1.0,33.0,409.0,2.27,0.562158674561362,7,12.76,-0.18818759066005208,0.562158674561362,0.5735934,0.5448841421977597,0.5460460906970344
1347,0.0,0.0,646.0,0.0,,3,11.47,-4.959554604190132,0.32077864027662517,0.20851956,0.13282747651954227,0.24101865101757447
1350,1.0,17.0,231.0,10.76,2.665933579768693,11,21.23,4.235047181112249,2.665933579768693,2.6459606,2.7035496013376057,2.6291678907148612
1352,8.0,341.0,451.0,18.14375,21.492297359263617,45,159.73,20.375178547288872,21.492297359263617,21.454134,21.089420069733357,21.47450233289525
1357,0.0,0.0,153.0,0.0,,5,9.52,2.0076138487789863,1.0625347642413732,1.7339175,1.7797332571008189,1.6421108979763455
1360,1.0,447.0,637.0,13.48,2.174346603456394,7,19.240000000000002,0.5474387975922546,2.174346603456394,2.1329467,2.147895896040662,2.2465675952399566
1361,2.0,332.0,551.0,6.905,2.3028215648320924,14,41.410000000000004,2.957504989710886,2.3028215648320924,2.331973,2.26702108144321,2.219405832147851
1362,0.0,0.0,152.0,0.0,,4,14.64,2.413377844449685,1.0625347642413732,1.7534285,1.770116027316043,1.6421108979763455
1366,5.0,528.0,644.0,8.642,5.450338268922149,20,46.410000000000004,5.4372184347498855,5.5541572660516385,5.5969505,5.176383961574472,5.050345021870889
1367,2.0,237.0,257.0,9.200000000000001,5.589981561125079,8,34.72,6.408376578396974,5.589981561125079,5.59808,5.504155105456981,5.4172326168156735
1368,0.0,0.0,442.0,0.0,,2,21.81,-1.217772793386887,0.6489445261916096,0.20503649,0.3214401046866819,0.3690732836781523
1370,5.0,622.0,653.0,8.108,5.236189084495876,23,47.5,5.816513058808259,5.5541572660516385,5.1749516,4.874336481773655,5.198941228973121
1371,1.0,187.0,239.0,28.65,8.766246213074322,10,39.5,8.852738281347332,8.212117256148858,7.8200765,8.195040531666068,8.630870583625711
1374,1.0,24.0,258.0,10.53,2.39603088555704,10,30.939999999999998,4.607038234927676,2.39603088555704,2.4256654,2.480071165241039,2.361105531612623
1376,0.0,0.0,215.0,0.0,,3,9.94,1.1118978195871119,1.0625347642413732,0.9870407,1.038762869581522,0.9584568071103288
1377,3.0,171.0,326.0,13.01,7.806689266255098,17,55.900000000000006,8.226185143820041,7.806689266255098,7.8034077,7.809911851177876,7.878277713324756
1378,2.0,469.0,637.0,14.23,3.999413735472734,9,39.21,3.109128562156872,3.4467637775180915,4.013288,4.0351353441995945,3.919968423166469
1379,1.0,34.0,699.0,35.37,1.5283502202240116,10,67.69,4.726175984887998,1.5283502202240116,1.5269042,1.7141278770317347,1.5316764255206365
1380,0.0,0.0,85.0,0.0,,4,14.52,3.3666496628559752,2.820447678323929,2.7874017,2.3947437699466767,2.4826809107669083
1386,1.0,48.0,104.0,12.5,6.409276793759204,9,16.95,6.065765628322168,6.014835017798917,6.558868,6.900518035601262,6.051145961371578
1387,1.0,104.0,705.0,13.19,0.9644474529734355,7,18.75,-2.1083296317246196,0.9644474529734355,0.9234306,0.9881694853793563,0.8738650513998945
1388,0.0,0.0,94.0,0.0,,3,9.83,2.8420358389001064,2.32659064545856,2.6130896,2.3337251846506284,2.210230292647636
1389,1.0,246.0,391.0,12.82,2.9899414357552847,9,40.870000000000005,4.826793409855242,2.9899414357552847,3.0459926,2.876326918000214,2.6151613747849893
1390,6.0,264.0,314.0,6.838333333333334,8.907431625831107,24,43.84,9.283259942757955,8.907431625831107,8.887894,8.502407593638944,8.815526099501493
1391,2.0,306.0,447.0,6.050000000000001,2.547759581381155,10,15.93,2.0917911524081756,1.9650204940657026,2.371417,2.373886811638611,2.536491164816956
1392,0.0,0.0,656.0,0.0,,4,2.81,-5.778534639740758,0.2280781283679771,0.19371188,0.14131943561671906,0.21855076527403128
1393,1.0,293.0,345.0,9.52,2.8250750305294057,10,38.22,5.053521117437898,2.8250750305294057,2.8378925,2.8106859941549214,3.0263013487814314
1394,2.0,53.0,56.0,9.075,11.036262422607287,12,25.689999999999998,7.7745837121621895,11.036262422607287,11.004008,10.262450105275057,10.810968054937872
1395,0.0,0.0,213.0,0.0,,3,16.53,1.6690919053018525,1.0625347642413732,0.9902075,1.0216751332704168,0.9584568071103288
1396,0.0,0.0,287.0,0.0,,6,6.96,-0.10428182268458208,0.809695980654187,0.7076839,0.6856282346368562,0.5494368529903095
1397,0.0,0.0,79.0,0.0,,5,2.57,2.513790073302917,2.820447678323929,2.7475812,2.3022290936189815,2.4826809107669083
1402,7.0,152.0,192.0,9.652857142857144,19.049953917346453,32,80.18,14.689324090777639,14.21202581557084,16.25936,16.994568711964018,17.664640944498252
1406,2.0,256.0,289.0,8.05,4.6090320452543745,13,23.689999999999998,5.0881091244835694,4.6090320452543745,4.571919,4.554904438060779,4.564084373151927
1408,3.0,111.0,204.0,15.886666666666665,13.270257648805394,24,84.27,12.510178155838695,13.270257648805394,13.237151,13.767739110317866,13.69214509007072
1409,1.0,19.0,637.0,15.7,0.8019684699925131,10,17.669999999999998,-1.2063619094127604,0.8019684699925131,0.8142831,0.8791949383139448,0.6567977195231514
1410,2.0,42.0,413.0,13.940000000000001,2.5184456722361652,9,43.660000000000004,4.654457020424351,2.5184456722361652,2.494359,2.2389535742515236,2.448235333853135
1412,0.0,0.0,378.0,0.0,,4,7.05,-1.443235768595379,0.6878891425254019,0.45063448,0.3999120331031581,0.46569722632510935
1414,1.0,235.0,551.0,9.6,1.5847995940821802,7,25.700000000000003,0.772271943243986,1.5847995940821802,1.5750701,1.6070603880978345,1.6794394266827357
1415,8.0,534.0,642.0,13.26125,12.424077403548555,39,126.5,15.069267169581785,12.424077403548555,12.413324,12.383750058284702,12.535709716652256
1417,0.0,0.0,446.0,0.0,,1,9.32,-2.29600946624483,0.562158674561362,0.3573079,0.34396453518248676,0.4324471540163728
1418,0.0,0.0,295.0,0.0,,4,9.94,-0.018647590778948953,0.809695980654187,0.71544296,0.6981321441322006,0.6014139741361726
1419,7.0,283.0,344.0,13.022857142857143,17.49135548264688,30,133.04,17.785807618188596,18.24769527249785,18.961554,19.22733376790007,19.41471712955994
1420,2.0,41.0,316.0,9.485,2.8640729354530023,8,30.98,4.386696012540314,2.8640729354530023,2.8010511,3.0249070483640947,2.847243757962011
1421,0.0,0.0,149.0,0.0,,5,5.69,1.7579730539945184,1.0625347642413732,1.7281064,1.7797332571008189,1.6438978537672284
1423,1.0,450.0,702.0,5.44,1.0235502480057168,8,11.72,-2.0775838748524738,1.0761665939760194,1.0212649,0.9354437862709166,0.9951287770024164
1424,4.0,182.0,300.0,11.4025,9.668922835727864,17,84.00999999999999,11.395945938300688,9.475608587196492,11.911528,10.048897089879633,9.81764785196894
1425,6.0,291.0,341.0,16.055,18.899964441333395,39,118.33,16.56717908566929,18.899964441333395,18.889387,18.990949125597773,19.115616282849146
1427,2.0,468.0,637.0,9.600000000000001,2.8396670222537037,16,42.120000000000005,2.8265213723180618,2.8396670222537037,2.9011004,2.808840382575012,2.8858660751083183
1428,2.0,353.0,605.0,22.825,5.9738479595496905,17,67.98,6.687211703273492,5.306039484064916,6.069824,5.863180902183241,6.174998054782562
1429,3.0,715.0,720.0,12.553333333333333,4.743696760294051,17,51.72,4.70059050587825,4.743696760294051,4.745805,4.848170736750868,4.709225503241974
1430,6.0,383.0,516.0,15.93,13.164360305086355,28,98.02,12.623923523743695,10.57459915026695,11.580351,11.719439628568265,11.963900583769838
1431,1.0,203.0,285.0,3.98,1.782358175361599,8,6.779999999999999,2.164349100005153,1.0837936612249597,1.7066239,1.6340483760943105,1.8238822101176622
1432,4.0,360.0,502.0,8.0175,4.983744079731241,19,43.17,5.614015844880756,4.983744079731241,5.0086493,5.14887917776964,4.743020052508815
1434,0.0,0.0,48.0,0.0,,3,27.86,4.9489502425430905,2.820447678323929,3.5868561,4.096897277105316,3.204647139792893
1437,0.0,0.0,82.0,0.0,,2,6.94,2.763566488847361,2.820447678323929,2.7714396,2.4118315062577813,2.4826809107669083
1438,3.0,433.0,578.0,18.19,7.577235145498928,15,75.31,8.066139580796975,7.577235145498928,7.574965,7.430128460783454,7.630927850787913
1442,3.0,649.0,674.0,11.173333333333332,4.485678603698549,19,36.370000000000005,3.6690798521274828,4.485678603698549,4.4732513,4.30918333532746,4.318268362550391
1443,1.0,36.0,50.0,12.58,8.753694537791127,11,57.94,10.12239040390254,14.140487078009656,12.882537,10.641754689292165,9.847725992346092
1444,11.0,295.0,347.0,11.452727272727273,23.33389425802497,52,133.28,20.880192175016063,23.33389425802497,23.330559,23.137629580961814,23.125617039084744
1446,1.0,92.0,635.0,39.2,2.7930741911626527,6,53.35,5.2236744900640915,2.7930741911626527,2.8135428,2.9572613294470793,2.5526249014519227
1447,0.0,0.0,272.0,0.0,,5,12.96,0.5732510774466073,0.809695980654187,0.7416861,0.6527397256123069,0.5492632476685051
1448,1.0,132.0,251.0,20.52,5.818980992297539,9,22.7,5.923992422192033,5.818980992297539,5.8175526,5.729683001946795,5.632239698484987
1449,4.0,581.0,664.0,15.362499999999999,7.637883217496766,22,83.25999999999999,8.61238972739039,7.637883217496766,7.673968,7.801431723907856,7.505925081106888
1451,2.0,362.0,395.0,12.67,5.47913097200116,13,45.79,6.475161406727874,5.47913097200116,5.531901,5.3742247788597926,5.771303450340412
1455,0.0,0.0,333.0,0.0,,3,14.66,-0.20545041135239472,0.6878891425254019,0.7275301,0.6251445656321366,0.587863833448294
1457,0.0,0.0,467.0,0.0,,5,17.17,-1.8916041748388626,0.6071638539809521,0.25397402,0.3024179888701987,0.2944224657136951
1460,1.0,202.0,262.0,11.23,3.7754249664255943,10,22.4,4.792015895316629,2.8879699542127657,3.8903255,3.8468037500166807,3.8095459186372356
1466,2.0,611.0,662.0,9.38,2.8365463251179874,11,37.97,2.67441748888952,2.9543043582649737,3.1664824,2.824055374281618,2.902760465950591
1467,0.0,0.0,687.0,0.0,,5,14.16,-5.294719010856688,0.31599932901172306,0.15827222,0.09670718814894627,0.2668075868274675
1468,3.0,275.0,540.0,14.36,5.524378389673863,22,62.9,6.480885733126955,5.524378389673863,5.5631533,5.439245716495986,5.487364504226708
1469,0.0,0.0,35.0,0.0,,4,34.22,5.664967323106421,4.276645059846402,4.459022,3.900302513382767,3.9352821133406497
1470,3.0,531.0,633.0,17.543333333333333,6.985936053721794,13,63.81999999999999,6.682592589568123,6.985936053721794,6.972382,7.038884324011825,6.864386167073102
1473,0.0,0.0,355.0,0.0,,2,4.83,-1.329070243868844,0.6878891425254019,0.6165971,0.41313311155422927,0.609014391717067
1475,1.0,16.0,81.0,7.89,4.83554776352983,8,17.95,5.66539879498224,4.83554776352983,4.843755,4.584682799678514,4.741111903097269
1478,1.0,88.0,321.0,10.5,2.373580707365707,5,19.32,2.9680575040566346,2.373580707365707,2.367419,2.2460782540498347,2.371809741771707
1480,0.0,0.0,56.0,0.0,,4,10.15,3.4329953902036117,2.820447678323929,3.4117122,3.0906893590527775,2.980605734628056
1481,3.0,505.0,571.0,7.896666666666666,3.7165383305631354,16,31.639999999999997,3.5844471901399926,3.7165383305631354,3.725773,3.677879150226956,3.7736921760402855
1484,2.0,285.0,557.0,21.134999999999998,5.6807380017980655,13,54.28,5.649135297418886,5.6807380017980655,5.576657,6.004567151879767,5.660292225949528
1485,0.0,0.0,478.0,0.0,,4,14.67,-2.2693453988329004,0.6071638539809521,0.26694018,0.3016736653689489,0.29834002163556317
1487,0.0,0.0,177.0,0.0,,3,14.81,2.0485416037117647,1.0625347642413732,1.415906,1.3555833009342717,1.095803224739961
1490,3.0,135.0,641.0,9.373333333333333,1.3253717410132535,18,45.21,2.1862365009866993,2.773389629848788,2.1486027,1.4365355904280803,1.4077786558651821
1491,10.0,381.0,607.0,16.014,12.88176230122884,48,166.12,20.022310463016726,12.88176230122884,12.903185,13.676213520883298,13.657122793433656
1494,1.0,129.0,216.0,4.51,2.2090135231965813,5,6.1499999999999995,2.776900779806741,2.2090135231965813,2.1805217,2.122071882725617,2.185279547552404
1495,4.0,232.0,312.0,26.972499999999997,22.533317704859265,29,121.69,16.879155897390998,23.247491219437368,20.484285,22.53677767078112,21.630724883687414
1497,3.0,514.0,599.0,9.276666666666667,4.097717391891548,14,44.81,4.4341464899662775,4.097717391891548,4.147592,4.191097483271496,4.11837788380541
1498,0.0,0.0,207.0,0.0,,2,7.66,1.024858019685741,1.0625347642413732,1.0755335,1.038762869581522,0.9715037064813092
1499,1.0,134.0,406.0,5.28,1.2737944944681145,12,22.98,1.6608211785016862,1.2737944944681145,1.283551,1.158626974404383,1.356447751515339
1501,2.0,59.0,235.0,7.09,3.6750654465679506,10,28.15,5.112183243377982,2.72242916970158,4.295697,3.693132998348416,3.520594892072539
1502,0.0,0.0,121.0,0.0,,2,7.68,2.2624160759826344,1.0625347642413732,2.147645,2.1335467790624563,1.895791713294967
1503,1.0,30.0,210.0,2.49,1.316197104689457,4,10.49,2.448874580939904,1.316197104689457,1.323647,1.2712689772350645,1.2657699636820583
1504,0.0,0.0,199.0,0.0,,3,11.03,1.4292497101477055,1.0625347642413732,1.1751142,1.1580800766083796,1.0449415269693052
1507,2.0,374.0,606.0,16.95,4.628990743869418,12,55.23,4.833263082008333,4.628990743869418,4.6266007,4.77573558430256,4.571152075213691
1508,1.0,167.0,288.0,7.67,2.5142457579447273,7,10.11,2.715777457917077,2.5142457579447273,2.5584648,2.5655782031101033,2.4253753006847854
1511,1.0,15.0,218.0,6.16,1.9053187018364777,7,28.7,4.2934833023800945,1.9053187018364777,1.8122193,1.8257926801059596,1.9730536263000715
1512,0.0,0.0,641.0,0.0,,4,16.74,-4.445916924908663,0.31599932901172306,0.1832137,0.11405096218999357,0.2284722611770169
1519,1.0,40.0,322.0,11.34,2.0877125854165453,9,29.48,3.7385173479542257,2.0877125854165453,2.187404,2.1437134899313284,2.0530484923388546
1520,0.0,0.0,358.0,0.0,,4,2.82,-1.495007515832703,0.6878891425254019,0.6098144,0.41313311155422927,0.5268584044415681
1523,1.0,122.0,173.0,4.19,2.502644595309173,6,24.82,4.833956232753023,2.502644595309173,2.4667954,2.5154441171032866,2.6003547784609213
1524,3.0,417.0,584.0,12.713333333333333,5.316320631294726,18,47.379999999999995,4.9595639218384395,5.316320631294726,5.3163505,5.195882465914863,5.475350678272955
1528,4.0,509.0,538.0,9.067499999999999,5.6124412310584155,18,72.92999999999999,8.3048211087606,8.698848732062807,6.161471,5.920266516749046,5.914387416392483
1529,0.0,0.0,516.0,0.0,,3,6.75,-3.4697476393325273,0.5819915427067095,0.2966153,0.2981452036416381,0.22249893003360288
1531,0.0,0.0,171.0,0.0,,5,10.25,1.8074643219956759,1.0625347642413732,1.3521461,1.5660489995100946,1.346870423555524
1532,1.0,380.0,663.0,19.14,2.6103341344581246,9,33.13,1.802843091089847,3.055389152913869,2.9649765,2.7251248385309035,2.544733708996012
1533,12.0,588.0,663.0,16.223333333333333,21.838503741083674,50,206.67000000000002,24.931251121547493,21.838503741083674,21.83664,22.72608595847068,21.929901997801643
1537,0.0,0.0,185.0,0.0,,4,3.54,1.0490092406384721,1.0625347642413732,1.2601664,1.3965483303006638,1.039765372813374
1538,3.0,291.0,510.0,5.286666666666666,2.5505962999643446,18,21.57,2.3305645502784675,2.5505962999643446,2.5332172,2.4098582750874153,2.531802279187735
1539,2.0,445.0,504.0,11.809999999999999,4.261202089462768,12,31.38,4.000913241429737,4.261202089462768,4.2995167,3.8310597250432488,4.258042446843271
1541,0.0,0.0,177.0,0.0,,4,2.04,1.0436969886284966,1.0625347642413732,1.4016656,1.372671037245377,1.095803224739961
1542,2.0,104.0,147.0,37.12,26.485697524771076,9,82.47,15.11040781101541,26.485697524771076,26.50085,23.69012341395466,25.9296701045706
1545,1.0,28.0,487.0,22.52,1.8638373284504317,6,33.1,3.1028373708873747,1.8638373284504317,1.8971279,2.0027171552583094,1.808228275251314
1547,1.0,74.0,127.0,6.84,3.8592473107296223,6,17.560000000000002,5.058620646579275,3.1978365268994313,3.6160083,3.810610505058902,3.7992843529314873
1548,1.0,404.0,680.0,9.74,1.5145135764565794,10,12.6,-1.267353134190559,1.2306842391455537,1.5139126,1.4204941223866743,1.5051219637035151
1549,2.0,284.0,618.0,20.365000000000002,4.774903118078823,12,55.43,4.733487646715135,4.774903118078823,4.802149,4.802243801402763,4.662433090586665
1550,9.0,246.0,322.0,14.52222222222222,24.885037890844202,41,142.36,20.526563559979103,24.885037890844202,24.846855,24.739247795473315,24.29398218205139
1551,5.0,554.0,664.0,8.370000000000001,5.18351830157703,20,51.75,5.661266224962072,5.18351830157703,5.1814203,4.926099732261758,4.984197417055482
1553,5.0,218.0,337.0,19.688,18.266831138547168,28,109.76,15.177921463629083,18.266831138547168,18.27249,18.437893326626085,18.335347730781287
1554,2.0,82.0,281.0,4.92,2.463322736424395,9,24.240000000000002,3.9230159572297287,2.463322736424395,2.4278028,2.2978988828661273,2.3620667877203307
1556,3.0,409.0,622.0,10.09,3.982006270357225,14,42.08,3.508663452781549,2.205499958321651,3.5308723,3.7506472296821527,3.8590659650544406
1559,0.0,0.0,121.0,0.0,,4,8.77,2.3881819528282966,1.0625347642413732,2.1378188,2.1335467790624563,1.895791713294967
1560,0.0,0.0,165.0,0.0,,4,8.82,1.7598427531715566,1.0625347642413732,1.3802513,1.6950412454958932,1.5270496043139596
1561,0.0,0.0,697.0,0.0,,5,11.72,-5.634097801618069,0.32077864027662517,0.15550514,0.09437103233567955,0.2547219658040696
1563,2.0,88.0,134.0,6.29,5.700477049223359,10,24.66,6.307478865231538,3.221369592647509,5.307947,5.98918392735742,5.974908422989712
1564,1.0,2.0,50.0,14.61,9.108885437751361,8,21.33,7.25366345411722,9.108885437751361,9.094636,9.028873575038947,9.139975209192974
1565,0.0,0.0,685.0,0.0,,4,9.83,-5.632377324145009,0.2280781283679771,0.19941454,0.12126543098638094,0.26868919536229097
1567,13.0,652.0,659.0,11.616153846153846,17.46340375964864,61,165.63,22.279484961298603,17.46340375964864,17.467907,17.192136911702285,17.194338088236115
1568,0.0,0.0,209.0,0.0,,3,13.86,1.5124713104473186,1.0625347642413732,0.9922452,1.0216751332704168,0.999436982302961
1571,8.0,258.0,317.0,9.395,15.22136831885287,34,95.23,15.311047281487522,15.22136831885287,15.264552,15.56622765054788,15.80614706682578
1572,0.0,0.0,204.0,0.0,,5,24.63,2.4863325235419844,1.0625347642413732,1.3934642,1.022106052925147,1.0576361189059753
1575,1.0,87.0,323.0,9.22,2.1347525050185667,6,24.770000000000003,3.2123985554255103,2.1347525050185667,2.022652,2.119047494308545,1.9691482850675426
1576,1.0,19.0,359.0,17.37,2.255747451460773,11,37.980000000000004,4.669612877136215,2.255747451460773,2.212688,2.1604176408106026,2.5316164291747993
1577,0.0,0.0,162.0,0.0,,3,34.29,3.8262128613120776,1.0625347642413732,1.2295785,1.7738733121965384,1.6142604086329433
1578,4.0,210.0,299.0,8.7625,7.93160615480784,21,54.379999999999995,8.873431349749989,7.93160615480784,8.021767,7.740426324359475,8.204775295435677
1580,0.0,0.0,581.0,0.0,,3,4.42,-4.590741412857357,0.2280781283679771,0.2742749,0.16413473791797872,0.28300635649647
1582,0.0,0.0,412.0,0.0,,4,13.18,-1.4403052052968066,0.562158674561362,0.42546076,0.3371025257161474,0.45106680859374215
1583,0.0,0.0,125.0,0.0,,5,11.48,2.56718962320513,1.0625347642413732,2.109714,2.1091194056265454,1.895791713294967
1584,1.0,35.0,527.0,26.32,1.9609181193154681,8,27.54,2.682935512791072,1.9609181193154681,1.9535435,2.1194676205245973,2.09303228742019
1586,0.0,0.0,49.0,0.0,,1,2.5,2.8626056904862907,2.820447678323929,3.605502,3.3136419006022977,3.1038646035965094
1587,3.0,271.0,461.0,14.703333333333333,6.901573771315473,18,58.26,7.196666245005518,6.901573771315473,6.939736,6.999462140518656,6.662628272949048
1588,0.0,0.0,261.0,0.0,,5,19.88,1.286251856683438,0.809695980654187,0.7095702,0.7236456942026666,0.5267578995670217
1589,0.0,0.0,51.0,0.0,,2,3.74,2.9524774367198727,2.820447678323929,3.605502,3.3136419006022977,3.1038646035965094
1590,3.0,169.0,328.0,24.429999999999996,13.938814041428657,18,83.87,12.042484264419969,9.475608587196492,11.369952,12.831650829886131,12.598583424823214
1593,11.0,246.0,360.0,11.39,19.22796841212916,44,132.94,20.275519078577517,19.22796841212916,19.23024,18.84754598617147,19.260909993673454
1594,4.0,499.0,659.0,16.0225,7.713221767291529,24,71.88,7.519854776930261,7.713221767291529,7.689334,7.762043422744203,7.685271325882969
1596,1.0,547.0,725.0,13.34,1.9798729424908545,7,16.12,-0.5208557205661091,1.9798729424908545,1.9832299,1.8904467115728194,1.9993642938640717
1598,3.0,287.0,497.0,15.326666666666668,6.69199080520624,19,54.1,6.526368813086405,6.69199080520624,6.7082143,6.739177762135546,6.596790474812415
1599,2.0,284.0,336.0,13.9,6.588841014240065,9,30.29,5.8113507313215305,6.588841014240065,6.546906,6.398111925581182,6.244639692131277
1601,0.0,0.0,283.0,0.0,,5,17.1,0.7471497906451843,0.809695980654187,0.7471379,0.6735739012947658,0.5490987965012444
1602,1.0,34.0,651.0,14.45,0.8069735020286165,9,19.799999999999997,-1.3603075009483474,0.6454127736540911,0.97583234,0.9006507829224386,0.6883418378371511
1603,2.0,8.0,493.0,4.585,0.46699915530887803,6,16.22,-0.21604968718363526,0.46699915530887803,0.45931387,0.6710050796199986,0.44498459850781735
1605,0.0,0.0,433.0,0.0,,4,18.9,-1.2834221762058728,0.6071638539809521,0.29994476,0.32687679887138144,0.39072387579084733
1606,2.0,181.0,311.0,16.43,7.494573050033617,14,54.58,8.087004061126382,7.494573050033617,7.650399,7.900081895747709,7.948216702356277
1607,6.0,468.0,506.0,12.641666666666666,11.366995744315648,30,95.24,12.520780256275053,11.366995744315648,11.439998,11.433493788419314,11.705675241207471
1610,6.0,490.0,506.0,12.895000000000001,11.659685084484517,31,84.93,11.851069881727856,11.659685084484517,11.645677,11.473956659379697,11.374379333818819
1611,1.0,56.0,545.0,12.84,1.1524937895425442,7,22.8,0.24335364739617082,0.7467147296171331,1.0462178,1.0799499534625479,1.1232655486907923
1612,8.0,248.0,346.0,17.61875,24.947427445986406,43,156.66,21.0929635920587,27.96459257268787,25.504372,26.074749991726566,25.530016414288433
1614,6.0,188.0,318.0,15.848333333333334,17.115368444803426,30,117.71000000000001,16.1664780998372,17.115368444803426,17.118912,16.768171318179448,17.2247051601571
1615,0.0,0.0,266.0,0.0,,4,8.18,0.2569935864110402,0.809695980654187,0.8182547,0.7352738479423097,0.4961188281186075
1616,1.0,10.0,360.0,4.14,0.776033269147671,8,9.1,0.39522877897295317,0.776033269147671,0.7798204,0.702195085295829,0.8367459791489011
1617,1.0,99.0,456.0,11.55,1.6870848757677122,8,16.77,1.0786239198285985,1.6870848757677122,1.6543099,1.6317552313285921,1.5520087008386847
1620,0.0,0.0,161.0,0.0,,4,7.95,1.7475638478634723,1.0625347642413732,1.3843416,1.6950412454958932,1.574107238971636
1622,3.0,534.0,558.0,11.146666666666667,5.206836715385611,16,45.03,5.4333358944928385,4.957861576746136,5.0048923,4.992579597546159,5.245763683203636
1624,2.0,344.0,601.0,5.205,1.6899406170464988,9,33.93,1.3621146615239175,1.6899406170464988,1.7051098,1.7193296814057004,1.724286058488576
1625,0.0,0.0,70.0,0.0,,3,5.09,2.806853524263987,2.820447678323929,2.889003,2.309699600145311,2.8405736797263055
1626,3.0,345.0,362.0,8.33,5.557867918221709,15,27.91,5.584450803673386,5.557867918221709,5.565938,5.318191078142708,5.558373851386444
1628,0.0,0.0,645.0,0.0,,4,2.27,-5.663749973846435,0.2280781283679771,0.18059479,0.13282747651954227,0.24101865101757447
1631,0.0,0.0,608.0,0.0,,4,8.46,-4.635627178547559,0.2280781283679771,0.22894353,0.13517018553666052,0.27765276760187785
1633,4.0,631.0,687.0,16.595,8.060816009720515,21,77.22,8.183221205683726,8.060816009720515,8.0727005,8.079617948519399,8.17451375030176
1634,3.0,642.0,729.0,14.32,5.196644014946645,16,51.54,4.443692761488382,5.196644014946645,5.1832952,5.239508742435702,5.090637222465251
1636,7.0,192.0,256.0,8.68142857142857,14.21202581557084,30,69.0,12.885663987976631,14.21202581557084,14.187307,14.098183513527708,14.027157914767233
1638,0.0,0.0,457.0,0.0,,3,8.85,-2.4534268930976815,0.562158674561362,0.34385848,0.34396453518248676,0.2834388774574643
1639,0.0,0.0,94.0,0.0,,1,8.49,2.696222505172993,2.32659064545856,2.630097,2.3337251846506284,2.210230292647636
1641,4.0,310.0,315.0,13.08,11.729863927988085,15,66.94,10.603692201413514,11.729863927988085,11.734928,11.601452974507128,11.672311375308905
1642,0.0,0.0,415.0,0.0,,3,10.3,-1.733546074471917,0.562158674561362,0.43167996,0.34634468091155396,0.42403692470237075
1643,2.0,287.0,429.0,6.195,2.6636349463081097,13,32.45,3.664408933728778,2.6636349463081097,2.6677046,2.7987719788568954,2.6824164883034243
1646,2.0,52.0,110.0,7.16,6.728256818953847,9,39.75,7.79678285329305,6.728256818953847,6.73664,6.908607252195303,7.020768810087196
1647,0.0,0.0,401.0,0.0,,4,4.86,-1.9493973975532493,0.562158674561362,0.4401238,0.34582933030119656,0.4642855761664135
1648,2.0,28.0,675.0,16.375,0.7831554532216363,14,42.21,1.1429828878802182,0.7831554532216363,0.8503438,0.7653606696084484,0.6213380537140676
1650,0.0,0.0,453.0,0.0,,2,8.25,-2.4632340273950657,0.562158674561362,0.34399438,0.34396453518248676,0.37370785165562026
1654,0.0,0.0,85.0,0.0,,5,11.62,3.1532786454524064,2.820447678323929,2.7568913,2.404360999731452,2.4826809107669083
1655,0.0,0.0,643.0,0.0,,4,23.04,-3.969464133815773,0.31599932901172306,0.15407981,0.11842722643340718,0.22865350649566452
1656,0.0,0.0,389.0,0.0,,4,13.32,-1.0985327227668362,0.6878891425254019,0.4316054,0.38282429679205277,0.46391668336844294
1658,0.0,0.0,186.0,0.0,,2,8.22,1.3715671074568658,1.0625347642413732,1.2700291,1.3965483303006638,1.039765372813374
1659,3.0,183.0,530.0,10.229999999999999,3.1491824611173067,14,37.41,3.422460380552949,3.1491824611173067,3.1941614,3.311768251856558,3.500217268609792
1660,3.0,122.0,311.0,9.163333333333332,5.281812265549999,16,42.269999999999996,6.564859633601908,5.281812265549999,5.192112,5.339510352856281,5.389117483401422
1662,0.0,0.0,273.0,0.0,,5,13.49,0.6013801248754422,0.809695980654187,0.7416861,0.6527397256123069,0.5492632476685051
1663,1.0,16.0,113.0,15.79,6.718502961884374,8,30.18,7.287717043284466,6.718502961884374,6.7439857,6.513959799360208,6.9819204973304165
1665,2.0,533.0,606.0,8.620000000000001,2.8145963063171817,10,21.78,1.6922365122992857,2.8145963063171817,2.7701168,2.6826259089855684,2.7298234298194304
1666,0.0,0.0,371.0,0.0,,4,8.32,-1.2407937595187146,0.6878891425254019,0.4597985,0.41313311155422927,0.487241120806857
1669,1.0,324.0,444.0,23.14,4.612293348472383,11,39.78,5.818526565265399,4.612293348472383,4.6468496,4.822180537597218,4.802379093760942
1674,0.0,0.0,134.0,0.0,,4,14.12,2.6303672350134146,1.0625347642413732,1.7560813,1.7627633181018754,1.8593429445554133
1675,0.0,0.0,559.0,0.0,,4,6.08,-4.122272471226739,0.2280781283679771,0.272734,0.17792844139313221,0.2808000612159196
1676,6.0,271.0,524.0,9.958333333333334,5.99343264268258,29,76.05,9.411689414320016,5.99343264268258,6.0944324,6.201139411326568,6.592877195448811
1681,3.0,610.0,719.0,19.606666666666666,6.998187363260312,22,88.45,8.250247939792402,6.806584507939743,7.20101,7.520971038379639,7.554109694967027
1682,3.0,515.0,667.0,23.373333333333335,8.60714483303613,18,81.78,8.46835703789192,6.806584507939743,9.078098,8.613202629553765,8.476973970424021
1683,0.0,0.0,471.0,0.0,,2,16.7,-2.0443180856791585,0.6071638539809521,0.26263583,0.30988849539652813,0.2947035211985085
1684,1.0,478.0,499.0,3.76,1.2340649705387525,7,24.060000000000002,1.7064780780347117,1.2340649705387525,1.2293836,1.3689979535280412,1.253837203127886
1686,0.0,0.0,276.0,0.0,,4,14.36,0.6088511089221016,0.809695980654187,0.76148427,0.6602102321386363,0.5495947177878655
1690,3.0,269.0,332.0,7.62,5.334276555558372,14,28.6,5.598507262668528,5.334276555558372,5.3836813,5.311311284707294,5.138153934891136
1692,1.0,487.0,605.0,2.16,0.7900370186672799,10,8.879999999999999,-1.157786073392864,0.7900370186672799,0.7911257,0.8587722615751828,0.8840732934941125
1693,10.0,277.0,323.0,14.081,27.569350319594708,47,148.75,21.937481649544388,30.45633635662393,29.175316,27.72610746914983,26.394411499053813
1696,5.0,542.0,636.0,5.816,3.878451343382819,15,33.84,4.1195380347852915,3.5504525519121906,3.078955,3.65312539269287,4.003237250363796
1701,0.0,0.0,192.0,0.0,,2,3.15,0.8787753149419828,1.0625347642413732,1.2740949,1.3965483303006638,1.0667096011204116
1702,0.0,0.0,160.0,0.0,,4,10.21,1.9431644192316342,1.0625347642413732,1.3692517,1.6950412454958932,1.574107238971636
1706,3.0,168.0,509.0,13.746666666666664,4.152803296374929,19,45.959999999999994,4.92619054147487,4.152803296374929,4.146094,4.233581060607049,4.305927288010726
1718,3.0,604.0,663.0,20.043333333333333,7.744709473605729,18,67.8,7.355334447443581,7.499354589289158,7.1414595,7.220109709710129,7.371549847257731
1719,0.0,0.0,105.0,0.0,,4,5.92,2.3895859229372167,2.32659064545856,2.5511355,2.2575289066745703,2.17239982463805
1720,16.0,567.0,613.0,13.6725,26.145745715592895,74,228.99,30.30572258502645,26.145745715592895,26.160345,24.632975832529063,26.19546678498232
1721,2.0,430.0,462.0,7.58,3.163731644365967,12,29.86,3.8229296617375095,3.163731644365967,3.2068813,3.214781599788658,3.1087689416040343
1722,1.0,26.0,291.0,3.71,1.0768599283388003,7,17.59,2.0631227402259027,1.0768599283388003,1.0889212,1.1131459036731954,1.0357545157655244
1726,1.0,124.0,177.0,4.05,2.422522827634316,6,22.68,4.594666044085293,2.422522827634316,2.4106941,2.401621314824348,2.2862714818562195
1728,0.0,0.0,447.0,0.0,,1,3.08,-2.810765551165697,0.562158674561362,0.34970284,0.34396453518248676,0.4324471540163728
1729,0.0,0.0,417.0,0.0,,4,22.88,-0.7343216840957014,0.6489445261916096,0.55948824,0.3591216009643125,0.42468499038302365
1730,0.0,0.0,652.0,0.0,,6,6.52,-5.385185170138118,0.2280781283679771,0.10852979,0.12694617900210717,0.22257286887660133
1731,0.0,0.0,274.0,0.0,,5,7.7,0.12270946234118796,0.809695980654187,0.76916057,0.6698274619234122,0.5495947177878655
1736,0.0,0.0,588.0,0.0,,3,23.73,-3.142876771452946,0.31599932901172306,0.221649,0.11489068837026756,0.26457709534821916
1737,0.0,0.0,246.0,0.0,,3,4.86,0.25901509980093085,1.0625347642413732,0.997097,0.9387779986706868,0.7681886392314219
1738,1.0,203.0,380.0,11.62,2.701032546030319,10,42.36,4.755798974599612,2.701032546030319,2.6506567,2.4197011068755043,2.6101080102894865
1740,0.0,0.0,43.0,0.0,,1,5.01,3.1501115245351117,4.276645059846402,4.7285166,3.3136419006022977,3.1038646035965094
1741,0.0,0.0,706.0,0.0,,3,4.75,-6.360723914754041,0.2280781283679771,0.20587306,0.10184153886200893,0.2523099872633443
1742,0.0,0.0,97.0,0.0,,2,4.93,2.386811518122868,2.32659064545856,2.6259696,2.3337251846506284,2.210230292647636
1743,2.0,255.0,670.0,19.1,3.7678158380633873,12,40.18,2.451720918478756,3.7678158380633873,3.7370791,3.496251179417603,3.613773718084955
1744,7.0,402.0,544.0,12.665714285714285,11.493828110142676,31,100.08,12.792499212992368,11.493828110142676,11.515142,11.56285200993572,11.487461869164292
1745,5.0,281.0,349.0,10.462,10.410385993698991,29,65.0,10.442629019740835,6.1216488483651625,10.41783,10.835482038278593,10.960862440463998
1747,0.0,0.0,368.0,0.0,,4,14.35,-0.7141344160585836,0.6878891425254019,0.67221344,0.396045375243124,0.4780980565278412
1748,2.0,434.0,713.0,13.940000000000001,3.3643513654688175,11,54.38,3.068153944036437,4.21827866173361,2.9270296,3.5649182445291556,3.3487779402346685
1750,1.0,470.0,644.0,6.24,1.2524383505768153,8,11.34,-1.069739485360408,1.2524383505768153,1.2250141,1.1850611607630557,1.2591937471112518
1753,7.0,305.0,345.0,10.438571428571427,14.332414454219135,30,82.32,13.446429776225099,14.332414454219135,14.332667,14.449887523790723,14.249552295538567
1754,2.0,268.0,334.0,14.35,6.746037283976608,12,49.120000000000005,7.395771238973166,6.746037283976608,6.7089977,6.683953944906514,6.877362727258442
1755,0.0,0.0,225.0,0.0,,4,22.72,2.0121876861897556,1.0625347642413732,0.99502474,1.052682787850191,0.8117633050408104
1758,3.0,620.0,703.0,13.266666666666667,4.99325747423099,15,42.260000000000005,3.8046020566291348,4.99325747423099,4.9256835,4.7672786116985355,5.026532176490347
1759,0.0,0.0,209.0,0.0,,4,6.34,0.9286232898745288,1.0625347642413732,0.994399,1.038762869581522,0.999436982302961
1763,2.0,154.0,291.0,25.814999999999998,11.656471933568287,12,70.59,10.802602582514798,11.656471933568287,11.686536,11.706522805024232,11.81202387873337
1765,0.0,0.0,91.0,0.0,,4,21.47,3.8377395972012724,2.820447678323929,2.5354252,2.3329304419473966,2.20112413860034
1767,0.0,0.0,230.0,0.0,,2,8.22,0.739218416423836,1.0625347642413732,0.90062916,1.046177276085085,0.810572066407202
1769,3.0,241.0,316.0,12.469999999999999,8.474523814085547,16,39.68,7.301031379627052,8.474523814085547,8.409367,8.25805612066226,8.013669491405679
1770,7.0,275.0,339.0,17.617142857142856,23.59605774397729,36,125.41,17.964179940716452,23.59605774397729,23.628391,23.090058403724942,22.88499400889406
1771,0.0,0.0,361.0,0.0,,3,4.05,-1.458668193876755,0.6878891425254019,0.6181258,0.41313311155422927,0.5020504341851026
1773,5.0,634.0,646.0,15.828,9.950486820400045,22,84.18,9.97162064656388,9.950486820400045,9.886698,9.61163796254468,9.282968342306198
1774,0.0,0.0,665.0,0.0,,2,11.6,-5.241369071070035,0.32077864027662517,0.20774111,0.14205424262097896,0.2564254214019295
1777,0.0,0.0,60.0,0.0,,3,9.6,3.312225258003785,2.820447678323929,3.425747,3.0906893590527775,2.980605734628056
1780,2.0,434.0,624.0,11.92,3.426840871027492,13,45.6,3.3998692218904987,3.426840871027492,3.380002,3.2911765161166615,3.5779436909751685
1781,0.0,0.0,192.0,0.0,,5,33.84,3.3973395689727517,1.0625347642413732,1.4117597,1.4815837760295596,1.1143707827750164
1782,2.0,33.0,55.0,15.21,16.978902597576838,14,36.61,9.465159111416622,10.847726176595563,15.285265,15.370901530847744,16.492803450495895
1783,1.0,332.0,630.0,9.7,1.541581040089543,4,25.369999999999997,0.01899207730454444,1.704895147871989,1.3531536,1.461280225942332,1.5267173008135986
1785,5.0,157.0,362.0,11.322,7.701905073776574,19,77.50999999999999,10.609104536489356,7.701905073776574,7.734843,7.534338998469046,7.57281670978516
1787,12.0,272.0,331.0,11.025833333333333,24.864875569165637,55,138.57999999999998,22.140777042127734,24.615784085975665,21.556555,24.09494081603199,24.38072212256177
1788,3.0,147.0,240.0,9.946666666666667,7.967557530594377,18,44.0,7.988075764757633,7.967557530594377,7.9920244,7.9000666193616125,8.006179834799873
1791,2.0,128.0,513.0,17.2,3.524789907093151,13,48.62,4.5471569150071485,3.524789907093151,3.6062088,3.6593181831438013,3.6886110666739995
1792,2.0,164.0,279.0,9.57,5.057253072168237,14,38.8,6.245778183842026,5.057253072168237,4.964453,5.283026047219112,5.274689582990373
1793,0.0,0.0,576.0,0.0,,3,21.28,-3.1668831149730705,0.31599932901172306,0.182436,0.13239281913932638,0.23301591996480475
1794,2.0,379.0,663.0,17.14,4.212764323682393,12,39.489999999999995,2.801693417957303,4.212764323682393,4.2314305,4.147218990473007,3.979699178577107
1795,1.0,177.0,375.0,14.95,3.20864878527826,10,50.08,5.789829834475137,3.20864878527826,3.2416923,3.2694830538533477,3.248735168098941
1796,0.0,0.0,217.0,0.0,,2,2.37,0.456938220475815,1.0625347642413732,0.9742742,1.038762869581522,0.9604590770385109
1798,5.0,437.0,492.0,11.142,8.717225056747179,25,76.41,10.047694903474078,8.717225056747179,8.563307,8.539251746875268,8.694883355863176
1799,1.0,79.0,331.0,14.82,2.9097988138930515,9,33.870000000000005,4.628203370878328,2.6333666731111562,3.2107284,3.30242625867412,2.919778449626379
1802,2.0,173.0,532.0,11.92,2.8448025942046713,12,28.95,2.151152217912222,3.118252714240415,2.7007284,2.7516094940692413,2.9219284639300995
1805,2.0,258.0,324.0,12.57,6.1216488483651625,16,64.38,8.545106974087549,6.1216488483651625,6.18361,6.467855073940059,6.597531706442174
1807,0.0,0.0,452.0,0.0,,5,2.28,-2.8700572893004814,0.562158674561362,0.34864008,0.33649402865615735,0.4385898620999704
1808,0.0,0.0,689.0,0.0,,4,13.62,-5.385944122461573,0.31599932901172306,0.16149874,0.09986471776901744,0.2649854518009258
1810,0.0,0.0,580.0,0.0,,2,0.9,-4.877817527009618,0.2280781283679771,0.2742749,0.16413473791797872,0.28300635649647
1811,1.0,68.0,221.0,14.0,4.153326810305841,10,36.54,6.276757232743883,7.173110161086512,4.786197,4.489422430049293,4.65002276709416
1812,6.0,296.0,322.0,15.69,19.46999506237382,26,98.63,14.983580160882369,20.103884530804784,16.62343,17.819272793191303,17.51902410989085
1813,2.0,147.0,562.0,13.085,2.5561180079561705,17,33.84,2.249275533478654,2.5561180079561705,2.5523434,2.5249215629394484,2.613009395406788
1814,0.0,0.0,66.0,0.0,,3,3.76,2.757687298294032,2.820447678323929,2.889003,2.309699600145311,2.8405736797263055
1815,0.0,0.0,224.0,0.0,,6,3.42,0.5172545409440872,1.0625347642413732,0.8350997,1.0363896864057989,0.8782423180957322
1820,2.0,361.0,638.0,8.129999999999999,2.2699374982903255,13,31.11,1.1680179936070978,2.2699374982903255,2.230563,2.3435749273785533,2.1526254471533894
1821,0.0,0.0,653.0,0.0,,5,21.28,-4.23513435943834,0.31599932901172306,0.05011589,0.10677722014558716,0.1725824323449361
1822,0.0,0.0,493.0,0.0,,4,1.46,-3.5442264378464143,0.4105308468223392,0.3884769,0.2981452036416381,0.22618741278547283
1823,2.0,272.0,331.0,8.555,4.3647736489797655,14,24.12,4.683154572841441,4.3647736489797655,4.3181515,4.159116927541584,4.201365104715091
1825,2.0,198.0,423.0,16.955,5.679057410633961,13,57.41,6.8375865746405,5.239077238536035,5.772671,6.057330950920332,5.735692040003026
1826,0.0,0.0,286.0,0.0,,2,9.29,0.020214106925318553,0.809695980654187,0.7846554,0.6981321441322006,0.5494368529903095
1829,0.0,0.0,288.0,0.0,,4,22.92,1.1228172986248963,0.809695980654187,0.8325784,0.7019213360812481,0.5948639870572654
1832,0.0,0.0,404.0,0.0,,3,8.56,-1.714989201608561,0.562158674561362,0.44814134,0.34582933030119656,0.4269523790238523
1836,3.0,300.0,329.0,5.25,3.993480339395231,13,22.22,4.924881073620526,3.993480339395231,3.9943514,4.0377780518601085,3.990718944562847
1838,0.0,0.0,584.0,0.0,,3,4.69,-4.612204842904916,0.2280781283679771,0.25735417,0.13682775383752543,0.2837005949514628
1839,0.0,0.0,554.0,0.0,,4,26.64,-2.4017118114969715,0.31599932901172306,0.25155914,0.08672876376474958,0.27342954708827616
1841,1.0,275.0,369.0,3.94,1.4916613307197264,6,10.66,1.5599412831767774,1.4916613307197264,1.4597816,1.427305499463288,1.5511699642415682
1843,2.0,48.0,237.0,11.825,5.330391995744919,14,53.75,7.8219397952507554,5.330391995744919,5.226767,5.275291692799802,5.326500491865083
1844,1.0,17.0,162.0,17.93,5.681214418579364,7,38.03,7.496859748313569,5.681214418579364,5.6409903,5.436711905814357,5.958101787889272
1845,3.0,89.0,162.0,10.826666666666666,10.778963962627511,20,70.86,11.153665728363087,10.778963962627511,10.785517,10.842893621486324,10.837747942477215
1848,0.0,0.0,120.0,0.0,,3,10.21,2.4988473832040308,1.0625347642413732,2.154234,2.1335467790624563,1.9387729350693883
1849,0.0,0.0,334.0,0.0,,5,14.53,-0.19188768524805688,0.7496644682170794,0.7054176,0.6176740591058072,0.5943921778555534
1850,8.0,600.0,636.0,11.97875,11.709894364459391,37,101.23,13.21955933462932,11.709894364459391,11.7286415,11.928024861344982,11.375705489815228
1852,0.0,0.0,222.0,0.0,,3,1.53,0.3369004419761974,1.0625347642413732,0.9742742,1.038762869581522,0.8782423180957322
1853,6.0,320.0,359.0,12.193333333333333,14.100501959021699,25,81.7,12.699371132887261,14.100501959021699,14.123698,14.177305353618781,13.824608838814886
1856,0.0,0.0,246.0,0.0,,5,19.58,1.47776832582332,1.0625347642413732,0.89074713,0.914219755833252,0.7690555382757935
1861,1.0,9.0,27.0,23.1,16.17032668565338,7,38.83,10.184729459167405,16.17032668565338,16.16823,15.39282607119315,15.681639939662452
1862,1.0,102.0,247.0,7.81,2.6262870417371214,9,27.09,4.421538875524279,3.567946014204721,2.8248942,2.998232060254498,2.6296488961855427
1864,0.0,0.0,248.0,0.0,,4,15.29,1.0858313609966652,1.0625347642413732,1.0069498,0.9216902623595814,0.7051734104388494
1865,2.0,94.0,659.0,12.285,1.2752481893059602,9,35.74,0.49557494044558537,1.5076584640891633,1.6165009,1.3629252718326406,1.3845498277756096
1866,0.0,0.0,53.0,0.0,,4,10.62,3.5137992926202646,2.820447678323929,3.578587,3.3136419006022977,3.1038646035965094
1869,1.0,647.0,676.0,19.43,3.055389152913869,8,27.65,2.442354805982057,3.055389152913869,3.0977361,2.9454532798489184,3.0262983311703406
1871,8.0,287.0,326.0,12.73875,20.360771596290583,40,117.98,17.722486759750627,20.360771596290583,20.407387,20.380960980790135,20.426192145376756
1872,1.0,428.0,628.0,2.81,0.811313794938237,7,9.540000000000001,-1.677324429276701,0.811313794938237,0.82504153,0.7680072055912425,0.8187815623162171
1874,3.0,368.0,472.0,9.416666666666666,4.914610967853752,16,35.949999999999996,4.926203759238561,4.914610967853752,4.922594,4.938561338481433,4.709075720644495
1877,0.0,0.0,203.0,0.0,,4,7.22,1.0854197050562875,1.0625347642413732,1.2047616,1.0641091294534575,1.0312800720370294
1882,1.0,206.0,352.0,10.08,2.6419706637947744,9,16.62,2.874200322853347,2.6419706637947744,2.5825155,2.4467952684904364,2.6555502695464943
1883,0.0,0.0,322.0,0.0,,3,10.66,-0.3681225486973587,0.6878891425254019,0.6512276,0.6674954636973313,0.5451022219720301
1887,0.0,0.0,106.0,0.0,,3,11.91,2.8363719462356825,2.32659064545856,2.5489817,2.2404411703634657,2.17239982463805
1890,0.0,0.0,419.0,0.0,,5,23.94,-0.6588841068167648,0.6489445261916096,0.542977,0.3516510944379831,0.4020000449908121
1891,0.0,0.0,336.0,0.0,,6,36.77,1.5819704390274394,1.4953664546059355,0.890176,1.1062957253346988,0.8635830730941416
1893,1.0,169.0,329.0,27.19,6.059885204206901,5,42.84,7.443767782571573,6.059885204206901,6.0684524,6.067284429020318,5.8948639041301085
1894,0.0,0.0,93.0,0.0,,5,10.01,2.9092005338571267,2.32659064545856,2.592949,2.404360999731452,2.210230292647636
1896,1.0,370.0,483.0,4.02,1.2380589104422846,3,8.149999999999999,0.1167320760934043,1.2380589104422846,1.2626641,1.2710971534862237,1.2131261988516515
1897,2.0,535.0,688.0,10.235,2.853568806042506,10,33.19,1.663234059041467,2.853568806042506,2.9174922,2.8807900408377756,2.8626987827453796
1898,0.0,0.0,619.0,0.0,,3,18.47,-4.010193660193772,0.31599932901172306,0.2106088,0.11185708784366963,0.23661946242090615
1899,0.0,0.0,501.0,0.0,,6,22.56,-1.928834601488119,0.4105308468223392,0.16275328,0.27391897538988874,0.12976256721685075
1900,1.0,26.0,740.0,6.32,0.32569587800301203,6,20.32,-3.8260606048862833,0.32569587800301203,0.3092414,0.3253870246952506,0.3830867039447998
1901,0.0,0.0,173.0,0.0,,3,18.58,2.408343498123417,1.0625347642413732,1.3800982,1.3680707361255533,1.272637088606813
1904,1.0,292.0,338.0,3.4,1.5266560149655715,5,8.38,1.8073954739246636,1.5266560149655715,1.5149019,1.5183259806956515,1.6045222983699503
1906,1.0,21.0,733.0,11.5,0.48634707499642027,9,29.42,-2.2392589656576485,0.48634707499642027,0.5034521,0.5194434319603325,0.3914529395678503
1910,1.0,14.0,124.0,17.33,6.751075961098707,7,26.79,7.044004745496256,6.976014120724358,7.4344926,6.53953111963431,6.638531609310582
1913,0.0,0.0,374.0,0.0,,3,3.35,-1.7016313682227588,0.6878891425254019,0.45509225,0.3999120331031581,0.49758437532578625
1915,0.0,0.0,550.0,0.0,,6,18.56,-2.9538004084235796,0.31599932901172306,0.20991549,0.17159189185043838,0.22849985727617206
1916,0.0,0.0,517.0,0.0,,3,7.25,-3.4440242867294666,0.5819915427067095,0.3065167,0.2981452036416381,0.22249893003360288
1917,1.0,418.0,537.0,32.54,5.4714585205626545,8,50.86,7.06171409526244,5.4714585205626545,5.4770136,5.42859850984014,5.324116375123503
1918,0.0,0.0,732.0,0.0,,5,13.41,-6.001581633693914,0.31599932901172306,0.22363648,0.07444331817720531,0.21679639999677747
1920,0.0,0.0,463.0,0.0,,5,16.62,-1.8782223353386884,0.6071638539809521,0.2623018,0.3024179888701987,0.2944224657136951
1921,0.0,0.0,48.0,0.0,,5,19.26,4.297676690663699,2.820447678323929,3.6089497,3.3283466662533647,3.105826971129498
1922,0.0,0.0,454.0,0.0,,3,13.77,-2.0157782581911947,0.562158674561362,0.32700622,0.32687679887138144,0.37370785165562026
1925,0.0,0.0,462.0,0.0,,1,3.52,-2.991055444451967,0.562158674561362,0.3407213,0.32697623170763346,0.2944224657136951
1926,0.0,0.0,269.0,0.0,,4,27.43,1.7575330828032687,1.5700575856160297,1.046046,0.7763848527155037,0.5344167755522138
1928,1.0,87.0,428.0,20.63,2.827433850969424,9,23.82,3.275624045338772,2.615960355712342,2.7388692,3.058993039875629,2.6886790456216363
1929,0.0,0.0,171.0,0.0,,3,8.7,1.6448111244881432,1.0625347642413732,1.3832861,1.573519506036424,1.346870423555524
1930,6.0,209.0,264.0,12.823333333333332,17.869904913193544,26,84.24000000000001,13.857983351881959,17.869904913193544,17.843718,17.995812286484853,17.65884004634982
1931,1.0,157.0,692.0,19.66,1.681841233126348,7,30.27,0.15143209620958364,2.2524903174720956,2.0060027,1.8003282409022632,1.5160475288636368
1932,1.0,542.0,593.0,13.0,2.4174928137971046,8,31.71,2.574817735953224,2.677142591038212,2.5210793,2.5045774861599903,2.526811460990767
1934,0.0,0.0,593.0,0.0,,1,3.32,-4.889767921896376,0.2280781283679771,0.15422377,0.13517018553666052,0.2878715958081681
1935,0.0,0.0,44.0,0.0,,4,26.22,4.894104652461403,4.276645059846402,3.6678383,4.155747715990714,3.1973193736815535
1936,1.0,51.0,220.0,1.91,1.2269756284543853,9,11.99,2.5383566649626914,1.2269756284543853,1.2345526,1.2642379667516943,1.4081463943689227
1938,1.0,36.0,672.0,6.53,0.43151231864503925,9,12.72,-3.324807149837649,0.3987682775785205,0.47567448,0.5078291447191206,0.46843297605817913
1939,1.0,62.0,328.0,2.22,0.8658558182871983,9,9.6,0.8890699299837888,0.7663344441815527,0.890934,0.9178009196781777,0.9011328779491192
1940,2.0,650.0,727.0,15.040000000000001,3.9360674302470424,11,40.93,2.9485791677047546,3.9360674302470424,3.9405937,3.823976639119999,3.86873265633864
1941,1.0,290.0,474.0,12.95,2.5687478230902108,10,25.1,2.611756127399983,2.5687478230902108,2.6458569,2.631839408231986,2.5439697886080954
1942,12.0,268.0,325.0,9.008333333333333,20.7331282174412,56,111.78,19.79715653532235,18.866394534816216,16.771442,21.749377046966714,20.02185107373942
1946,0.0,0.0,148.0,0.0,,3,7.48,1.8775254415830176,1.0625347642413732,1.7608491,1.7872037636271483,1.6438978537672284
1947,2.0,32.0,344.0,9.14,2.2481810328411953,11,34.81,4.258904527527131,2.2481810328411953,2.3621588,2.216583794917566,2.3409276417791265
1948,3.0,134.0,297.0,9.333333333333334,5.903064802694184,17,53.980000000000004,7.803900546118201,5.903064802694184,5.935859,5.885406417262958,6.376959003821629
1950,1.0,24.0,652.0,7.47,0.45666212110079374,11,30.73,-1.4796690207782115,0.45666212110079374,0.39155126,0.3908425576924646,0.4466978087149638
1952,0.0,0.0,247.0,0.0,,3,4.86,0.24464353864108945,1.0625347642413732,0.997097,0.9387779986706868,0.7051734104388494
1953,0.0,0.0,731.0,0.0,,3,1.43,-6.986243171135755,0.2280781283679771,0.26098287,0.1037549154884309,0.21679639999677747
1954,0.0,0.0,625.0,0.0,,5,8.66,-4.844726270338438,0.2280781283679771,0.19369319,0.12147431762844554,0.26044743828896433
1956,0.0,0.0,98.0,0.0,,6,9.88,2.8460975329008313,2.32659064545856,2.5084896,2.331684192018923,2.17239982463805
1957,2.0,357.0,567.0,13.11,3.9143237175066643,15,36.97,3.3723804377952287,3.9143237175066643,3.9707272,3.910188647872264,4.076692435947504
1958,1.0,97.0,293.0,13.57,3.2877663022767294,9,21.59,4.099206481681305,2.459415990839663,3.0660212,3.4165554710302235,3.3737210037219456
1959,1.0,54.0,278.0,3.74,1.2932756002983081,9,18.78,2.5184329951534856,1.0768599283388003,1.3656932,1.2192306980180163,1.1654833871142216
1961,0.0,0.0,76.0,0.0,,4,1.98,2.4904132761209494,2.820447678323929,2.7646868,2.309699600145311,2.4826809107669083
1962,0.0,0.0,223.0,0.0,,2,7.49,0.7812807704488889,1.0625347642413732,0.9851924,1.0488935959011434,0.8782423180957322
1965,9.0,650.0,705.0,16.38111111111111,16.188755458360138,42,164.59,18.966342590844512,15.190755420195991,15.837325,15.534713108299805,16.44817376713283
1966,0.0,0.0,51.0,0.0,,4,5.62,3.141593277310921,2.820447678323929,3.599766,3.3136419006022977,3.1038646035965094
1972,5.0,273.0,340.0,12.236,12.284446181615237,25,86.68,12.443827877839873,12.284446181615237,12.336471,12.389694621061338,12.947614443575258
1973,0.0,0.0,170.0,0.0,,3,14.26,2.105038126691463,1.0625347642413732,1.3876637,1.5564317697253187,1.4169217139768397
1974,2.0,143.0,630.0,7.375,1.2452386048542787,7,22.28,-0.6615622551896507,1.2452386048542787,1.3057275,1.2493598348695572,1.2915034669516592
1975,1.0,3.0,111.0,18.68,7.4466224056720645,7,24.18,7.158495650449673,7.4466224056720645,7.414363,7.568878392095915,7.446512386644976
1976,0.0,0.0,205.0,0.0,,4,19.24,2.020558309596785,1.0625347642413732,1.0118291,1.0470213931423522,0.9723706055256782
1977,3.0,591.0,652.0,12.25,4.96305036603807,16,43.83,4.405703299473084,4.96305036603807,4.981284,5.115661580666881,4.934813218481666
1978,0.0,0.0,359.0,0.0,,5,7.33,-1.1285434724298957,0.7496644682170794,0.6072411,0.40566260502789986,0.5268584044415681
1979,7.0,598.0,647.0,13.234285714285715,11.217900075284927,29,102.62,12.470412455274495,11.217900075284927,11.223599,11.162262159980152,11.291825245283677
1980,0.0,0.0,306.0,0.0,,3,9.24,-0.25204712522653727,1.0228150522731139,0.75140685,0.7007294005314063,0.5378887811290465
1983,1.0,145.0,364.0,9.47,2.195934911626293,10,56.269999999999996,5.53106599818647,2.195934911626293,2.2035296,2.51207697105058,1.9176775400718755
1984,0.0,0.0,627.0,0.0,,3,12.71,-4.587059556021144,0.31599932901172306,0.18996468,0.11185708784366963,0.2619936357037531
1985,0.0,0.0,308.0,0.0,,1,10.22,-0.24056318141346456,0.6878891425254019,0.7404073,0.7007294005314063,0.565535583640628
1987,3.0,367.0,603.0,7.566666666666666,3.0769833195522356,15,32.5,2.4850906404792594,3.0769833195522356,3.1208088,3.302503486097889,2.993395346939676
1990,2.0,583.0,661.0,4.155,1.4950739617878834,15,19.0,0.3852788305888546,1.4950739617878834,1.48292,1.3866791406445136,1.49730917627571
1991,4.0,438.0,634.0,11.4175,5.608881827940654,23,49.39,5.1300957696495,5.400560208971166,5.2765694,5.555670936506376,5.4077962519547755
1995,0.0,0.0,28.0,0.0,,5,39.73,6.226593683313766,4.276645059846402,4.0870323,3.943087541536952,4.3009374315347175
1996,1.0,160.0,224.0,14.15,4.925050420307457,9,16.64,5.0684257322983495,4.925050420307457,4.9395275,4.948749628315741,4.840047669785636
1999,0.0,0.0,687.0,0.0,,3,7.62,-5.85751944771799,0.2280781283679771,0.21493873,0.12126543098638094,0.2668075868274675
2001,1.0,32.0,57.0,42.56,23.73522740759886,13,49.36,13.533547103519247,23.73522740759886,23.745579,20.809429621549654,23.5993768744829
2002,0.0,0.0,199.0,0.0,,2,7.26,1.107754577954152,1.0625347642413732,1.192905,1.1580800766083796,1.0449415269693052
2011,2.0,472.0,700.0,8.085,2.2186119309566488,11,34.97,1.059268487598695,2.2186119309566488,2.300935,2.3600889954077253,2.28396629249933
2015,3.0,311.0,354.0,11.613333333333335,7.511670625877265,15,40.160000000000004,6.981060382394611,7.511670625877265,7.514381,7.164558152807669,7.500233607675573
2019,8.0,695.0,714.0,12.06,10.768050050247812,41,126.67,14.669462671452141,10.768050050247812,10.7534075,10.71515671820057,11.290646649159171
2022,2.0,75.0,154.0,10.005,7.445400439283034,9,24.28,6.427778623042428,7.445400439283034,7.3860254,7.39431232529019,7.267069298145302
2023,7.0,272.0,330.0,15.268571428571429,21.01571226656654,31,116.71000000000001,16.95853339843343,21.01571226656654,21.050852,21.286786378132767,20.614245183985503
2024,1.0,32.0,354.0,10.51,1.667533108585819,8,19.13,2.2764681732919936,1.667533108585819,1.5852562,1.4023499078084027,1.7805480837317154
2029,1.0,107.0,183.0,3.53,2.1425423325981665,9,17.18,3.9731885824855757,2.1425423325981665,2.1382868,2.1476947274721288,2.068041800251679
2032,3.0,734.0,736.0,13.593333333333334,5.013768035262159,18,60.28,5.409817643126081,5.013768035262159,4.9895744,5.197102359568376,5.08889556357305
2034,1.0,10.0,96.0,5.16,3.281457792046254,8,16.25,4.904895451103691,3.281457792046254,3.268062,3.230576302677228,3.3068312854879305
2035,3.0,446.0,712.0,8.17,2.885770000902651,15,53.51,3.0557316858868218,2.885770000902651,2.862921,2.858211381717513,2.868805282947885
2039,1.0,23.0,144.0,18.3,6.5203576196809845,7,26.64,6.921741235780029,6.5203576196809845,6.6084514,6.5806509824014965,6.313743189222776
2041,0.0,0.0,607.0,0.0,,3,3.87,-5.008506408152432,0.2280781283679771,0.25335774,0.13517018553666052,0.28923839008708097
2043,0.0,0.0,639.0,0.0,,3,2.75,-5.558208972096266,0.2280781283679771,0.20924462,0.13113869850109888,0.2284722611770169
2044,0.0,0.0,336.0,0.0,,3,16.92,-0.06733608462359886,0.6878891425254019,0.8041956,0.6251445656321366,0.5945219318572175
2047,0.0,0.0,30.0,0.0,,5,11.88,3.9645638644004033,4.276645059846402,4.713013,3.2890836577648637,4.020613143760862
2048,1.0,21.0,302.0,12.08,2.157725187107751,10,25.35,3.7285594161658744,2.157725187107751,2.1720889,2.0761476042644325,2.0081572834610553
2050,0.0,0.0,140.0,0.0,,6,17.76,2.874387805090831,1.0625347642413732,1.6753206,1.7627468437978124,1.860645282645737
2051,0.0,0.0,47.0,0.0,,3,8.91,3.4437245720889202,4.276645059846402,3.5926213,3.3136419006022977,3.1038646035965094
2052,0.0,0.0,670.0,0.0,,3,7.11,-5.654099720038844,0.2280781283679771,0.2528354,0.14205424262097896,0.2631710628966486
2053,0.0,0.0,567.0,0.0,,6,17.76,-3.2622688101615296,0.31599932901172306,0.22975023,0.13069075043944145,0.2569282018009904
2054,1.0,403.0,646.0,10.33,1.682379061345653,10,15.01,-0.5078607974415128,1.682379061345653,1.6849564,1.651859533158936,1.6794522591737486
2057,0.0,0.0,51.0,0.0,,4,16.67,4.027690871471071,2.820447678323929,3.638902,3.335817172779694,3.1038646035965094
2059,0.0,0.0,485.0,0.0,,3,27.3,-1.376328287722136,0.4105308468223392,0.39131677,0.16420857255710322,0.2008581604415305
2060,0.0,0.0,46.0,0.0,,2,1.34,2.831879656457148,4.276645059846402,3.605502,3.3136419006022977,3.1038646035965094
2061,1.0,266.0,724.0,15.9,1.7055069392671904,7,26.950000000000003,-0.5908744409470579,1.943228094801448,1.2172012,1.601649013892368,1.618236160617391
2063,7.0,290.0,350.0,10.581428571428571,14.18212174461443,37,90.05,14.078696826517973,14.18212174461443,14.233073,14.334095482032156,14.955217318740642
2065,5.0,470.0,533.0,11.832,8.654999773170543,26,64.22,8.750150170514726,8.654999773170543,8.634732,8.685369624869098,8.460660558312924
2066,1.0,2.0,99.0,20.35,8.599440897304852,13,39.32,8.888290020861245,8.599440897304852,8.624485,9.362831437596002,8.732234810763515
2067,1.0,65.0,572.0,19.24,1.5532673818006528,10,27.46,1.220838489026093,1.5532673818006528,1.5463057,1.4315180017733358,1.6164778485199554
2068,1.0,116.0,181.0,19.18,7.060779303180016,8,26.6,6.962149687175145,6.800874166342551,7.171501,6.796730977118838,6.529814023231057
2070,3.0,215.0,269.0,9.833333333333334,7.687913999785096,17,34.059999999999995,7.056190501801581,7.687913999785096,7.6308355,7.584913565802928,7.55057808475317
2071,1.0,388.0,627.0,10.07,1.6883114450174435,6,14.0,-0.4986795203604313,1.6883114450174435,1.6788386,1.591909452218224,1.6816618214010308
2075,2.0,277.0,343.0,19.31,8.668850963868032,13,60.92,8.965363278174706,8.668850963868032,8.734977,8.712154278937831,9.339584528790759
2076,0.0,0.0,449.0,0.0,,5,14.12,-1.8774950479154207,0.6071638539809521,0.34362173,0.319406292345052,0.4385898620999704
2077,2.0,461.0,518.0,29.74,9.697084525739601,11,72.77,9.674123616229718,9.697084525739601,9.720999,9.511833761467026,9.465821454739846
2078,2.0,432.0,494.0,22.085,7.59203846824072,12,46.410000000000004,6.721916734950591,7.59203846824072,7.5441666,7.506087195905348,7.049395697165531
2082,2.0,155.0,206.0,12.795,8.271580134639542,8,32.61,7.0911573693035415,8.271580134639542,8.192731,8.165947696566636,7.794103507889096
2084,2.0,207.0,438.0,11.16,3.82006287972205,12,34.849999999999994,4.027712296618104,3.82006287972205,3.7892232,4.251349908073704,3.7690187807317193
2086,10.0,653.0,718.0,9.849,10.689716152173258,44,124.01,15.381810947445484,10.689716152173258,10.714501,11.06930867449373,11.037182882283506
2088,0.0,0.0,117.0,0.0,,4,20.59,3.3935119588226828,1.0625347642413732,2.0637786,2.1548802007490386,1.929666781022096
2090,1.0,98.0,119.0,13.01,6.657146990320834,7,38.589999999999996,7.851307314175101,6.718502961884374,7.4589496,7.577617513600565,6.724697666238074
2094,2.0,283.0,295.0,25.825,12.929207887354941,15,64.21,10.893726505231434,12.929207887354941,12.904624,13.050940741052665,12.873360821581432
2095,0.0,0.0,253.0,0.0,,2,4.9,0.142442282361805,0.809695980654187,0.8097903,0.7376171299023951,0.5601510146504216
2096,0.0,0.0,648.0,0.0,,5,16.24,-4.567433284369191,0.31599932901172306,0.17160155,0.09118020364311176,0.2364875417841601
2099,8.0,339.0,366.0,9.58,14.38812013809878,34,97.49000000000001,15.191417366479818,14.38812013809878,14.394672,14.824452714653772,15.18150633843809
2106,3.0,507.0,551.0,5.193333333333333,2.701471588351908,15,21.96,2.708861490396136,2.4687876086541403,2.679167,2.528952160177614,2.8471196176527878
2107,0.0,0.0,247.0,0.0,,5,11.88,0.8459350927147771,1.0625347642413732,0.9681124,0.914219755833252,0.7051734104388494
2108,0.0,0.0,253.0,0.0,,3,0.6,-0.1831944935778913,0.809695980654187,0.8097903,0.7376171299023951,0.5601510146504216
2110,0.0,0.0,614.0,0.0,,4,10.8,-4.534212349096224,0.32077864027662517,0.20705129,0.13517018553666052,0.27853478668424003
2111,1.0,57.0,129.0,5.28,3.1357086594220775,10,15.420000000000002,4.638240899695554,3.1357086594220775,3.0974896,3.161740325770765,3.1032552253298893
2112,1.0,45.0,333.0,15.6,2.6333666731111562,9,27.84,4.066190815007813,2.6333666731111562,2.6267014,2.7697283650830222,2.8879706148208326
2114,1.0,243.0,357.0,10.3,2.7666446846884774,8,29.810000000000002,4.044003772935612,2.7666446846884774,2.7815359,2.708422934631358,2.9525776668593005
2115,2.0,36.0,169.0,11.935,7.23852882370589,11,34.08,7.12373693780966,7.23852882370589,7.22239,7.233877931920544,7.172998619882709
2118,9.0,177.0,277.0,13.018888888888888,22.37060313208919,35,134.81,19.921546481612765,22.37060313208919,22.376507,22.34656551644222,22.339208224628916
2123,1.0,204.0,289.0,14.84,4.313548910861358,8,34.989999999999995,5.887874564890448,4.313548910861358,4.4415455,4.437143736792301,4.340822921161722
2124,0.0,0.0,363.0,0.0,,6,26.11,0.3391147262866303,0.7496644682170794,0.7139387,0.3374297385465797,0.5670625830600367
2127,1.0,470.0,635.0,22.53,3.397605015640629,8,42.86,3.858481214097895,3.397605015640629,3.3985903,3.4245980330011463,3.3185929145513096
2128,0.0,0.0,38.0,0.0,,4,4.61,3.2474318465877987,4.276645059846402,4.722781,3.3136419006022977,4.020613143760862
2130,5.0,308.0,343.0,13.638,13.803392654520408,23,76.71000000000001,11.921480965648218,13.803392654520408,13.921358,14.118263099207331,13.8242919248842
2132,1.0,473.0,681.0,19.82,2.813183088353298,11,32.3,2.0442549861148835,2.813183088353298,2.882853,2.8127360052756187,2.8104123387583617
2134,1.0,13.0,176.0,2.92,1.5551982855776547,7,18.259999999999998,3.5988358281453046,1.5551982855776547,1.563159,1.5701594598512805,1.4050501557093655
2135,2.0,391.0,551.0,9.469999999999999,3.1321181864030727,5,22.689999999999998,1.9163785883555517,3.1321181864030727,3.1304107,3.0789914579717936,3.0961116427973483
2139,6.0,233.0,274.0,11.496666666666668,15.925171194696919,27,79.06,13.244956160823335,15.925171194696919,15.88444,15.9800630724247,15.796491176319845
2141,0.0,0.0,114.0,0.0,,5,16.17,3.1013670870594146,2.32659064545856,2.1671684,2.2300919285939007,1.9387729350693883
2143,5.0,490.0,708.0,12.831999999999999,6.8216373894765745,20,71.61,6.945304612194553,6.8216373894765745,6.8167233,6.943963450369133,7.039498135940332
2144,0.0,0.0,102.0,0.0,,6,6.56,2.522381060875791,2.32659064545856,2.5061607,2.331684192018923,2.17239982463805
2147,1.0,504.0,677.0,5.16,1.0750221065548418,9,19.27,-0.8810200209884789,1.0750221065548418,1.0530416,1.0706608400473285,1.0711825331806608
2150,0.0,0.0,401.0,0.0,,2,8.56,-1.6910540005503032,0.562158674561362,0.4536006,0.34582933030119656,0.4642855761664135
2151,0.0,0.0,263.0,0.0,,2,12.64,0.6193959358131229,0.809695980654187,0.81285584,0.731116200728996,0.5336736317205544
2153,1.0,12.0,68.0,7.85,5.187069369613276,7,28.93,6.689312160785814,5.187069369613276,5.2460976,4.842260948049987,5.285527933220147
2156,0.0,0.0,226.0,0.0,,4,13.52,1.2600697117925046,1.0625347642413732,0.88574547,1.0318058595900381,0.7663361709738563
2158,0.0,0.0,707.0,0.0,,4,13.68,-5.639820833687174,0.31599932901172306,0.1638539,0.0847538025509036,0.2523099872633443
2162,0.0,0.0,136.0,0.0,,2,5.3,1.8559908690735938,1.0625347642413732,1.7644608,1.7798510544129806,1.8593429445554133
2163,0.0,0.0,32.0,0.0,,3,15.66,4.20057932528573,4.276645059846402,4.745407,3.296554164291193,4.020613143760862
2168,3.0,567.0,652.0,15.38,6.074417870070524,16,65.19,6.443102166753362,4.570784019989347,6.346472,6.524486216844918,6.18892769907685
2169,1.0,13.0,59.0,11.06,7.0901346188344645,6,24.09,6.8635851951770475,7.0901346188344645,7.116535,7.583857887866544,7.645661083657749
2171,3.0,600.0,651.0,5.603333333333333,2.515573063619666,17,17.93,1.4775521771695983,2.515573063619666,2.506959,2.577549396793564,2.547286980103609
2175,13.0,349.0,370.0,16.485384615384614,38.1256303239206,61,232.55,31.065750960163427,38.1256303239206,38.116905,37.48706607683458,38.11551724241215
2176,6.0,265.0,332.0,16.505,19.50207119247886,33,133.32999999999998,17.72584662604995,19.50207119247886,19.552452,20.060162736023447,20.18504914995846
2177,2.0,322.0,343.0,14.219999999999999,6.736392032786403,9,39.72,6.688680809967289,6.736392032786403,6.6992064,6.821017454448836,6.595234889354658
2178,1.0,87.0,178.0,31.68,10.545771958475413,9,35.42,9.339403308431546,10.332803024011609,10.823386,10.034061171981774,10.223991530304112
2181,0.0,0.0,169.0,0.0,,3,5.69,1.4321828659551523,1.0625347642413732,1.380176,1.573519506036424,1.4169217139768397
2182,0.0,0.0,129.0,0.0,,2,4.76,1.9132892903285499,1.0625347642413732,1.7644608,2.116589912152875,1.8593429445554133
2183,0.0,0.0,384.0,0.0,,6,4.18,-1.721250975710955,0.7496644682170794,0.3835069,0.3874081236078137,0.5401918503629473
2185,0.0,0.0,579.0,0.0,,2,11.2,-4.037490742333981,0.32077864027662517,0.25906593,0.16413473791797872,0.28300635649647
2187,0.0,0.0,478.0,0.0,,4,21.38,-1.731271656134747,0.6489445261916096,0.18429343,0.29623697118424935,0.22615256639574977
2188,1.0,159.0,505.0,3.67,0.8346182926041086,6,9.08,-1.0996302715401134,0.8346182926041086,0.77515006,0.8981489328650776,0.7215183855287988
2191,2.0,27.0,190.0,7.945,4.395360102443452,13,30.19,5.950083871658104,2.806580531509262,4.0059237,4.321631196026066,4.325368506789061
2193,0.0,0.0,454.0,0.0,,5,9.8,-2.295772908626108,0.562158674561362,0.3454967,0.33649402865615735,0.37370785165562026
2194,0.0,0.0,473.0,0.0,,3,9.5,-2.6312484837633745,0.562158674561362,0.3457331,0.32697623170763346,0.2965982968041567
2198,3.0,535.0,722.0,11.246666666666664,4.028532560988947,18,51.019999999999996,3.6136999159598613,3.4024764735346924,4.4523582,4.179740559739042,4.116363878294182
2200,1.0,126.0,277.0,17.15,4.501242682710995,10,31.409999999999997,5.7701231338546854,3.4867320901172585,4.249511,4.614854408361406,4.549624342770327
2201,13.0,462.0,587.0,10.476153846153846,15.6116981126336,54,143.67,20.3744449047009,15.6116981126336,15.608334,15.974343151180502,15.63974833049674
2204,0.0,0.0,377.0,0.0,,7,20.16,-0.32003712130842743,0.7496644682170794,0.33562088,0.37626943443332406,0.4705002696530798
2206,0.0,0.0,316.0,0.0,,5,18.56,0.38996542055808714,0.7496644682170794,0.750944,0.6672661083183101,0.5153265393054847
2208,0.0,0.0,403.0,0.0,,3,15.14,-1.1729685753289196,0.6071638539809521,0.46619546,0.32874159399009123,0.4269523790238523
2211,3.0,508.0,641.0,12.946666666666667,5.15002008636306,20,44.17,4.378032693131389,4.96305036603807,5.200477,5.076763727499346,4.957959775573855
2215,4.0,573.0,638.0,17.2875,8.869950220345952,22,87.15,9.529099754705356,8.869950220345952,8.878673,8.797802694385313,8.934551753454958
2217,0.0,0.0,364.0,0.0,,4,12.77,-0.7833480989099897,0.6878891425254019,0.6408123,0.396045375243124,0.5229811150330539
2218,1.0,27.0,62.0,7.12,5.246100980153128,11,18.84,6.0112784286037275,5.246100980153128,5.3178773,5.646739772077384,5.367907795739429
2219,0.0,0.0,94.0,0.0,,4,4.21,2.410548490626347,2.32659064545856,2.6202338,2.3337251846506284,2.210230292647636
2220,1.0,4.0,334.0,6.38,1.0715939278636464,8,17.73,1.7452809275008072,1.0830292586046129,1.2423848,1.1684124051214124,1.1862492365849988
2221,6.0,204.0,243.0,7.4316666666666675,11.395786265148633,26,54.0,10.959786999243079,11.395786265148633,11.349917,11.339704345483831,11.464231007122631
2222,0.0,0.0,353.0,0.0,,5,2.64,-1.4184043965668733,0.7496644682170794,0.6042049,0.40566260502789986,0.5977241060358445
2224,7.0,425.0,497.0,14.122857142857143,14.501533889878433,33,109.39,14.563262842247276,14.501533889878433,14.472317,14.178263506943868,13.904008042194885
2227,1.0,17.0,357.0,5.24,0.9413226677340267,6,12.83,0.8850921681596664,0.9413226677340267,0.94080687,0.8478817022166526,1.1065335620497345
2228,0.0,0.0,268.0,0.0,,3,5.32,-0.020271925053713336,0.809695980654187,0.79130757,0.7352738479423097,0.4961188281186075
2229,3.0,275.0,356.0,9.213333333333333,5.942521839017762,23,30.29,5.8118492257412955,5.942521839017762,5.9953923,5.59452833888159,5.881953793869379
2232,0.0,0.0,205.0,0.0,,3,8.69,1.1553761467782708,1.0625347642413732,1.0687423,1.0641091294534575,0.9715037064813092
2234,2.0,275.0,282.0,13.18,7.229315568222724,13,36.56,7.024584165969057,7.229315568222724,7.2408333,7.099239207774688,7.379849763962046
2237,0.0,0.0,47.0,0.0,,3,16.19,4.027506516476784,4.276645059846402,3.6557553,3.335817172779694,3.1038646035965094
2239,0.0,0.0,165.0,0.0,,3,2.16,1.2065990194284257,1.0625347642413732,1.3791592,1.6950412454958932,1.5270496043139596
2242,3.0,379.0,663.0,9.073333333333332,3.2273510486192976,13,57.17,3.828727420808965,3.0229054828101902,3.2949438,3.36411306833523,2.9755309916639017
2244,1.0,130.0,215.0,19.71,6.427002443528233,12,27.580000000000002,6.767973891515187,6.427002443528233,6.4217334,6.466222846727383,6.4794039788419235
2245,1.0,41.0,472.0,12.35,1.2957158504988,9,28.46,1.64647367358803,2.3474273589803034,1.261442,1.1629878114742414,1.1580482616622536
2246,1.0,252.0,616.0,12.63,1.7334074706945475,10,28.28,0.604257161038233,1.7334074706945475,1.7104267,1.8582130193961566,1.69583226252068
2248,0.0,0.0,342.0,0.0,,5,5.83,-1.0045116740012974,0.7496644682170794,0.7254571,0.6375907496762765,0.5871800650443717
2251,3.0,651.0,709.0,5.933333333333334,2.4576865322396833,15,20.48,1.0938569137245255,2.4687876086541403,2.480158,2.379108800455908,2.5546040990519425
2252,0.0,0.0,246.0,0.0,,3,29.33,2.2212601793573885,1.0625347642413732,0.8599852,0.9372088060413025,0.8020330939003735
2254,1.0,525.0,687.0,3.74,0.8953974337429653,11,15.27,-1.4072405313698164,0.8953974337429653,0.87869334,0.9388459295709899,0.891262757083715
2255,0.0,0.0,574.0,0.0,,4,10.9,-3.9513309199499806,0.32077864027662517,0.2154521,0.16413473791797872,0.2814891964857802
2257,0.0,0.0,183.0,0.0,,5,20.01,2.4176583047294375,1.0625347642413732,1.1772939,1.393325117699811,1.1299399420200311
2258,1.0,60.0,126.0,10.94,5.268523524405133,7,25.72,6.252922173126969,5.268523524405133,5.239257,5.351769152988721,5.349228231788631
2259,1.0,182.0,647.0,9.77,1.1489646855366864,8,28.44,-0.59183646686385,1.1489646855366864,1.0767595,1.1271270656150203,1.2137633665937901
2260,2.0,282.0,408.0,4.635,2.2429550942089875,14,26.47,3.2650415255680727,2.2429550942089875,2.218803,2.183010582439896,2.2920525708798793
2263,0.0,0.0,274.0,0.0,,5,20.75,1.169186711552948,0.809695980654187,0.6505132,0.6499028202276301,0.5313521203339855
2269,3.0,660.0,666.0,9.94,4.093858874058039,16,39.85,3.8848851141794434,4.592275378678987,4.3043013,4.13456678427783,3.9888534342781004
2270,1.0,543.0,681.0,15.22,2.3589342842060814,8,34.33,1.8344105350429905,2.3589342842060814,2.370486,2.542529829360322,2.466489425393973
2271,0.0,0.0,141.0,0.0,,5,4.49,1.7767177502422848,1.0625347642413732,1.7529572,1.7723805478866512,1.860645282645737
2272,0.0,0.0,226.0,0.0,,4,12.06,1.1429925636048286,1.0625347642413732,0.88574547,1.0318058595900381,0.7663361709738563
2273,4.0,136.0,182.0,8.3925,10.59313920851655,20,58.19,10.444733947407807,10.59313920851655,10.562266,10.910662453435059,10.60993025627721
2278,1.0,153.0,441.0,7.12,1.4535833572431278,7,20.92,1.241838739192676,1.4535833572431278,1.4391491,1.4285421195795467,1.3777568092909593
2279,1.0,356.0,670.0,5.76,1.0286366026109328,9,22.740000000000002,-1.1083535898906751,1.0286366026109328,1.0018969,1.1193914633898885,0.9208543935116564
2280,2.0,67.0,561.0,5.57,0.7703388880380204,12,15.7,-0.707592473074846,0.51495766246094,0.8061122,1.1354974888863754,0.7257984853512109
2282,0.0,0.0,194.0,0.0,,3,12.96,1.6558738830717177,1.0625347642413732,1.1751142,1.1809878754006355,1.0449415269693052
2286,1.0,47.0,130.0,7.49,3.81213430766633,9,23.130000000000003,5.484479306930384,3.81213430766633,3.882383,3.948934707345497,3.798173443528179
2293,0.0,0.0,394.0,0.0,,4,18.79,-0.7317521719998883,0.6071638539809521,0.43374962,0.32874159399009123,0.41603581880033413
2294,0.0,0.0,73.0,0.0,,6,30.62,4.868523584782075,2.820447678323929,2.6477156,2.7951660768913746,2.9047273687097346
2295,3.0,602.0,700.0,8.68,3.4024764735346924,14,50.72,3.783529569272371,3.4024764735346924,3.3793824,3.511175066812472,3.5432788707031326
2296,1.0,64.0,637.0,10.92,0.8153343697307713,9,13.57,-2.0110369871865306,0.8153343697307713,0.803312,0.8790613775572135,0.7793569597662993
2298,4.0,446.0,685.0,11.0275,4.9485160181813805,25,48.67,4.360680463549482,4.9485160181813805,4.9887276,4.773033252558603,4.990241283665612
2300,1.0,34.0,148.0,23.4,8.16981921064369,9,45.64,9.188579640180837,8.16981921064369,8.190244,8.4899133373364,8.501592305432652
2302,0.0,0.0,354.0,0.0,,4,20.22,-0.04221827224432406,0.6878891425254019,0.5836704,0.4019944223797397,0.6020786446980706
2304,0.0,0.0,584.0,0.0,,3,25.99,-2.904161516605261,0.31599932901172306,0.22512002,0.03991156323320964,0.26898007337120866
2309,0.0,0.0,279.0,0.0,,5,3.76,-0.26509626390969343,0.809695980654187,0.7706068,0.6698274619234122,0.5524287555275418
2310,5.0,291.0,350.0,17.532,17.078517521531445,26,111.8,15.155975259581822,17.078517521531445,17.094744,17.343792460904766,17.917524401818174
2311,2.0,199.0,388.0,12.28,4.716764232849816,11,25.9,4.1282828321577805,4.716764232849816,4.6356854,4.767664807033474,4.379562820764901
2313,1.0,196.0,708.0,4.82,0.6516210242830117,9,15.620000000000001,-3.1022716770323004,0.6516210242830117,0.68382597,0.6496871678901301,0.5498423041450202
2314,0.0,0.0,637.0,0.0,,3,9.34,-5.001014886381525,0.2280781283679771,0.22107315,0.13113869850109888,0.2208815838293372
2316,1.0,28.0,174.0,5.79,2.417511384107856,6,21.15,4.310225667995583,2.417511384107856,2.4091487,2.3880013102396433,2.3939910677298233
2318,0.0,0.0,353.0,0.0,,5,34.3,1.1204055429001247,1.6942650673324204,0.9275042,0.6982968438083152,0.7108497259416584
2320,0.0,0.0,357.0,0.0,,1,1.56,-1.6392135846191778,0.6878891425254019,0.61555016,0.41313311155422927,0.6254569450870173
2323,0.0,0.0,22.0,0.0,,3,3.47,3.366780939344579,4.276645059846402,4.7285166,3.3136419006022977,4.020613143760862
2324,1.0,95.0,232.0,6.38,2.397942855148368,7,33.03,4.8430698235173155,2.397942855148368,2.3813252,2.5227047476257685,2.2901065963628655
2327,2.0,686.0,723.0,12.809999999999999,3.4668791484489767,12,36.66,2.5397098137839573,3.4668791484489767,3.4496922,3.361474993952322,3.44898554617311
2329,1.0,21.0,336.0,8.5,1.4418795585580608,8,12.809999999999999,1.6968322409303067,1.4418795585580608,1.4277442,1.3820452753308416,1.3469348787464916
2330,0.0,0.0,223.0,0.0,,4,4.2,0.5558152027315231,1.0625347642413732,0.96853846,1.0488935959011434,0.8782423180957322
2331,0.0,0.0,716.0,0.0,,3,11.99,-5.923865175065624,0.32077864027662517,0.204757,0.06845239642847582,0.19823209087979343
2334,0.0,0.0,151.0,0.0,,5,13.94,2.3907960087627296,1.0625347642413732,1.7244459,1.7626455207897136,1.6421108979763455
2335,4.0,502.0,595.0,12.4925,6.825266124377814,18,56.910000000000004,6.6459162733095205,6.480567583732711,6.6107283,6.548312629772526,6.533870520430225
2337,0.0,0.0,156.0,0.0,,6,15.91,2.4960916456106252,1.0625347642413732,1.692541,1.7424910007538426,1.6421108979763455
2338,0.0,0.0,360.0,0.0,,2,8.25,-1.1266788395297977,0.6878891425254019,0.6258667,0.41313311155422927,0.4855413697457758
2341,5.0,241.0,328.0,29.014,28.33259537683241,28,163.07,20.98970362224798,28.33259537683241,28.344988,28.329335890004646,28.344042910470737
2343,0.0,0.0,591.0,0.0,,5,12.31,-4.063400320434634,0.32077864027662517,0.10692784,0.11061194269922581,0.28228137414298793
2344,1.0,5.0,668.0,3.24,0.2280781283679771,7,9.25,-4.187154640511247,0.2280781283679771,0.21780895,0.2124718441282776,0.2942673589860494
2352,1.0,208.0,259.0,10.86,3.7405623124412024,8,41.18,6.279114869789562,3.7405623124412024,3.6509664,3.659760374201793,4.026339596640094
2354,1.0,3.0,205.0,1.87,1.0625347642413732,8,8.67,2.2392079570985723,1.0625347642413732,1.0599035,1.0372392623060729,0.9839996140382112
2355,0.0,0.0,481.0,0.0,,4,18.61,-1.9965121618607524,0.6071638539809521,0.25273478,0.3016736653689489,0.26026021610982575
2359,1.0,96.0,624.0,10.92,0.9893624452704413,5,17.939999999999998,-1.4013382301470818,0.9893624452704413,0.9991685,0.9881282568052415,0.9703482338434908
2361,0.0,0.0,709.0,0.0,,3,4.43,-6.429499343041823,0.2280781283679771,0.24155928,0.10184153886200893,0.23506340388867564
2362,0.0,0.0,158.0,0.0,,6,15.4,2.4264517112527813,1.0625347642413732,1.6847466,1.7424910007538426,1.574107238971636
2366,1.0,567.0,612.0,12.35,2.271987252135957,10,36.2,2.726069504266613,2.271987252135957,2.3560123,2.368337578752384,2.293362290417817
2368,2.0,186.0,429.0,16.88,5.430723217413778,16,52.0,6.308677719614984,5.430723217413778,5.45668,5.351646759982098,5.465081357337796
2371,8.0,438.0,557.0,11.64,12.021146852092109,35,112.94,14.45323858492824,12.021146852092109,12.016038,12.14386570022387,12.363374850857856
2373,3.0,177.0,343.0,15.906666666666666,8.979307891615946,16,56.769999999999996,8.464299605551766,6.725427571841241,8.735537,8.814483590819613,8.770913218890147
2374,1.0,16.0,349.0,6.3,1.0830292586046129,7,13.77,1.2377558328560996,1.0830292586046129,1.1085314,0.9769579960697099,1.252451163835719
2376,1.0,204.0,698.0,19.35,1.8631240401551135,8,38.17,0.8937330732678381,2.0110719339887613,2.1063943,2.056210753667015,1.924129745297778
2377,0.0,0.0,528.0,0.0,,5,16.12,-2.8524687244912963,0.5819915427067095,0.31129313,0.17945782404806823,0.2702154232855296
2378,4.0,562.0,601.0,13.97,7.65983315316425,24,75.5,8.65116766233086,7.65983315316425,7.6846004,7.684258733151625,7.957747405244408
2379,0.0,0.0,107.0,0.0,,4,2.85,2.1146600301133107,2.32659064545856,2.5501187,2.2575289066745703,2.17239982463805
2381,3.0,569.0,595.0,15.56,6.719212029439911,18,62.41,7.112131863394708,6.719212029439911,6.7438817,6.728631006119723,6.852042314644014
2384,1.0,60.0,231.0,30.1,7.4544368329987005,7,37.61,8.368818913172117,7.4544368329987005,7.466413,7.718488008971267,7.291600188694902
2385,3.0,335.0,553.0,15.899999999999999,6.456442839476383,14,78.56,7.8907815383194775,6.456442839476383,6.5214057,6.49684403170979,6.812057856450438
2388,0.0,0.0,249.0,0.0,,3,6.91,0.38028956274930703,1.0625347642413732,1.0042436,0.9387779986706868,0.6045648474116625
2389,2.0,149.0,683.0,13.100000000000001,1.7728556206086759,15,48.64,1.670180848793354,1.7728556206086759,1.749823,1.7193721063198306,1.680915813835794
2390,2.0,302.0,722.0,12.435,2.520144817390243,15,35.91,0.7093095502270179,2.520144817390243,2.5192063,2.4264088026241675,2.4364487588251236
2391,1.0,78.0,207.0,19.43,5.9330371710858785,5,26.66,6.3934954568971145,6.800874166342551,5.901886,5.841586699272288,6.041023783566742
2393,0.0,0.0,159.0,0.0,,5,3.28,1.4209999580589114,1.0625347642413732,1.7486161,1.764612140033963,1.574107238971636
2394,0.0,0.0,144.0,0.0,,5,5.38,1.8049720132607265,1.0625347642413732,1.7270895,1.7723805478866512,1.6438978537672284
2396,0.0,0.0,698.0,0.0,,2,6.96,-6.087711389064546,0.2280781283679771,0.1907224,0.10184153886200893,0.2547219658040696
2397,2.0,244.0,477.0,19.725,6.085296902425954,10,49.45,5.966303221441997,6.085296902425954,6.2403874,5.908067729550892,6.043368940745683
2398,5.0,569.0,711.0,8.746,5.040291102256399,23,47.78,4.84733013941376,5.040291102256399,5.0290003,5.021748251175649,4.986527885381004
2400,0.0,0.0,22.0,0.0,,5,2.39,3.318534890459243,4.276645059846402,4.7056756,3.3061713940759683,4.020613143760862
2402,0.0,0.0,133.0,0.0,,5,10.86,2.4024994408603977,1.0625347642413732,1.7374477,2.1091194056265454,1.8593429445554133
2404,1.0,20.0,446.0,11.59,1.181434458859925,10,16.83,0.90285607135813,1.181434458859925,1.1970956,1.0821651871614446,1.064732857700819
2405,2.0,199.0,632.0,24.93,4.545851781004125,14,60.36,5.206274683456125,4.545851781004125,4.498247,4.445397447588322,4.487573260429571
2408,0.0,0.0,223.0,0.0,,3,4.34,0.5478622961638688,1.0625347642413732,0.9742742,1.0488935959011434,0.8782423180957322
2412,1.0,24.0,159.0,21.66,6.9658336033253345,9,26.82,7.232102486590621,6.9658336033253345,6.954056,7.000386881318747,6.981878473869291
2414,0.0,0.0,198.0,0.0,,3,4.18,0.89432095275578,1.0625347642413732,1.1819867,1.1980756117117408,1.0449415269693052
2420,0.0,0.0,162.0,0.0,,6,30.74,3.599077420859269,1.0625347642413732,1.3276055,1.6866843817704622,1.582484002313321
2421,0.0,0.0,252.0,0.0,,4,12.42,0.7982003113582374,0.809695980654187,0.79791063,0.9216902623595814,0.572118818307267
2422,5.0,551.0,669.0,13.894,8.259839462601864,26,90.64,9.579288310147751,8.259839462601864,8.256819,8.277459687902804,8.374771166508317
2423,1.0,50.0,147.0,16.7,6.457836174832095,7,24.89,6.6410595457382335,6.457836174832095,6.4236064,6.859459579816933,6.59184334323732
2426,3.0,573.0,661.0,13.75,5.411678554056193,15,63.489999999999995,5.958954078378377,5.049844925530363,5.223945,5.719445525463836,5.691571698186413
2428,0.0,0.0,530.0,0.0,,6,15.05,-2.9478354798423236,0.5819915427067095,0.19817132,0.1744244210790532,0.2702154232855296
2429,1.0,244.0,299.0,18.56,5.237305282742474,11,28.169999999999998,5.959923543271236,5.237305282742474,5.2357197,5.250147134565815,5.198185402362973
2431,1.0,57.0,570.0,6.16,0.6361811447524097,8,17.73,-1.4300407918875289,0.51495766246094,0.81733304,0.6444907708682566,0.7307967428577156
2432,0.0,0.0,243.0,0.0,,3,28.24,2.176967950833786,1.0625347642413732,0.9117708,0.9794756537903356,0.8350510984319559
2433,0.0,0.0,258.0,0.0,,2,8.19,0.33440900912249694,0.809695980654187,0.8287111,0.7892462129355844,0.5172404453941244
2434,3.0,272.0,326.0,8.946666666666667,6.248735332172157,16,50.19,7.653352814321546,6.248735332172157,6.3982882,6.43130576138542,6.527978187982407
2435,0.0,0.0,102.0,0.0,,7,11.76,2.9585476464312457,2.32659064545856,2.4470305,2.2327028696376496,2.1734409667329952
2437,0.0,0.0,322.0,0.0,,5,14.12,-0.05230678061553817,0.7496644682170794,0.6136864,0.6429372208598965,0.5451022219720301
2438,2.0,308.0,399.0,16.89,6.815835360326952,14,39.56,6.2739588949312814,6.815835360326952,6.8761215,6.820647106586956,6.761715796535582
2439,4.0,261.0,334.0,10.88,9.163281273698031,19,52.22,8.691816680513604,9.163281273698031,9.129614,9.243338565596241,8.851601242859497
2441,2.0,599.0,695.0,14.420000000000002,3.9064988355872776,13,45.93,3.5236127200435003,3.9064988355872776,3.9189339,3.978104400112169,4.0533349839759465
2443,3.0,535.0,678.0,9.82,3.823628681958491,15,37.5,2.9054254337218217,3.823628681958491,3.841062,3.845546933476312,3.8372944837238143
2444,3.0,455.0,532.0,10.853333333333333,5.180728193175145,18,36.83,4.778668820745098,5.180728193175145,5.1387486,4.774299936103043,5.0999315768297375
2445,0.0,0.0,330.0,0.0,,4,18.03,0.1270834733103614,0.6878891425254019,0.6154929,0.6331499426467698,0.5562036811827662
2446,7.0,281.0,343.0,13.592857142857143,18.24769527249785,29,115.6,16.452641152728606,18.24769527249785,18.232416,18.45799428869688,18.46582887807645
2447,0.0,0.0,206.0,0.0,,3,10.56,1.2909595630916852,1.0625347642413732,1.0577427,1.0641091294534575,0.9715037064813092
2448,10.0,641.0,703.0,16.250999999999998,17.71748928517045,46,169.16,20.093002669491458,17.71748928517045,17.734814,17.238437475674452,17.41934678357213
2449,2.0,110.0,315.0,18.48,7.136142848086387,13,44.98,7.195403044278409,7.136142848086387,7.0780253,7.133127460163667,6.545283603183607
2450,1.0,209.0,326.0,9.6,2.764314512721585,7,13.19,2.8815085250064874,2.764314512721585,2.7710776,2.751692312789454,2.7966732217541823
2451,0.0,0.0,68.0,0.0,,4,11.8,3.3928498717030915,2.820447678323929,2.890605,2.2926118638342063,2.8405736797263055
2452,0.0,0.0,74.0,0.0,,3,4.05,2.665969858997783,2.820447678323929,2.889003,2.309699600145311,2.8405736797263055
2457,0.0,0.0,223.0,0.0,,6,3.42,0.531626102103929,1.0625347642413732,0.91174877,1.0363896864057989,0.8782423180957322
2458,0.0,0.0,289.0,0.0,,2,8.44,-0.09106192995114082,0.809695980654187,0.76301956,0.6981321441322006,0.5770267526313502
2459,1.0,385.0,457.0,16.7,3.554331909624829,9,35.2,4.612477397670946,3.554331909624829,3.5370045,3.798661953162254,3.566265623747094
2460,2.0,63.0,490.0,14.645,2.2312900148613175,13,60.39,5.162321958292459,2.2312900148613175,2.238106,2.249086704070311,2.0009288736441126
2462,1.0,30.0,306.0,19.56,3.2944912360958125,9,24.779999999999998,4.691062417075056,3.2944912360958125,3.2458546,3.533622166813951,3.1617195196785803
2463,0.0,0.0,81.0,0.0,,5,14.17,3.4152489502825762,2.820447678323929,2.758419,2.3872732634203473,2.4826809107669083
2464,1.0,12.0,289.0,15.94,2.7030583246051227,9,25.52,4.40608686244572,2.7030583246051227,2.7260818,2.814124776030887,2.8740384356397444
2467,1.0,255.0,262.0,18.94,6.026690673907571,12,32.400000000000006,6.954309325090496,5.237305282742474,6.737371,5.52198422001589,6.537280151159558
2468,4.0,584.0,619.0,13.28,7.1417924571351,21,60.959999999999994,7.175320560212699,7.1417924571351,7.089045,6.808491413248474,7.069371826133777
2471,2.0,473.0,586.0,12.18,3.8159440970243343,10,33.92,3.1698692766881553,3.8159440970243343,3.8341086,3.7496547816847605,3.8114445543371516
2472,1.0,4.0,465.0,26.07,1.913732050446086,6,34.93,3.948863299979385,1.8776457315747148,1.7776389,1.9742284249448414,2.030840396186184
2475,5.0,258.0,308.0,17.676,18.85021050650653,24,92.37,14.029393248549692,18.85021050650653,18.89795,18.97250243801984,18.170645722021035
2476,0.0,0.0,43.0,0.0,,4,8.37,3.4770877922856185,4.276645059846402,4.729609,3.3136419006022977,3.1038646035965094
2478,0.0,0.0,160.0,0.0,,4,9.02,1.8477385244759255,1.0625347642413732,1.3802513,1.6950412454958932,1.574107238971636
2479,1.0,73.0,165.0,7.57,3.42492754128168,11,30.35,5.731148417601989,3.42492754128168,3.4270785,3.314273408401592,3.5404871740491637
2480,4.0,224.0,332.0,6.375,5.477660126026296,21,35.09,6.584678191919186,5.477660126026296,5.4946465,5.401512288202051,5.619235957775662
2481,4.0,241.0,344.0,11.7925,9.421039478636745,21,63.51,9.525808833615773,9.421039478636745,9.43157,9.548459162344248,9.39932964439707
2482,1.0,98.0,278.0,10.58,2.8757287573015624,7,26.82,4.283583114223705,2.8757287573015624,2.9354239,3.043426947702759,3.0661689628824935
2483,0.0,0.0,572.0,0.0,,5,40.32,-1.5442235893998353,0.815340757509851,0.34315398,-0.027736825130238816,0.36418129072426453
2489,0.0,0.0,229.0,0.0,,5,10.71,1.010801095386734,1.0625347642413732,0.85870254,1.0387067695587555,0.810572066407202
2491,0.0,0.0,303.0,0.0,,3,20.73,0.7124486765244913,0.809695980654187,0.52222985,0.6782075024364185,0.5071630851136186
2492,1.0,34.0,321.0,7.8,1.5503196976537823,6,14.66,1.9853927630448243,1.5503196976537823,1.5248045,1.612481174357063,1.5158219686855867
2493,3.0,271.0,410.0,22.209999999999997,11.600185342869601,16,76.78999999999999,10.423819068548166,11.600185342869601,11.587369,11.398604939920158,10.974339018452822
2494,0.0,0.0,295.0,0.0,,5,8.37,-0.12536613757319648,0.809695980654187,0.6983374,0.6906616376058712,0.6014139741361726
2496,1.0,10.0,233.0,12.31,2.820457118473746,7,15.27,3.835141159524328,3.738127778160476,3.0939221,3.0635076731460007,2.6694339119986585
2500,5.0,198.0,291.0,16.072,17.036392329129328,26,100.95,14.496784776827912,17.036392329129328,17.022215,17.376416148335164,17.34232919745757
2501,0.0,0.0,225.0,0.0,,2,3.92,0.46625996386208035,1.0625347642413732,0.89762515,1.0488935959011434,0.7663361709738563
2502,1.0,13.0,44.0,19.26,12.30876711739287,10,26.330000000000002,8.478816976318527,12.30876711739287,12.327211,12.36556126078624,11.959754223780873
2506,0.0,0.0,337.0,0.0,,4,17.94,0.019265460714147586,0.6878891425254019,0.76849294,0.6251445656321366,0.5911466022619454
2507,3.0,374.0,453.0,6.05,3.500838413457916,13,27.0,3.9825830185975644,3.500838413457916,3.4975104,3.3479168949285603,3.4455894132702833
2510,8.0,329.0,357.0,19.85125,29.636972468621828,36,171.99,22.71875790332509,32.29465429747944,27.866825,29.909549943947212,27.92020374919973
2511,3.0,378.0,477.0,22.516666666666666,10.94406963830811,18,99.22,11.8394425989475,10.94406963830811,10.935042,10.985010761034573,11.315365253466553
2512,1.0,73.0,302.0,6.4,1.7188222525291306,5,19.14,2.5851081156765474,1.7188222525291306,1.7141452,1.835568162519777,1.8409358977401782
2513,1.0,465.0,678.0,3.2,0.8093279417963563,9,14.219999999999999,-1.7554153398476027,0.8093279417963563,0.8152782,0.7459019155698686,0.789630402918311
2516,1.0,42.0,94.0,14.25,7.430485637433099,11,25.02,7.111005403867411,7.430485637433099,7.426056,7.57032852886557,7.181704029758265
2518,1.0,342.0,360.0,2.94,1.391933923455369,5,9.13,1.7202838746348532,1.391933923455369,1.4253719,1.2475909858969902,1.5088070036434749
2519,0.0,0.0,99.0,0.0,,5,23.04,3.8678446195593215,2.32659064545856,2.4831996,2.2562012088592143,2.275218817795384
2523,2.0,209.0,695.0,17.975,2.937483564420916,11,42.43,1.8824092826996273,2.937483564420916,2.8868873,2.8764863063352863,3.2242685580589914
2524,0.0,0.0,416.0,0.0,,4,28.56,-0.264471902589285,1.0037235782329168,0.40317953,0.2251513217685089,0.4201744222059034
2525,1.0,23.0,693.0,8.34,0.435394227135816,8,23.65,-2.5775436495848476,0.435394227135816,0.42626238,0.42622852473380574,0.5197389351909196
2526,1.0,81.0,317.0,11.94,2.5989510305590393,7,26.66,3.8206452946529534,2.5989510305590393,2.6158133,2.7162230788891,2.516412833230532
2527,0.0,0.0,334.0,0.0,,5,39.1,1.7783763770609817,1.4953664546059355,1.2236826,1.0614763276555574,0.9570445300455868
2528,4.0,223.0,283.0,19.845,18.137168233775903,21,100.38,14.397921769030532,17.036392329129328,18.153772,19.578086753751688,17.998840412991363
2530,1.0,219.0,239.0,16.93,5.7476269722830455,10,39.05,7.33170551125861,5.7476269722830455,5.77418,5.802955041801646,6.293365127481025
2531,1.0,30.0,272.0,3.78,1.204381687142798,5,11.72,1.8555137634927652,1.204381687142798,1.2209977,1.247970321514999,1.0945232262882767
2532,1.0,4.0,256.0,26.5,4.62147737896365,7,35.1,7.045285670215276,4.62147737896365,4.630705,4.267906842975954,4.5127920771754
2533,3.0,474.0,726.0,23.77333333333333,7.708350897626105,18,85.84,7.810669895265965,7.045877147664214,7.8147583,7.718919019217577,7.479502116539661
2535,1.0,387.0,527.0,21.9,3.8500851475343674,10,34.25,4.283818729745434,3.8500851475343674,3.9084318,3.730354856887826,3.9124116887927505
2542,0.0,0.0,87.0,0.0,,5,3.66,2.486224496027312,2.820447678323929,2.6031282,2.404360999731452,2.210230292647636
2544,1.0,113.0,410.0,5.37,1.2009187129107302,5,11.370000000000001,0.45273906125946084,1.2009187129107302,1.19199,1.1704863992688823,1.280426571498042
2547,6.0,545.0,678.0,14.496666666666668,9.905831713612343,32,94.63,10.655863777423097,9.905831713612343,9.849886,9.691398812907181,9.667703467608295
2548,0.0,0.0,241.0,0.0,,4,7.29,0.5449136689091132,1.0625347642413732,1.0013243,0.9482385007857772,0.801206643763007
2549,1.0,158.0,168.0,16.13,6.800874166342551,7,26.97,6.9299816050348015,6.800874166342551,6.7716336,6.956942805066023,6.788589177594855
2550,1.0,6.0,191.0,7.95,2.4733777281560525,8,30.63,5.063088287377134,2.72242916970158,2.6019273,2.600940151571114,2.2361352971412947
2551,7.0,223.0,281.0,13.692857142857141,20.945823191628733,28,102.28,15.999966045902429,20.945823191628733,20.93459,20.841871393752786,20.667118721185712
2553,15.0,623.0,659.0,14.271333333333333,24.30765292552794,64,221.09,28.449032235047817,24.30765292552794,24.298172,23.660563097529455,24.995699735503223
2554,1.0,22.0,413.0,3.74,0.6489445261916096,6,26.5,0.9906424144514787,0.6489445261916096,0.65588737,0.5934338834720576,0.594222829819409
2555,0.0,0.0,532.0,0.0,,6,15.12,-2.9709653142352,0.6616955829386749,0.19817132,0.1744244210790532,0.274553626115039
2556,3.0,266.0,593.0,16.36,5.285915657221593,16,65.77000000000001,6.071167910199156,6.393344937640716,5.034824,4.779160434922717,5.357218706692552
2557,0.0,0.0,302.0,0.0,,2,10.92,-0.07902145276508454,0.809695980654187,0.70597714,0.6981321441322006,0.5151173004423111
2559,0.0,0.0,30.0,0.0,,5,14.8,4.198718160775755,4.276645059846402,4.72839,3.2890836577648637,4.020613143760862
2563,0.0,0.0,30.0,0.0,,4,9.36,3.7433060166141066,4.276645059846402,4.7126017,3.3136419006022977,4.020613143760862
2564,0.0,0.0,108.0,0.0,,5,5.21,2.308715944335637,2.32659064545856,2.533013,2.250058400148241,2.16486338100599
2566,0.0,0.0,195.0,0.0,,4,4.56,0.9870872531163775,1.0625347642413732,1.1762509,1.1980756117117408,1.0449415269693052
2568,3.0,162.0,381.0,17.94666666666667,8.456970941050214,15,59.510000000000005,8.333238173461382,8.456970941050214,8.510291,8.228927764391697,8.091454850550088
2570,10.0,604.0,666.0,13.11,15.002497362920673,47,139.64,17.666318102931225,15.002497362920673,15.005442,15.122514538622335,14.850705185098025
2571,0.0,0.0,73.0,0.0,,3,3.24,2.615387659861722,2.820447678323929,2.889003,2.309699600145311,2.8405736797263055
2572,0.0,0.0,326.0,0.0,,5,28.08,1.009656967005339,1.4953664546059355,0.67750645,0.8970346352585371,0.6230474082397324
2575,0.0,0.0,93.0,0.0,,4,12.22,3.0672405702678898,2.32659064545856,2.6275716,2.3947437699466767,2.210230292647636
2577,0.0,0.0,64.0,0.0,,3,3.5,2.765581065457006,2.820447678323929,2.889003,3.0906893590527775,2.8405736797263055
2581,0.0,0.0,249.0,0.0,,3,10.35,0.656142569438078,1.0625347642413732,0.9963541,0.9387779986706868,0.6045648474116625
2582,0.0,0.0,282.0,0.0,,7,5.76,-0.10947232749507307,0.809695980654187,0.7338481,0.6647940589543972,0.5463845331279842
2584,0.0,0.0,66.0,0.0,,3,12.18,3.4328856460613135,2.820447678323929,2.8956118,2.2926118638342063,2.8405736797263055
2586,0.0,0.0,166.0,0.0,,5,4.2,1.394173671263761,1.0625347642413732,1.3563179,1.5660489995100946,1.4169217139768397
2587,9.0,445.0,564.0,11.076666666666666,12.579765643842672,40,105.66999999999999,14.534461355394843,12.021146852092109,12.493917,12.536188086867883,12.245248664266871
2588,4.0,416.0,640.0,15.6575,7.282107648837263,22,79.64999999999999,7.939863396174432,7.282107648837263,7.2407985,7.40634244967266,7.310330579923751
2589,0.0,0.0,320.0,0.0,,4,6.86,-0.6249212885544693,0.6878891425254019,0.6267494,0.6884378291193788,0.5072296358166613
2591,0.0,0.0,297.0,0.0,,2,4.76,-0.5011329845248378,0.809695980654187,0.7143508,0.6981321441322006,0.596272633537124
2592,0.0,0.0,34.0,0.0,,5,7.38,3.5462233958949128,4.276645059846402,4.7165937,3.3061713940759683,4.020613143760862
2594,2.0,328.0,434.0,9.3,3.7771833178453758,16,30.68,4.13218685680148,3.7771833178453758,3.8117619,3.8493575654085057,3.818763957508686
2596,0.0,0.0,30.0,0.0,,5,2.08,3.1787035546475106,4.276645059846402,4.7056756,3.3061713940759683,4.020613143760862
2599,0.0,0.0,448.0,0.0,,2,5.93,-2.5774166214557264,0.562158674561362,0.35293156,0.34396453518248676,0.4324471540163728
2600,1.0,232.0,344.0,15.12,3.8258453789912688,9,19.14,4.0151616888415,3.8258453789912688,3.8302164,3.6309891439633764,4.046732902972734
2601,0.0,0.0,105.0,0.0,,2,13.35,2.9470373766114166,2.32659064545856,2.5489817,2.2404411703634657,2.17239982463805
2605,0.0,0.0,197.0,0.0,,5,23.74,2.515564505162909,1.0625347642413732,1.3635617,1.2037806748449027,1.071297573838251
2612,0.0,0.0,547.0,0.0,,6,4.56,-4.033343310305329,0.2280781283679771,0.19359535,0.1886796281615437,0.25569655306096006
2613,1.0,505.0,693.0,2.69,0.7489743048942931,7,18.080000000000002,-1.584477560701167,0.8093279417963563,0.71982604,0.7199974529309757,0.7448535070456472
2614,3.0,428.0,623.0,17.346666666666668,6.639731569394141,15,72.63,7.063619975714521,6.639731569394141,6.66551,6.802210144970767,6.937414110484673
2618,3.0,166.0,309.0,5.436666666666667,3.821155622583829,14,19.380000000000003,4.405185067069416,3.917973133166277,3.6254084,3.89166795135887,3.9774446812908684
2619,1.0,306.0,451.0,18.0,3.6027509666894533,8,23.22,3.531879477509204,3.6027509666894533,3.5475304,3.445108795910134,3.659102452122234
2621,0.0,0.0,137.0,0.0,,4,5.04,1.8591289175995769,1.0625347642413732,1.758725,1.7798510544129806,1.8593429445554133
2622,1.0,33.0,333.0,20.88,3.1681660424877434,8,31.64,5.031982319164955,3.1681660424877434,3.2169511,3.337244863047754,3.2868341510350416
2623,1.0,563.0,594.0,8.46,1.7666295977580981,9,19.96,1.1022731317701702,1.7718362630214302,1.6204517,1.6987887658992962,1.83214286115561
2625,2.0,343.0,686.0,6.6,1.7079988596501126,15,16.79,-0.9290029215912012,1.7079988596501126,1.7569871,1.7208211318699744,1.6444302903236743
2627,1.0,13.0,238.0,20.57,4.259392650907449,9,23.93,5.661750620719385,4.259392650907449,4.2537174,4.219396165325995,4.206559990082509
2628,1.0,13.0,229.0,15.79,3.565563120226992,8,46.11,6.8840564469765315,3.565563120226992,3.643129,3.36054681077625,3.8512510266050515
2629,0.0,0.0,149.0,0.0,,5,6.48,1.8213230177399047,1.0625347642413732,1.7281064,1.7797332571008189,1.6438978537672284
2632,1.0,369.0,605.0,10.35,1.766919690764702,6,17.759999999999998,0.06948673163745056,1.766919690764702,1.7633195,1.6573199254859918,1.8498375550242843
2634,2.0,39.0,353.0,9.895,2.4349312364803013,13,23.9,3.4309451410349316,2.4349312364803013,2.4254558,2.5075207823811927,2.576160194432987
2636,1.0,43.0,141.0,21.84,8.200003128619173,8,33.94,8.156221717336685,8.200003128619173,8.203583,8.442987731730982,8.153347398847881
2638,2.0,327.0,381.0,12.55,5.5182222156028375,11,33.62,5.482222355273104,4.617190649109094,5.3889728,5.503827645762618,5.290740165693674
2641,1.0,213.0,310.0,21.96,5.663643679367979,9,40.35,7.069751341403574,5.663643679367979,5.7579584,5.587095593950491,5.749461588018743
2646,5.0,84.0,213.0,10.896,11.812138498162923,21,68.43,11.661041806752511,12.044627357556598,15.305757,14.870718226286465,13.086409738467989
2647,0.0,0.0,215.0,0.0,,6,8.89,1.0852369479488173,1.0625347642413732,0.9220851,1.0262589600861776,0.9584568071103288
2648,0.0,0.0,356.0,0.0,,4,16.46,-0.37247514606103493,0.6878891425254019,0.68487847,0.396045375243124,0.609014391717067
2649,1.0,64.0,266.0,20.51,4.6591525883934235,7,31.82,6.083038683745606,4.6591525883934235,4.614537,4.727265900746295,4.70322499972365
2651,1.0,111.0,253.0,17.57,4.869967969103034,9,43.870000000000005,7.083669146853408,4.869967969103034,4.980948,5.123706090563539,5.114771101870459
2652,0.0,0.0,54.0,0.0,,4,8.37,3.319000619527361,2.820447678323929,3.4397192,3.3136419006022977,2.980605734628056
2654,1.0,24.0,358.0,20.08,2.6381792948582685,9,28.79,4.309838453052668,2.6381792948582685,2.6228755,2.6303837321321915,2.6891625444760985
2656,3.0,421.0,430.0,7.933333333333334,4.715429041007111,16,36.31,5.598899474288173,4.715429041007111,4.7343516,4.843029760926342,4.697882556624135
2657,0.0,0.0,49.0,0.0,,4,7.56,3.3259046650306665,2.820447678323929,3.6106844,3.3136419006022977,3.1038646035965094
2658,1.0,2.0,558.0,11.65,0.6997238198551079,11,18.3,-0.6452352540493713,0.6997238198551079,0.6984164,0.6823875209225525,0.7633761229396985
2660,0.0,0.0,195.0,0.0,,1,3.54,0.8477551817762552,1.0625347642413732,1.1819867,1.1980756117117408,1.0449415269693052
2662,1.0,265.0,631.0,8.82,1.3100352843670195,7,33.1,0.24703194204799273,1.3100352843670195,1.2313328,1.3943134876455867,1.2063570180158463
2663,1.0,303.0,411.0,4.78,1.5271467178434786,9,13.129999999999999,1.4595753711533215,1.5271467178434786,1.5284652,1.5038784687926972,1.5783272946492888
2664,2.0,339.0,704.0,16.765,3.6312532018263797,11,36.28,1.6971387678956535,3.6312532018263797,3.63277,3.399527395887148,3.719584110119318
2665,0.0,0.0,171.0,0.0,,5,6.7,1.5227904342790666,1.0625347642413732,1.3573346,1.5660489995100946,1.346870423555524
2667,0.0,0.0,21.0,0.0,,3,4.65,3.475776496984871,4.276645059846402,4.7285166,3.3136419006022977,4.020613143760862
2668,0.0,0.0,389.0,0.0,,4,10.25,-1.3447154932710594,0.6878891425254019,0.43943036,0.3999120331031581,0.46391668336844294
2670,1.0,460.0,731.0,25.01,3.127251727676112,9,46.63,3.099478100600617,3.127251727676112,3.1518197,3.2164043851253714,3.144549318772644
2672,0.0,0.0,540.0,0.0,,5,26.12,-2.2230291831513407,0.6616955829386749,0.2607475,0.0967968405262429,0.24678299315986774
2673,2.0,278.0,713.0,8.875,1.8329620119645238,9,40.81,0.5082731069188058,1.8329620119645238,1.8573558,1.9760735378478915,1.7178143348843369
2674,1.0,449.0,656.0,13.59,2.1178547389253346,6,27.7,0.9582650522328588,2.1178547389253346,2.14892,2.2092047174704024,2.2068611624376464
2675,0.0,0.0,190.0,0.0,,3,12.46,1.6732652139481816,1.0625347642413732,1.2672223,1.3794605939895586,1.0667096011204116
2677,3.0,447.0,499.0,13.416666666666666,6.661527784258096,16,71.27000000000001,8.296422019772859,6.172632693144507,6.3052015,6.812649720949245,6.748701780967947
2678,1.0,224.0,281.0,15.25,4.619236920199948,7,24.2,5.268808122113779,4.619236920199948,4.6127377,4.622833197409966,4.696028957536752
2680,0.0,0.0,482.0,0.0,,3,11.32,-2.614647048104982,0.4105308468223392,0.3239377,0.31876140168005423,0.29834002163556317
2682,3.0,352.0,683.0,6.449999999999999,2.205499958321651,14,32.48,1.0889698320783991,2.205499958321651,2.1419594,2.3305450281057243,2.2109111767720018
2684,0.0,0.0,654.0,0.0,,3,4.37,-5.643874868902084,0.2280781283679771,0.21002431,0.13945008849745158,0.22257286887660133
2686,0.0,0.0,261.0,0.0,,4,11.72,0.6127233816515991,0.809695980654187,0.81270456,0.7482039370401014,0.5336736317205544
2687,0.0,0.0,157.0,0.0,,6,24.3,3.1545127373922908,1.0625347642413732,1.6624037,1.7312259092339173,1.6464424915048346
2688,3.0,286.0,524.0,13.183333333333332,5.429494733216471,16,55.03,5.851871453616128,5.429494733216471,5.3974595,5.396338520236543,5.284087539910727
2689,6.0,416.0,621.0,16.2,10.806135680676185,27,113.78999999999999,12.551787441459265,10.806135680676185,10.770278,10.381622464770155,10.99742853585768
2690,3.0,456.0,495.0,11.520000000000001,5.857666056915022,16,54.370000000000005,6.776200801979963,5.857666056915022,5.974244,5.935247556357438,5.966396692202856
2692,1.0,112.0,290.0,7.98,2.319892399249794,6,11.72,2.583820040010796,2.319892399249794,2.3158362,2.436153362902088,2.201214821464837
2693,0.0,0.0,189.0,0.0,,3,10.56,1.5352761028089925,1.0625347642413732,1.2590295,1.3965483303006638,1.039765372813374
2694,0.0,0.0,381.0,0.0,,4,12.64,-1.0380893162056513,0.6878891425254019,0.4316054,0.38282429679205277,0.5598999722772318
2695,0.0,0.0,198.0,0.0,,5,3.02,0.8396597176683795,1.0625347642413732,1.1591454,1.1906051051854114,1.0449415269693052
2697,4.0,241.0,335.0,9.34,7.799094411895599,22,59.76,9.03167166227416,10.347649762495585,8.521924,7.9762714385247255,8.04538973904064
2698,0.0,0.0,320.0,0.0,,5,14.34,-0.005921896240177915,0.7496644682170794,0.5884566,0.663879586281944,0.5072296358166613
2699,0.0,0.0,542.0,0.0,,4,13.3,-3.2989853767731168,0.31599932901172306,0.24765208,0.1840958013457828,0.2654395003974459
2700,0.0,0.0,316.0,0.0,,6,22.36,0.7138662475774149,0.7496644682170794,0.5139598,0.683109633609448,0.565534414089865
2701,0.0,0.0,344.0,0.0,,3,6.38,-1.0275093560243205,0.6878891425254019,0.58374095,0.5282536947995031,0.6104104643649677
2703,0.0,0.0,107.0,0.0,,4,22.26,3.6711445823891937,2.32659064545856,2.4624906,2.199938461243414,2.163293670590753
2704,0.0,0.0,225.0,0.0,,2,7.64,0.7645661222580764,1.0625347642413732,0.90854335,1.0488935959011434,0.7663361709738563
2705,1.0,10.0,232.0,8.01,2.0642079748431237,9,42.23,5.450246088338974,2.8618406650317936,1.8312699,1.6661972366857913,1.898417167595487
2706,0.0,0.0,77.0,0.0,,4,15.96,3.5970955037718673,2.820447678323929,2.8070714,2.2926118638342063,2.4826809107669083
2708,0.0,0.0,8.0,0.0,,6,33.12,6.003149628986292,4.276645059846402,4.4124384,3.8677841592538065,3.9653781302286553
2709,1.0,242.0,474.0,20.09,3.470237996152126,7,48.620000000000005,5.212067969366258,5.106527819706615,3.8267617,3.678929518537173,3.680751408314044
2711,0.0,0.0,159.0,0.0,,4,9.48,1.8989974062976378,1.0625347642413732,1.7725495,1.7720826465602924,1.574107238971636
2712,0.0,0.0,361.0,0.0,,5,28.78,0.5627852056789466,1.6942650673324204,0.8830034,0.46875708144706457,0.5620840353265564
2715,0.0,0.0,555.0,0.0,,4,20.02,-2.946940030877645,0.31599932901172306,0.18779062,0.16655721805796,0.2408621304340821
2716,1.0,406.0,519.0,19.07,3.5265678837434375,11,38.44,4.4479447759865955,3.5265678837434375,3.458032,3.5381769261626004,3.671329244069251
2718,0.0,0.0,290.0,0.0,,4,10.64,0.10934309428832334,0.809695980654187,0.7281817,0.6981321441322006,0.5770267526313502
2723,3.0,325.0,349.0,10.43,6.94285041829373,16,55.05,8.16638971124468,6.94285041829373,6.974581,7.0585870079971125,7.421443482524398
2725,2.0,92.0,112.0,4.16,4.666233675975705,12,12.350000000000001,5.396536904484348,4.666233675975705,4.6770587,5.134716626029156,5.123239794726462
2727,0.0,0.0,62.0,0.0,,3,18.53,3.9995772954895443,2.820447678323929,3.457088,3.112864631230174,2.914798584802309
2728,0.0,0.0,49.0,0.0,,5,8.4,3.4124436025736102,2.820447678323929,3.5886369,3.3061713940759683,3.1038646035965094
2732,0.0,0.0,253.0,0.0,,2,1.7,-0.11416516572077251,0.809695980654187,0.8097903,0.7376171299023951,0.5601510146504216
2733,0.0,0.0,61.0,0.0,,3,8.32,3.195210717610913,2.820447678323929,3.4427543,3.0906893590527775,2.980605734628056
2735,2.0,99.0,333.0,5.859999999999999,2.4186262105056016,14,22.37,3.3319397499377805,2.4186262105056016,2.4025383,2.5431200261690936,2.4769816272352454
2741,0.0,0.0,736.0,0.0,,4,19.18,-5.61555205593065,0.31599932901172306,0.17091644,0.0819138247035347,0.21625074441261916
2742,2.0,318.0,683.0,4.145,1.170152356772523,10,26.02,-0.7004597502846179,1.4111499282058877,1.190565,1.0856552527227141,1.0777124413592594
2743,1.0,200.0,311.0,16.13,4.287260153120414,10,30.909999999999997,5.444103086426363,4.287260153120414,4.308504,4.323502658913948,4.411831060214875
2747,2.0,152.0,526.0,24.705,5.210318825962977,13,60.33,6.457629418313224,5.210318825962977,5.226619,5.364944946506298,5.147310598842925
2749,1.0,31.0,201.0,11.0,3.3350735361988724,10,16.4,4.35841667088061,3.3350735361988724,3.3113444,3.2956363934852098,3.514571155961856
2750,1.0,2.0,326.0,10.02,1.4953664546059355,8,28.63,3.2325206488855978,1.4953664546059355,1.5057558,1.5720687484659839,1.4639001618103995
2751,0.0,0.0,433.0,0.0,,4,5.4,-2.3659848478042456,0.562158674561362,0.3882988,0.34396453518248676,0.42880368131658475
2752,1.0,68.0,152.0,9.06,4.089893165200723,8,25.509999999999998,5.6567644843719,4.089893165200723,4.134667,4.213244893587318,4.0787794091397025
2756,4.0,584.0,652.0,16.16,8.16941003984934,21,68.56,7.7120563451285395,8.16941003984934,8.222904,8.100157100789753,7.832414064308741
2757,0.0,0.0,537.0,0.0,,3,10.88,-3.4403664360076247,0.6616955829386749,0.27519763,0.20118353765688812,0.2664645676477315
2759,2.0,216.0,424.0,18.03,6.1730582936492855,8,44.67,5.9394857610307525,6.1730582936492855,6.152989,6.22960300396482,5.870477579098344
2760,0.0,0.0,277.0,0.0,,4,2.24,-0.377421161850501,0.809695980654187,0.7745404,0.6772979684497417,0.5524287555275418
2762,4.0,402.0,440.0,15.272499999999997,10.582245633009034,22,65.33,9.546921134244059,10.582245633009034,10.548417,10.16315263429043,10.165062179722229
2769,10.0,661.0,680.0,13.09,14.915085866409134,42,159.54999999999998,19.228695357712972,14.915085866409134,14.982765,14.792131566210818,15.229854453456484
2770,1.0,63.0,417.0,20.24,2.615960355712342,9,26.529999999999998,3.4847808293611013,2.615960355712342,2.666355,2.5936813795436033,2.5840339325832082
2771,0.0,0.0,56.0,0.0,,4,1.96,2.7762407027672653,2.820447678323929,3.4328911,3.0906893590527775,2.980605734628056
2775,3.0,106.0,714.0,15.839999999999998,1.1152480745492048,21,51.83,2.4919730830452167,1.1152480745492048,1.1208494,1.3391107213141578,1.0887514923081438
2776,0.0,0.0,150.0,0.0,,2,1.72,1.3677094302934283,1.0625347642413732,1.7499309,1.7872037636271483,1.6421108979763455
2777,2.0,74.0,248.0,17.455,7.945064487648487,13,46.79,7.992725376230721,7.945064487648487,7.9001236,7.915241330822669,8.098567802405608
2779,2.0,385.0,437.0,13.21,5.240130755434523,13,36.22,5.286637161318181,5.240130755434523,5.164874,5.222199863968685,5.204906268295456
2781,0.0,0.0,559.0,0.0,,5,7.0,-4.029318347481731,0.2280781283679771,0.277407,0.17045793486680283,0.2808000612159196
2787,6.0,498.0,662.0,12.938333333333333,8.82538291176682,34,82.81,9.539973474742668,9.905831713612343,9.340529,9.274363269153612,8.389784924990272
2788,0.0,0.0,139.0,0.0,,6,7.28,2.0483699737802317,1.0625347642413732,1.736006,1.7673471449176361,1.860645282645737
2790,6.0,317.0,350.0,18.213333333333335,21.17262205645668,30,120.59,16.868572219855174,21.17262205645668,21.172699,21.269403118574786,21.496606359303875
2791,0.0,0.0,6.0,0.0,,4,6.43,3.853267289799695,4.276645059846402,4.723798,3.3136419006022977,4.020613143760862
2795,1.0,9.0,304.0,4.5,1.0228150522731139,6,12.45,1.4758463366248447,1.0228150522731139,1.037707,1.058724071910593,0.9891994418253516
2796,0.0,0.0,333.0,0.0,,3,4.36,-1.0314056348681904,0.6878891425254019,0.7462174,0.642232301943242,0.587863833448294
2797,0.0,0.0,194.0,0.0,,5,7.48,1.254792593072838,1.0625347642413732,1.1700636,1.1906051051854114,1.0449415269693052
2799,0.0,0.0,184.0,0.0,,4,3.68,1.0746073776519265,1.0625347642413732,1.2601664,1.3965483303006638,1.039765372813374
2801,0.0,0.0,89.0,0.0,,3,1.88,2.2763845158691614,2.820447678323929,2.6259696,2.4118315062577813,2.210230292647636
2802,3.0,233.0,307.0,14.729999999999999,10.069709086315305,15,57.09,9.085120462566273,6.597285598282285,9.352701,9.802799094691881,9.852614576984529
2808,0.0,0.0,216.0,0.0,,3,8.91,1.0149307360756907,1.0625347642413732,0.97840106,1.038762869581522,0.9604590770385109
2813,1.0,508.0,568.0,18.62,3.3350057823319332,8,30.5,3.4621871374802238,3.3350057823319332,3.3667796,3.2170742495950044,3.3736252726499623
2814,5.0,274.0,330.0,13.686000000000002,14.04586967408267,26,86.31,12.783885480943866,15.806373946319464,13.636471,14.64945258150775,14.933908280470435
2815,0.0,0.0,523.0,0.0,,1,2.57,-3.9439010113518194,0.5819915427067095,0.29338652,0.2981452036416381,0.24577765788356842
2817,1.0,189.0,270.0,6.01,2.340684168200797,9,25.089999999999996,4.085161853369013,2.340684168200797,2.3325946,2.1009624983669983,2.344920567418577
2818,2.0,588.0,685.0,22.395,5.897615612049645,13,51.93,5.209138397387321,5.897615612049645,5.9100614,5.82572372186882,5.861900530530916
2821,0.0,0.0,612.0,0.0,,4,3.38,-5.100477747018018,0.2280781283679771,0.21085624,0.13517018553666052,0.27855916601861885
2825,0.0,0.0,435.0,0.0,,3,30.8,-0.3770858333897382,1.0037235782329168,0.40227526,0.29618338940851047,0.45236421842624974
2826,1.0,72.0,206.0,4.42,2.0305759246778985,10,7.75,2.866583315070076,2.1425423325981665,1.9884733,1.8779233204334072,1.9765238140670967
2828,0.0,0.0,261.0,0.0,,5,21.87,1.4458296134597912,0.809695980654187,0.7083904,0.7092212719142564,0.5154310342666744
2829,2.0,314.0,477.0,9.565,3.475021721380169,11,32.11,3.504676249974289,3.475021721380169,3.6470501,3.6848953532547983,3.5208589080254424
2830,0.0,0.0,56.0,0.0,,8,24.450000000000003,4.656427853507697,2.9532235344474165,3.392823,2.7752001943292757,3.0645282450453717
2832,2.0,485.0,606.0,15.01,4.459165968662534,11,34.64,3.409871208464476,4.5417612557340705,4.3492103,4.285570457441507,4.463824674648574
2834,0.0,0.0,303.0,0.0,,2,5.16,-0.5552864204735655,0.809695980654187,0.7210503,0.6981321441322006,0.5254056825675004
2838,1.0,207.0,333.0,14.5,3.708570131182946,8,19.759999999999998,4.000812501850774,3.708570131182946,3.757975,3.745405951557878,3.6643850463791288
2840,0.0,0.0,121.0,0.0,,6,10.8,2.5893262675482154,1.0625347642413732,2.0099592,2.1210428695671117,1.895791713294967
2842,0.0,0.0,373.0,0.0,,4,6.4,-1.4235013506879435,0.6878891425254019,0.45258528,0.3999120331031581,0.487241120806857
2844,0.0,0.0,49.0,0.0,,4,7.3,3.3050553098739575,2.820447678323929,3.6106844,3.3136419006022977,3.1038646035965094
2846,3.0,586.0,654.0,12.646666666666667,5.0866475221869685,17,43.11,4.370403938549959,5.0866475221869685,5.1252623,5.1372470515081465,5.053650070439248
2848,1.0,187.0,583.0,6.86,1.0567934659089127,7,25.58,-0.3030106592486801,1.0567934659089127,1.0373722,1.0639330440410233,1.0692223187970065
2850,1.0,332.0,455.0,15.56,3.238758557915503,8,29.92,3.7926490217347655,3.238758557915503,3.2315536,3.227502503522016,3.374744052025323
2852,6.0,275.0,332.0,13.945,16.718962484938295,29,105.94,15.14240339994593,16.718962484938295,16.670677,15.912757762471369,16.75288929438969
2856,0.0,0.0,37.0,0.0,,4,31.67,5.431740140595934,4.276645059846402,4.418417,3.8895949123950215,3.8754982019269644
2857,0.0,0.0,393.0,0.0,,3,5.76,-1.7814335459225585,0.562158674561362,0.44908828,0.3999120331031581,0.4536216740730614
2858,1.0,276.0,327.0,31.5,7.868378136660291,7,46.09,8.871167644998762,7.868378136660291,7.883384,8.170525706161355,7.900037908528656
2861,1.0,653.0,670.0,8.64,1.6379221573737788,6,22.32,0.5863448202656123,1.6379221573737788,1.6326776,1.5824794250730296,1.5927491062873678
2862,6.0,348.0,369.0,7.165,8.45479617513859,25,54.55,9.807920037158333,8.45479617513859,8.501658,8.593793778700604,8.49867766399244
2863,3.0,500.0,551.0,10.06,4.75608886388653,20,47.43,5.493118685347631,4.75608886388653,4.77172,4.683548276416208,4.892502910916567
2866,0.0,0.0,272.0,0.0,,3,11.7,0.43385292992155833,0.809695980654187,0.76379865,0.6772979684497417,0.5492632476685051
2868,3.0,213.0,314.0,12.533333333333333,8.345068429284554,15,49.379999999999995,7.966754590246424,8.345068429284554,8.27431,8.37307552632433,8.342203719660349
2869,4.0,257.0,606.0,10.5,3.7204606360286254,22,65.5,5.833583895715728,3.7204606360286254,3.7777555,3.632107028861313,3.8357425135036283
2870,1.0,194.0,598.0,29.74,3.3203530536333625,6,39.15,3.77316878266942,2.756665524009189,3.4122295,3.52161007081131,3.6136889840700532
2872,0.0,0.0,391.0,0.0,,3,6.53,-1.690944256408005,0.562158674561362,0.44908828,0.3999120331031581,0.44196197772970347
2876,0.0,0.0,435.0,0.0,,4,7.8,-2.2022723840619953,0.562158674561362,0.40283114,0.34396453518248676,0.42880368131658475
2878,7.0,637.0,705.0,8.118571428571428,6.5316748867751135,31,74.05,8.852705087900384,6.5316748867751135,6.5505395,6.516788440841208,6.766860934725031
2879,0.0,0.0,370.0,0.0,,2,4.0,-1.6112012181128863,0.6878891425254019,0.45509225,0.41313311155422927,0.4780980565278412
2880,0.0,0.0,110.0,0.0,,2,3.69,2.1005458369129286,2.32659064545856,2.611245,2.2575289066745703,2.16486338100599
2882,0.0,0.0,510.0,0.0,,4,6.27,-3.4028299071645973,0.4105308468223392,0.33546978,0.2981452036416381,0.2229650430944048
2883,0.0,0.0,145.0,0.0,,5,17.5,2.7625011617136463,1.0625347642413732,1.7349719,1.7677802467668275,1.6438978537672284
2885,0.0,0.0,265.0,0.0,,3,7.94,0.23294010654342134,0.809695980654187,0.8280808,0.7352738479423097,0.5116582573433881
2886,2.0,366.0,443.0,20.98,7.786877657220501,9,55.82,7.690209492920696,7.786877657220501,7.7543564,7.578156799468389,7.568160788263576
2890,4.0,648.0,703.0,15.4,7.3724561772462724,24,79.82,8.13193052098339,7.3724561772462724,7.3680453,7.458205011182343,7.725288634059159
2893,1.0,100.0,498.0,8.5,1.190173858415951,8,17.98,0.15145170332393976,1.190173858415951,1.1918808,1.2113537340509442,1.1944194183369063
2894,0.0,0.0,412.0,0.0,,2,11.05,-1.649468502769306,0.562158674561362,0.42590815,0.35419026202725273,0.45106680859374215
2896,1.0,616.0,687.0,21.25,3.19973856616172,9,28.25,2.4608255256740574,3.19973856616172,3.1955423,3.1464880126838564,3.2412732730668856
2897,0.0,0.0,109.0,0.0,,4,24.13,3.7923564375427663,2.32659064545856,2.603971,2.148353316981789,2.2386145234423385
2901,1.0,64.0,318.0,23.8,4.315057615757403,9,26.130000000000003,5.376516724669086,3.2944912360958125,3.8970673,4.4777946557218655,4.332582319056805
2903,0.0,0.0,74.0,0.0,,3,6.55,2.8664444278122967,2.820447678323929,2.89002,2.309699600145311,2.8405736797263055
2905,2.0,318.0,340.0,14.379999999999999,6.8420478109319305,11,32.26,6.1756023289433495,6.8420478109319305,6.879264,6.77982017234969,6.459788907237928
2907,3.0,166.0,642.0,12.17,2.149549995897016,16,56.45,3.5692708871923164,1.8991720976143576,2.5582554,2.237848614064722,2.2427599609369935
2908,5.0,497.0,537.0,19.16,13.747060107375878,26,125.28,14.736639289591846,13.747060107375878,13.766664,14.420304784094165,14.379328317256725
2911,1.0,8.0,59.0,3.92,3.567705089019812,9,5.14,4.382699839878178,3.567705089019812,3.5610254,3.450377858166782,3.5829778719472647
2915,1.0,30.0,532.0,7.06,0.6616955829386749,8,15.370000000000001,-1.0735347321726652,0.6616955829386749,0.6483554,0.748340596420471,0.6596401971773984
2916,1.0,137.0,309.0,9.95,2.6802809157381104,8,15.87,3.073110422752066,2.6802809157381104,2.7575572,2.601125029003611,2.6130889270995437
2918,8.0,632.0,694.0,16.9775,15.190755420195991,44,150.66,17.330174325483743,15.190755420195991,15.201835,14.959628283309797,15.082727486345874
2919,3.0,56.0,133.0,12.13,12.864710455543701,17,40.33,9.09261117691948,12.864710455543701,12.881448,12.674868837424913,12.585730142095692
2921,9.0,597.0,711.0,10.918888888888889,10.545822470195182,38,107.86,13.245594889648231,10.545822470195182,10.560216,10.643725296236857,10.479954013516771
2924,4.0,611.0,716.0,14.995000000000001,6.977020486567899,25,83.25,8.010399596701133,7.637883217496766,7.194587,6.889806721163629,6.897413407572836
2925,0.0,0.0,440.0,0.0,,4,4.33,-2.552388891375748,0.562158674561362,0.39015836,0.34396453518248676,0.42901212799359545
2927,2.0,265.0,600.0,27.759999999999998,6.421208590699617,14,76.82,7.688308374922108,6.421208590699617,6.423076,6.829783808084038,6.7657627834603185
2929,2.0,515.0,574.0,11.5,3.769593779062161,12,32.03,3.330085054876418,3.769593779062161,3.7549515,3.693672087763345,3.807873473421818
2933,0.0,0.0,87.0,0.0,,4,6.8,2.718841072037074,2.820447678323929,2.6212506,2.4118315062577813,2.210230292647636
2936,1.0,52.0,255.0,7.14,2.0751521140431537,10,30.32,4.258284221474142,2.1310364595520457,2.091454,2.0164578928236283,1.9141046292257
2942,4.0,401.0,516.0,19.7575,11.577384606874148,19,91.1,11.084312396840012,11.577384606874148,11.541693,11.763738049629909,11.320629197159743
2946,0.0,0.0,174.0,0.0,,3,9.23,1.6441970495972955,1.0625347642413732,1.3832861,1.372671037245377,1.346870423555524
2947,4.0,236.0,313.0,11.727500000000001,10.207275367124359,22,69.18,10.412814412424172,10.207275367124359,10.231911,9.988279661031447,10.392463983313018
2951,0.0,0.0,530.0,0.0,,6,20.59,-2.503583835349362,0.5819915427067095,0.15419737,0.17158751569437647,0.22022498675386615
2952,3.0,359.0,421.0,8.96,5.221250983835791,15,41.94,6.014688167085555,5.221250983835791,5.199887,5.226417372273408,5.422196156632165
2954,0.0,0.0,290.0,0.0,,2,21.22,0.9193925046688101,0.809695980654187,0.61181706,0.6791085896224182,0.5587841551774702
2957,1.0,432.0,508.0,20.41,3.885695200457782,8,54.61,6.153187387883128,3.885695200457782,3.972965,4.289682138036445,4.193485417717055
2958,0.0,0.0,362.0,0.0,,5,2.09,-1.5918528521446405,0.7496644682170794,0.59528446,0.40566260502789986,0.5020504341851026
2961,2.0,281.0,532.0,14.905,4.354762106514942,11,44.03,4.260834313629117,4.354762106514942,4.4150653,4.495579073940534,4.483812626193332
2963,2.0,486.0,508.0,9.695,3.623877988065264,13,27.009999999999998,3.508392471387636,3.623877988065264,3.5764408,3.415909970310851,3.6632404426754865
2965,0.0,0.0,352.0,0.0,,3,1.17,-1.5602708467125002,0.6878891425254019,0.6343352,0.41313311155422927,0.6224181718835835
2966,2.0,455.0,532.0,8.9,3.189663183313715,11,20.310000000000002,2.332502695439934,3.189663183313715,3.1775343,3.150397035721254,3.159886671715788
2967,0.0,0.0,312.0,0.0,,3,7.68,-0.46337262312584304,0.6878891425254019,0.7496048,0.6918243511557449,0.6258212820310591
2968,1.0,520.0,677.0,5.11,1.0792358118599112,6,10.870000000000001,-1.5445460310603787,1.0792358118599112,1.0924116,1.1127302563858839,1.081179964859273
2970,0.0,0.0,263.0,0.0,,7,5.67,0.1563702500645947,0.809695980654187,0.765467,0.7357000275447569,0.5347147738154998
2973,1.0,142.0,255.0,15.16,4.530428688680848,8,24.130000000000003,5.261271908844847,4.530428688680848,4.4988666,4.282814044707847,4.560487280511554
2974,1.0,155.0,291.0,10.92,3.153234883823568,6,18.58,3.7299005417482545,3.153234883823568,3.1754124,3.0376715044553206,3.12027461316331
2976,0.0,0.0,489.0,0.0,,5,4.03,-3.2614728540444604,0.4105308468223392,0.39314985,0.2906746971153087,0.21522331250812865
2977,2.0,168.0,648.0,14.325,2.3315389311349466,13,38.91,1.613941519284055,2.3315389311349466,2.3633168,2.5779462215450533,2.533067425332673
2981,5.0,178.0,620.0,12.596,1.8336291571388803,23,78.52,7.3344677377214715,1.875519175915799,2.6853838,2.19194540604935,3.0337584267195217
2984,1.0,60.0,117.0,11.26,5.646876670286562,5,17.88,5.7598361902534165,5.646876670286562,5.660815,5.558872473150016,5.690907787249914
2986,3.0,72.0,351.0,17.746666666666666,5.922091195488809,17,75.34,9.624759578178065,5.922091195488809,5.9122877,5.804992057962641,6.21600266883676
2988,0.0,0.0,217.0,0.0,,3,10.17,1.1015983575983643,1.0625347642413732,0.9674015,1.038762869581522,0.9604590770385109
2990,1.0,213.0,249.0,18.46,5.9406099489442745,9,25.85,6.295663674078092,5.9406099489442745,5.922304,5.864646632913823,6.013085357274119
2994,0.0,0.0,150.0,0.0,,3,15.21,2.46864968603781,1.0625347642413732,1.7568609,1.770116027316043,1.6421108979763455
2996,1.0,315.0,681.0,18.32,2.2543478508689323,12,29.3,0.8772600338774894,2.2543478508689323,2.3296485,2.2038813567867606,2.1903849480159705
2997,0.0,0.0,722.0,0.0,,6,17.57,-5.505096857166881,0.31599932901172306,0.14139539,0.020020745727003186,0.21679639999677747
2998,10.0,272.0,347.0,17.212,30.875637348134752,61,183.1,25.02884296806362,30.875637348134752,30.906073,32.27188874313452,30.782351192806168
3000,4.0,170.0,646.0,12.385,1.875519175915799,21,61.41,4.7688684710078055,1.875519175915799,1.9049622,2.004634499166553,2.0123703397146047
3001,1.0,633.0,709.0,2.08,0.7036764128608499,9,46.86,1.0433755451088116,0.7036764128608499,0.69615686,0.848343624894868,0.7212445675941979
3002,1.0,8.0,125.0,15.5,5.98176532446192,10,23.0,6.500130782463637,5.98176532446192,5.985273,5.69688384140438,6.095738680504358
3003,0.0,0.0,94.0,0.0,,4,18.72,3.5741028880257835,2.32659064545856,2.577138,2.308292585541906,2.135996957698926
3004,0.0,0.0,218.0,0.0,,5,39.1,3.4454774716026066,1.0625347642413732,1.0189084,1.1703964250359566,1.3188700873791763
3010,1.0,289.0,580.0,4.1,0.934418681239408,9,18.21,-0.7219217669553277,0.934418681239408,0.9466476,0.8896880614162064,0.9129147294927922
3011,0.0,0.0,602.0,0.0,,4,3.69,-4.931903288886601,0.2280781283679771,0.1437779,0.13517018553666052,0.29645582172224927
3012,1.0,160.0,700.0,13.8,1.245283394151521,7,22.18,-1.415344740030985,1.245283394151521,1.2939676,1.1839888267797436,1.1069129043030266
3015,0.0,0.0,564.0,0.0,,6,36.89,-1.685122726113348,0.815340757509851,0.1366289,0.16802773347874927,0.3454593237073835
3016,2.0,168.0,284.0,7.345,4.018974572548279,11,30.71,5.176062006717274,4.018974572548279,4.008265,3.976731397640724,3.9193407671576783
3018,0.0,0.0,85.0,0.0,,5,12.03,3.1861564747379862,2.820447678323929,2.754919,2.3872732634203473,2.4826809107669083
3019,0.0,0.0,649.0,0.0,,4,8.95,-5.185568170613421,0.2280781283679771,0.17999312,0.11573844648054642,0.2364875417841601
3020,2.0,457.0,698.0,5.715,1.6727946244429446,12,33.22,0.5664956384745774,1.6727946244429446,1.6789958,1.7065640873105503,1.7043379860754868
3021,5.0,372.0,469.0,25.25,19.33585583054012,28,136.98,16.95696216234854,19.33585583054012,19.337656,18.44477092221359,19.251070977651523
3023,1.0,79.0,220.0,7.5,2.7009277478053066,8,12.21,3.446737535754534,2.7811638392274576,2.8987916,2.880301535602207,2.643718428794547
3024,0.0,0.0,459.0,0.0,,3,3.72,-2.893543830624747,0.562158674561362,0.3198713,0.32697623170763346,0.29457441101294
3025,4.0,346.0,377.0,6.8725,5.694338294388899,20,38.620000000000005,6.839874792395436,4.628950182535699,4.8502417,5.427057379976265,6.056924879690607
3027,0.0,0.0,625.0,0.0,,5,13.32,-4.471041674068185,0.31599932901172306,0.1747328,0.10438658131734024,0.26044743828896433
3032,3.0,152.0,317.0,17.81,10.347879227782212,18,62.449999999999996,9.480647860032935,10.347879227782212,10.306947,9.917270550426291,9.987853200263297
3033,0.0,0.0,183.0,0.0,,6,26.0,2.917174854030279,1.0625347642413732,1.400132,1.5355822063743174,1.136952155910536
3034,0.0,0.0,442.0,0.0,,3,2.6,-2.7390398977363413,0.562158674561362,0.35505217,0.34396453518248676,0.4325888997713436
3035,0.0,0.0,356.0,0.0,,2,3.66,-1.4372639032338776,0.6878891425254019,0.60621023,0.41313311155422927,0.609014391717067
3037,1.0,581.0,641.0,17.23,2.8452670339473327,6,25.53,2.1226189459142724,2.8452670339473327,2.8424466,2.8991014417982974,2.9195954174107794
3038,0.0,0.0,203.0,0.0,,3,5.56,0.9331251089421837,1.0625347642413732,1.1995792,1.0641091294534575,1.0312800720370294
3039,3.0,527.0,599.0,22.986666666666668,9.518776172882465,19,81.38,9.43474814015461,6.806584507939743,9.082572,9.706955106896743,9.342097022795286
3041,1.0,341.0,434.0,22.15,4.610004083599716,9,27.979999999999997,4.918848422753037,4.610004083599716,4.629355,4.544544076589816,4.6289110125921455
3044,0.0,0.0,199.0,0.0,,3,6.47,1.063584096630033,1.0625347642413732,1.1830035,1.1580800766083796,1.0449415269693052
3045,1.0,35.0,359.0,2.62,0.7272468615558951,6,12.809999999999999,0.5733428190171397,0.7663344441815527,0.78886986,0.6384963315213221,0.7058384612308526
3048,1.0,14.0,229.0,2.65,1.144930194585037,8,28.49,3.643679911039435,1.144930194585037,1.1301687,1.0942769430920956,1.0069201115128905
3049,0.0,0.0,671.0,0.0,,6,5.98,-5.701547339039043,0.2280781283679771,0.11642643,0.11395979462769754,0.2659968844230418
3052,0.0,0.0,652.0,0.0,,4,13.37,-4.874243816428884,0.31599932901172306,0.1643173,0.12236235218634624,0.22257286887660133
3056,2.0,36.0,226.0,9.61,4.444384181165566,11,24.7,5.228205675917332,4.444384181165566,4.532027,4.294547709235531,4.4831968811915015
3060,1.0,9.0,311.0,2.89,0.792756311337671,9,11.620000000000001,1.141746115405582,0.792756311337671,0.75614583,0.7959980427987958,0.7772365428571879
3065,6.0,379.0,429.0,14.530000000000001,14.61867701895791,32,111.33,14.804449113452947,14.61867701895791,14.608478,14.604204208100025,14.97499739580964
3066,2.0,106.0,121.0,4.96,5.14676241200776,13,19.79,6.0597837214353145,2.842104623080737,4.990592,5.8117404659054,5.396293701687109
3067,0.0,0.0,396.0,0.0,,3,4.97,-1.8878981931474694,0.562158674561362,0.44585955,0.34582933030119656,0.4536216740730614
3068,3.0,89.0,146.0,14.15333333333333,14.816450341271326,17,63.56,11.204519278864787,14.816450341271326,14.794001,15.268523829736234,14.72337646134987
3070,1.0,336.0,642.0,21.67,2.8819790592291117,9,30.090000000000003,2.008532711499041,2.8819790592291117,2.9003143,2.849925517488484,2.8490584633264464
3075,2.0,509.0,687.0,17.65,4.566553050766304,11,41.730000000000004,3.294279995189325,4.722763031605937,4.529523,4.450625269614795,4.516745745739045
3077,1.0,175.0,306.0,11.09,3.131010373950973,8,14.71,3.3592773615380613,3.131010373950973,3.1537912,3.0944738978619664,3.0584589942561813
3080,2.0,169.0,347.0,6.725,3.0666552948219126,11,18.49,3.2089493277422267,3.502217939192356,3.1810653,2.999664529896288,3.0375053753183043
3081,0.0,0.0,573.0,0.0,,2,14.82,-3.660974199731516,0.31599932901172306,0.24975042,0.1470470016068734,0.2846809502063916
3085,2.0,142.0,272.0,12.49,6.305639364085291,12,27.39,5.697640645275845,6.305639364085291,6.291492,6.013294217676298,5.864949628727994
3086,1.0,372.0,495.0,33.1,5.868494415149945,10,68.98,9.020385402214892,4.980503465542851,5.724971,5.815191349444783,6.262445403468693
3087,1.0,107.0,264.0,3.69,1.5829060142858338,8,12.87,2.466603079147279,1.204381687142798,1.408587,1.4131399355540022,1.3847942435841656
3090,0.0,0.0,211.0,0.0,,5,9.45,1.1684500135813676,1.0625347642413732,0.98310447,1.0312923630551927,0.999436982302961
3092,0.0,0.0,703.0,0.0,,4,37.65,-3.660184423254253,0.815340757509851,-0.0044636787,0.08488655217893662,0.34900688047564277
3097,3.0,453.0,736.0,22.49333333333333,7.045877147664214,18,81.93,7.077059160944047,7.045877147664214,7.0452805,6.927660837153242,6.995695910669797
3098,0.0,0.0,592.0,0.0,,5,15.81,-3.7971074852541564,0.31599932901172306,0.13134877,0.11061194269922581,0.2878715958081681
3099,2.0,444.0,532.0,11.15,3.8443720869304325,12,38.720000000000006,4.090418779202385,3.8443720869304325,3.97077,3.99995963125586,3.921042344249695
3100,1.0,453.0,503.0,8.02,1.9157551123550862,10,23.73,2.157505052005914,1.9157551123550862,1.903649,2.042448638011298,1.89001472937188
3101,3.0,86.0,665.0,4.63,0.37346066296165886,17,19.6,-1.121275082812967,0.5568467553188448,0.005641167,0.6993027496101344,0.05973974537971927
3102,1.0,347.0,398.0,11.97,3.045516725843021,6,19.26,3.288013772201091,3.045516725843021,3.021884,3.0380622480924266,3.0067661444660914
3104,1.0,94.0,113.0,14.5,7.438820262904374,7,22.23,6.8147352384101065,7.438820262904374,7.426925,7.224068282615903,7.360109528737449
3108,0.0,0.0,344.0,0.0,,5,25.81,0.5689379576446121,0.7496644682170794,0.6983691,0.4485959966571567,0.6544919323919514
3109,0.0,0.0,474.0,0.0,,10,8.49,-2.592355393775409,0.562158674561362,0.33386388,0.3062574921847098,0.2683521870239911
3111,0.0,0.0,54.0,0.0,,4,8.16,3.302160755746942,2.820447678323929,3.4397192,3.3136419006022977,2.980605734628056
3113,4.0,403.0,641.0,13.07,6.031156029272673,20,68.52,6.573253397872151,6.319630747284797,5.636088,6.259019838333998,6.015367817638805
3115,0.0,0.0,397.0,0.0,,3,15.48,-1.0594746670110968,0.6071638539809521,0.44646937,0.32874159399009123,0.4536216740730614
3116,1.0,321.0,381.0,13.71,3.4693895885096824,6,24.65,4.08596945805013,3.4693895885096824,3.4715703,3.358572161383777,3.493914713448537
3119,1.0,31.0,193.0,3.35,1.6403974123865743,9,25.48,4.11570386824952,1.6403974123865743,1.679184,1.6000331897207103,1.6357576666827018
3121,0.0,0.0,70.0,0.0,,4,11.95,3.3761352235122786,2.820447678323929,2.890605,2.2926118638342063,2.8405736797263055
3124,3.0,314.0,647.0,25.496666666666666,7.808270563015926,17,120.69,11.215957108150556,7.808270563015926,7.827736,8.009857375135654,7.948146586123098
3125,8.0,291.0,316.0,10.35625,17.167732267917323,43,100.39999999999999,16.200459413378383,17.167732267917323,17.165771,17.610430226482354,17.68697769292281
3127,0.0,0.0,494.0,0.0,,4,8.7,-2.978023647719425,0.4105308468223392,0.39751673,0.2981452036416381,0.22618741278547283
3130,3.0,592.0,631.0,13.913333333333334,5.761158530862974,17,63.540000000000006,6.543804598275321,5.761158530862974,5.7112236,5.946420785329912,6.000292717582849
3131,1.0,156.0,391.0,7.56,1.763996350261832,12,25.61,2.507736576221998,1.763996350261832,1.7607533,2.0311823360924275,1.7236029570060962
3132,0.0,0.0,712.0,0.0,,6,15.73,-5.508930528215946,0.31599932901172306,0.12486039,0.05603608298762818,0.2038585616732176
3138,2.0,206.0,247.0,22.67,12.60088863244329,12,55.02,9.990272317049701,12.60088863244329,12.553975,12.334320719866463,12.525111912800845
3139,1.0,42.0,498.0,15.64,1.4440821889665074,7,21.62,1.1493372247451088,1.4440821889665074,1.434251,1.438090663300141,1.3889754583100133
3140,0.0,0.0,107.0,0.0,,4,20.59,3.5372275704210985,2.32659064545856,2.4585264,2.246892949747764,2.163293670590753
3143,0.0,0.0,27.0,0.0,,5,4.08,3.3821978931786463,4.276645059846402,4.7056756,3.3061713940759683,4.020613143760862
3146,0.0,0.0,196.0,0.0,,4,16.43,1.9245689446878462,1.0625347642413732,1.2199309,1.1809878754006355,1.0449415269693052
3152,1.0,34.0,290.0,6.84,1.6128591591427166,10,17.53,2.6039223556858797,1.6128591591427166,1.7343831,1.733870121843193,1.6370535954517518
3153,4.0,299.0,704.0,11.835,3.521484076799119,21,68.22,5.0060134050623075,4.649228184757096,3.9889932,4.221915102050161,3.9991010457088536
3157,0.0,0.0,394.0,0.0,,3,5.76,-1.7958051070823995,0.562158674561362,0.44908828,0.34582933030119656,0.4536216740730614
3158,0.0,0.0,609.0,0.0,,4,11.28,-4.423863426084631,0.32077864027662517,0.20739575,0.13517018553666052,0.27765276760187785
3160,1.0,245.0,687.0,15.66,1.7470250817098036,6,38.1,0.6844633521922852,1.7470250817098036,1.7700613,1.8644662245376993,1.7160505307559033
3161,0.0,0.0,35.0,0.0,,4,28.2,5.182224561401072,4.276645059846402,4.685314,4.0388471726965065,4.117964910745384
3162,0.0,0.0,280.0,0.0,,2,2.88,-0.407573320556045,0.809695980654187,0.79344815,0.6772979684497417,0.5524287555275418
3163,1.0,163.0,621.0,23.56,2.3659188441529695,7,33.879999999999995,2.0330369975488094,2.3659188441529695,2.376868,2.406091929880626,2.3883307269393383
3164,0.0,0.0,484.0,0.0,,4,15.72,-2.271375446889855,0.4105308468223392,0.31933254,0.3016736653689489,0.2212398389426129
3166,0.0,0.0,184.0,0.0,,4,3.4,1.052154225944701,1.0625347642413732,1.2601664,1.3965483303006638,1.039765372813374
3168,1.0,127.0,250.0,35.25,9.337565831773658,13,49.769999999999996,10.216299323232509,8.314460715861848,9.157482,10.676969399951082,9.535161645813217
3169,0.0,0.0,195.0,0.0,,3,7.8,1.2277228118787198,1.0625347642413732,1.192905,1.1980756117117408,1.0449415269693052
3172,0.0,0.0,292.0,0.0,,3,12.47,0.20816787391959668,0.809695980654187,0.7208041,0.6810444078210952,0.6021051237798885
3174,5.0,155.0,244.0,11.894,14.166707081840729,26,68.59,11.794342773991666,14.166707081840729,14.1693535,14.574868917347423,14.364927392700483
3177,1.0,24.0,284.0,11.97,2.3538011959799143,7,32.72,4.519354397501173,2.3538011959799143,2.3480418,2.4801724665308194,2.1716639969579656
3178,0.0,0.0,457.0,0.0,,4,22.45,-1.3436657563254615,0.6489445261916096,0.19117543,0.3322422164260818,0.21227595732421367
3179,0.0,0.0,92.0,0.0,,2,8.73,2.7633906685201364,2.32659064545856,2.630097,2.4118315062577813,2.210230292647636
3180,1.0,96.0,374.0,22.62,3.7704168762225816,13,46.620000000000005,6.276147791976176,3.7704168762225816,3.834738,3.746320171896155,4.112302964242101
3185,0.0,0.0,273.0,0.0,,5,12.44,0.5171808059733465,0.809695980654187,0.7416861,0.6527397256123069,0.5492632476685051
3186,5.0,125.0,244.0,17.314,18.665738814589204,26,103.25,15.189591128460162,18.665738814589204,18.664293,18.606351309006218,19.137348021800122
3187,0.0,0.0,390.0,0.0,,2,8.93,-1.5032965916074978,0.6878891425254019,0.45346463,0.3999120331031581,0.44196197772970347
3188,0.0,0.0,454.0,0.0,,6,5.5,-2.621409684565804,0.562158674561362,0.27731293,0.33146062568714235,0.37370785165562026
3191,0.0,0.0,86.0,0.0,,4,5.86,2.6578341953226587,2.820447678323929,2.7657037,2.4118315062577813,2.4826809107669083
3192,0.0,0.0,301.0,0.0,,4,15.66,0.35380885570960885,0.809695980654187,0.637249,0.6810444078210952,0.5151173004423111
3193,0.0,0.0,431.0,0.0,,3,12.08,-1.8207531600334486,0.562158674561362,0.38472706,0.33294785881036326,0.4024845793713112
3194,0.0,0.0,208.0,0.0,,6,11.4,1.3871143431574802,1.0625347642413732,0.85975975,1.0262589600861776,0.999436982302961
3195,1.0,118.0,269.0,7.67,2.4686905659630316,9,26.21,4.089855888506393,2.4686905659630316,2.4960954,2.6604097354912675,2.4026452812134473
3196,2.0,581.0,732.0,21.295,5.233690243667192,12,53.39,4.445573074762707,5.233690243667192,5.2449865,5.177606283919056,5.154571208766088
3197,5.0,447.0,724.0,10.98,5.347125473632568,24,89.46000000000001,7.76481454831876,5.347125473632568,5.3658867,4.974409744766285,5.6109477675877395
3198,1.0,370.0,395.0,11.6,3.039063223912908,9,28.020000000000003,4.146747661068655,3.039063223912908,2.9557507,3.2153592439928462,2.925519203833677
3199,0.0,0.0,496.0,0.0,,4,3.19,-3.4486127197062952,0.4105308468223392,0.37041754,0.2981452036416381,0.22618741278547283
3201,1.0,569.0,617.0,6.13,1.3707109361801637,8,26.13,0.9504170499951652,1.3707109361801637,1.3521224,1.3377641761134935,1.4083709452533553
3202,0.0,0.0,651.0,0.0,,5,5.98,-5.433295598263478,0.2280781283679771,0.18016735,0.12422464274985119,0.23349698423491017
3204,1.0,30.0,676.0,8.06,0.4706084843664228,7,15.45,-3.016375149994304,0.4706084843664228,0.4351598,0.4763435008498259,0.5407744987202214
3205,0.0,0.0,39.0,0.0,,4,33.06,5.51446087853712,4.276645059846402,4.453094,3.8895949123950215,3.8859104127990465
3206,1.0,186.0,232.0,5.29,2.4575177021012213,9,26.419999999999998,4.623561540301304,2.835701910759869,2.6030712,2.615906712647316,2.5183929166139367
3207,0.0,0.0,281.0,0.0,,3,16.13,0.6597498154223014,0.809695980654187,0.79029894,0.6602102321386363,0.5453433910330387
3208,0.0,0.0,441.0,0.0,,4,4.82,-2.527467437047945,0.562158674561362,0.34931642,0.34396453518248676,0.4325888997713436
3209,0.0,0.0,64.0,0.0,,4,24.05,4.4326615035335735,2.820447678323929,2.9189548,3.0839615356975725,2.9298450147569257
3210,8.0,258.0,308.0,17.695,28.842903859523588,44,158.84,21.890319173997707,28.842903859523588,28.827568,29.419109145711833,29.143133526793687
3211,1.0,444.0,665.0,14.36,2.1697330670071455,3,15.6,-0.11486002784971605,2.1697330670071455,2.1772058,2.2540142835197585,2.150472579302707
3213,2.0,211.0,595.0,12.545,2.7894197004160484,13,39.519999999999996,2.376796506459036,2.7894197004160484,2.8270557,2.7339935537866182,2.965324724484992
3216,0.0,0.0,547.0,0.0,,3,6.34,-3.948143864573196,0.2280781283679771,0.26653713,0.20118353765688812,0.25569655306096006
3218,2.0,325.0,614.0,9.075,2.503955419856721,12,24.189999999999998,0.902801029231739,2.503955419856721,2.5208464,2.4218619782910586,2.3939985638485908
3219,0.0,0.0,359.0,0.0,,3,8.39,-1.0819012200950757,0.6878891425254019,0.6232911,0.41313311155422927,0.5268584044415681
3222,0.0,0.0,544.0,0.0,,5,15.18,-3.1577921409230187,0.31599932901172306,0.24688329,0.1766252948194534,0.2654395003974459
3223,0.0,0.0,229.0,0.0,,6,21.48,1.8936250202609248,1.0625347642413732,0.6830687,1.0021612079902258,0.7923294689533202
3225,6.0,304.0,337.0,9.435,11.583665649442997,33,75.03999999999999,12.175747873170284,11.583665649442997,11.625112,12.002848447370805,12.02865374466682
3226,1.0,30.0,177.0,19.97,6.053252826684007,10,35.0,7.4408790874496695,6.053252826684007,6.0698996,5.761985661661624,5.614804211429523
3228,0.0,0.0,216.0,0.0,,5,29.17,2.677935606591042,1.0625347642413732,0.9844271,1.0297231704258087,0.9989338194800954
3229,0.0,0.0,345.0,0.0,,3,1.46,-1.4364148686111253,0.6878891425254019,0.5805122,0.5282536947995031,0.6294858640362619
3231,4.0,415.0,493.0,13.365,8.43515870889066,22,74.44,9.310392472530914,8.43515870889066,8.470637,8.468719383483407,8.772784541221036
3233,3.0,223.0,422.0,11.526666666666666,5.689407247391544,23,42.75,5.94265659204802,5.689407247391544,5.6020837,5.896004738656431,5.703622322662626
3234,6.0,193.0,342.0,11.891666666666666,11.834844308735715,28,80.57,12.276584397979658,11.834844308735715,11.851485,11.70609937849767,11.917340517468336
3236,1.0,196.0,618.0,20.02,2.2524903174720956,12,29.59,1.4882751834570072,2.2524903174720956,2.2039993,2.120523674567569,2.206061626144481
3238,0.0,0.0,191.0,0.0,,5,11.02,1.581779265993714,1.0625347642413732,1.2470819,1.3890778237743344,1.0667096011204116
3239,6.0,677.0,697.0,14.831666666666669,10.323481119295373,33,112.75,12.51700386929399,10.323481119295373,10.3730545,10.32123375726145,10.427287487699058
3242,3.0,682.0,710.0,13.723333333333334,5.183229511140115,14,44.8,4.241167628893283,5.183229511140115,5.2358756,5.170843733236948,5.083047362756301
3243,4.0,466.0,623.0,17.2525,8.636285194805371,21,74.63,8.2178938434006,8.636285194805371,8.537201,8.609993613352067,8.404438930688682
3244,1.0,70.0,197.0,26.1,7.845069599892603,7,40.59,8.585314451149241,7.845069599892603,7.8636775,8.005499373223623,7.958047141671282
3245,3.0,319.0,489.0,23.27,10.509531050894067,17,76.3,9.639881878432154,10.509531050894067,10.44779,10.460009154463808,9.942741902129626
3247,1.0,52.0,325.0,4.38,1.1575755124024503,3,6.01,0.7837806844393107,1.1575755124024503,1.1818846,1.1856352045076834,1.152892224693617
3250,2.0,339.0,627.0,15.25,3.893394704327135,13,50.050000000000004,3.735087408672979,3.893394704327135,3.9198718,3.832028529575491,3.860261818404966
3252,0.0,0.0,652.0,0.0,,3,7.26,-5.3833831450328224,0.2280781283679771,0.22144516,0.13945008849745158,0.22257286887660133
3253,2.0,134.0,585.0,10.85,1.89805684346041,12,29.7,1.1186282484101366,1.89805684346041,1.8622308,1.6557343776393614,1.9838452893628116
3256,0.0,0.0,202.0,0.0,,5,4.95,0.9369398401538178,1.0625347642413732,1.1767379,1.1506095700820502,1.0312800720370294
3258,2.0,516.0,674.0,13.620000000000001,3.7077447756090303,10,34.8,2.376945760792946,3.7077447756090303,3.676967,3.6754363688086786,3.643982033988619
3259,0.0,0.0,246.0,0.0,,2,8.1,0.4996506585632732,1.0625347642413732,1.0080152,0.9387779986706868,0.7681886392314219
3267,0.0,0.0,342.0,0.0,,4,5.7,-1.0341158340009189,0.6878891425254019,0.74256265,0.6450612562026059,0.5871800650443717
3268,0.0,0.0,196.0,0.0,,5,22.33,2.416868409511365,1.0625347642413732,1.0921987,1.2037806748449027,1.0313292172880608
3269,0.0,0.0,210.0,0.0,,5,8.65,1.118669712720565,1.0625347642413732,0.98310447,1.0312923630551927,0.999436982302961
3271,3.0,504.0,607.0,6.82,3.080265409572096,19,30.23,2.85676240945743,3.080265409572096,3.1038427,3.168515350113956,3.1889272666610977
3273,0.0,0.0,568.0,0.0,,4,33.76,-2.0319620957510205,0.815340757509851,0.24534185,0.15167546845608743,0.2741760295053046
3277,0.0,0.0,348.0,0.0,,4,8.28,-0.9134554459433897,0.6878891425254019,0.5910251,0.4570121211240654,0.6262901776956813
3278,0.0,0.0,309.0,0.0,,4,11.63,-0.08432863849811989,0.6878891425254019,0.6926701,0.7007294005314063,0.565535583640628
3279,0.0,0.0,471.0,0.0,,4,14.49,-2.1831786396686548,0.6071638539809521,0.2573412,0.30988849539652813,0.2947035211985085
3280,2.0,131.0,327.0,17.08,6.725427571841241,12,62.379999999999995,8.301751847074119,6.725427571841241,6.7311063,6.590451274600108,6.737408955559547
3282,1.0,15.0,582.0,13.56,0.815340757509851,7,36.1,0.6874120359578941,0.815340757509851,0.85063875,0.7538526173329146,0.6905373317573824
3283,0.0,0.0,476.0,0.0,,4,26.28,-1.3095983789386176,0.6489445261916096,0.33124387,0.23106269935858584,0.28047798455899997
3285,3.0,480.0,533.0,13.046666666666667,6.172632693144507,15,70.7,7.845130639400081,6.172632693144507,6.153471,6.031178821640661,6.317790823630546
3286,1.0,142.0,644.0,1.85,0.4160628614259306,5,7.51,-3.575354565946596,0.4160628614259306,0.42981693,0.36752968027098776,0.4430546977937171
3287,0.0,0.0,619.0,0.0,,5,4.66,-5.079256213482611,0.2280781283679771,0.2508557,0.12147431762844554,0.26381615820569415
3288,4.0,559.0,610.0,14.59,7.859645822848108,19,67.11,7.825595877549201,7.859645822848108,7.7877326,7.626397075092424,7.601213013873866
3289,0.0,0.0,308.0,0.0,,3,8.74,-0.3208851613091226,0.6878891425254019,0.75140685,0.7007294005314063,0.565535583640628
3291,1.0,23.0,53.0,12.96,8.555204650335838,9,20.400000000000002,7.022978562292337,8.555204650335838,8.546358,9.267014947830425,8.654791558489226
3292,0.0,0.0,248.0,0.0,,5,6.42,0.39372707326403855,1.0625347642413732,0.981403,0.9313074921443574,0.7051734104388494
3293,2.0,326.0,603.0,29.8,7.472787596695419,12,64.83000000000001,7.21412344927697,7.472787596695419,7.4665437,7.582441625385251,7.265743411573487
3295,2.0,242.0,270.0,15.9,8.692159680784632,10,46.78,8.184472517488945,8.692159680784632,8.670816,8.877665198210387,8.707735572231352
3297,0.0,0.0,637.0,0.0,,3,16.78,-4.404402569589533,0.31599932901172306,0.20727515,0.11405096218999357,0.2208815838293372
3300,2.0,129.0,642.0,16.275,2.194105449084795,11,52.6,2.8497116915065694,2.194105449084795,2.18184,2.184899105591304,2.26439671304382
3301,0.0,0.0,301.0,0.0,,4,28.08,1.3497665135801116,1.5700575856160297,0.71954036,0.9523996069591922,0.5512594116653746
3302,5.0,566.0,584.0,12.288,8.468412537990694,23,80.09,9.743324683559084,8.468412537990694,8.469054,8.28715224658001,8.742753523661124
3305,0.0,0.0,650.0,0.0,,5,6.16,-5.404489868148992,0.2280781283679771,0.18016735,0.12422464274985119,0.23349698423491017
3306,0.0,0.0,280.0,0.0,,4,41.36,2.7164902074794806,1.5700575856160297,1.2259887,1.1423933728185507,0.9104765458642401
3308,3.0,420.0,588.0,16.6,6.76705863866898,16,71.33,7.3401613598306445,6.76705863866898,6.824098,6.8571191606258655,6.985625543945617
3310,6.0,594.0,697.0,9.715000000000002,6.728152477047784,27,61.55,7.195922130756919,6.728152477047784,6.653002,6.648909853748038,6.689128941064948
3311,1.0,44.0,263.0,17.78,3.88678854096852,8,25.34,5.151839427747646,3.88678854096852,3.7496328,3.633484585596364,4.112483152694692
3313,0.0,0.0,716.0,0.0,,3,10.96,-6.006460697417205,0.32077864027662517,0.19654903,0.08554013273958115,0.19823209087979343
3316,1.0,355.0,389.0,3.75,1.4686477344918998,4,9.6,1.4955505411282746,1.4686477344918998,1.4530197,1.3961774491821728,1.475367774868248
3317,2.0,184.0,252.0,13.725,7.721058362311532,11,48.56,8.031473820793366,7.721058362311532,7.778194,7.584267225823028,8.12522930700346
3319,1.0,2.0,29.0,20.52,14.140487078009656,12,48.870000000000005,10.664635549020838,14.140487078009656,14.150738,14.323317449855653,14.193578471192387
3321,0.0,0.0,614.0,0.0,,4,6.87,-4.849358371272639,0.2280781283679771,0.21237569,0.13517018553666052,0.27853478668424003
3322,0.0,0.0,317.0,0.0,,3,28.92,1.1680015077230554,2.0877125854165453,0.87951493,0.9054672246234747,0.5462947887316432
3324,0.0,0.0,180.0,0.0,,3,14.45,1.9765585823229497,1.0625347642413732,1.238152,1.3555833009342717,1.1353069349209441
3325,1.0,87.0,245.0,17.3,4.696731320056994,6,23.94,5.393406547197949,4.696731320056994,4.748778,4.814279524960926,4.796929734944656
3327,1.0,5.0,375.0,4.79,0.764177124800877,10,22.68,1.3743150726505764,0.764177124800877,0.77239174,0.8148878997716666,0.8581910557347099
3328,4.0,561.0,616.0,14.7525,7.871574907606027,24,74.14,8.430977874417723,7.871574907606027,7.860212,7.799699543451634,8.043238635683213
3329,1.0,55.0,121.0,9.5,4.818655405441989,9,12.56,5.083757749444553,4.818655405441989,4.8821845,4.773772805327948,4.62954676622027
3330,1.0,129.0,157.0,22.2,9.031433816210185,10,37.1,8.669088907254405,9.031433816210185,9.051882,9.094999381655464,9.08882006861452
3334,4.0,618.0,714.0,12.7,6.000335242475023,25,62.98,6.126334141968118,7.3923103561396495,5.837325,6.176023184703202,6.119293086079653
3335,1.0,221.0,342.0,16.38,4.056767316967651,10,20.119999999999997,4.26607780258824,4.056767316967651,4.0684795,4.129539780698073,4.199031761274731
3336,0.0,0.0,685.0,0.0,,5,2.96,-6.164101956826024,0.2280781283679771,0.19689292,0.11379492446005157,0.26868919536229097
3338,1.0,8.0,211.0,11.42,2.9367084445564466,8,31.22,5.316108903644649,2.9367084445564466,2.868725,2.988041365665861,2.933036921238911
3342,0.0,0.0,245.0,0.0,,5,4.28,0.26523552583833965,1.0625347642413732,0.97425634,0.9313074921443574,0.7681886392314219
3345,1.0,517.0,626.0,30.16,4.591177920964878,9,50.58,5.9089852017922775,4.591177920964878,4.5912514,4.741044762147206,4.508562178344814
3349,2.0,465.0,541.0,18.005,5.842240350143431,14,59.839999999999996,6.74671066923621,5.842240350143431,5.829003,5.992407147174255,6.020840710385982
3350,1.0,89.0,576.0,17.98,1.6280750786589557,9,33.81,1.5895656571508394,1.6280750786589557,1.5144844,1.4253579694689995,1.5634452933700747
3352,1.0,63.0,595.0,20.16,1.4961267881955846,7,29.64,1.1265200468388392,1.4961267881955846,1.5909241,1.3363974437227266,1.5795012033120086
3357,0.0,0.0,251.0,0.0,,6,15.64,1.1091420819937063,1.0625347642413732,0.9629254,0.909186352864237,0.6045648474116625
3359,0.0,0.0,156.0,0.0,,6,12.67,2.2362766044270157,1.0625347642413732,1.6427172,1.7424910007538426,1.6421108979763455
3360,2.0,65.0,358.0,6.5649999999999995,2.0325671782802734,12,21.45,2.800335189799134,2.0325671782802734,1.9985557,1.876285760628817,2.15659722719717
3361,1.0,42.0,428.0,17.49,2.006212022369716,7,30.81,3.1502340889134657,2.006212022369716,2.045876,1.9193010873900458,2.0154614648423896
3363,1.0,243.0,340.0,34.01,7.884630924048741,9,39.4,8.382374372230478,7.884630924048741,7.83332,7.532882708526589,7.808635746785667
3365,0.0,0.0,134.0,0.0,,5,16.22,2.817945355238873,1.0625347642413732,1.7879378,1.7677802467668275,1.8593429445554133
3366,10.0,280.0,316.0,9.789,19.813488891069746,46,107.21000000000001,18.103373196272322,19.813488891069746,19.819637,19.50492913271846,19.35021077338086
3370,0.0,0.0,26.0,0.0,,4,14.76,4.233817329892823,4.276645059846402,4.745496,3.296554164291193,4.020613143760862
3371,0.0,0.0,353.0,0.0,,4,12.96,-0.6100248589218289,0.6878891425254019,0.612928,0.396045375243124,0.5977241060358445
3372,2.0,61.0,106.0,5.0600000000000005,5.331869257176936,12,23.37,6.347448293709706,5.331869257176936,5.3050756,5.424351644468592,5.707182126799938
3373,1.0,5.0,684.0,19.32,0.7359534699316206,12,46.44,0.903070740191569,0.7359534699316206,0.71380275,0.7696897630725533,0.5962958488510193
3377,1.0,86.0,243.0,31.14,7.862748634773562,7,42.18,8.829023460732323,7.862748634773562,7.7518363,7.948370718486373,7.6104810761900925
3386,1.0,62.0,733.0,5.16,0.37575080423299856,6,19.939999999999998,-3.749867635279653,0.37575080423299856,0.372151,0.37711032397323524,0.34597776398763447
3387,0.0,0.0,585.0,0.0,,5,30.89,-2.487243958046121,0.815340757509851,0.22923739,0.0580781512434838,0.31859622390948683
3388,5.0,672.0,704.0,10.356,6.180254134562743,21,55.879999999999995,6.263688485165557,6.180254134562743,6.156671,6.160359384816759,6.009060840594156
3390,4.0,227.0,360.0,9.5875,7.278983377216214,17,55.510000000000005,8.204930933982785,7.278983377216214,7.2902513,7.294175894541251,7.179809119018431
3395,0.0,0.0,72.0,0.0,,4,13.8,3.4957432821153356,2.820447678323929,2.890605,2.2926118638342063,2.8405736797263055
3396,2.0,163.0,350.0,8.97,3.799429126608247,13,21.880000000000003,3.761087614669063,3.799429126608247,3.7815852,3.5332023793046328,3.7422631380336036
3397,5.0,465.0,644.0,14.418000000000001,8.436841379123702,23,86.85,9.249321054812722,8.436841379123702,8.457948,8.295861192665228,8.393109003240731
3399,0.0,0.0,169.0,0.0,,2,6.19,1.4530982972967879,1.0625347642413732,1.380176,1.573519506036424,1.4169217139768397
3401,2.0,253.0,624.0,22.869999999999997,4.941903728172024,13,65.96,5.715609809046696,4.941903728172024,5.0002527,4.985425700340303,4.9978157511339365
3404,0.0,0.0,518.0,0.0,,4,8.91,-3.3061012517752033,0.5819915427067095,0.29655468,0.2981452036416381,0.21822600329448694
3406,3.0,269.0,336.0,7.333333333333333,5.106202211970347,13,37.44,6.190750054450452,5.106202211970347,5.1747932,5.288702912409697,5.21086031294325
3408,0.0,0.0,198.0,0.0,,4,31.02,3.0657954059696633,1.0625347642413732,1.4099398,1.1629075789115633,1.0614498259432663
3409,1.0,37.0,568.0,3.19,0.392823275481997,4,8.85,-2.6974274917131407,0.392823275481997,0.43475637,0.36247774906577274,0.3312631508703703
3410,1.0,9.0,142.0,15.05,5.312785958120991,6,25.85,6.349555564490631,5.312785958120991,5.2828507,5.337029144487836,5.831313839961233
3411,0.0,0.0,276.0,0.0,,2,10.38,0.25133663052686206,0.809695980654187,0.77340347,0.6772979684497417,0.5495947177878655
3412,1.0,613.0,708.0,9.52,1.6271958021838913,9,26.31,0.35397254174986914,1.7385093422697724,1.6217327,1.613205249575571,1.6710000290304814
3413,0.0,0.0,196.0,0.0,,4,3.32,0.8732803058245375,1.0625347642413732,1.1762509,1.1980756117117408,1.0449415269693052
3414,0.0,0.0,563.0,0.0,,3,10.89,-3.8132251278882476,0.32077864027662517,0.260032,0.1602823962458912,0.2569282018009904
3415,0.0,0.0,693.0,0.0,,2,5.24,-6.153780086609722,0.2280781283679771,0.20351788,0.11695245408012277,0.25513422690015997
3416,0.0,0.0,360.0,0.0,,4,20.18,-0.13165523230440535,0.6878891425254019,0.58519906,0.4019944223797397,0.4898959084080019
3417,0.0,0.0,317.0,0.0,,2,2.85,-0.9417267782959584,0.6878891425254019,0.7988024,0.6918243511557449,0.48971181629371774
3418,2.0,252.0,635.0,29.63,6.1211128821272744,13,76.66,7.35343055280083,6.1211128821272744,6.1127453,5.9797614856184085,6.235133397521692
3419,1.0,2.0,238.0,13.73,2.8618406650317936,10,38.370000000000005,5.833906338784275,2.8618406650317936,2.873504,2.948202760498732,2.9930563785151376
3422,4.0,334.0,381.0,12.67,9.809904639647842,24,57.68,9.13992857676547,9.809904639647842,9.782572,9.91182065524394,9.598104895370707
3423,0.0,0.0,397.0,0.0,,4,7.8,-1.6561530599880152,0.562158674561362,0.45465618,0.34582933030119656,0.4536216740730614
3424,1.0,42.0,263.0,3.47,1.2648192522835318,7,5.5600000000000005,1.541958365745892,1.2648192522835318,1.2850617,1.2292148157704887,1.1274950075091539
3425,0.0,0.0,312.0,0.0,,3,7.33,-0.4914390627598748,0.6878891425254019,0.7496048,0.6918243511557449,0.6258212820310591
3426,0.0,0.0,552.0,0.0,,5,6.84,-3.9415477917669683,0.2280781283679771,0.26547438,0.17617444784273595,0.26331711910523214
3434,0.0,0.0,526.0,0.0,,6,41.69,-0.7540922299155017,0.815340757509851,0.3609325,0.03853919429416672,0.2940284921130356
3435,1.0,288.0,361.0,22.51,5.380046024842774,11,31.480000000000004,6.0901490502281135,5.380046024842774,5.3638196,5.325790862318002,5.430547530371024
3436,0.0,0.0,274.0,0.0,,5,6.72,0.04412343136589847,0.809695980654187,0.7592592,0.6698274619234122,0.5495947177878655
3437,1.0,248.0,433.0,6.35,1.621315383933892,9,14.99,1.2550938129755171,1.4833981223015535,1.9119338,1.6344333660292336,1.6367377877907856
3438,0.0,0.0,570.0,0.0,,5,6.44,-4.23231182365444,0.2280781283679771,0.26853013,0.16839577642952525,0.2569282018009904
3439,1.0,84.0,166.0,6.65,3.1978365268994313,5,13.48,4.171895846564724,3.1978365268994313,3.1776628,3.048056484905682,3.1413567605155723
3440,5.0,189.0,276.0,11.152,12.51985107056937,25,72.02,11.645347506484963,12.51985107056937,12.585273,12.6299530810458,12.628621111746174
3441,1.0,60.0,253.0,5.34,1.7884277934955648,5,18.46,3.026396154824583,1.7884277934955648,1.7839627,1.6822062532012194,1.6732578491729289
3442,1.0,224.0,415.0,11.03,2.4278167714048156,8,45.88,4.512324817425471,2.4278167714048156,2.5649388,1.989871621850789,2.372092168471179
3446,2.0,524.0,707.0,11.105,2.954867358638256,9,35.27,1.6078200465556307,3.036717007264736,3.0937903,3.161076898058523,2.939594243234544
3448,2.0,84.0,112.0,11.1,10.05351554850395,14,35.88,8.252108376447774,10.68336966722174,9.834031,10.189042082505628,10.502048625032806
3449,0.0,0.0,105.0,0.0,,5,7.26,2.516219774243063,2.32659064545856,2.5439315,2.250058400148241,2.17239982463805
3450,0.0,0.0,185.0,0.0,,4,3.08,1.012121919976602,1.0625347642413732,1.2601664,1.3965483303006638,1.039765372813374
3452,0.0,0.0,644.0,0.0,,3,12.56,-4.843404569867322,0.32077864027662517,0.20857522,0.11573974020843694,0.24101865101757447
3454,0.0,0.0,194.0,0.0,,4,22.41,2.432847235611846,1.0625347642413732,1.0875257,1.211251181371232,1.0313292172880608
3455,0.0,0.0,348.0,0.0,,3,8.0,-0.9550880800718824,0.6878891425254019,0.6008512,0.4570121211240654,0.6262901776956813
3457,0.0,0.0,90.0,0.0,,5,21.49,3.8728944373328975,2.820447678323929,2.5400982,2.325459935421067,2.20112413860034
3458,0.0,0.0,734.0,0.0,,5,6.66,-6.571606091812783,0.2280781283679771,0.23481356,0.08352347265884028,0.21679639999677747
3462,1.0,58.0,616.0,5.38,0.51495766246094,8,9.870000000000001,-2.825517872799119,0.51495766246094,0.5333861,0.5966748729768294,0.5615546913425851
3463,4.0,637.0,703.0,14.3325,6.868884583133231,19,62.37,6.436607831279411,5.196644014946645,6.2092357,6.483443811034079,6.468917999705498
3466,0.0,0.0,457.0,0.0,,3,17.7,-1.7437469194943036,0.6071638539809521,0.26258135,0.32687679887138144,0.2834388774574643
3468,2.0,278.0,318.0,15.69,7.669833062790607,11,47.84,7.737339708506732,7.669833062790607,7.8089237,7.769353524560709,7.818111349867125
3469,2.0,332.0,587.0,10.855,3.109588941383552,10,26.46,1.7153162441490086,2.503955419856721,2.994578,3.0608620868572487,3.1337799254135317
3470,1.0,523.0,670.0,16.01,2.47613492699697,11,20.6,0.9659554562641421,2.47613492699697,2.4897752,2.3981835074620244,2.466145336827552
3471,0.0,0.0,493.0,0.0,,5,24.19,-1.7023321757635896,0.4105308468223392,0.42781317,0.2406306164078748,0.19747876460515723
3473,0.0,0.0,532.0,0.0,,3,12.16,-3.2658656509753854,0.6616955829386749,0.2834056,0.18692833057439762,0.274553626115039
3476,5.0,486.0,651.0,20.808,12.059195875497554,30,109.82,12.113770321477446,12.059195875497554,12.076848,12.262772888476297,12.108737817302565
3478,0.0,0.0,409.0,0.0,,5,29.43,-0.07492634210167592,1.0037235782329168,0.44659406,0.2518317746440356,0.4472043060972748
3480,1.0,264.0,701.0,5.06,0.786216227079201,8,29.5,-1.5573942443894895,0.786216227079201,0.7241459,0.8198913452072643,0.7170906937057682
3485,0.0,0.0,111.0,0.0,,5,3.84,2.1557411971457587,2.32659064545856,2.5884035,2.250058400148241,2.16486338100599
3486,0.0,0.0,69.0,0.0,,5,7.45,3.0488320432272635,2.820447678323929,2.8770804,2.3022290936189815,2.8405736797263055
3487,1.0,53.0,354.0,21.2,3.258730028254189,9,28.43,4.629789878553689,2.522812493062666,3.3485827,2.8163484230519584,3.519708194881728
3489,0.0,0.0,170.0,0.0,,5,4.1,1.3286684438718144,1.0625347642413732,1.3563179,1.5660489995100946,1.4169217139768397
3490,1.0,305.0,726.0,16.19,1.8384731033875934,8,39.32,0.6137293097000649,1.8384731033875934,1.8245881,1.8134717902161082,1.694038298180712
3491,6.0,508.0,676.0,9.943333333333333,6.747237209801417,28,73.29,8.089310167289057,6.747237209801417,6.8047357,6.9113039932706055,6.7433332814281775
3495,8.0,246.0,288.0,18.475,31.62273564972591,49,151.7,21.753912998380578,31.62273564972591,31.64491,31.7458061766438,31.499368530831543
3497,6.0,636.0,698.0,12.211666666666666,8.473102972671676,27,78.31,9.069407389715181,8.473102972671676,8.434978,8.302865884813897,8.323702474341875
3499,0.0,0.0,388.0,0.0,,4,26.57,-0.021645946890073375,0.6878891425254019,0.51957864,0.3367125695908529,0.4473572857861159
3500,0.0,0.0,125.0,0.0,,5,16.37,2.959317879806318,1.0625347642413732,2.1592371,2.1156561851312117,1.895791713294967
3501,3.0,122.0,305.0,13.823333333333332,7.860475281818767,18,59.76,8.741705722862582,7.860475281818767,7.8801913,7.9783346124551455,8.157117486354005
3503,3.0,531.0,698.0,8.159999999999998,3.1381996017416616,20,38.64,2.5552118025524,3.1381996017416616,3.1961427,3.4515595253686424,3.3432458902196944
3504,3.0,548.0,622.0,7.0566666666666675,3.1458094863828454,10,25.8,2.3514214989122704,3.1822354546315683,2.7817621,2.979915158216638,3.0375768260694205
3508,0.0,0.0,401.0,0.0,,4,9.18,-1.6029773426417702,0.562158674561362,0.45042992,0.34582933030119656,0.4642855761664135
3512,0.0,0.0,437.0,0.0,,5,18.81,-1.3289460229012944,0.6071638539809521,0.3064773,0.319406292345052,0.39093232246785803
3513,2.0,584.0,604.0,3.535,1.4636136434066052,12,19.77,1.1268809030912097,1.4636136434066052,1.4855891,1.398161039341437,1.5189949678637706
3516,0.0,0.0,40.0,0.0,,4,7.74,3.469682884423886,4.276645059846402,4.7336993,3.3136419006022977,4.020613143760862
3517,1.0,49.0,180.0,4.61,2.1984754154629247,6,18.080000000000002,3.9111718615096196,2.1984754154629247,2.0734444,2.153219476575767,2.05964342067346
3518,3.0,186.0,262.0,16.453333333333333,12.273660269924783,14,54.22,9.50372441191616,12.273660269924783,12.210518,12.100741580125321,11.809804321116642
3524,2.0,255.0,601.0,5.715,1.591145493013205,12,18.15,-0.18947621616215038,2.2429550942089875,1.6577456,1.6834488545355049,1.4759232647034901
3525,0.0,0.0,97.0,0.0,,4,9.83,2.8181006378418485,2.32659064545856,2.6100545,2.3337251846506284,2.210230292647636
3526,0.0,0.0,231.0,0.0,,3,6.82,0.6317605791491334,1.0625347642413732,0.8975192,1.046177276085085,0.7894272609239028
3527,1.0,225.0,451.0,13.2,2.541452976111518,11,23.06,2.529776597563574,2.6248776225113977,2.630643,2.5313105910413696,2.748447839583732
3528,6.0,581.0,663.0,9.768333333333333,7.096134055144956,32,70.4,8.436973824029685,7.096134055144956,7.0951953,7.084264627995931,7.0838014378104495
3529,0.0,0.0,228.0,0.0,,6,32.02,2.753197363542756,1.0625347642413732,0.8028149,1.201992683607031,0.8332121387094524
3532,1.0,172.0,191.0,13.2,5.352889137608318,11,33.58,6.862938459568335,5.352889137608318,5.3641334,5.426239980529406,5.548143241849971
3533,4.0,677.0,726.0,11.45,5.446708440890801,25,54.94,5.409871271604404,5.446708440890801,5.451155,5.4393812069792435,5.432776732470275
3537,1.0,37.0,131.0,17.28,6.976014120724358,10,25.47,6.995326740638009,6.976014120724358,6.8702455,6.776726399181886,6.795415703676907
3538,0.0,0.0,383.0,0.0,,4,20.3,-0.45257835967766535,0.6878891425254019,0.3591826,0.38877334392866847,0.5725219917888857
3539,4.0,573.0,635.0,14.5075,7.547738906065874,17,73.15,7.966047695264254,8.698848732062807,7.278036,7.742343237279294,7.494607910931149
3541,0.0,0.0,298.0,0.0,,5,26.52,1.286964548540647,0.809695980654187,0.623571,0.7780105711421315,0.5973100895768804
3542,0.0,0.0,217.0,0.0,,3,16.22,1.5867468141294867,1.0625347642413732,0.9934143,1.0216751332704168,0.9604590770385109
3543,0.0,0.0,124.0,0.0,,6,9.02,2.403473691072757,1.0625347642413732,2.0884886,2.1040860026575303,1.895791713294967
3548,3.0,290.0,549.0,22.436666666666667,8.436130959446624,15,74.00999999999999,8.304230576679647,8.436130959446624,8.455497,8.267078594411903,8.353934938627996
3549,2.0,250.0,565.0,3.295,1.1624551001444576,6,10.75,-0.741304808417433,1.1624551001444576,1.1576991,1.3640038706924358,1.1323245736879421
3551,0.0,0.0,355.0,0.0,,4,8.69,-0.981178544776701,0.6878891425254019,0.6213033,0.41313311155422927,0.609014391717067
3552,5.0,616.0,688.0,8.46,5.1634551615319175,28,46.65,5.36235646568442,5.1634551615319175,5.15429,5.190968484414756,5.064735130346167
3553,2.0,130.0,230.0,15.265,8.603163894083224,11,48.010000000000005,8.266561760166422,8.603163894083224,8.538234,8.653607407611538,8.879796655253806
3558,0.0,0.0,124.0,0.0,,5,29.68,4.041016045334629,1.0625347642413732,2.150607,2.4117824680996023,1.9827155022853926
3559,0.0,0.0,420.0,0.0,,4,4.37,-2.2617500750778836,0.562158674561362,0.37747753,0.34634468091155396,0.42668338342156265
3560,2.0,152.0,338.0,18.205,7.192984118889106,13,44.81,7.008650337967044,7.192984118889106,7.365909,7.342959416263896,6.8832379336883704
3561,0.0,0.0,253.0,0.0,,5,11.93,0.7637152171320176,0.809695980654187,0.78080505,0.7130588870649603,0.5601510146504216
3563,0.0,0.0,516.0,0.0,,3,1.02,-3.929235351055392,0.5819915427067095,0.29338652,0.2981452036416381,0.22249893003360288
3564,1.0,377.0,555.0,8.55,1.7118472594029348,5,20.130000000000003,0.7452527760375673,1.7118472594029348,1.7147925,1.7522182903785022,1.6624038683566198
3567,14.0,691.0,712.0,8.947857142857142,13.590692892559648,60,141.88,20.118675236098227,13.590692892559648,13.596724,13.705148970789915,13.593698783186563
3571,1.0,43.0,100.0,11.34,6.014835017798917,10,15.28,5.823471311246278,6.014835017798917,6.0207806,5.869054510581822,5.868964964755147
3577,1.0,523.0,588.0,7.96,1.6794791053884475,8,25.95,1.39349968378164,1.6794791053884475,1.6971257,1.7340187388102182,1.7497371062367169
3580,0.0,0.0,248.0,0.0,,3,10.73,0.7009862650577259,1.0625347642413732,0.9963541,0.9387779986706868,0.7051734104388494
3583,0.0,0.0,162.0,0.0,,2,4.28,1.4005366548413907,1.0625347642413732,1.3791592,1.6950412454958932,1.5270496043139596
3584,5.0,252.0,326.0,12.922,13.21540024802744,21,66.42999999999999,10.94223169542283,13.21540024802744,13.099801,13.337406386534116,12.420004194742216
3585,0.0,0.0,34.0,0.0,,3,6.26,3.4180518242234768,4.276645059846402,4.729533,3.3136419006022977,4.020613143760862
3586,1.0,358.0,659.0,22.43,2.944317636784754,9,38.53,2.6495294481989236,2.9091830499500215,2.7551928,3.2213025852972934,2.9525123555507196
3587,2.0,180.0,468.0,8.915,2.735802423235767,11,22.61,2.156994003458114,2.735802423235767,2.7967641,2.892509440537356,2.888366697435934
3588,0.0,0.0,74.0,0.0,,4,4.56,2.7260461534572107,2.820447678323929,2.8832672,2.309699600145311,2.8405736797263055
3589,3.0,493.0,521.0,20.233333333333334,9.532565939973528,18,67.0,8.84104791301088,7.266415755355101,8.61237,8.876072383432989,8.958217316403394
3592,0.0,0.0,237.0,0.0,,2,11.8,0.925697070847328,1.0625347642413732,0.8964888,1.0290895397739797,0.789353325691664
3593,3.0,623.0,717.0,7.863333333333333,3.0650901867016525,21,33.53,2.2790236913466724,3.0650901867016525,3.0671916,3.0022517068226007,3.081174380629546
3594,0.0,0.0,64.0,0.0,,4,27.66,4.722146780901731,2.820447678323929,2.8726363,3.8606813532452047,2.932878718872246
3596,0.0,0.0,336.0,0.0,,5,9.29,-0.6408255038029602,0.7496644682170794,0.7050702,0.6347617954169126,0.5945219318572175
3598,0.0,0.0,252.0,0.0,,4,11.09,0.6915478407489162,0.809695980654187,0.7998829,0.9387779986706868,0.572118818307267
3599,2.0,439.0,701.0,4.42,1.357373187952865,12,13.67,-1.308791046260878,2.05010919618407,1.3524792,1.1655460409835523,1.1477778857031673
3600,1.0,2.0,198.0,5.36,1.8058965208122304,7,17.6,3.518669523281668,1.9237615127827108,1.7393404,1.7111887870537128,1.6780925977104149
3601,4.0,249.0,271.0,5.762499999999999,6.120080993943809,17,40.33,7.835948904839706,6.120080993943809,6.122206,6.521491803752873,6.416475386047072
3602,8.0,296.0,317.0,12.712499999999999,20.909431061828407,36,122.22999999999999,18.154210007253834,20.909431061828407,20.914131,21.518509443694423,21.241941234438137
3604,0.0,0.0,307.0,0.0,,3,5.59,-0.5591115568555676,1.0228150522731139,0.74366593,0.7007294005314063,0.565535583640628
3605,0.0,0.0,596.0,0.0,,1,6.57,-4.672265665917034,0.2280781283679771,0.15574321,0.13517018553666052,0.2878715958081681
3608,4.0,175.0,246.0,14.905,14.86331089605557,19,69.78999999999999,11.525790769100652,14.86331089605557,14.85385,14.929220345715112,14.64711775226633
3610,0.0,0.0,284.0,0.0,,3,28.55,1.6125927898132804,1.5700575856160297,0.8692986,0.9117750175999305,0.5852409077243097
3611,0.0,0.0,536.0,0.0,,4,10.95,-3.401202104499709,0.6616955829386749,0.27216285,0.20118353765688812,0.2664645676477315
3612,0.0,0.0,641.0,0.0,,5,9.96,-4.970424473112357,0.2280781283679771,0.20292348,0.12366819197476948,0.2284722611770169
3613,1.0,331.0,348.0,20.29,5.257506729731384,9,28.299999999999997,5.874514558261602,5.257506729731384,5.2596064,5.051470070448526,5.336941524077991
3615,0.0,0.0,350.0,0.0,,4,13.1,-0.5556835995886917,0.6878891425254019,0.6161778,0.43992438481296003,0.6378977268835806
3616,0.0,0.0,182.0,0.0,,6,22.56,2.6556934085013495,1.0625347642413732,1.0508116,1.374406075107529,1.1186130767196838
3620,0.0,0.0,506.0,0.0,,4,20.52,-2.202638620282504,0.4105308468223392,0.22226554,0.27822056194585604,0.14010927769027948
3625,0.0,0.0,220.0,0.0,,3,15.18,1.460234710023124,1.0625347642413732,0.98523635,1.0216751332704168,0.9604590770385109
3626,0.0,0.0,70.0,0.0,,4,14.58,3.587034469905147,2.820447678323929,2.905982,2.2926118638342063,2.8405736797263055
3627,0.0,0.0,474.0,0.0,,5,27.08,-1.1975239121770223,0.6489445261916096,0.33630037,0.1987171090660755,0.279739123806686
3630,2.0,39.0,51.0,14.045,16.337473959723077,12,36.849999999999994,9.369064439816235,16.337473959723077,16.346958,15.633818598867121,15.982736036967049
3633,0.0,0.0,54.0,0.0,,4,11.35,3.5579663055542614,2.820447678323929,3.4422011,3.3136419006022977,2.980605734628056
3634,0.0,0.0,220.0,0.0,,4,13.94,1.3799788063123926,1.0625347642413732,0.96589464,1.0216751332704168,0.9604590770385109
3636,0.0,0.0,324.0,0.0,,1,4.35,-0.9412224475474087,0.6878891425254019,0.65448624,0.6502376789578752,0.569161492004234
3639,0.0,0.0,364.0,0.0,,5,7.13,-1.216439243734265,0.7496644682170794,0.66853595,0.40566260502789986,0.5229811150330539
3640,0.0,0.0,422.0,0.0,,5,3.04,-2.3779661855856213,0.562158674561362,0.38215047,0.3425650885951392,0.39137908917077624
3642,0.0,0.0,155.0,0.0,,4,27.24,3.3806549877953076,1.0625347642413732,1.8351476,1.8664655979363094,1.7132316020077223
3643,2.0,175.0,236.0,6.395,4.251713716428871,7,32.17,5.806426969670501,4.251713716428871,4.257718,3.959904694798095,4.283874717740992
3644,1.0,211.0,311.0,15.97,4.308869196026488,9,31.55,5.505209169547342,4.308869196026488,4.330942,4.286771243433562,4.426416434934326
3645,0.0,0.0,192.0,0.0,,2,4.41,0.9798144976244978,1.0625347642413732,1.2740949,1.3965483303006638,1.0667096011204116
3648,0.0,0.0,73.0,0.0,,4,20.22,3.9961904136711643,2.820447678323929,2.8292754,2.2902160481732046,2.846987718273282
3650,0.0,0.0,663.0,0.0,,3,9.28,-5.379486866188954,0.2280781283679771,0.22915296,0.14205424262097896,0.2550886560834069
3652,0.0,0.0,395.0,0.0,,3,14.08,-1.1429973032275411,0.6071638539809521,0.44011247,0.32874159399009123,0.4536216740730614
3654,0.0,0.0,38.0,0.0,,5,18.56,4.385259422994051,4.276645059846402,4.618092,3.3283466662533647,3.960272193772652
3655,0.0,0.0,312.0,0.0,,6,7.95,-0.38418292243007457,0.7496644682170794,0.7064046,0.6793204416604005,0.6258212820310591
3656,4.0,259.0,259.0,11.125,11.49292529834846,20,49.480000000000004,9.593980847593972,11.49292529834846,11.524037,11.5682212787394,11.360362398566824
3658,0.0,0.0,22.0,0.0,,5,5.35,3.555896779935627,4.276645059846402,4.7056756,3.3061713940759683,4.020613143760862
3661,7.0,313.0,372.0,11.48857142857143,14.735053152950268,35,89.1,13.881671398665866,17.425835649025387,15.2931185,14.356524850609466,14.955838177244544
3663,0.0,0.0,413.0,0.0,,2,23.08,-0.6991564387937084,0.6489445261916096,0.5000044,0.3669671820800113,0.42468499038302365
3664,0.0,0.0,290.0,0.0,,2,1.7,-0.6459129286349112,0.809695980654187,0.73808914,0.6981321441322006,0.5770267526313502
3665,0.0,0.0,28.0,0.0,,3,2.18,3.1771066948772404,4.276645059846402,4.7285166,3.3136419006022977,4.020613143760862
3667,1.0,450.0,704.0,15.05,2.1143802881159,11,22.89,0.1868414903906772,2.1143802881159,2.1470613,2.144664485694437,2.215338991210066
3673,1.0,632.0,704.0,10.21,1.7385093422697724,5,27.01,0.5756414058402033,1.7385093422697724,1.7337563,1.6685020704463143,1.8254064536247263
3676,1.0,445.0,639.0,24.86,3.6117061280221288,10,32.57,3.2225406606403335,3.5737192405943734,3.5018497,3.626191107739408,3.5040777527678504
3679,0.0,0.0,523.0,0.0,,5,22.14,-2.2978681569867394,0.5819915427067095,0.22652271,0.2589327783366564,0.1844733123847062
3680,1.0,477.0,576.0,15.1,2.7173260407965643,12,25.810000000000002,2.412557620189251,2.7173260407965643,2.7885256,2.5914152085862225,2.8706928017697257
3681,2.0,238.0,512.0,23.65,6.523712040970039,14,53.96,6.420963314422123,6.523712040970039,6.564287,6.715386597674332,6.468793334708892
3682,0.0,0.0,521.0,0.0,,6,17.12,-2.6524984864253325,0.5819915427067095,0.2503199,0.26855355783518836,0.21822600329448694
3683,1.0,74.0,165.0,12.79,5.048345242055848,9,23.369999999999997,5.865543345911812,5.048345242055848,5.065749,5.1524984243648,5.228725005392354
3688,0.0,0.0,547.0,0.0,,5,13.35,-3.3476542087747667,0.31599932901172306,0.25232506,0.1766252948194534,0.25569655306096006
3689,0.0,0.0,257.0,0.0,,4,20.22,1.3518231602603115,0.809695980654187,0.7358792,0.7781075237610947,0.4989978479402444
3691,4.0,542.0,666.0,9.862499999999999,4.958581493591758,24,46.169999999999995,4.699122191918926,4.75608886388653,4.7725716,4.91323192089207,4.828216678133326
3692,8.0,598.0,668.0,12.365,11.48228302311185,36,104.14,13.018374320099738,11.48228302311185,11.431337,11.310662819215652,11.043010961562295
3693,3.0,593.0,625.0,9.423333333333334,4.08492864963143,20,49.75,4.9603810448225305,4.08492864963143,4.027707,4.075134312314239,4.2946593507607
3695,1.0,142.0,252.0,12.34,3.888481153086053,9,29.72,5.378638317745285,3.888481153086053,4.0058393,4.087239000489422,3.7013851334182677
3700,0.0,0.0,673.0,0.0,,3,16.41,-4.951449007528377,0.31599932901172306,0.17794831,0.10937596781193665,0.2659968844230418
3701,0.0,0.0,105.0,0.0,,3,6.1,2.3848406094705945,2.32659064545856,2.5568714,2.2575289066745703,2.17239982463805
3702,0.0,0.0,140.0,0.0,,4,8.21,2.070215987376855,1.0625347642413732,1.7768908,1.7798510544129806,1.860645282645737
3703,0.0,0.0,220.0,0.0,,1,6.77,0.7474792956885667,1.0625347642413732,0.9752911,1.038762869581522,0.9604590770385109
3706,5.0,513.0,638.0,4.706,3.1620244704910347,19,28.71,3.466199795026499,2.620504030585748,2.9011867,3.163971590971566,3.569431983374954
3709,1.0,317.0,420.0,4.75,1.5062470748162156,7,25.99,2.384186797136106,1.5062470748162156,1.5117275,1.5967096521668316,1.5342479674191152
3711,0.0,0.0,78.0,0.0,,3,10.42,3.119292815697797,2.820447678323929,2.746543,2.309699600145311,2.4826809107669083
3713,0.0,0.0,189.0,0.0,,3,6.0,1.16961048929132,1.0625347642413732,1.2669189,1.3965483303006638,1.039765372813374
3714,3.0,308.0,319.0,10.096666666666666,7.2101923205394405,16,39.02,7.186377808232816,7.229315568222724,7.48201,7.577370109235213,7.23323976888945
3716,3.0,305.0,630.0,22.616666666666664,7.129795132732026,16,89.07,8.461986842328972,7.129795132732026,7.1050878,7.277270213733722,7.223808762373567
3718,0.0,0.0,413.0,0.0,,5,15.66,-1.2366265117713828,0.6071638539809521,0.43535024,0.329632019189818,0.42403692470237075
3719,5.0,89.0,548.0,8.364,0.4483661837323334,24,49.72,5.0740279180787144,0.4483661837323334,0.48353335,0.6826435433367902,0.5719763681970731
3721,0.0,0.0,346.0,0.0,,1,1.97,-1.4482485825753404,0.6878891425254019,0.5805122,0.5295053122807964,0.6264998110086726
3724,0.0,0.0,60.0,0.0,,4,5.93,3.0371080734053466,2.820447678323929,3.433908,3.0906893590527775,2.980605734628056
3725,3.0,356.0,449.0,17.05333333333333,8.8223910334853,15,65.38,8.606393384852556,8.8223910334853,8.831146,8.756069023830438,8.634987394186
3727,0.0,0.0,360.0,0.0,,4,8.8,-1.04421546954807,0.6878891425254019,0.6226961,0.41313311155422927,0.4855413697457758
3728,3.0,620.0,642.0,16.41,6.649952228509958,18,58.599999999999994,6.487378350901976,6.649952228509958,6.6341867,6.646583068933225,6.676850253936876
3729,0.0,0.0,299.0,0.0,,4,19.08,0.6568011881675462,0.809695980654187,0.66750133,0.6810444078210952,0.5446380102807131
3730,1.0,24.0,326.0,5.32,1.1242139197159438,9,12.280000000000001,1.3878269609947835,1.1242139197159438,1.1463015,1.1576569845949283,1.1871805010973455
3731,0.0,0.0,44.0,0.0,,3,11.4,3.6865119261077,4.276645059846402,3.6121106,3.3136419006022977,3.1038646035965094
3735,0.0,0.0,624.0,0.0,,4,21.78,-3.797443654461297,0.31599932901172306,0.010322123,0.0972029053761227,0.21045700175730087
3738,0.0,0.0,467.0,0.0,,4,24.26,-1.3422377801021694,0.6489445261916096,0.3569038,0.2769321510001996,0.26321979660250605
3739,0.0,0.0,207.0,0.0,,3,3.59,0.7176649040769805,1.0625347642413732,1.0646154,1.038762869581522,0.9715037064813092
3742,1.0,26.0,433.0,9.52,1.1120366033789548,5,22.32,1.173380637142643,1.1120366033789548,1.1290302,1.0564818187866445,1.0525822921215457
3744,1.0,349.0,512.0,8.86,1.8764660549081524,8,17.89,1.1538537923063705,1.9203507447501154,1.8533373,1.95058203445236,1.917476338800749
3746,1.0,144.0,267.0,26.52,7.002049830633544,7,46.230000000000004,8.435061049972312,7.002049830633544,6.9701095,6.850880907196084,6.828162326435554
3747,3.0,190.0,274.0,21.213333333333335,15.056979445157369,21,101.53999999999999,13.942429841712123,15.056979445157369,15.094132,15.71496765970443,15.908430956201606
3748,2.0,163.0,254.0,14.82,8.035619514977666,18,56.44,8.823673147088336,8.035619514977666,7.8916335,8.186831991261695,8.153665160112853
3749,3.0,454.0,632.0,17.006666666666664,6.532430017910476,16,59.84,6.001611697455178,6.532430017910476,6.5052223,6.5453990285082035,6.43870483297714
3750,0.0,0.0,669.0,0.0,,6,26.1,-4.059384886900155,0.31599932901172306,0.091722295,0.08198289380216608,0.2656343520841453
3751,0.0,0.0,410.0,0.0,,3,14.62,-1.3152682137612297,0.6071638539809521,0.37391758,0.3371025257161474,0.45106680859374215
3753,7.0,296.0,351.0,18.87,24.837068930743754,43,143.01,19.60988695240917,24.837068930743754,24.865643,24.486696958974164,25.083777886232177
3755,4.0,457.0,698.0,21.3,9.093817845581308,22,103.6,10.004692783715381,9.093817845581308,9.158273,9.172417650180147,9.44996580754346
3756,1.0,17.0,77.0,8.3,5.154706117585754,6,19.64,5.881873795735195,5.154706117585754,5.0554442,5.112402695868259,4.976439168926849
3757,0.0,0.0,154.0,0.0,,1,6.99,1.7136440942937892,1.0625347642413732,1.7509477,1.7872037636271483,1.6421108979763455
3758,1.0,17.0,606.0,8.82,0.5558880347758237,9,11.99,-2.2040928747139468,0.5558880347758237,0.56096876,0.5569734070595798,0.6178147713821156
3759,1.0,374.0,496.0,13.79,2.7719650569955316,6,30.09,3.1276679063674333,2.7719650569955316,2.815282,2.8950775327966904,2.844862302457853
3760,1.0,174.0,292.0,18.6,4.954895810075048,8,52.53,7.6357067708491435,7.002049830633544,6.660667,6.376123638289873,5.822349778577905
3761,4.0,136.0,215.0,18.0525,18.973445134490568,18,75.81,12.691939326401716,18.973445134490568,18.924397,18.658474979321,18.212029151734136
3762,4.0,309.0,349.0,9.48,7.999129564591843,25,58.62,9.133070162266293,10.005646166306839,8.415403,8.334700368441899,8.348924105787956
3763,0.0,0.0,550.0,0.0,,6,18.11,-2.9898858308101914,0.31599932901172306,0.21765906,0.17159189185043838,0.25569655306096006
3768,1.0,441.0,578.0,15.31,2.677142591038212,9,30.48,2.562241118059718,2.677142591038212,2.7736046,2.745206759884624,2.7968846749214156
3771,1.0,167.0,257.0,4.7,2.0528283394947175,10,8.76,2.6964748382943107,2.0528283394947175,2.0896733,1.9582436106656014,1.7829820657890556
3773,2.0,154.0,708.0,24.09,2.93571080825511,16,57.19,3.571321337359678,2.93571080825511,2.9455402,3.110797909145977,3.133912269129413
3776,5.0,669.0,711.0,7.8759999999999994,4.7450312350471595,19,46.08,4.97910168837026,4.7450312350471595,4.7608714,4.717405143929115,4.687317939661261
3777,0.0,0.0,42.0,0.0,,5,21.42,4.557116085078488,4.276645059846402,4.5484996,3.3127069530313595,3.106678737870512
3780,0.0,0.0,41.0,0.0,,5,31.35,5.367772633569577,4.276645059846402,4.427255,3.882124405868692,3.8754982019269644
3782,0.0,0.0,626.0,0.0,,3,3.8,-5.287179358116229,0.2280781283679771,0.2220287,0.12894482415477496,0.26044743828896433
3784,0.0,0.0,166.0,0.0,,4,21.06,2.7269946809275725,1.0625347642413732,1.2966079,1.5837158470985162,1.4057635095804661
3787,3.0,422.0,575.0,14.946666666666667,6.299604081323454,16,50.96,5.672325077823795,6.299604081323454,6.247968,6.261523264052318,6.313950928120685
3790,0.0,0.0,577.0,0.0,,2,3.28,-4.643851054018676,0.2280781283679771,0.2742749,0.16413473791797872,0.28300635649647
3794,0.0,0.0,52.0,0.0,,3,20.52,4.302870663864312,2.820447678323929,3.5504062,3.335817172779694,3.106678737870512
3795,2.0,79.0,105.0,11.52,10.68336966722174,16,39.6,8.72462871859208,10.68336966722174,10.6895895,11.412769621854627,11.173664242941648
3796,0.0,0.0,174.0,0.0,,5,3.72,1.240710064772642,1.0625347642413732,1.3563179,1.3652005307190476,1.346870423555524
3797,2.0,53.0,292.0,5.88,2.3563387462504246,12,36.31,4.789036596863488,2.3563387462504246,2.2792504,2.3905475648536276,2.405104469879224
3799,2.0,52.0,727.0,13.47,0.7245491669170212,14,41.81,0.07041307944737785,0.7245491669170212,0.7235363,0.7898402277581124,0.6641452521956897
3801,0.0,0.0,635.0,0.0,,3,8.74,-5.0203856605773245,0.2280781283679771,0.21613687,0.13113869850109888,0.22853527605616542
3802,0.0,0.0,165.0,0.0,,5,15.91,2.3475681127507837,1.0625347642413732,1.3999977,1.6704830026584585,1.5270496043139596
3804,0.0,0.0,511.0,0.0,,6,8.4,-3.208038170851939,0.4105308468223392,0.28543907,0.2856412941462937,0.2229650430944048
3805,1.0,5.0,104.0,3.07,2.32659064545856,7,17.78,4.5787222059140245,2.32659064545856,2.3480728,2.408661648229745,2.382743436128072
3807,0.0,0.0,177.0,0.0,,3,11.15,1.7550468349673167,1.0625347642413732,1.4005288,1.372671037245377,1.095803224739961
3808,7.0,288.0,336.0,22.455714285714286,30.46417302382344,39,183.10999999999999,23.427016741696864,30.46417302382344,30.478376,30.23376003018509,30.55896567120118
3809,0.0,0.0,441.0,0.0,,2,7.33,-2.364549934800708,0.562158674561362,0.3695845,0.34396453518248676,0.4325888997713436
3810,0.0,0.0,150.0,0.0,,2,1.76,1.3709170233944605,1.0625347642413732,1.7499309,1.7872037636271483,1.6421108979763455
3816,2.0,109.0,580.0,15.42,2.2885710085629816,14,39.26,2.5161200771074363,2.073285442336487,2.0140853,2.3650443551123126,2.527161934200205
3817,1.0,4.0,159.0,4.29,1.9834454588330408,7,8.99,3.248859602959444,1.9834454588330408,2.0168083,2.0942570809936285,2.0621204713175167
3819,2.0,144.0,412.0,14.785,4.579119908500881,10,45.47,5.426406335583835,4.579119908500881,4.661711,4.811080066187552,4.5211863274205015
3821,0.0,0.0,56.0,0.0,,3,5.06,3.005649685675995,2.820447678323929,3.438627,3.0906893590527775,2.980605734628056
3823,2.0,45.0,260.0,12.02,4.752642621264179,13,28.090000000000003,5.427748571244454,4.752642621264179,4.7643995,4.678623056297239,4.69593363177874
3825,0.0,0.0,564.0,0.0,,5,12.78,-3.6376789501817823,0.31599932901172306,0.2642576,0.13572415340845648,0.2569282018009904
3826,8.0,636.0,646.0,11.71875,11.38765163405859,37,107.49,13.709382036163266,11.38765163405859,11.417398,11.24550058727777,11.28824944927865
3827,0.0,0.0,385.0,0.0,,5,8.28,-1.426023726436262,0.7496644682170794,0.45523882,0.3924415265768287,0.5401918503629473
3828,1.0,410.0,441.0,3.77,1.34806785436905,8,29.69,2.6951128271637566,1.34806785436905,1.370138,1.4385003854418934,1.523619532887536
3829,0.0,0.0,37.0,0.0,,4,14.66,4.0677111743819845,4.276645059846402,4.745496,3.296554164291193,4.020613143760862
3833,0.0,0.0,264.0,0.0,,6,14.26,0.811649824930154,0.809695980654187,0.69297373,0.7056822021358599,0.5116582573433881
3838,0.0,0.0,513.0,0.0,,4,9.28,-3.204573209791448,0.5819915427067095,0.29655468,0.2981452036416381,0.22249893003360288
3840,1.0,20.0,525.0,30.54,2.02986408215355,9,46.08,4.736049301048774,2.02986408215355,2.0404706,2.001530793267223,2.0155026631230584
3841,1.0,23.0,171.0,18.1,5.593935053779057,10,27.400000000000002,6.624306063564769,5.593935053779057,5.5003586,5.923577334097371,5.603844305713524
3847,0.0,0.0,78.0,0.0,,3,11.72,3.223539591481344,2.820447678323929,2.777032,2.309699600145311,2.4826809107669083
3848,0.0,0.0,112.0,0.0,,3,2.57,2.0011695901856106,2.32659064545856,2.611245,2.231025655615564,2.16486338100599
3849,0.0,0.0,721.0,0.0,,6,24.9,-4.902933860242885,0.31599932901172306,-0.013979256,0.01448514443079141,0.2113658981375437
3852,0.0,0.0,215.0,0.0,,5,16.24,1.6554526978422197,1.0625347642413732,0.97994137,1.0142046267440874,0.9584568071103288
3854,2.0,289.0,567.0,12.3,3.429609227076056,13,37.2,2.9225696017102125,3.429609227076056,3.4808853,3.3498863663500025,3.5061466612689287
3855,0.0,0.0,182.0,0.0,,4,21.28,2.514691464425785,1.0625347642413732,1.1458936,1.3869099846028736,1.1186130767196838
3856,0.0,0.0,113.0,0.0,,3,2.74,2.0004302997051555,2.32659064545856,2.611245,2.231025655615564,2.16486338100599
3857,2.0,136.0,218.0,9.065,5.76633424077582,14,34.45,6.572693939031701,5.76633424077582,5.81839,5.661661553276198,6.011323032917877
3858,8.0,221.0,243.0,10.85375,21.29980429223798,37,104.69,17.221606015376373,21.29980429223798,21.29639,20.920719102520774,21.11805359313051
3859,3.0,177.0,322.0,4.89,3.4214370225675266,16,21.28,4.384126060031731,3.4214370225675266,3.432759,3.6506715151166866,3.4100017101500097
3861,1.0,19.0,716.0,5.8,0.31074361662420313,3,12.95,-4.234811589516982,0.31074361662420313,0.3018116,0.29852506964576114,0.382056882470434
3864,8.0,192.0,246.0,15.85375,29.601377872542994,37,135.9,20.243185884944584,25.582997789393744,24.650158,24.479057241287546,27.539770872072488
3869,0.0,0.0,495.0,0.0,,5,22.12,-1.8970682410616915,0.4105308468223392,0.24403238,0.2681502666195038,0.15399995754565943
3870,5.0,319.0,333.0,17.856,18.390903661615898,29,102.3,14.871714018831117,18.390903661615898,18.440163,18.377573942656234,18.617497912690848
3871,0.0,0.0,301.0,0.0,,2,5.52,-0.49767496024459223,0.809695980654187,0.6765566,0.6981321441322006,0.5151173004423111
3873,1.0,14.0,454.0,17.8,1.551660786419253,8,25.46,2.279448056705411,1.551660786419253,1.6159242,1.5557654075600398,1.484374894364338
3875,1.0,11.0,408.0,15.71,1.623883405809251,9,38.96,3.7368926173085395,1.623883405809251,1.4894165,1.5878272728229803,1.5353394535861309
3878,7.0,419.0,529.0,14.265714285714285,13.613099989084795,33,109.18,14.078484496477827,13.613099989084795,13.625071,13.71318436414979,13.103235699005147
3879,1.0,119.0,218.0,10.05,3.6440281779454695,7,12.71,4.038385293921985,3.6440281779454695,3.633397,3.8080720195844573,3.738223077989285
3880,2.0,212.0,279.0,11.535,6.2402655389619195,10,51.97,7.722872917550018,6.2402655389619195,6.1557302,6.058047668103559,6.0672083939206285
3881,1.0,207.0,307.0,11.83,3.419628699103793,7,17.02,3.7632988921072883,3.419628699103793,3.368026,3.2944515004157093,3.3158873271669695
3882,3.0,584.0,672.0,8.823333333333332,3.577867629661699,16,32.93,2.733799267634843,3.577867629661699,3.5763688,3.463355161413248,3.5800904834193052
3888,0.0,0.0,103.0,0.0,,2,12.8,2.9316760937919066,2.32659064545856,2.5489817,2.2404411703634657,2.17239982463805
3889,2.0,43.0,376.0,12.524999999999999,2.7559500188787744,13,27.39,3.76560378073429,2.7559500188787744,2.7515204,2.6336426396615016,2.9371093855401527
3890,0.0,0.0,219.0,0.0,,5,5.52,0.7383315021262198,1.0625347642413732,0.9514329,1.0312923630551927,0.9604590770385109
3892,0.0,0.0,399.0,0.0,,2,8.06,-1.702405791993523,0.562158674561362,0.46039188,0.34582933030119656,0.4642855761664135
3893,0.0,0.0,221.0,0.0,,3,16.28,1.5340719591416687,1.0625347642413732,0.9934143,1.0216751332704168,0.9604590770385109
3897,1.0,332.0,510.0,20.25,3.563562065574078,7,31.41,3.756437053130857,3.563562065574078,3.6221166,3.548686109496805,3.656466672621625
3898,0.0,0.0,129.0,0.0,,4,20.64,3.225062716280874,1.0625347642413732,1.6845479,2.137923333839457,1.8491030786194615
3900,0.0,0.0,79.0,0.0,,3,15.18,3.4866248335607892,2.820447678323929,2.7948666,2.2926118638342063,2.4826809107669083
3901,2.0,109.0,222.0,12.49,7.173110161086512,13,36.5,7.012109517673007,7.173110161086512,7.354941,7.439683570010376,7.170832916366397
3902,1.0,20.0,303.0,9.22,1.744642074639716,8,16.37,2.5522970472781066,1.744642074639716,1.6879306,1.7232901799311555,1.6096094577968936
3903,3.0,263.0,429.0,11.763333333333334,6.050224329437813,16,41.67,5.8406384521657255,6.050224329437813,6.011835,6.054213440286898,5.794166751341301
3904,3.0,252.0,260.0,10.416666666666666,8.49149008167325,16,53.010000000000005,8.939748303704295,11.002581606892663,8.155362,8.202446514383317,9.114518625187806
3906,0.0,0.0,64.0,0.0,,5,14.12,3.6555559986235933,2.820447678323929,2.8769999,3.0661311162153435,2.8405736797263055
3909,4.0,304.0,336.0,13.31,11.28786279502879,19,67.28,10.409973577241301,11.28786279502879,11.325586,11.457606182378484,11.23988620570156
3911,1.0,112.0,420.0,2.58,0.7961617655762258,8,11.69,-0.0014445419915238844,0.7961617655762258,0.81175965,0.7282783842824082,0.769628171994869
3912,0.0,0.0,114.0,0.0,,4,24.89,3.7814429006631705,2.32659064545856,2.148775,2.167002813107438,2.0125240775057405
3916,1.0,3.0,38.0,24.44,15.393505472536077,11,43.34,10.623883868186592,15.393505472536077,15.388979,15.262275119284428,15.547944741321249
3917,0.0,0.0,249.0,0.0,,2,4.42,0.16143740978878496,1.0625347642413732,1.0032269,0.9387779986706868,0.6045648474116625
3918,0.0,0.0,628.0,0.0,,5,24.15,-3.645700525443239,0.31599932901172306,0.13502207,0.062212748638164284,0.24718120888022366
3921,4.0,585.0,647.0,16.4525,8.376003331109558,16,71.69,7.984454940878462,8.376003331109558,8.369319,8.584103122379165,8.295963181968379
3922,6.0,345.0,455.0,12.583333333333334,11.698914851846522,25,87.69,11.970944301170366,9.052360243636187,9.672226,10.438790041613565,11.214941093315705
3925,1.0,521.0,651.0,7.74,1.4727483244728465,9,22.200000000000003,0.1665623462849437,1.5695587161106133,1.5976369,1.5431188446680604,1.5003592535337358
3928,1.0,126.0,383.0,23.9,4.179431950494857,10,30.409999999999997,5.1076914499352615,4.179431950494857,4.1852093,4.2218835076719765,4.167052754368435
3929,1.0,4.0,569.0,12.96,0.7467147296171331,10,23.62,-0.20391814606335812,0.7467147296171331,0.73799604,0.7554171766146778,0.6649871364814555
3930,1.0,249.0,687.0,9.89,1.2306842391455537,7,13.88,-2.024413697234734,1.2306842391455537,1.2475938,1.1614908416776475,1.2236632732039006
3932,4.0,605.0,647.0,11.932500000000001,6.225833922632994,25,52.84,6.108497404083,6.225833922632994,6.187329,6.243263491956409,6.228050455310621
3933,1.0,37.0,177.0,18.65,5.85656756911402,7,40.12,7.642494752292755,5.85656756911402,5.9309306,5.631997669374315,5.659375755466566
3935,2.0,293.0,667.0,6.595,1.642736971751356,11,24.89,-0.3168783005804663,1.642736971751356,1.6418401,1.733604279376429,1.5686778608952094
3936,2.0,469.0,550.0,6.59,2.4321086618998082,12,35.81,3.0791122601704326,2.4321086618998082,2.4308689,2.4548219968441733,2.4298430434163043
3937,1.0,363.0,585.0,6.43,1.3115081366277603,7,11.129999999999999,-0.7300884745711516,1.1081246904493842,1.3769002,1.2814923563464586,1.29580511666118
3938,2.0,682.0,716.0,9.375,2.6727098643529095,14,33.29,1.9108478479138862,2.6727098643529095,2.6561823,2.730513224025135,2.6355417638346315
3939,0.0,0.0,65.0,0.0,,5,11.7,3.4471250548513024,2.820447678323929,2.875472,2.3022290936189815,2.8405736797263055
3941,3.0,271.0,333.0,11.32,7.568791269450445,13,52.98,8.045192653036072,7.568791269450445,7.5998626,7.6214151552250975,7.706809508231579
3942,1.0,68.0,650.0,26.68,1.6827619128485733,10,45.3,2.5817761153569747,0.9439890257732626,1.5822487,1.3604932595494368,1.6495199732806993
3945,0.0,0.0,527.0,0.0,,6,12.31,-3.1244409237835056,0.5819915427067095,0.20361304,0.26855355783518836,0.2395023081368146
3946,1.0,260.0,483.0,4.26,1.145877577502825,7,16.79,0.40702634418007033,1.145877577502825,1.138209,1.2463142760280126,1.0624190584516464
3949,0.0,0.0,314.0,0.0,,2,8.96,-0.4086522486337625,0.6878891425254019,0.8065433,0.6918243511557449,0.5291245363303165
3950,0.0,0.0,288.0,0.0,,4,19.34,0.8357377160825132,0.809695980654187,0.6823922,0.6810444078210952,0.5503037520346812
3951,3.0,253.0,444.0,15.816666666666668,7.525535317844602,17,49.54,6.793877883857299,7.525535317844602,7.4686,7.440996465130328,7.053255089588926
3952,0.0,0.0,226.0,0.0,,3,27.75,2.3819914750634483,1.0625347642413732,0.94029355,1.087948992631021,0.8001806256428035
3953,0.0,0.0,257.0,0.0,,2,2.5,-0.10749954833949404,0.809695980654187,0.8452637,0.7892462129355844,0.5172404453941244
3957,2.0,52.0,124.0,17.09,13.215441351198391,12,57.94,10.496299253181977,13.215441351198391,13.258,13.861467534202331,13.481193238510961
3961,6.0,163.0,285.0,18.491666666666664,21.281064022895393,30,120.99,17.15578995873971,21.281064022895393,21.283546,21.037754323548548,21.33967544059123
3964,0.0,0.0,197.0,0.0,,4,4.1,0.9214568101348242,1.0625347642413732,1.1762509,1.1980756117117408,1.0449415269693052
3965,1.0,38.0,468.0,8.26,0.9576590080302632,11,19.4,0.43155226808740066,0.8467487330228165,0.8386576,0.9864701354496928,0.9893301026143346
3966,4.0,349.0,381.0,6.9675,5.718831178418334,20,34.53,6.481641332542315,4.628950182535699,4.739257,4.815933848701737,5.711079363602799
3968,1.0,17.0,217.0,8.89,2.4792558789095254,7,16.810000000000002,3.7443604282753142,2.4792558789095254,2.4602063,2.554423963733339,2.4340071894843756
3969,2.0,295.0,441.0,22.33,7.896224321228514,16,49.97,7.24138547583335,6.247399222588495,7.2508445,7.95849492895352,7.38901547027156
3970,0.0,0.0,296.0,0.0,,5,4.33,-0.463704601937291,0.809695980654187,0.6915095,0.6906616376058712,0.596272633537124
3974,1.0,33.0,248.0,21.15,4.590243020068019,8,33.71,6.457203705791892,4.590243020068019,4.583738,4.668695866968416,4.624596019647842
3976,3.0,374.0,687.0,17.463333333333335,5.540388784293578,17,65.19,5.350151212957266,6.4571741501407,5.544886,5.821031051108475,5.395070617455697
3977,2.0,542.0,630.0,16.19,4.69623462760725,10,45.99,4.386140280209689,4.69623462760725,4.796675,4.586363445646335,4.70564876048833
3978,1.0,1.0,349.0,11.72,1.5141683077698738,10,34.81,3.668274454948872,1.5141683077698738,1.5017445,1.4783915371103746,1.5274452950629254
3979,5.0,346.0,520.0,11.028,7.529388637340244,27,58.09,7.774512866441902,7.529388637340244,7.6170464,7.472335325448418,7.542780897283413
3980,1.0,17.0,87.0,20.74,9.927195015338173,8,53.620000000000005,10.23586033486572,9.927195015338173,9.943408,10.487313818265172,9.8524463319616
3981,1.0,518.0,603.0,12.14,2.2245119762089947,8,20.240000000000002,1.2795484991580253,2.2245119762089947,2.2337084,2.295326741978776,2.2405793302971153
3982,5.0,280.0,331.0,7.9159999999999995,8.424323270020318,25,54.1,9.39088348641821,9.915688003937428,9.01346,8.804172221942274,8.625305758317253
3985,0.0,0.0,36.0,0.0,,6,2.86,3.174201735579856,4.276645059846402,4.687607,3.2918311474610826,4.020613143760862
3986,0.0,0.0,52.0,0.0,,2,13.78,3.7432117439191175,2.820447678323929,3.6121106,3.296554164291193,3.1038646035965094
3987,0.0,0.0,585.0,0.0,,4,6.44,-4.46706472347333,0.2280781283679771,0.22024377,0.13682775383752543,0.2837005949514628
3989,1.0,42.0,60.0,2.74,3.221303329167803,10,6.43,4.484905938052217,3.0925257881891515,3.687728,3.496848798045971,3.248443441222247
3993,0.0,0.0,420.0,0.0,,3,4.22,-2.2929580316280216,0.562158674561362,0.38321322,0.34634468091155396,0.42668338342156265
3994,0.0,0.0,243.0,0.0,,4,12.6,0.9419785307514568,1.0625347642413732,0.98426265,0.9311507644746718,0.801206643763007
3996,0.0,0.0,63.0,0.0,,3,2.49,2.698960900815784,2.820447678323929,2.889003,3.0906893590527775,2.8405736797263055
4001,1.0,121.0,193.0,16.63,6.00638357311817,8,20.66,5.981125987033452,6.00638357311817,6.0035706,5.966440435001458,6.097182185922656
4003,5.0,203.0,288.0,19.354,20.73055210248133,29,108.11,15.65250777527454,20.73055210248133,20.670258,20.870772412505968,20.611647686834512
4004,4.0,34.0,400.0,17.875,1.8223053674678562,23,79.56,9.929623740916806,1.8223053674678562,1.8451194,2.5500400156834733,2.2428858787622383
4005,0.0,0.0,188.0,0.0,,5,11.07,1.6289034408495293,1.0625347642413732,1.2388891,1.3890778237743344,1.039765372813374
4006,1.0,254.0,518.0,6.86,1.3951530833340542,9,18.78,0.4365060987780849,1.704895147871989,1.5015953,1.5623419985538836,1.3446655272976624
4007,0.0,0.0,562.0,0.0,,4,18.64,-3.1582029209821476,0.31599932901172306,0.28509313,0.14319465993478586,0.2536033654311316
4009,3.0,321.0,356.0,18.323333333333334,11.452162000346778,16,62.69,9.760351549960216,11.452162000346778,11.339065,11.630238685198835,11.175891125894537
4010,0.0,0.0,339.0,0.0,,3,21.75,0.2768660988465155,0.6878891425254019,0.7088614,0.6107201433437265,0.5955011409241715
4011,1.0,296.0,610.0,15.54,2.213847251670515,7,20.24,0.5990500043512998,2.245764407556444,2.3270051,2.1072980383904825,2.2531992546255246
4015,0.0,0.0,219.0,0.0,,3,10.18,1.0736571335539389,1.0625347642413732,0.9674015,1.038762869581522,0.9604590770385109
4016,1.0,198.0,708.0,21.22,1.943228094801448,10,26.46,0.08211827940558969,1.943228094801448,1.9518516,1.9476693072309128,2.0099437206230233
4018,1.0,192.0,422.0,10.13,2.1267950488353273,7,17.51,1.8429163377461273,2.1267950488353273,2.1500618,2.0532925726030173,2.143263781462598
4019,1.0,359.0,554.0,13.73,2.4136248044790753,10,38.89,2.99822277862195,2.677142591038212,2.8205333,2.3563184805009345,2.5449002959793448
4020,0.0,0.0,39.0,0.0,,5,6.46,3.400590948771964,4.276645059846402,4.706692,3.3061713940759683,4.020613143760862
4021,10.0,517.0,718.0,15.118,13.767821103465069,46,155.86,18.074949069660327,13.767821103465069,13.764215,13.62340521794974,13.739065356475667
4023,0.0,0.0,96.0,0.0,,5,9.5,2.8251890383394413,2.32659064545856,2.592949,2.326254678124299,2.210230292647636
4026,11.0,329.0,356.0,18.274545454545457,36.90223172073446,61,239.44,30.5460518459315,36.90223172073446,36.91127,35.116152539789226,36.96892462317645
4027,0.0,0.0,386.0,0.0,,2,6.74,-1.6214260692496456,0.6878891425254019,0.44908828,0.3999120331031581,0.5401918503629473
4028,0.0,0.0,309.0,0.0,,4,10.88,-0.14447100914247413,0.6878891425254019,0.6926701,0.7007294005314063,0.565535583640628
4029,11.0,279.0,460.0,12.623636363636365,12.606740104984635,58,151.97,20.958710427545103,12.606740104984635,12.6022415,13.982637849266776,13.014294270186983
4030,1.0,37.0,452.0,19.97,2.0052552173983207,10,44.17,4.256668546827106,2.067188135469361,1.3588291,1.824733355542565,1.8465844453460543
4032,1.0,438.0,470.0,22.62,4.610456006399907,11,41.25,6.021613366747532,5.860976011484719,4.77756,4.743450119560464,4.566843287417094
4033,0.0,0.0,84.0,0.0,,4,20.22,3.838103240912907,2.820447678323929,2.7192242,2.392347954285675,2.4735747567196094
4039,0.0,0.0,635.0,0.0,,5,5.62,-5.232218957615303,0.2280781283679771,0.17584129,0.12366819197476948,0.22853527605616542
4040,1.0,211.0,345.0,7.74,2.2473583826705164,8,19.67,2.897243375721467,1.774619861283446,2.392392,2.3459815484247972,2.3140041645284204
4041,3.0,239.0,671.0,18.146666666666665,4.205470361730799,20,66.65,5.220732613975487,4.205470361730799,4.2420444,3.8457150569546865,4.403217709868088
4043,3.0,181.0,314.0,32.266666666666666,19.514549199515166,17,119.55,16.234269632733728,19.514549199515166,19.523304,19.659779258819732,19.24304903573792
4044,0.0,0.0,269.0,0.0,,6,23.92,1.5144257530302263,0.809695980654187,0.75980276,0.726559130396013,0.5261063965895199
4045,0.0,0.0,200.0,0.0,,5,22.57,2.378627723478192,1.0625347642413732,1.1231145,1.1637851397415415,1.017667762355785
4048,1.0,10.0,154.0,9.05,3.375533391893117,6,16.0,4.555316068372287,2.4792558789095254,3.7316499,4.000247220200182,3.3536155147991353
4049,10.0,234.0,287.0,14.555000000000001,30.45633635662393,47,179.07,24.7518731078168,30.45633635662393,30.46647,30.42473140156334,30.98742620390408
4051,2.0,270.0,361.0,8.855,4.148767785833847,12,25.450000000000003,4.352807546602481,4.148767785833847,4.164997,4.137879166760675,4.165394726768071
4056,2.0,331.0,643.0,11.385,2.8830827929809564,14,38.79,2.0452033741284845,2.338028802584126,2.9918876,2.942674735206346,2.9116455596228463
4058,0.0,0.0,249.0,0.0,,5,8.62,0.5557731326609687,1.0625347642413732,0.98721385,0.9313074921443574,0.6045648474116625
4061,4.0,511.0,577.0,4.984999999999999,3.097436309888679,21,31.580000000000002,3.926123997227718,3.080265409572096,3.4072871,3.43274654705773,3.453478030054863
4063,0.0,0.0,450.0,0.0,,6,14.96,-1.8053276715323188,0.6071638539809521,0.2185336,0.314372889376037,0.4385898620999704
4065,1.0,71.0,468.0,5.73,0.8921193787544732,9,26.16,0.7363399599962541,0.8921193787544732,0.9037594,0.9362902665520447,0.8377876769628072
4066,1.0,15.0,710.0,5.18,0.2850083814179283,6,12.11,-4.263493621042808,0.32077864027662517,0.2905465,0.31978455140603146,0.4237799805882885
4067,0.0,0.0,486.0,0.0,,2,17.38,-2.2053624203592355,0.4105308468223392,0.31897295,0.2810574673305328,0.21522331250812865
4068,7.0,274.0,347.0,19.82857142857143,25.843075594722308,32,155.43,20.483463571262778,25.843075594722308,25.821148,25.728858703521713,25.811128917593376
4069,3.0,262.0,364.0,16.113333333333333,9.586777227729076,18,65.98,9.36441722968701,9.586777227729076,9.585776,9.944107882631059,9.486161233641939
4070,4.0,480.0,701.0,12.455,5.562597995206637,22,81.4,7.055323689271121,7.637883217496766,7.1728187,6.645381546552889,6.377236943402196
4071,0.0,0.0,265.0,0.0,,5,11.26,0.5375292987716294,0.809695980654187,0.77973723,0.7278033414159802,0.5116582573433881
4072,0.0,0.0,146.0,0.0,,4,5.61,1.7754930688507113,1.0625347642413732,1.7441951,1.7798510544129806,1.6438978537672284
4075,4.0,398.0,420.0,10.04,7.444634651854934,20,61.620000000000005,8.750283930375067,7.444634651854934,7.4938436,7.244971777116441,7.594705898598056
4076,0.0,0.0,385.0,0.0,,1,8.85,-1.4570334544316212,0.6878891425254019,0.45346463,0.3999120331031581,0.5401918503629473
4078,3.0,429.0,631.0,14.093333333333334,5.396114681329584,17,58.79,5.428232399855972,5.396114681329584,5.481021,5.605726504898896,5.42324889000534
4079,0.0,0.0,452.0,0.0,,3,3.16,-2.837849205920307,0.562158674561362,0.34970284,0.34396453518248676,0.4385898620999704
4080,2.0,266.0,318.0,9.835,5.060255793416495,9,41.11,6.287014434302589,5.060255793416495,5.041471,5.047251579954354,5.007963815036918
4081,1.0,292.0,698.0,15.36,1.823183554680282,7,27.35,-0.13923947305079043,1.823183554680282,1.7897284,1.7681733576396452,1.8471006676557815
4082,0.0,0.0,426.0,0.0,,4,19.99,-1.095414336083854,0.6071638539809521,0.30579376,0.33294785881036326,0.33919033837793044
4084,0.0,0.0,87.0,0.0,,3,10.61,3.0051848324891255,2.820447678323929,2.60209,2.4118315062577813,2.210230292647636
4085,1.0,5.0,413.0,17.95,1.6999272175672266,11,23.95,2.7840978120137985,1.551660786419253,1.9030924,2.0059099632414616,1.6520323154631562
4088,0.0,0.0,386.0,0.0,,4,7.65,-1.510094361358628,0.6878891425254019,0.45465618,0.3999120331031581,0.5401918503629473
4094,13.0,602.0,608.0,12.834615384615384,20.55438843724408,55,178.59,23.873448770320355,20.55438843724408,20.538729,20.373427032591675,20.70926959746359
4096,2.0,548.0,655.0,6.915000000000001,2.185666052722883,16,36.18,2.090031788996033,2.185666052722883,2.19627,2.1406654472006847,2.151647931711178
4099,8.0,299.0,666.0,18.36,4.35363491567813,39,154.52,16.58681009567339,4.35363491567813,4.341632,6.692443892946227,4.976579716449117
4100,0.0,0.0,604.0,0.0,,3,15.23,-4.054435283979758,0.31599932901172306,0.16631657,0.11808244922555519,0.2931568298951106
4101,3.0,183.0,338.0,8.323333333333332,5.136581073886367,15,28.79,5.243899265533896,5.136581073886367,5.165489,5.103377024561813,5.060212074887408
4103,0.0,0.0,659.0,0.0,,3,13.69,-4.968363482160787,0.31599932901172306,0.21230072,0.11453143945173161,0.23214607879852345
4104,0.0,0.0,225.0,0.0,,6,20.16,1.845260692566228,1.0625347642413732,0.69315886,1.0252509972313093,0.7480935735199745
4105,2.0,688.0,694.0,12.16,3.451166772906928,12,35.93,2.81664017064086,3.1800569399581544,3.3585956,3.444710805857603,3.3673061579120382
4106,0.0,0.0,52.0,0.0,,4,44.16,6.217737668995619,4.391129361211711,4.741365,4.69010956079045,3.8389474668589223
4111,2.0,80.0,186.0,17.314999999999998,10.542490771327682,11,43.39,8.58120468225734,10.542490771327682,10.617485,10.479734476375574,10.352378698161901
4114,0.0,0.0,175.0,0.0,,3,8.2,1.5472299660858742,1.0625347642413732,1.4115283,1.372671037245377,1.346870423555524
4115,1.0,149.0,401.0,4.38,1.2023923487051291,8,15.879999999999999,1.0310447335712705,1.2023923487051291,1.1184803,1.0830783672708186,1.2125994039059869
4116,2.0,20.0,608.0,9.965,0.6003393194208073,17,45.31,1.4809773133351283,0.6003393194208073,0.5788548,0.0962548196670597,0.1951209812697856
4117,1.0,6.0,431.0,16.02,1.4560374078538945,4,21.93,1.964733671152641,1.4560374078538945,1.4589658,1.595456323833004,1.3591183464068148
4118,8.0,489.0,561.0,9.4275,10.127950710391815,36,85.5,12.143755711212496,10.127950710391815,10.138705,10.315796181464842,9.987986029113609
4120,1.0,131.0,273.0,15.36,4.210735447182618,9,34.370000000000005,5.819520195744074,4.210735447182618,4.0597563,4.0981512897783405,4.449698119067734
4121,0.0,0.0,627.0,0.0,,4,8.97,-4.867790028546389,0.2280781283679771,0.16917886,0.12894482415477496,0.2619936357037531
4122,1.0,64.0,397.0,5.98,1.1252627947838416,9,14.780000000000001,0.846389676532791,1.1252627947838416,1.1153431,1.0798069648317394,1.1099256399854731
4125,0.0,0.0,555.0,0.0,,6,13.33,-3.4450510121827485,0.31599932901172306,0.17651482,0.1540533085626156,0.27952570166540003
4126,1.0,2.0,204.0,11.19,2.89936005147778,9,18.83,4.382301844989909,2.89936005147778,2.9199317,2.9302374919182155,2.9524413125362656
4127,3.0,425.0,442.0,13.726666666666667,7.540807301954953,16,46.91,7.102854368649603,6.523433377421814,7.402861,7.211362030506018,7.3665758531053775
4131,0.0,0.0,381.0,0.0,,2,5.15,-1.6770700892164676,0.6878891425254019,0.44585955,0.3999120331031581,0.5598999722772318
4133,1.0,81.0,470.0,2.05,0.5572152006425402,6,11.02,-1.0305016464795917,0.5572152006425402,0.54825425,0.5853653140655294,0.4601332964879372
4135,1.0,143.0,319.0,17.0,3.9948621583159794,10,21.33,4.416529374965874,3.9948621583159794,3.9586797,4.094495701711207,3.791794189696284
4137,0.0,0.0,237.0,0.0,,4,31.59,2.5510127224255505,1.0625347642413732,0.7936582,1.2117802732863165,0.8119933979939171
4138,0.0,0.0,45.0,0.0,,4,30.45,5.218936061735718,4.276645059846402,3.394543,3.9381711375074673,3.176228070069008
4143,1.0,499.0,553.0,29.07,5.0261566350141695,6,36.97,5.573309173954289,5.0261566350141695,5.0378833,4.879803956220054,5.0106867089922655
4147,0.0,0.0,146.0,0.0,,6,16.8,2.7111762037070077,1.0625347642413732,1.6499661,1.7627468437978124,1.6438978537672284
4149,0.0,0.0,665.0,0.0,,3,14.78,-4.9671859371167075,0.31599932901172306,0.20440121,0.12496650630987363,0.2564254214019295
4150,0.0,0.0,213.0,0.0,,3,7.06,0.9096942386324756,1.0625347642413732,0.9839307,1.038762869581522,0.9584568071103288
4151,1.0,10.0,613.0,5.35,0.36888698250752416,7,20.740000000000002,-2.157837375136011,0.36888698250752416,0.35614082,0.40362099561276815,0.47490233415290994
4152,1.0,16.0,35.0,16.61,11.691401181898453,9,26.61,8.255932133946349,11.691401181898453,11.6929035,11.752717176056711,11.743151021750947
4153,2.0,574.0,603.0,20.509999999999998,6.149442959745432,10,48.239999999999995,5.706088309809019,6.149442959745432,6.1449714,6.119032239090705,5.992125816093732
4154,0.0,0.0,196.0,0.0,,1,6.34,1.0579151376886688,1.0625347642413732,1.1830035,1.1980756117117408,1.0449415269693052
4157,0.0,0.0,277.0,0.0,,3,6.86,-0.026123641102547168,0.809695980654187,0.78129303,0.6772979684497417,0.5524287555275418
4162,2.0,81.0,658.0,9.98,0.9618040343704247,11,37.99,0.34675449007299797,0.9618040343704247,0.9573131,0.9220177407135589,1.0119317876809664
4163,0.0,0.0,621.0,0.0,,1,1.32,-5.452551289423552,0.2280781283679771,0.2888226,0.12894482415477496,0.2602351932315372
4165,4.0,617.0,685.0,14.065000000000001,6.887068704240333,22,59.92,6.425849100284435,6.736837094668292,6.407427,6.493081232908963,6.501729555640618
4166,0.0,0.0,255.0,0.0,,4,7.72,0.3781934385074268,0.809695980654187,0.8358286,0.7376171299023951,0.576230017057723
4169,1.0,1.0,479.0,10.13,0.8182163587254334,6,20.11,0.3227715000455986,0.8182163587254334,0.8368173,0.7307329283042339,0.8566804447879832
4170,0.0,0.0,257.0,0.0,,5,40.04,2.9603650242430413,1.5700575856160297,1.199091,1.2049744990906752,0.9132657134778608
4174,8.0,319.0,357.0,18.80375,27.96459257268787,43,157.39,21.48957973625062,27.96459257268787,27.887342,28.19521260912626,27.598360799043295
4175,6.0,399.0,533.0,9.281666666666668,7.688940095509383,24,70.19,9.218816200111803,7.096134055144956,5.9226007,6.550573848582168,7.6809745338910735
4176,2.0,189.0,229.0,16.39,9.800777280589465,13,44.72,8.487332958330798,9.800777280589465,9.798642,9.420357283327876,9.741748246647505
4179,2.0,497.0,702.0,13.79,3.5475073847299354,10,34.06,1.8503425755370024,3.5475073847299354,3.5131137,3.624042863541541,3.651536106054793
4180,1.0,344.0,527.0,10.01,1.9766523602828685,9,29.310000000000002,2.0102649188143644,1.9766523602828685,1.7957503,1.9780030177115404,1.977873271634519
4185,0.0,0.0,418.0,0.0,,3,21.94,-0.8432511655510675,0.6489445261916096,0.35953027,0.3238202504157491,0.36101525886218777
4186,0.0,0.0,640.0,0.0,,4,10.94,-4.896646363398493,0.32077864027662517,0.15468834,0.13113869850109888,0.2284722611770169
4187,2.0,182.0,340.0,12.605,5.419785037689957,10,34.13,5.424975314609218,5.419785037689957,5.545077,5.636582287178468,5.299475328256942
4188,2.0,492.0,594.0,5.9,2.0854142259212765,10,31.96,2.11067445798598,1.6727946244429446,2.0438564,2.1209237575234647,2.1627640930722976
4191,1.0,127.0,559.0,15.39,1.7338662355170036,9,30.020000000000003,1.345966209184716,1.8734904237228978,1.6517153,1.6380998170160657,1.7213380983933035
4193,0.0,0.0,604.0,0.0,,3,19.08,-3.745704448005408,0.31599932901172306,0.1698378,0.11808244922555519,0.28011355100385327
4195,1.0,304.0,354.0,11.54,3.2117715161035836,6,33.41,4.794664677045024,2.7666446846884774,3.2300692,3.4955740387280714,3.3611091112691884
4197,0.0,0.0,662.0,0.0,,5,15.44,-4.832787002627618,0.31599932901172306,0.15963669,0.11896305400304431,0.259408209788754
4198,8.0,277.0,324.0,13.63875,21.717256546246333,46,113.37,17.575505974402603,21.125900156289678,22.263939,21.43093162892819,21.759230823591032
4202,2.0,275.0,291.0,16.33,8.538655987200858,10,50.68,8.409182391987528,8.538655987200858,8.525803,8.700256196387055,8.676727764290796
4204,4.0,295.0,458.0,13.620000000000001,8.408112921349911,25,80.38,9.823479280577686,8.408112921349911,8.402782,8.547492838960775,8.335524628848262
4205,4.0,381.0,672.0,11.08,4.649228184757096,23,67.84,5.750735951303774,4.649228184757096,4.5983186,4.582537769710308,4.462339287653797
4208,0.0,0.0,43.0,0.0,,3,6.59,3.315170416868418,4.276645059846402,4.729533,3.3136419006022977,3.1038646035965094
4209,0.0,0.0,561.0,0.0,,3,6.37,-4.146940025985205,0.2280781283679771,0.27846974,0.17792844139313221,0.2808000612159196
4210,0.0,0.0,472.0,0.0,,4,11.84,-2.4100532437718805,0.562158674561362,0.32752222,0.30988849539652813,0.2965982968041567
4211,2.0,237.0,498.0,16.455,4.837340244642102,17,39.67,4.52594043960333,4.837340244642102,4.8009577,5.164259979540874,4.835489301662786
4215,0.0,0.0,33.0,0.0,,4,5.9,3.4227345298952954,4.276645059846402,4.723798,3.3136419006022977,4.020613143760862
4216,0.0,0.0,231.0,0.0,,3,9.92,0.8803490444791304,1.0625347642413732,0.90062916,1.046177276085085,0.7894272609239028
4217,0.0,0.0,700.0,0.0,,4,15.4,-5.4012934022238985,0.31599932901172306,0.12923466,0.0847538025509036,0.2547219658040696
4218,0.0,0.0,72.0,0.0,,3,5.12,2.7805160967700777,2.820447678323929,2.889003,2.309699600145311,2.8405736797263055
4219,0.0,0.0,47.0,0.0,,6,26.66,4.924632457935767,4.276645059846402,3.5593336,4.133936962849499,3.1973193736815535
4220,0.0,0.0,250.0,0.0,,4,4.61,0.20066088070138033,1.0625347642413732,1.0932794,0.9387779986706868,0.6045648474116625
4221,4.0,239.0,441.0,6.5175,4.068168793133939,19,31.03,4.744034219832692,4.068168793133939,4.075687,4.074395243264742,4.072231630807755
4223,0.0,0.0,313.0,0.0,,4,4.27,-0.732012013727414,0.6878891425254019,0.7293368,0.6918243511557449,0.6258212820310591
4224,1.0,1.0,170.0,8.98,2.9412355383420006,9,15.06,4.2558207284681675,2.9412355383420006,2.9157968,3.1934813146152243,2.914653446939584
4225,11.0,294.0,352.0,10.614545454545453,21.32377732619258,39,125.81,19.838455345657515,21.32377732619258,21.30572,20.80145582288161,20.682517064598116
4226,6.0,121.0,184.0,19.008333333333333,31.43057242367815,49,117.37,18.55771042084189,31.43057242367815,31.433344,31.024235843288576,31.43097180297128
4228,1.0,25.0,121.0,4.79,2.842104623080737,5,7.09,3.771857812365955,2.842104623080737,2.817186,2.992115512392176,2.8052141192929505
4230,0.0,0.0,617.0,0.0,,2,6.25,-4.980549712660699,0.2280781283679771,0.28804132,0.12894482415477496,0.25873146183229156
4231,5.0,596.0,626.0,11.354000000000001,7.4147934443956975,26,71.26,8.49878953540318,7.4147934443956975,7.4114194,7.5809641693002,7.515577237623569
4232,1.0,36.0,542.0,15.48,1.198237941526023,7,19.19,0.27185175465323397,1.198237941526023,1.252608,1.220500490477603,1.1474049432414821
4234,5.0,602.0,637.0,13.446000000000002,8.569980798032521,25,77.65,9.153587596505993,8.569980798032521,8.637261,8.52005757132853,8.462463013860305
4235,2.0,103.0,368.0,9.905000000000001,3.2837959520628814,9,55.36,5.961133745485841,3.2837959520628814,3.2143543,3.2031092799885488,2.9983048920847764
4239,10.0,694.0,729.0,16.081,17.160558775257293,49,163.2,19.522287303150595,17.160558775257293,17.144676,16.89867847582264,17.17089239568422
4240,0.0,0.0,504.0,0.0,,5,9.97,-3.000718695938801,0.4105308468223392,0.3839944,0.2906746971153087,0.20195002245666238
4241,0.0,0.0,650.0,0.0,,2,7.35,-5.366602420657084,0.2280781283679771,0.22144516,0.13169514927618056,0.23349698423491017
4243,0.0,0.0,109.0,0.0,,3,9.43,2.59438649049216,2.32659064545856,2.6153717,2.2575289066745703,2.16486338100599
4244,1.0,40.0,341.0,18.53,2.874260119235522,12,41.22,5.466916956466074,2.874260119235522,2.8638628,3.0187491612320554,3.218489496322695
4246,0.0,0.0,103.0,0.0,,5,18.14,3.417428220043509,2.32659064545856,2.549426,2.2246258010395183,2.17239982463805
4247,2.0,609.0,691.0,14.95,4.072055279435828,11,46.28,3.6913151569188107,3.7330273733944654,3.9221087,4.084805565125635,4.205828390934224
4249,0.0,0.0,621.0,0.0,,5,10.37,-4.6501154206299455,0.2280781283679771,0.24935152,0.12147431762844554,0.2602351932315372
4250,8.0,250.0,321.0,11.52625,18.111017459585383,35,104.81,16.30082724141713,18.111017459585383,18.233019,18.584835195830525,18.209149335210483
4252,0.0,0.0,197.0,0.0,,3,9.62,1.344925175656003,1.0625347642413732,1.1861137,1.1980756117117408,1.0449415269693052
4253,3.0,310.0,598.0,18.413333333333334,6.419389065187051,12,61.32,6.057131671978367,6.419389065187051,6.366943,6.243267118073139,6.24344989262552
4255,0.0,0.0,578.0,0.0,,4,18.84,-3.3721099340344507,0.31599932901172306,0.2541199,0.1470470016068734,0.255809660711682
4256,8.0,255.0,335.0,9.945,15.112734334212082,35,85.27,14.335550303600346,15.112734334212082,15.055016,14.734281095700426,14.705474724387036
4257,3.0,245.0,521.0,8.466666666666667,3.385108173769354,11,36.56,3.469236769598795,3.0287483637434307,3.1616788,3.329502760591688,3.3959399225803986
4258,0.0,0.0,653.0,0.0,,5,37.58,-2.928040170767712,0.815340757509851,0.18444403,0.12138880889740974,0.31717599770888505
4259,1.0,300.0,516.0,13.44,2.4275716743552693,9,23.35,1.9635704481230674,2.4275716743552693,2.3589857,2.4032127604426226,2.5384664565356583
4260,1.0,41.0,329.0,14.4,2.460388833219777,7,19.740000000000002,3.2498214636780665,2.460388833219777,2.4489274,2.5594042689939265,2.4014333849782177
4261,1.0,122.0,545.0,14.48,1.6858054875552506,5,28.9,1.2304516680937878,1.8734904237228978,1.8839564,1.4704433794045324,1.612019790650673
4263,0.0,0.0,359.0,0.0,,3,11.48,-0.8341146530403369,0.6878891425254019,0.6017433,0.41313311155422927,0.5268584044415681
4268,1.0,21.0,695.0,15.12,0.6696312486119591,10,25.7,-1.4675344763569873,0.6696312486119591,0.6344205,0.7078570511996003,0.562496665877438
4271,1.0,100.0,212.0,32.89,9.672745656198305,7,50.41,10.24376045654509,9.672745656198305,9.688346,10.014320540172982,10.110450948430154
4273,0.0,0.0,613.0,0.0,,3,13.25,-4.342555192919426,0.31599932901172306,0.23883675,0.11808244922555519,0.27853478668424003
4274,1.0,578.0,602.0,4.84,1.2234041133270275,10,16.88,0.3246808861937547,1.2234041133270275,1.2116038,1.2186349710623736,1.2807046035219
4277,0.0,0.0,78.0,0.0,,4,3.64,2.594785267494103,2.820447678323929,2.7646868,2.309699600145311,2.4826809107669083
4279,1.0,129.0,727.0,11.71,0.9242740234531093,10,20.94,-2.281175476673088,1.2452386048542787,1.2101748,0.9836415998573791,0.8587134385384578
4282,2.0,221.0,635.0,11.190000000000001,2.338028802584126,12,39.01,1.599543411043581,2.338028802584126,2.459392,2.331347275073618,2.3416286811185874
4283,0.0,0.0,685.0,0.0,,3,15.66,-5.184050112090831,0.31599932901172306,0.17132108,0.10417769467527566,0.26868919536229097
4284,7.0,341.0,372.0,17.852857142857143,22.922622844401495,34,158.35,20.433513702842333,22.922622844401495,22.993301,23.048637215075445,23.684254023013516
4285,5.0,276.0,329.0,9.414,9.915688003937428,24,54.459999999999994,9.619535029307366,9.915688003937428,9.887308,9.866859835865263,9.84129321588382
4287,2.0,589.0,702.0,10.68,2.961734755112925,13,34.24,1.9175179105221352,2.961734755112925,2.9422426,3.0988858682521507,3.1153110823095176
4288,0.0,0.0,593.0,0.0,,3,5.34,-4.689425505451715,0.2280781283679771,0.15422377,0.13517018553666052,0.2878715958081681
4291,0.0,0.0,528.0,0.0,,4,11.6,-3.234106227329204,0.5819915427067095,0.27216285,0.20401606688550294,0.2702154232855296
4292,0.0,0.0,471.0,0.0,,5,15.94,-2.0477239073349693,0.6071638539809521,0.2623018,0.3024179888701987,0.2947035211985085
4295,1.0,90.0,245.0,30.11,7.643327737887834,7,53.31,9.567826178467508,7.643327737887834,7.6741004,7.600153700111032,8.11461504913002
4296,0.0,0.0,531.0,0.0,,6,13.22,-3.1089544253743897,0.6616955829386749,0.20361304,0.1744244210790532,0.274553626115039
4300,0.0,0.0,251.0,0.0,,4,19.26,1.361070292794588,1.0625347642413732,0.9708657,0.9216902623595814,0.6054317464560341
4301,0.0,0.0,282.0,0.0,,3,13.62,0.4441017871726891,0.809695980654187,0.7761631,0.6602102321386363,0.5453433910330387
4303,0.0,0.0,263.0,0.0,,3,18.93,1.142969433371706,0.809695980654187,0.7774708,0.731116200728996,0.5550202617276625
4307,0.0,0.0,574.0,0.0,,4,6.76,-4.283316805906815,0.2280781283679771,0.23118886,0.16413473791797872,0.2814891964857802
4311,0.0,0.0,648.0,0.0,,3,0.67,-5.854347863788514,0.2280781283679771,0.20884791,0.11573844648054642,0.2364875417841601
4315,8.0,535.0,719.0,14.85875,11.865183517003224,38,130.19,14.46677641779047,11.865183517003224,11.84658,11.649829235611106,11.840419481326265
4317,1.0,250.0,303.0,7.31,2.5514912265017635,8,17.61,3.457488470284357,2.5514912265017635,2.568876,2.6634136469780825,2.4478075478799153
4319,4.0,228.0,257.0,9.95,10.280630033882323,24,56.22,9.931596937818972,10.280630033882323,10.319842,10.319078072379858,10.881381681011522
4320,0.0,0.0,419.0,0.0,,4,4.71,-2.220113972559269,0.562158674561362,0.4293387,0.34634468091155396,0.42403692470237075
4321,0.0,0.0,184.0,0.0,,6,14.48,1.9790164797731586,1.0625347642413732,1.1525391,1.366956684494214,1.039765372813374
4323,0.0,0.0,328.0,0.0,,4,9.86,-0.49932429525578614,0.6878891425254019,0.66498685,0.6502376789578752,0.5375902351660615
4324,0.0,0.0,658.0,0.0,,5,16.42,-4.696714727012961,0.31599932901172306,0.15969911,0.11676119277928433,0.21855076527403128
4325,12.0,292.0,326.0,15.195833333333333,35.3360456279092,57,200.01,27.851695564208484,35.3360456279092,35.32775,36.12603844672668,35.6640432173512
4327,0.0,0.0,657.0,0.0,,5,4.08,-5.671885637521558,0.2280781283679771,0.19328295,0.13384892909038967,0.21855076527403128
4330,1.0,230.0,298.0,9.67,3.096695287296951,11,21.97,4.172341040589442,3.1093495450497195,3.0997903,2.945644351128882,3.2180975204089037
4334,1.0,46.0,128.0,7.36,3.7979984255048036,6,14.22,4.71840573820996,3.7979984255048036,3.900044,4.047270194358575,3.793668942766876
4337,3.0,599.0,699.0,12.353333333333333,4.673216411758415,18,43.33,3.780200818206053,4.673216411758415,4.6914635,4.780138516111784,4.714291477428491
4340,6.0,479.0,621.0,12.228333333333333,8.916703537525066,28,86.02,10.083983690550138,8.916703537525066,8.872474,8.857466712365397,8.956706116416306
4342,4.0,585.0,640.0,8.7175,4.68787255105546,28,49.129999999999995,5.4276462673872645,4.08492864963143,4.839346,4.889417692613785,4.9025401400088615
4343,0.0,0.0,170.0,0.0,,5,30.78,3.4681330422603023,1.0625347642413732,1.3698931,1.5701960452800086,1.4723561119761976
4344,1.0,148.0,492.0,3.41,0.8103758252878581,6,6.61,-1.1983929742508392,0.8103758252878581,0.7818348,0.8662260271748126,0.6862853720453952
4346,1.0,23.0,212.0,18.14,4.56068928195197,9,38.11,6.880302773807962,4.56068928195197,4.7160306,4.516982957418684,4.594664840157214
4349,1.0,92.0,347.0,40.48,6.875504558761495,10,59.72,10.128679952453805,6.875504558761495,6.886023,6.800024352929678,6.909591063333025
4350,2.0,64.0,349.0,13.92,3.961289189648675,18,43.94,5.869062185628728,3.961289189648675,4.009781,4.276665324995515,4.201618133181709
4351,2.0,256.0,686.0,12.87,2.550459306428255,19,74.99,4.283460654326989,2.550459306428255,2.5195925,2.4234664565896167,2.0595198710395426
4352,0.0,0.0,314.0,0.0,,5,22.72,0.7522982253851205,0.7496644682170794,0.7831003,0.688143036578463,0.5949925316121343
4355,3.0,243.0,310.0,15.979999999999999,10.852286259205009,19,57.589999999999996,9.379715993477788,10.852286259205009,10.788629,10.836985883354924,10.698399991535078
4357,2.0,346.0,651.0,16.515,4.019249601079896,17,69.16,5.208320821511892,4.019249601079896,3.9744308,4.101642196244577,4.1366055941304545
4359,0.0,0.0,428.0,0.0,,2,4.32,-2.419091020575441,0.562158674561362,0.39032584,0.3500355951214686,0.41165967639823364
4360,0.0,0.0,238.0,0.0,,4,13.07,1.0515255554877934,1.0625347642413732,0.8914818,0.9311507644746718,0.792652250992611
4361,0.0,0.0,38.0,0.0,,5,6.34,3.4053397306287088,4.276645059846402,4.706692,3.3061713940759683,4.020613143760862
4362,1.0,190.0,346.0,7.19,2.070987651466931,8,22.04,2.898351749052951,2.070987651466931,1.986837,2.206464461187061,2.1212642451549444
4364,6.0,496.0,550.0,12.676666666666668,10.630541239432668,29,85.37,11.213170728819534,10.07888005375943,10.949413,10.495902000107666,10.592931360946654
4367,0.0,0.0,515.0,0.0,,3,2.75,-3.7761353882759074,0.5819915427067095,0.29338652,0.2981452036416381,0.22249893003360288
4368,0.0,0.0,364.0,0.0,,3,6.68,-1.2908836309634113,0.6878891425254019,0.65829515,0.41313311155422927,0.5229811150330539
4370,1.0,44.0,488.0,7.39,0.8595168160131403,8,20.73,0.09989902043002896,0.9140984252220239,0.9331139,0.9480938042349402,0.8439581777085108
4372,1.0,31.0,256.0,17.7,3.7755514762749876,7,30.71,5.592130983998649,3.7755514762749876,3.7435784,3.864353558423168,3.94472668368258
4373,5.0,532.0,644.0,9.246,5.814204859963388,25,52.37,6.113906750570383,5.814204859963388,5.8863335,5.919429707628478,5.74189032876445
4374,5.0,234.0,261.0,10.392,12.83403744532943,23,61.2,11.058694038081452,12.471043615183973,12.524639,12.38248427011602,12.592571471635425
4375,1.0,475.0,511.0,11.34,2.4559463223370144,9,13.0,1.728364797715186,2.4559463223370144,2.473646,2.625304563182546,2.5159032222338924
4376,0.0,0.0,649.0,0.0,,4,7.45,-5.305852911902128,0.2280781283679771,0.18421936,0.11573844648054642,0.2364875417841601
4377,4.0,199.0,232.0,12.935,13.925163832935983,20,62.18,10.973120644040364,13.925163832935983,13.951194,13.646585791658554,13.448066789929248
4379,0.0,0.0,144.0,0.0,,3,10.22,2.1547318136430906,1.0625347642413732,1.7430583,1.7798510544129806,1.6438978537672284
4384,2.0,178.0,305.0,10.35,5.063852213376196,11,37.82,5.91000360991504,5.063852213376196,5.1016273,4.936373302520465,5.222584044350509
4385,2.0,415.0,663.0,14.445,3.7330273733944654,8,45.870000000000005,3.0286277317227706,3.7330273733944654,3.6943886,3.679391960269504,3.650048463070468
4386,4.0,171.0,296.0,20.645,16.83254927546536,26,93.5,13.624445947305126,16.83254927546536,16.82738,16.22673779332345,16.70787509805054
4391,9.0,601.0,633.0,9.224444444444444,10.192031842360965,41,95.55,13.219368774809638,10.192031842360965,10.204041,10.271249277832739,10.318832467374541
4392,0.0,0.0,307.0,0.0,,4,29.17,1.35094405862419,3.045930886968753,0.85894114,0.9143722739991362,0.6016776948636906
4394,0.0,0.0,448.0,0.0,,1,10.41,-2.237345676561385,0.562158674561362,0.34630835,0.34396453518248676,0.4324471540163728
4396,3.0,590.0,721.0,13.976666666666667,5.049844925530363,18,67.2,5.5625465256299655,5.049844925530363,5.05434,5.0472673990752375,5.188723508783942
4397,19.0,607.0,657.0,11.91157894736842,25.392277671399448,80,239.66,32.72946869379181,25.693741001692608,23.655003,22.346073010382405,21.077788398528334
4399,0.0,0.0,222.0,0.0,,3,13.68,1.3112068464147328,1.0625347642413732,0.9674015,1.0216751332704168,0.8782423180957322
4401,1.0,177.0,690.0,19.72,1.7969751686860511,7,26.49,-0.021353580044138898,1.7969751686860511,1.8170404,1.7580627088608571,1.7147539553033884
4402,0.0,0.0,82.0,0.0,,2,10.3,3.033004309334067,2.820447678323929,2.746543,2.4118315062577813,2.4826809107669083
4404,0.0,0.0,332.0,0.0,,5,22.46,0.47276076935126277,0.7496644682170794,0.60808486,0.6385509873659602,0.5956996186726107
4405,1.0,361.0,651.0,9.42,1.4954549871852527,10,21.95,-0.34584966347249324,1.7156526860694568,1.5060809,1.4968613062552347,1.398041194648549
4407,0.0,0.0,160.0,0.0,,3,17.47,2.506163084647714,1.0625347642413732,1.3863127,1.6904409443760695,1.574107238971636
4408,2.0,248.0,319.0,5.375,3.0678015074299605,14,12.83,3.395019300355173,3.0678015074299605,3.0747123,3.2022102318751675,3.1232340862208767
4409,1.0,175.0,270.0,16.56,4.847353423387443,11,62.28,8.511497015177426,11.565822466053358,8.536609,7.677385127976234,5.736650387854418
4410,0.0,0.0,586.0,0.0,,5,9.41,-4.224093014460262,0.2280781283679771,0.21985543,0.1283599888831906,0.2837005949514628
4411,0.0,0.0,184.0,0.0,,4,13.28,1.8444297218996581,1.0625347642413732,1.2540225,1.3794605939895586,1.039765372813374
4412,0.0,0.0,381.0,0.0,,2,8.56,-1.4036227773534709,0.6878891425254019,0.4536006,0.3999120331031581,0.5598999722772318
4413,4.0,285.0,539.0,13.25,6.393344937640716,18,63.160000000000004,7.046057491909194,6.393344937640716,6.4643226,6.156669706973886,6.261087331009889
4417,6.0,379.0,694.0,10.031666666666666,4.869953631640059,30,70.05,7.020193657763107,4.869953631640059,4.8514366,4.864688881658235,5.240813368237901
4419,9.0,300.0,345.0,11.614444444444445,19.878294221449597,38,114.78999999999999,17.77392020466169,19.878294221449597,19.889912,20.02757284970414,19.616268276564046
4420,0.0,0.0,305.0,0.0,,3,6.13,-0.4870659276719502,1.0228150522731139,0.7342217,0.7007294005314063,0.5072300468442821
4422,1.0,7.0,371.0,11.68,1.4418834247407268,5,17.14,1.8616382060332268,1.4418834247407268,1.4113773,1.4486793520147954,1.3648712790362874
4423,2.0,492.0,649.0,17.305,4.7308997744336265,9,50.32,4.363528502302482,4.7308997744336265,4.7666883,4.738964523677784,4.482400761047911
4425,0.0,0.0,230.0,0.0,,2,8.99,0.8009645836187058,1.0625347642413732,0.90062916,1.046177276085085,0.810572066407202
4426,2.0,367.0,402.0,16.325000000000003,6.77527909386815,17,51.980000000000004,7.480571042957028,8.281873206583558,6.727432,6.748867397681672,6.829010476852071
4429,0.0,0.0,325.0,0.0,,3,9.86,-0.4753890941975274,0.6878891425254019,0.66222715,0.6502376789578752,0.569161492004234
4431,3.0,455.0,694.0,14.213333333333333,4.950610873595863,20,53.870000000000005,4.323749921726592,6.078334008148184,5.046054,5.255308035733182,4.945995802364573
4434,0.0,0.0,384.0,0.0,,3,13.74,-1.012174671828057,0.6878891425254019,0.43661237,0.38282429679205277,0.5401918503629473
4436,5.0,384.0,423.0,13.223999999999998,11.536248613694289,21,73.03999999999999,10.735624472964108,11.536248613694289,11.538723,11.639651006755866,11.33475882691988
4437,3.0,234.0,340.0,11.520000000000001,7.322491949418893,19,58.29,8.340899738243637,7.322491949418893,7.2410955,7.686775600021819,7.6892049398036155
4438,0.0,0.0,368.0,0.0,,4,7.02,-1.3019258518227375,0.6878891425254019,0.74051076,0.41313311155422927,0.4780980565278412
4440,0.0,0.0,489.0,0.0,,3,17.53,-2.2172691472886212,0.4105308468223392,0.31897295,0.2810574673305328,0.21522331250812865
4443,3.0,572.0,702.0,12.479999999999999,4.649016388945275,13,45.809999999999995,3.7318693734318984,4.649016388945275,4.655325,4.669797485165159,4.685229231316809
4444,0.0,0.0,303.0,0.0,,5,11.46,0.007447940202809367,0.809695980654187,0.68583685,0.6906616376058712,0.5254056825675004
4445,8.0,605.0,711.0,13.2725,11.51292960771111,33,129.5,14.5356323609533,11.51292960771111,11.538474,11.695529138421554,11.958472930026165
4447,0.0,0.0,170.0,0.0,,6,31.78,3.5675023522073745,1.0625347642413732,1.2004758,1.6291400622539796,1.4729693670077824
4451,0.0,0.0,400.0,0.0,,6,38.64,0.8121455022708322,0.8926958439568398,0.57475865,0.38610750711095976,0.6436803970767206
4453,3.0,376.0,600.0,14.366666666666667,5.560648874875123,14,56.52,5.425250922284855,5.560648874875123,5.6447864,5.801801173201048,5.364014199978312
4454,0.0,0.0,122.0,0.0,,4,24.29,3.6183565148689545,1.0625347642413732,2.1459017,2.098482462971362,1.9695123448072076
4455,0.0,0.0,148.0,0.0,,3,5.94,1.7540331071932773,1.0625347642413732,1.7509477,1.7872037636271483,1.6438978537672284
4457,1.0,40.0,706.0,7.54,0.44522042418339675,5,12.879999999999999,-3.7178602086144483,0.4706084843664228,0.40547538,0.466302302624661,0.5025503758885215
4459,0.0,0.0,80.0,0.0,,4,15.28,3.4994517375747947,2.820447678323929,2.790957,2.2926118638342063,2.4826809107669083
4460,3.0,261.0,447.0,12.21,5.9508693698016195,17,61.7,7.260287922368724,5.9508693698016195,5.9503098,5.960993709078252,5.988740354915932
4461,2.0,417.0,696.0,10.315,2.626750179461232,13,23.57,0.29551230380086313,2.626750179461232,2.612728,2.4337601017244648,2.5891738572955485
4462,0.0,0.0,330.0,0.0,,4,8.82,-0.6114648382023065,0.6878891425254019,0.66498685,0.6502376789578752,0.5562036811827662
4463,2.0,40.0,426.0,12.14,2.059280796955743,11,34.58,3.5175681196731485,2.059280796955743,2.1717527,2.170698658456582,2.2124140513303745
4465,0.0,0.0,625.0,0.0,,3,18.97,-4.0563281133899185,0.31599932901172306,0.14611588,0.11185708784366963,0.24740415939770877
4466,0.0,0.0,454.0,0.0,,4,20.84,-1.4296566951624836,0.6071638539809521,0.17510493,0.3240398934867047,0.3025449315223714
4467,3.0,533.0,623.0,14.51,5.953904069016678,12,49.24,5.224349657162535,5.953904069016678,5.9827294,6.043749577774601,5.655898780955367
4470,0.0,0.0,518.0,0.0,,5,9.24,-3.260459126270421,0.5819915427067095,0.3012277,0.2906746971153087,0.21822600329448694
4471,0.0,0.0,488.0,0.0,,4,22.52,-1.7835708643537451,0.4105308468223392,0.23935935,0.28642288488523315,0.14303585726831525
4475,0.0,0.0,345.0,0.0,,3,9.05,-0.827774077690262,0.6878891425254019,0.58825314,0.5282536947995031,0.6294858640362619
4476,0.0,0.0,405.0,0.0,,6,17.02,-0.9934163746362872,0.6071638539809521,0.4070983,0.3162376844947468,0.45106680859374215
4477,4.0,186.0,320.0,9.0025,7.30034111389398,18,46.57,7.809402815633411,7.30034111389398,7.2522774,7.353780540921295,6.984015343188923
4479,0.0,0.0,523.0,0.0,,4,7.1,-3.5231026453961194,0.5819915427067095,0.30078095,0.2981452036416381,0.24577765788356842
4483,0.0,0.0,259.0,0.0,,2,4.73,0.04258064472336898,0.809695980654187,0.82458425,0.7892462129355844,0.5267942953006921
4484,1.0,13.0,238.0,20.79,4.298295734808367,8,33.65,6.452690572640193,4.259392650907449,4.194494,4.222226929419999,4.291301387182269
4485,3.0,238.0,307.0,14.853333333333333,10.187550293299353,14,62.78,9.562723060388638,10.187550293299353,10.104391,10.085245713353567,10.487125236842058
4486,4.0,309.0,369.0,20.62,15.807570865394396,24,92.02,13.058035251530452,15.807570865394396,15.739849,15.638786349702128,15.420401643905269
4487,1.0,219.0,588.0,9.25,1.3750550680691216,5,19.79,-0.39513512776476434,1.3750550680691216,1.41231,1.3936460452264747,1.4138991153012404
4488,0.0,0.0,175.0,0.0,,3,28.78,3.1975366165669494,1.0625347642413732,1.3382193,1.4591161631540186,1.4182588471482669
4490,7.0,549.0,596.0,19.944285714285716,17.835010182180486,36,147.13,17.61403773422621,17.835010182180486,17.835514,17.38326858007598,17.528365653040737
4491,1.0,130.0,483.0,8.51,1.373089821160378,9,19.740000000000002,0.6685675289662778,1.373089821160378,1.3421738,1.2593689086701914,1.284427181223049
4494,0.0,0.0,201.0,0.0,,1,1.58,0.6043537528666274,1.0625347642413732,1.1995792,1.1580800766083796,1.0312800720370294
4495,7.0,116.0,334.0,14.775714285714287,7.079533256451034,37,106.17,15.375065221549644,7.079533256451034,7.087244,8.573911566877998,7.422490508688223
4497,9.0,592.0,647.0,12.527777777777779,13.361568336963835,41,128.38,16.069428017640288,13.361568336963835,13.371212,13.537390819271938,13.139163784013508
4498,6.0,348.0,505.0,12.936666666666667,10.57459915026695,26,90.45,11.556117906003045,10.57459915026695,10.581992,10.557349174884088,10.671799506237331
4499,2.0,134.0,214.0,9.875,6.274913116705275,12,41.95,7.2968598576231,6.7984155184073565,6.3937187,6.664365878044893,6.643350687343346
4501,0.0,0.0,362.0,0.0,,3,19.49,-0.2349088180381611,0.6878891425254019,0.6438048,0.396045375243124,0.5255144693455804
4503,1.0,17.0,497.0,5.83,0.5983947677654731,11,15.48,-0.7362630147737326,0.5983947677654731,0.6464041,0.6831571219859831,0.6869180351335178
4504,0.0,0.0,166.0,0.0,,5,13.2,2.1158821189960095,1.0625347642413732,1.350174,1.5489612631989893,1.4169217139768397
4507,4.0,466.0,615.0,13.5525,6.975645961594784,22,68.34,7.331765663928692,6.975645961594784,7.0341773,7.0188779582323955,7.106896964515192
4508,2.0,238.0,319.0,17.34,8.151043452039314,13,47.53,7.780079539892259,8.151043452039314,8.032417,8.450696212724491,8.097246339725674
4510,2.0,459.0,465.0,15.47,5.860976011484719,13,36.02,5.528229517267043,5.860976011484719,5.867282,5.871681044107788,5.677062464918238
4514,2.0,34.0,86.0,16.939999999999998,15.565791120238748,12,45.54,9.943249687609427,15.565791120238748,15.5830555,15.553440855110694,15.418540123916612
4515,0.0,0.0,581.0,0.0,,3,20.45,-3.305298477618696,0.31599932901172306,0.17631021,0.14421009622219666,0.23301591996480475
4516,0.0,0.0,345.0,0.0,,3,16.45,-0.23436935399930237,0.6878891425254019,0.6679717,0.5111659584883977,0.6294858640362619
4518,4.0,397.0,652.0,10.602500000000001,4.80405683478378,18,61.64,5.453094057128135,4.80405683478378,4.7881966,4.877157060005365,4.9941684628272025
4520,2.0,34.0,112.0,7.25,6.464169519698372,13,19.79,6.172816559416358,11.036262422607287,5.7216015,6.816981282489334,7.0015995532974005
4522,2.0,477.0,575.0,24.159999999999997,7.247009209496639,15,75.92,8.480826874575179,6.226448266602187,7.988533,7.389757357965652,7.697705757046412
4524,1.0,77.0,242.0,6.24,2.170866138563294,9,16.009999999999998,3.2694615707998302,2.170866138563294,2.1688957,1.9382626536268033,2.1640730364882614
4525,3.0,188.0,615.0,25.046666666666667,5.4054108464873005,21,88.56,8.526017849509483,3.136030768860632,6.206968,6.042889930638255,5.973370525619536
4527,6.0,613.0,623.0,11.508333333333333,8.890188961768306,33,80.85,10.260762208469762,8.890188961768306,8.884223,9.059619598439195,8.872378159987772
4528,1.0,399.0,657.0,8.3,1.4017256263373217,10,25.18,-0.15210226132413052,1.5695587161106133,1.4437658,1.5656429077357434,1.3985104841862048
4531,1.0,94.0,342.0,7.76,1.8043095629850003,9,18.0,2.283054387519317,1.8043095629850003,1.8430469,1.985332311754974,1.7747951260573336
4534,3.0,242.0,657.0,8.92,2.325182381675744,17,40.62,2.004576262611678,2.325182381675744,2.2736673,2.386666096304975,2.3625682885949373
4537,0.0,0.0,546.0,0.0,,4,12.85,-3.392557043799095,0.31599932901172306,0.24765208,0.1840958013457828,0.25569655306096006
4538,0.0,0.0,88.0,0.0,,3,13.72,3.240203634934539,2.820447678323929,2.6325788,2.3947437699466767,2.210230292647636
4540,0.0,0.0,643.0,0.0,,2,8.78,-5.151330039176291,0.2280781283679771,0.22556336,0.13282747651954227,0.24101865101757447
4541,7.0,487.0,594.0,17.53857142857143,15.330905428731715,32,133.19,15.82379976292777,15.330905428731715,15.345237,15.563093502995837,15.103506640600418
4543,3.0,486.0,733.0,12.486666666666666,4.211345382511578,16,41.67,2.6119740414514108,4.211345382511578,4.2128196,4.051852333528613,4.245312582883302
4544,2.0,392.0,719.0,9.185,2.2286957189193575,11,31.15,0.26036312497233727,2.2286957189193575,2.2451215,2.2758654460054735,2.1944102191029904
4545,2.0,348.0,445.0,11.92,4.617190649109094,11,32.65,4.494702416298634,4.617190649109094,4.6251526,4.723591083055283,4.5784475421050885
4547,3.0,533.0,652.0,8.43,3.478881422703089,15,33.3,2.739160572707886,3.7057315942484506,3.4779809,3.4195640824476743,3.4611377773197516
4548,0.0,0.0,359.0,0.0,,3,22.54,0.05278483939507028,0.6878891425254019,0.59161127,0.42591003160698754,0.5312129431037951
4552,2.0,305.0,712.0,8.575,1.8848263235318858,12,39.53,0.5615626187564868,1.8848263235318858,1.8711425,1.9508355835089,1.725543443265524
4553,0.0,0.0,347.0,0.0,,3,10.49,-0.7410438483727857,0.6878891425254019,0.5772536,0.5295053122807964,0.6262901776956813
4555,0.0,0.0,317.0,0.0,,2,8.85,-0.46058781314112585,0.6878891425254019,0.8065433,0.6918243511557449,0.48971181629371774
4556,4.0,570.0,631.0,16.674999999999997,8.656938764963776,20,72.44,8.31236583100819,8.656938764963776,8.668833,8.690884147985614,8.373950109828735
4557,0.0,0.0,379.0,0.0,,2,7.38,-1.4695036515142386,0.6878891425254019,0.46039188,0.3999120331031581,0.5318503135125914
4558,1.0,104.0,136.0,7.92,4.277196203458966,9,48.52,7.759909626375254,4.277196203458966,4.283583,4.030798705278676,4.389088128539237
4561,1.0,14.0,252.0,32.84,6.049902634994504,7,41.39,8.537755309696127,6.049902634994504,6.023276,5.873427296475274,5.8865525530096665
4562,5.0,478.0,542.0,12.308,8.865995048887669,27,66.46000000000001,8.923268081752346,8.865995048887669,8.866555,8.474949043280235,8.728270892419603
4564,4.0,373.0,717.0,12.595,4.595564226239627,15,53.24,3.9537536049276567,5.204797349197573,4.5695634,4.042489675076147,4.444447823981875
4566,1.0,7.0,386.0,20.38,2.1351784827544265,11,46.15,5.300478142795179,2.1351784827544265,2.1424685,1.6836212764177128,2.1699665857578516
4567,1.0,104.0,580.0,3.0,0.5196806589801265,9,25.74,-1.133776931872852,0.5196806589801265,0.5116028,0.2938677765178517,0.5230495977211005
4568,2.0,515.0,644.0,12.285,3.552744911554175,14,36.37,2.819910108042618,3.552744911554175,3.5361722,3.4635924682315102,3.488750549056865
4570,0.0,0.0,427.0,0.0,,2,17.9,-1.3157416016151622,0.6071638539809521,0.39112508,0.33294785881036326,0.39137908917077624
4571,7.0,299.0,364.0,12.51142857142857,16.15245208346019,36,97.07,14.732295802697717,14.668778070390331,16.408064,15.969717982820624,15.831386581948985
4573,0.0,0.0,21.0,0.0,,4,9.36,3.872650067052681,4.276645059846402,4.7126017,3.3136419006022977,4.020613143760862
4576,0.0,0.0,330.0,0.0,,2,14.33,-0.20797785337765262,0.6878891425254019,0.64159334,0.6331499426467698,0.5562036811827662
4579,14.0,318.0,364.0,13.917857142857143,34.39996811556769,67,209.05,29.59493669937804,34.39996811556769,34.402683,34.68343853605967,34.660006499583744
4582,2.0,429.0,507.0,10.96,3.9443015813184408,10,39.8,4.4015451355930155,3.9443015813184408,3.9368632,3.8937610306567145,4.012315757068057
4583,2.0,139.0,258.0,13.31,6.972650176581963,11,48.019999999999996,7.634327228737434,7.451538339358355,6.9907403,7.264618917084936,7.293046954797326
4584,2.0,355.0,597.0,3.9450000000000003,1.4111499282058877,10,12.07,-0.4385767191600549,1.4111499282058877,1.4196727,1.3540427657284355,1.3751470252490865
4586,2.0,104.0,166.0,11.375,8.246796268288564,13,29.28,7.059177646563057,8.246796268288564,8.1933,8.154039590828203,8.248743234248794
4587,0.0,0.0,557.0,0.0,,4,23.31,-2.711858620637429,0.31599932901172306,0.26334,0.15698863435387983,0.26167656161267594
4589,4.0,155.0,613.0,16.2075,2.466001674485855,18,97.83,8.569153939244565,2.466001674485855,2.4423242,2.6362576177402226,2.113255829767061
4592,5.0,295.0,378.0,8.632,8.154520274423561,28,62.82,9.641962065213384,7.04225302873677,10.002846,9.242719922539349,8.74696776138266
4595,1.0,263.0,455.0,8.5,1.9029789587427182,9,19.310000000000002,1.6550284672741444,1.9029789587427182,1.8886285,1.8915726056833528,1.9226584236755642
4597,4.0,478.0,669.0,14.795000000000002,6.923250787366978,18,69.65,6.813206064308369,6.923250787366978,6.909117,6.748731936622964,6.704686637976389
4598,3.0,298.0,319.0,14.530000000000001,10.005646166306839,17,56.47,9.176392105476836,10.005646166306839,9.99697,9.934198528109594,9.800509348251623
4599,2.0,49.0,571.0,12.045,1.173789157355608,16,48.03,2.636846981467298,1.173789157355608,1.181463,1.1409782260802603,1.196611946673947
4600,0.0,0.0,233.0,0.0,,3,3.64,0.3480138052973891,1.0625347642413732,0.9033615,1.046177276085085,0.7894272609239028
4606,2.0,235.0,637.0,15.49,3.2156079796636026,12,37.730000000000004,2.132956776618789,3.2156079796636026,3.1522942,3.0933025673117065,3.2145173554721813
4607,0.0,0.0,266.0,0.0,,4,10.29,0.4261941224904895,0.809695980654187,0.80725515,0.7352738479423097,0.4961188281186075
4608,1.0,273.0,588.0,5.88,1.1081246904493842,9,27.259999999999998,0.06242832023333689,1.1081246904493842,1.0765716,0.9684440037574525,1.0456611963740965
4609,4.0,308.0,498.0,17.357499999999998,9.698323572104094,16,75.19,9.241525967698351,9.698323572104094,9.671972,9.508957021456087,9.395917053548981
4610,4.0,410.0,683.0,7.13,3.188166381527921,18,52.06,3.815785971800114,3.188166381527921,3.1986625,3.135590146875194,3.110920878887202
4614,3.0,411.0,453.0,7.609999999999999,4.327107128547346,15,57.839999999999996,6.883967616029075,3.376324157419284,4.840112,4.392315935876588,4.487087197220743
4615,2.0,554.0,671.0,17.115,4.648994120176193,13,52.25,4.541338391249727,4.648994120176193,4.653967,4.71877213350098,4.797190608421927
4616,0.0,0.0,75.0,0.0,,5,15.11,3.576856755115883,2.820447678323929,2.8926086,2.285141357307877,2.4826809107669083
4617,0.0,0.0,646.0,0.0,,2,3.44,-5.6226584016436165,0.2280781283679771,0.2254378,0.13282747651954227,0.24101865101757447
4618,4.0,573.0,637.0,11.135,5.875114547304558,22,62.43,6.703343792413014,5.875114547304558,5.8198915,5.832573552584088,5.886134839571811
4619,2.0,306.0,442.0,4.195,1.9650204940657026,11,26.47,2.769389011306271,1.9650204940657026,1.9358193,1.96555487043616,2.0447979298375225
4620,11.0,204.0,303.0,9.313636363636364,18.043259194928435,46,113.11999999999999,19.05842163617495,18.043259194928435,18.047749,19.32000739952587,18.23441528894832
4621,0.0,0.0,666.0,0.0,,4,41.04,-2.856593145027632,0.815340757509851,0.02643801,-0.04280307561845857,0.34542313389946067
4622,0.0,0.0,221.0,0.0,,1,5.83,0.6577292966544683,1.0625347642413732,0.9752911,1.038762869581522,0.9604590770385109
4623,1.0,348.0,659.0,2.63,0.6898785868455117,8,13.190000000000001,-2.20895974911301,0.6898785868455117,0.7026266,0.6322814681853857,0.6664946725094998
4626,1.0,399.0,667.0,34.83,4.465501473249422,9,45.64,5.02472953988759,4.465501473249422,4.447683,4.635255468518419,4.477020804698375
4627,0.0,0.0,75.0,0.0,,5,18.93,3.8831818962644595,2.820447678323929,2.8743238,2.276796494510259,2.4982446780635628
4628,0.0,0.0,96.0,0.0,,4,6.72,2.5830818353964355,2.32659064545856,2.6212506,2.3337251846506284,2.210230292647636
4630,0.0,0.0,484.0,0.0,,5,9.41,-2.7581937761564204,0.4105308468223392,0.40654165,0.3112908951537248,0.2212398389426129
4633,4.0,433.0,583.0,9.6925,5.306065796383339,19,56.84,6.11992143475584,5.306065796383339,5.2398596,5.453716383646434,5.263719355019042
4634,0.0,0.0,366.0,0.0,,4,18.29,-0.36944337328722643,0.6878891425254019,0.7163293,0.396045375243124,0.5230846095656254
4635,0.0,0.0,213.0,0.0,,5,24.15,2.3184973558910236,1.0625347642413732,1.1513841,0.9967597930532114,0.9883534510278462
4637,0.0,0.0,272.0,0.0,,4,21.66,1.2517230944998472,0.809695980654187,0.64980453,0.6457858098502262,0.5310206502146251
4642,2.0,386.0,628.0,9.83,2.7784309982286803,10,29.259999999999998,1.459401527660623,3.0855874814249113,2.8032324,2.706384635188722,2.703001672661852
4643,1.0,125.0,429.0,2.71,0.8212205757376716,5,8.32,-0.3798460609249288,0.8212205757376716,0.8019748,0.7545352132312957,0.7686238399182796
4644,0.0,0.0,502.0,0.0,,2,3.29,-3.5651820687552993,0.4105308468223392,0.37615323,0.2981452036416381,0.20195002245666238
4646,0.0,0.0,60.0,0.0,,6,20.83,4.270295468382381,2.820447678323929,3.3070948,3.091053878088959,2.9779536690645214
4647,2.0,235.0,269.0,15.655000000000001,8.560852047583428,13,35.04,7.24816586291078,8.560852047583428,8.57311,8.154803129796552,8.297602232923703
4649,1.0,158.0,696.0,8.71,0.8818645061835755,8,29.060000000000002,-1.5059873111888349,0.8818645061835755,0.8655754,0.8086370391674995,0.7784297326528087
4651,2.0,547.0,636.0,2.605,1.1328785018992398,6,7.25,-0.7541938690562509,1.1328785018992398,1.1335416,1.2434303998419756,1.1794878433098068
4652,0.0,0.0,28.0,0.0,,6,27.32,5.2506174061397894,4.276645059846402,4.761459,4.087699034086431,4.121127960395873
4653,0.0,0.0,65.0,0.0,,5,8.19,3.1656587602357256,2.820447678323929,2.8729901,2.3022290936189815,2.8405736797263055
4655,9.0,250.0,359.0,10.181111111111111,15.357048292463514,36,108.15,16.568993575509072,15.357048292463514,15.325458,15.259951127518281,15.732721400136535
4657,3.0,456.0,512.0,13.25,6.448949972504749,14,49.54,6.347420056238006,6.523433377421814,6.5021744,6.44352493157688,6.463191569204881
4658,0.0,0.0,77.0,0.0,,6,10.42,3.1912028241214396,2.820447678323929,2.626648,2.3076586075136056,2.4826809107669083
4659,3.0,41.0,660.0,8.036666666666667,0.2967114895294043,18,46.01,1.3528107915578005,0.2967114895294043,0.28660545,0.41184118677751536,0.014765168312675492
4660,0.0,0.0,47.0,0.0,,2,4.52,3.0725117468293677,4.276645059846402,3.605502,3.3136419006022977,3.1038646035965094
4661,0.0,0.0,214.0,0.0,,6,13.61,1.4781044950304603,1.0625347642413732,0.8415834,1.0091712237750723,0.9584568071103288
4662,0.0,0.0,171.0,0.0,,4,8.16,1.6206881000454754,1.0625347642413732,1.3802513,1.573519506036424,1.346870423555524
4663,0.0,0.0,97.0,0.0,,3,5.95,2.4877846246204567,2.32659064545856,2.6269865,2.3337251846506284,2.210230292647636
4664,1.0,198.0,422.0,18.14,3.4094042510408933,7,31.28,4.091920941453424,4.594606648719237,3.285822,3.4950830239033794,3.394633436416241
4666,2.0,53.0,160.0,20.17,12.833434140567787,11,54.300000000000004,10.101954099307386,12.833434140567787,12.823256,12.656774641264054,12.80796394372862
4667,0.0,0.0,246.0,0.0,,5,20.2,1.5274860188893196,1.0625347642413732,0.8170224,0.9201688029698677,0.7499460417775419
4670,7.0,693.0,707.0,13.502857142857144,10.727801989050477,34,105.99000000000001,12.454511862436938,12.153031856810786,10.550733,10.446249569227524,10.667160253905433
4671,0.0,0.0,108.0,0.0,,4,19.73,3.453892757589064,2.32659064545856,2.5343957,2.2320963075658478,2.161999467688986
4676,15.0,486.0,524.0,13.198666666666666,26.935635294821274,63,202.16,28.063881826727716,26.935635294821274,26.943272,26.767877593180096,26.43178155334558
4677,2.0,10.0,620.0,5.155,0.29042696026502224,9,25.49,-1.151543152534166,0.29042696026502224,0.30177718,0.46984493535902055,0.28246735771792064
4678,1.0,38.0,696.0,6.26,0.3987682775785205,8,12.52,-3.7332655078273342,0.3987682775785205,0.39793253,0.4140397123381267,0.5041882611259982
4680,0.0,0.0,597.0,0.0,,5,16.12,-3.8441064445203654,0.31599932901172306,0.13879777,0.11061194269922581,0.2878715958081681
4681,0.0,0.0,364.0,0.0,,2,5.32,-1.419121278819774,0.6878891425254019,0.65506643,0.41313311155422927,0.5229811150330539
4682,0.0,0.0,672.0,0.0,,4,18.1,-4.782377155428656,0.31599932901172306,0.11399839,0.10937596781193665,0.2659968844230418
4686,3.0,575.0,730.0,14.159999999999998,5.011276690772373,19,54.379999999999995,4.3799930231292645,5.011276690772373,5.0324254,5.12815709729585,4.976334524281876
4687,0.0,0.0,454.0,0.0,,6,23.68,-1.1635586201466621,0.6489445261916096,0.32718205,0.3197383069307374,0.3435297176509957
4689,0.0,0.0,91.0,0.0,,5,24.7,4.1159322225308905,2.820447678323929,2.6211305,2.2680616630464967,2.2839814350839864
4690,0.0,0.0,34.0,0.0,,4,15.05,4.142099890596573,4.276645059846402,4.749228,3.296554164291193,4.020613143760862
4691,4.0,444.0,539.0,20.8975,11.968392385763838,22,99.33,11.830645430288552,11.968392385763838,11.9303055,11.806234479331215,11.586853440837082
4692,0.0,0.0,607.0,0.0,,6,15.22,-4.04081341847074,0.31599932901172306,0.124810085,0.10557853973021078,0.28923839008708097
4693,5.0,364.0,623.0,8.645999999999999,4.6873472982059745,26,81.83,7.930550686875956,4.6873472982059745,4.6421175,4.445915781667703,4.849501346355474
4695,0.0,0.0,619.0,0.0,,4,7.98,-4.832205468518203,0.2280781283679771,0.25760368,0.12894482415477496,0.26381615820569415
4697,0.0,0.0,442.0,0.0,,4,4.14,-2.596368080925334,0.562158674561362,0.34931642,0.34396453518248676,0.4325888997713436
4698,2.0,109.0,114.0,7.180000000000001,7.0867655962147555,11,23.04,6.7061577600436815,7.0867655962147555,7.0458174,7.235861773211377,6.710442547935826
4699,0.0,0.0,546.0,0.0,,3,22.91,-2.60502686131076,0.31599932901172306,0.2980907,0.1802437306176357,0.2433314085390501
4700,5.0,579.0,608.0,8.315999999999999,5.6789369218346515,25,72.2,8.310852671346428,8.698848732062807,6.0442524,5.717772464862997,5.757404881949858
4707,2.0,166.0,477.0,7.01,2.1061974281747857,9,22.17,1.6231396985060664,2.1061974281747857,2.0614455,2.024005983456158,2.0690642155072734
4709,0.0,0.0,243.0,0.0,,2,4.06,0.21879843883854466,1.0625347642413732,0.99614197,0.9482385007857772,0.801206643763007
4711,1.0,3.0,573.0,20.7,1.0737320467596787,6,27.299999999999997,1.0314931185999043,1.0737320467596787,1.0800247,1.093321125082646,1.1746329807713725
4712,0.0,0.0,438.0,0.0,,5,22.97,-1.0097279015537852,0.6489445261916096,0.44300103,0.3247717098997524,0.4291662434212382
4714,0.0,0.0,248.0,0.0,,2,1.8,-0.03428837716898325,1.0625347642413732,1.0032269,0.9387779986706868,0.7051734104388494
4718,0.0,0.0,266.0,0.0,,5,20.82,1.2897724887584876,0.809695980654187,0.68659204,0.7078786997201981,0.4778762306647275
4719,1.0,462.0,533.0,21.17,3.879942143886213,8,33.21,4.323636393273949,3.879942143886213,3.882548,3.793773459743893,3.924661151159525
4720,0.0,0.0,335.0,0.0,,3,28.8,0.8996906275428103,1.4953664546059355,0.85574466,0.855875175410972,0.654555532998673
4722,1.0,537.0,641.0,31.02,4.636612981107146,6,57.65,6.415947115544239,4.636612981107146,4.6356974,4.60874631719452,4.656148372061121
4724,1.0,271.0,319.0,5.15,1.9842183184536268,6,12.45,2.5721232361220503,1.9842183184536268,2.0201285,1.871247256737859,1.9643301699834899
4726,0.0,0.0,654.0,0.0,,4,6.84,-5.426626512492079,0.2280781283679771,0.17549436,0.13945008849745158,0.22257286887660133
4727,15.0,651.0,712.0,10.210666666666667,16.278243522819906,73,178.81,24.03386775202468,16.278243522819906,16.258965,16.61051709309455,16.52816654119721
4730,1.0,23.0,528.0,9.71,0.7980199124482259,7,14.18,-0.793795908283415,0.7980199124482259,0.82065934,0.7400940134696485,0.8334663484464437
4731,13.0,299.0,359.0,14.133076923076924,32.31744921807718,61,187.34,27.037419290377407,32.31744921807718,32.320152,34.09436608411639,31.97272544837662
4732,5.0,265.0,298.0,11.822,13.262366174410054,28,89.4,13.228075537585802,17.50843706791527,15.249218,14.522340163208813,15.347280002454498
4736,0.0,0.0,185.0,0.0,,5,21.23,2.486746771991237,1.0625347642413732,1.1761141,1.3919280821662772,1.0230715146121145
4738,0.0,0.0,153.0,0.0,,3,12.49,2.2074186716880946,1.0625347642413732,1.7430583,1.770116027316043,1.6421108979763455
4739,1.0,52.0,585.0,37.24,2.490886712191309,10,45.64,4.940980627405853,2.490886712191309,2.503451,2.817298448387263,2.7779989129439553
4742,5.0,271.0,337.0,15.595999999999998,15.577102790416436,23,84.07,12.698446226793159,15.577102790416436,15.505118,15.583127118644963,14.8332772022237
4743,0.0,0.0,669.0,0.0,,4,15.21,-4.971011073498709,0.31599932901172306,0.19395348,0.12496650630987363,0.2631710628966486
4745,0.0,0.0,102.0,0.0,,5,13.75,3.0797664383650645,2.32659064545856,2.5268693,2.3091669418131944,2.17239982463805
4747,0.0,0.0,327.0,0.0,,5,8.19,-0.5996902636427723,0.7496644682170794,0.64788127,0.6427671724315458,0.5375902351660615
4748,0.0,0.0,141.0,0.0,,4,13.23,2.4583973603965568,1.0625347642413732,1.763919,1.7627633181018754,1.860645282645737
4750,3.0,314.0,534.0,13.71,5.725772582438416,16,46.1,5.19600536288633,5.725772582438416,5.701992,5.432531921135933,5.431174235361562
4753,0.0,0.0,310.0,0.0,,5,16.68,0.32543791176862236,0.7496644682170794,0.66886353,0.6761711576939715,0.565535583640628
4756,0.0,0.0,363.0,0.0,,4,13.82,-0.6847772188480521,0.6878891425254019,0.60387164,0.396045375243124,0.5229811150330539
4761,8.0,303.0,337.0,13.2675,20.769930118306455,34,112.94,17.193467301827162,19.878294221449597,20.806187,19.964202977861316,19.64354892695105
4763,0.0,0.0,699.0,0.0,,4,8.4,-5.948250633744693,0.2280781283679771,0.16417193,0.10184153886200893,0.2547219658040696
4766,3.0,284.0,329.0,13.346666666666666,8.956741002036779,16,51.53,8.38711253256107,8.956741002036779,8.924955,8.920375586001947,9.080780559362639
4767,9.0,495.0,639.0,18.301111111111112,18.268213857725854,51,169.2,20.002380680369026,18.268213857725854,18.278484,18.38074806022212,18.046863177916407
4768,0.0,0.0,300.0,0.0,,5,11.88,0.08424235124317292,0.809695980654187,0.63937086,0.6735739012947658,0.5232913802736068
4771,11.0,318.0,366.0,12.236363636363636,24.1027231748372,51,139.23,21.281550374963004,24.1027231748372,24.072893,23.658450453974947,23.299759646174177
4774,1.0,561.0,648.0,9.26,1.7156526860694568,9,19.23,0.36989090054176454,1.7156526860694568,1.6952256,1.6669421744661674,1.7989461132988893
4775,2.0,254.0,302.0,17.09,8.5305233016695,10,44.55,7.76761319764458,8.5305233016695,8.468112,8.393121799764408,8.20187188910656
4776,1.0,104.0,586.0,6.55,0.7897920810103596,7,18.23,-1.3656190351708561,0.6469490275714782,1.0287309,0.788138500381921,0.8752921986844786
4778,3.0,204.0,405.0,8.523333333333333,4.404614433411432,19,35.51,5.022368155332658,4.404614433411432,4.4146695,4.712402933247102,4.3553578106939295
4779,2.0,461.0,690.0,23.34,5.709966066302966,15,61.629999999999995,5.493274761130134,5.709966066302966,5.769928,5.8342415664392675,5.875657977000479
4780,7.0,242.0,271.0,8.17,13.408910521113999,32,65.56,12.594346286208076,13.408910521113999,13.403799,13.381194445971174,13.343725819188691
4783,3.0,367.0,673.0,7.22,2.5442068075010815,17,27.54,1.0713635019944392,2.5442068075010815,2.5325832,2.5131911307057844,2.309876102885612
4784,1.0,326.0,480.0,15.12,2.9717738711859076,8,31.619999999999997,3.480367169445326,2.9717738711859076,2.9637883,3.144686337852062,3.204381557775895
4785,0.0,0.0,145.0,0.0,,4,16.95,2.6992172741531864,1.0625347642413732,1.7668266,1.775250753293157,1.6438978537672284
4789,1.0,12.0,97.0,8.73,4.634049047435415,7,23.96,5.99669068751214,4.634049047435415,4.6253934,4.5864197114810175,4.536621919109002
4791,0.0,0.0,392.0,0.0,,5,26.38,-0.07518877633807586,0.6489445261916096,0.52425164,0.32924206306452347,0.42540258014737553
4792,0.0,0.0,464.0,0.0,,4,19.99,-1.641533660157834,0.6071638539809521,0.16914193,0.30988849539652813,0.23356187577422904
4796,1.0,33.0,258.0,21.28,4.413419832956101,9,30.64,6.104610535214437,4.413419832956101,4.3934627,4.151046286802493,4.271772377491338
4797,1.0,129.0,277.0,3.65,1.5700575856160297,8,34.06,4.075963413108745,1.5700575856160297,1.5617722,1.704985056754461,1.5793907425659883
4798,0.0,0.0,446.0,0.0,,2,4.81,-2.6384861059649447,0.562158674561362,0.34970284,0.34396453518248676,0.4324471540163728
4803,2.0,164.0,350.0,17.455000000000002,6.817228503980623,15,42.97,6.678363589192484,6.817228503980623,6.7561207,6.578494575452789,6.745778374990372
4804,0.0,0.0,292.0,0.0,,7,25.81,1.3546181027989084,0.809695980654187,0.7056047,0.7729771681731165,0.6233362439834282
4807,6.0,272.0,285.0,10.03,13.852068924146554,27,62.489999999999995,11.735413045968556,13.852068924146554,13.814189,14.038442684947931,13.359531087776052
4808,0.0,0.0,653.0,0.0,,2,11.66,-5.06409894750039,0.32077864027662517,0.19310607,0.13945008849745158,0.22257286887660133
4810,2.0,323.0,611.0,15.115,3.914638292928405,13,32.5,2.4642996189421638,3.1095823135303657,3.9889693,3.6942666544603178,3.892775115192512
4813,1.0,365.0,705.0,10.31,1.450531958090829,6,36.81,0.13572507693344438,1.450531958090829,1.4022624,1.4863181472053615,1.3663727739770648
4815,1.0,11.0,99.0,7.8,4.21483346245198,8,13.71,5.030851486621034,4.21483346245198,4.2393146,4.46764029708153,4.067165230786323
4819,2.0,422.0,523.0,7.3149999999999995,2.719857122956767,14,26.07,2.606466136532292,2.719857122956767,2.703994,2.6372566650580405,2.6481611510830683
4821,1.0,389.0,426.0,5.96,1.7916165717565242,7,8.8,1.4238059064176323,1.7916165717565242,1.7710813,1.6435378288511067,1.8852698112395574
4822,1.0,8.0,10.0,7.45,7.611930822734327,6,17.12,6.482225282719846,7.611930822734327,7.5843477,5.999864619803904,7.122444296886402
4823,2.0,121.0,273.0,13.245,6.362433968806911,19,44.37,7.186533210174469,6.362433968806911,6.381811,6.676002156832306,6.622620228345852
4824,0.0,0.0,65.0,0.0,,6,10.44,3.365265354590055,2.820447678323929,2.7452278,2.3076586075136056,2.8405736797263055
4825,1.0,340.0,698.0,21.6,2.592110127458847,9,35.28,1.6287950890976575,2.592110127458847,2.5824418,2.512856057990339,2.5718834084256486
4826,2.0,101.0,228.0,10.045,5.710899869475808,12,40.379999999999995,6.83964485191404,6.7984155184073565,6.1342793,6.425913614501328,5.6077426999140805
4828,1.0,305.0,692.0,6.86,1.0339529522675548,9,11.74,-2.390963206525422,1.2306842391455537,1.0692326,1.0376373291481147,0.9246364156357254
4829,1.0,4.0,235.0,13.61,2.919645034213041,9,20.2,4.393383234283803,2.919645034213041,2.9568229,3.076413257042916,2.9797856030193617
4831,0.0,0.0,118.0,0.0,,4,6.34,2.236435355420114,1.0625347642413732,2.1563878,2.1335467790624563,1.9387729350693883
4832,0.0,0.0,218.0,0.0,,3,17.63,1.6854429097810306,1.0625347642413732,0.95761657,1.0216751332704168,0.9604590770385109
4836,1.0,34.0,593.0,6.14,0.5138082486166657,7,13.91,-2.1960863784436677,0.5138082486166657,0.5204149,0.5148148417910566,0.6137238763471098
4838,1.0,419.0,460.0,14.36,3.1880757144325984,10,22.03,3.3646581924210404,3.1880757144325984,3.1739821,2.8957177881159226,3.092700648493597
4841,0.0,0.0,494.0,0.0,,5,10.62,-2.8048796964486113,0.4105308468223392,0.3910542,0.2906746971153087,0.22618741278547283
4843,1.0,336.0,363.0,3.74,1.5464015992455638,5,11.790000000000001,1.9740501722009978,1.5464015992455638,1.5893465,1.3800409152111286,1.6126848835255672
4844,1.0,38.0,514.0,9.57,0.9140984252220239,8,21.43,0.058358935241598076,0.9140984252220239,0.91347975,0.9167686699552823,0.9928134983169228
4846,7.0,444.0,542.0,14.540000000000001,13.760316235227869,34,121.3,15.037506475441386,13.760316235227869,13.781607,13.839281678959727,13.987906325458436
4847,1.0,455.0,516.0,7.2,1.7353813972989232,10,10.05,0.7686686971697831,1.7163691844149742,1.7348677,1.814796294338213,1.7654196307309533
4848,0.0,0.0,210.0,0.0,,3,5.54,0.8309203842727761,1.0625347642413732,0.99911785,1.038762869581522,0.999436982302961
4850,0.0,0.0,591.0,0.0,,4,20.58,-3.4194099292174913,0.31599932901172306,0.04954302,0.11524554384087847,0.2322909376113227
4851,0.0,0.0,110.0,0.0,,4,19.4,3.3986869921858656,2.32659064545856,2.572659,2.2320963075658478,2.161999467688986
4853,7.0,289.0,338.0,11.958571428571428,16.45791855952561,36,89.16,14.347959198299122,16.45791855952561,16.45609,16.110409652935246,16.329081319805553
4855,0.0,0.0,363.0,0.0,,4,29.16,0.5453347353978022,1.6942650673324204,0.9124316,0.5025329662595511,0.5830147161745085
4856,0.0,0.0,31.0,0.0,,4,8.27,3.6415275434511374,4.276645059846402,4.729609,3.3136419006022977,4.020613143760862
4858,3.0,338.0,494.0,4.76,2.568066140504669,14,20.29,2.52679029555348,2.568066140504669,2.601436,2.437928913710381,2.49670972601207
4861,3.0,542.0,604.0,14.133333333333333,6.0113148226356365,14,47.5,5.3856702087314305,6.0113148226356365,5.9198275,5.874532067707401,5.872359083023758
4864,0.0,0.0,164.0,0.0,,4,7.89,1.699637774732399,1.0625347642413732,1.3843416,1.6950412454958932,1.5270496043139596
4868,15.0,641.0,645.0,13.891333333333334,24.27478442998206,65,231.25,29.515060046425774,25.693741001692608,25.09236,24.410730313491605,25.149205504568084
4870,2.0,151.0,241.0,13.155000000000001,7.451538339358355,14,44.31,7.673000326368071,7.451538339358355,7.412867,7.548158561573632,7.588088797188931
4871,2.0,241.0,321.0,5.654999999999999,3.153925960374318,9,21.22,3.9495833908645537,3.153925960374318,3.1508029,3.1382055377601707,3.0857733666514373
4873,2.0,343.0,587.0,9.955,2.9218410365233702,11,37.61,2.554399152201817,2.9218410365233702,2.898526,2.897724300223208,2.9479769232117596
4875,2.0,405.0,552.0,13.114999999999998,4.1783245834382505,13,46.98,4.576727475348916,3.3750296067001937,3.8995686,4.474144413780389,4.36057323803681
4876,1.0,14.0,647.0,25.9,1.1437402203041105,10,34.4,1.3903651276387246,1.1437402203041105,1.1316817,1.1991604410681167,1.2156578472368622
4877,3.0,578.0,606.0,7.363333333333333,3.376358369300979,22,33.35,3.599546137062512,3.376358369300979,3.3760667,3.3789081391454365,3.4871654832897288
4878,3.0,114.0,290.0,8.093333333333334,5.038402517778177,12,37.33,6.207328835562547,5.038402517778177,5.00193,4.846530391513165,4.86001295717206
4879,0.0,0.0,415.0,0.0,,4,13.05,-1.493844566354685,0.562158674561362,0.4208203,0.32925694460044863,0.42403692470237075
4881,3.0,340.0,381.0,12.016666666666666,7.368224922763608,19,43.3,7.112951846752021,7.368224922763608,7.4362416,7.235686139139208,7.198783443579017
4882,0.0,0.0,154.0,0.0,,3,3.34,1.4593101886671336,1.0625347642413732,1.7499309,1.7872037636271483,1.6421108979763455
4884,0.0,0.0,169.0,0.0,,3,14.96,2.1755425671193684,1.0625347642413732,1.3876637,1.5564317697253187,1.4169217139768397
4888,0.0,0.0,324.0,0.0,,6,11.02,-0.3104588858439512,0.7496644682170794,0.5119174,0.6377337694625308,0.569161492004234
4890,1.0,26.0,104.0,4.34,2.9759438252183172,5,7.85,4.019036863983698,2.9759438252183172,2.992657,2.9606655936809982,2.9726850254773027
4891,0.0,0.0,26.0,0.0,,3,4.0,3.351795303293889,4.276645059846402,4.7285166,3.3136419006022977,4.020613143760862
4892,7.0,424.0,689.0,20.752857142857145,12.63148251933362,38,161.82999999999998,17.024726099999615,12.386859597688897,13.464643,12.945992894924643,13.015635458895815
4898,0.0,0.0,462.0,0.0,,4,15.84,-1.9455783220702427,0.6071638539809521,0.2576288,0.30988849539652813,0.2944224657136951
4900,0.0,0.0,664.0,0.0,,4,8.96,-5.4003396897357865,0.2280781283679771,0.19580457,0.14205424262097896,0.2550886560834069
4901,1.0,4.0,312.0,7.82,1.3503939375007472,6,20.060000000000002,2.4107159133071603,1.3503939375007472,1.3256544,1.4709893997623495,1.3111586537243696
4903,5.0,398.0,453.0,13.501999999999999,11.115310339048785,24,77.16,10.79641546922876,11.115310339048785,11.120051,11.110753983619837,10.783139410195432
4906,0.0,0.0,376.0,0.0,,3,9.4,-1.2452260340113197,0.6878891425254019,0.46074653,0.3999120331031581,0.46569722632510935
4907,2.0,164.0,190.0,14.73,10.00668981509079,14,41.31,8.44557561089783,10.00668981509079,9.978512,10.243509601860946,10.002869102904867
4909,1.0,300.0,686.0,7.46,1.0987294535953365,9,18.61,-1.69347827030255,1.0987294535953365,1.0836984,1.1484865969942926,0.9865497414467113
4912,0.0,0.0,256.0,0.0,,3,10.69,0.5828061826779605,0.809695980654187,0.838391,0.7892462129355844,0.576230017057723
4913,6.0,260.0,298.0,17.261666666666667,22.335304984046783,29,120.43,17.18550828225979,23.247491219437368,21.913782,22.34083827957784,22.919449384726985
4914,7.0,253.0,363.0,10.352857142857143,12.69494047460578,32,75.59,12.432092197055344,12.69494047460578,12.714474,12.641187413839319,12.475478900873794
4915,0.0,0.0,407.0,0.0,,2,9.08,-1.7355846571959344,0.562158674561362,0.44800538,0.35419026202725273,0.45106680859374215
4916,2.0,593.0,647.0,18.075,5.139792165845783,14,56.98,5.600369668983461,5.139792165845783,5.1713915,5.107565116760246,5.246098837909897
4917,0.0,0.0,610.0,0.0,,3,12.67,-4.345950609404869,0.31599932901172306,0.24959351,0.11808244922555519,0.27855916601861885
4921,0.0,0.0,318.0,0.0,,3,11.62,-0.23365406963321877,0.6878891425254019,0.64776516,0.6883437350406238,0.5018452577254608
4925,13.0,537.0,722.0,12.464615384615383,14.00727929565316,58,197.3,23.4384174626315,14.00727929565316,14.004531,18.068504664398265,14.65156651575508
4928,0.0,0.0,636.0,0.0,,3,15.29,-4.50951385144314,0.31599932901172306,0.20287398,0.11405096218999357,0.2208815838293372
4929,0.0,0.0,142.0,0.0,,3,19.71,2.944476399182667,1.0625347642413732,1.7482563,1.775250753293157,1.8557293189796589
4932,5.0,246.0,371.0,10.522,9.43586934192545,29,55.78,9.232329885950083,9.915688003937428,8.944302,9.189962233791926,9.418410167969567
4936,0.0,0.0,213.0,0.0,,3,2.14,0.515160287205513,1.0625347642413732,0.98291385,1.038762869581522,0.9584568071103288
4937,0.0,0.0,177.0,0.0,,3,6.01,1.3428711214846771,1.0625347642413732,1.4084182,1.372671037245377,1.095803224739961
4938,4.0,329.0,624.0,13.805,5.78553947909507,27,64.79,6.410273136754674,5.78553947909507,5.799258,5.689612907200322,6.004744427447187
4940,0.0,0.0,139.0,0.0,,3,6.4,1.920264478293722,1.0625347642413732,1.7768154,1.7798510544129806,1.860645282645737
4941,2.0,143.0,325.0,22.715000000000003,9.040202955788462,14,58.83,8.92579450584142,9.040202955788462,8.997057,9.041916219036404,8.745650870825347
4942,0.0,0.0,446.0,0.0,,3,13.32,-1.9368911912990745,0.562158674561362,0.34045565,0.32687679887138144,0.4324471540163728
4943,0.0,0.0,348.0,0.0,,6,7.75,-0.9175970896895329,0.7496644682170794,0.52565926,0.444508211628721,0.6262901776956813
4946,2.0,183.0,518.0,6.96,1.9468413404261011,10,37.02,2.316172251958167,1.9468413404261011,1.9143652,2.111981447171073,1.9302533727350921
4947,5.0,181.0,245.0,13.95,17.08535763015395,27,82.08,13.28876678264297,14.42776648831552,16.584133,16.9110490908648,17.472332909813225
4948,1.0,246.0,563.0,12.6,1.9284707144029665,8,25.91,1.1053912773639252,1.8217262795808153,1.7128637,1.990933953967836,1.8833933267026213
4951,0.0,0.0,566.0,0.0,,3,18.96,-3.209207903234523,0.31599932901172306,0.29010016,0.14319465993478586,0.24388492290973485
4953,9.0,211.0,325.0,13.976666666666667,21.286496814674795,40,135.81,19.69981963024126,21.32377732619258,20.98393,21.491097414743543,22.292572169581405
4954,1.0,191.0,659.0,4.01,0.647821762489057,8,11.73,-2.8654260839699752,0.647821762489057,0.64695966,0.6440302395756952,0.6517190932860553
4956,4.0,265.0,321.0,21.26,17.92355147172132,24,107.95,14.909437835986012,17.92355147172132,17.980934,18.25295900673124,17.980452290731016
4958,5.0,271.0,390.0,8.879999999999999,7.893230204151495,23,47.47,8.065402746631591,7.893230204151495,7.8827543,8.066991410546239,7.697856073628326
4960,3.0,141.0,280.0,10.01,6.827775082929276,18,34.4,6.62425454902106,6.827775082929276,6.8115773,6.651372921632447,6.630652557094261
4961,3.0,452.0,478.0,10.493333333333332,5.5517329516533165,15,45.98,6.166753816972163,5.420320700115206,6.1192455,5.487774274319991,5.647425262053046
4962,0.0,0.0,636.0,0.0,,5,9.51,-4.934652089699761,0.2280781283679771,0.1830359,0.12366819197476948,0.2208815838293372
4964,0.0,0.0,384.0,0.0,,2,6.36,-1.6231550813897675,0.6878891425254019,0.44908828,0.3999120331031581,0.5401918503629473
4965,0.0,0.0,110.0,0.0,,3,13.96,2.943274848024217,2.32659064545856,2.607872,2.2404411703634657,2.16486338100599
4972,0.0,0.0,255.0,0.0,,6,8.65,0.49112894294896003,0.809695980654187,0.7852957,0.7251132204070507,0.576230017057723
4973,1.0,183.0,378.0,2.22,0.9981046371341108,9,10.59,0.8138791227552487,1.3558634871712205,0.9406885,1.0495778004936636,1.1765073425911483
4977,0.0,0.0,150.0,0.0,,3,8.6,1.9385949260922364,1.0625347642413732,1.7540579,1.7872037636271483,1.6421108979763455
4978,0.0,0.0,89.0,0.0,,2,11.41,3.02141408976882,2.820447678323929,2.6325788,2.4118315062577813,2.210230292647636
4979,0.0,0.0,333.0,0.0,,1,8.66,-0.7249483413497613,0.6878891425254019,0.75395834,0.642232301943242,0.587863833448294
4981,2.0,124.0,315.0,9.255,4.033482653161602,8,22.430000000000003,4.070251518358535,4.033482653161602,4.037036,3.886333962325289,3.7444834458607468
4983,2.0,174.0,295.0,21.335,9.916831445132646,16,59.13,9.371441361805928,9.916831445132646,9.938829,10.498962185798266,10.264530228825755
4984,0.0,0.0,44.0,0.0,,5,5.1,3.2196749775376605,4.276645059846402,3.5818088,3.3061713940759683,3.1038646035965094
4985,2.0,146.0,237.0,16.025,8.955713068186032,15,43.21,8.03831181320335,8.955713068186032,8.9003525,8.94539655692463,9.002266009720111
4987,0.0,0.0,36.0,0.0,,4,11.4,3.8206638978077,4.276645059846402,4.732091,3.3136419006022977,4.020613143760862
4995,1.0,185.0,696.0,3.84,0.5737237638299962,10,15.94,-3.072885493183226,0.5737237638299962,0.5463776,0.5672928978174382,0.6170202634524866
4998,6.0,361.0,469.0,8.843333333333334,8.223689325049872,24,62.56,9.28850773601605,8.223689325049872,8.18157,8.048605199840834,8.152975550539999
5000,1.0,252.0,598.0,22.39,2.893301972265001,6,27.9,2.1165791674185064,2.893301972265001,2.8846598,2.852385569102618,3.0211846954051644
5001,1.0,304.0,377.0,27.32,6.192452003349792,12,52.379999999999995,8.300581348905617,6.192452003349792,6.2177424,6.297822003934336,6.696191793170966
5002,3.0,539.0,660.0,13.11,5.1215259027202995,19,66.5,6.043701443216786,5.1215259027202995,5.152344,5.378529732604754,5.408414365161818
5005,0.0,0.0,732.0,0.0,,2,4.49,-6.774413342487899,0.2280781283679771,0.26098287,0.09099397918516966,0.21679639999677747
5007,0.0,0.0,225.0,0.0,,6,23.98,2.1515858337148046,1.0625347642413732,0.9663413,1.0401788783548465,0.7916025271187372
5008,4.0,287.0,322.0,14.430000000000001,12.517465367618517,23,82.06,11.950019567563213,12.517465367618517,12.52873,12.38816895022161,12.772642544643196
5009,1.0,30.0,536.0,9.77,0.8206395070239456,7,17.75,-0.5814969322478989,0.8206395070239456,0.8101691,0.7382688022932217,0.8561840558169047
5013,2.0,27.0,389.0,12.940000000000001,2.3019487357307518,14,33.24,4.050347940871297,2.3019487357307518,2.3318026,2.1720559484350392,2.0456140874929805
5014,3.0,380.0,474.0,12.916666666666666,6.556954456513125,15,48.09,6.395719876622081,6.556954456513125,6.5162387,6.4575634742698185,6.525476427646558
5015,0.0,0.0,684.0,0.0,,3,4.98,-6.026105908906591,0.2280781283679771,0.2783923,0.12126543098638094,0.2685866037097595
5016,0.0,0.0,708.0,0.0,,3,13.86,-5.658937708313638,0.31599932901172306,0.22212659,0.0847538025509036,0.23506340388867564
5017,0.0,0.0,297.0,0.0,,4,9.26,-0.10191979581617927,0.809695980654187,0.71544296,0.6981321441322006,0.596272633537124
5018,0.0,0.0,582.0,0.0,,4,30.58,-2.4881676035208633,0.815340757509851,0.24148528,0.10179573785549499,0.31349034235810436
5019,3.0,564.0,589.0,16.363333333333333,7.100505129320052,11,53.91,6.471193272964748,7.100505129320052,7.056483,6.791819480957609,6.846358888481527
5020,1.0,21.0,253.0,11.22,2.533116690663517,13,17.880000000000003,3.771377679187459,2.0266894000678186,1.8646482,2.2104924949737614,2.507332117308344
5022,0.0,0.0,394.0,0.0,,2,7.63,-1.6650296120304109,0.562158674561362,0.46039188,0.34582933030119656,0.4536216740730614
5023,1.0,1.0,286.0,5.63,1.1996814897937158,11,36.67,3.892894675462305,2.3184574783391647,1.3284755,1.5948030736129108,1.3424046996031267
5024,0.0,0.0,69.0,0.0,,3,7.7,3.030520535266181,2.820447678323929,2.8999214,2.309699600145311,2.8405736797263055
5025,0.0,0.0,249.0,0.0,,4,10.92,0.721030253549054,1.0625347642413732,0.99331963,0.9387779986706868,0.6045648474116625
5026,5.0,316.0,711.0,7.031999999999999,2.3365888877943135,20,38.18,2.601717272483263,2.3365888877943135,2.3320477,2.0918296851120495,2.4252864670719636
5029,1.0,206.0,294.0,9.72,3.0684391956401944,9,21.14,4.020014563791488,3.0684391956401944,3.1065743,3.0898122948748004,3.09478124554741
5031,0.0,0.0,313.0,0.0,,2,2.77,-0.890655719858656,0.6878891425254019,0.73507255,0.6918243511557449,0.6258212820310591
5032,0.0,0.0,43.0,0.0,,4,13.44,3.8836502178414523,4.276645059846402,4.7301188,3.296554164291193,3.1038646035965094
5036,1.0,78.0,120.0,17.73,8.26207565209461,10,29.57,7.73604232280468,8.26207565209461,8.271219,8.24542000548192,8.303393184006003
5037,0.0,0.0,653.0,0.0,,3,3.14,-5.728136795598984,0.2280781283679771,0.21002431,0.13945008849745158,0.22257286887660133
5038,5.0,589.0,701.0,15.338,8.776639060373887,22,86.65,9.101181787122279,8.830112195044041,8.594175,8.740303070130862,8.82026090129495
5040,1.0,447.0,563.0,2.62,0.9017063815320551,6,23.540000000000003,0.42237557575599993,0.892502090035836,1.0563794,1.0603709412493372,0.9867088066402054
5045,0.0,0.0,235.0,0.0,,1,1.92,0.1429852147907864,1.0625347642413732,0.9033615,1.046177276085085,0.789353325691664
5046,0.0,0.0,577.0,0.0,,2,3.18,-4.651870036771257,0.2280781283679771,0.2742749,0.16413473791797872,0.28300635649647
5050,6.0,350.0,355.0,12.635,14.899759455973765,27,86.68,13.395977228696406,14.899759455973765,14.807373,14.838983811464509,14.99529028780038
5052,0.0,0.0,575.0,0.0,,3,4.75,-4.478049402814792,0.2280781283679771,0.26829922,0.16413473791797872,0.2814891964857802
5053,7.0,247.0,318.0,11.502857142857142,16.16555262674018,29,89.02,14.23059946537817,16.16555262674018,16.133894,16.08286654402319,15.986120160262077
5054,0.0,0.0,59.0,0.0,,4,15.84,3.84616082534592,2.820447678323929,3.4838736,3.073601622741673,2.980605734628056
5055,1.0,128.0,251.0,17.54,5.06205923510054,14,25.979999999999997,5.848770380377191,5.06205923510054,5.05638,5.190769537375626,5.272104600761707
5056,0.0,0.0,553.0,0.0,,5,28.0,-2.259102602480768,0.815340757509851,0.2324179,0.06188895096694129,0.26098556909944914
5057,0.0,0.0,645.0,0.0,,1,3.93,-5.5881733074173985,0.2280781283679771,0.22093382,0.13282747651954227,0.24101865101757447
5060,4.0,533.0,631.0,6.4,3.543306158178168,16,30.28,3.2497524277524477,3.543306158178168,3.5295959,3.4378240422018944,3.610478008028264
5062,0.0,0.0,233.0,0.0,,6,19.38,1.6677401378173669,1.0625347642413732,0.6801295,1.0165856302786351,0.7902941599682745
5063,2.0,154.0,595.0,10.745000000000001,2.0015578800626237,9,28.549999999999997,0.9037389042739492,2.623216720046714,2.4472356,2.052557251797618,2.1046566275630187
5065,0.0,0.0,332.0,0.0,,4,2.04,-1.1838949911469507,0.6878891425254019,0.7405333,0.642232301943242,0.5913450800103845
5067,5.0,319.0,622.0,15.457999999999998,7.0718123082448345,27,79.41,8.510078739104095,7.0718123082448345,7.1431627,6.965737439089937,7.337787877120184
5068,0.0,0.0,35.0,0.0,,3,15.88,4.175106403861883,4.276645059846402,4.77877,3.296554164291193,4.020613143760862
5069,0.0,0.0,295.0,0.0,,4,18.23,0.6461260794099779,0.809695980654187,0.6566738,0.6810444078210952,0.6014139741361726
5070,2.0,40.0,320.0,20.125,5.42586444982873,12,66.52,8.734734229248659,5.42586444982873,5.383008,5.1515382299970565,5.635435487855418
5071,5.0,310.0,314.0,14.030000000000001,15.250453198464177,21,77.97,12.464914804641111,15.250453198464177,15.237417,15.247612275975273,15.191513342000132
5073,0.0,0.0,238.0,0.0,,2,6.95,0.5224048461873299,1.0625347642413732,0.90437835,0.9482385007857772,0.792652250992611
5077,0.0,0.0,102.0,0.0,,2,5.43,2.3550486260865626,2.32659064545856,2.5558546,2.3337251846506284,2.17239982463805
5078,0.0,0.0,329.0,0.0,,4,8.11,-0.6540280545857868,0.6878891425254019,0.66907716,0.6502376789578752,0.5375902351660615
5079,0.0,0.0,702.0,0.0,,3,10.69,-5.82691009461139,0.2280781283679771,0.18269701,0.10184153886200893,0.2530516682564521
5081,1.0,197.0,264.0,8.75,3.1029387078336095,7,15.27,3.7648919585582474,3.1029387078336095,3.0996163,3.0769925886813785,3.002700561864616
5083,0.0,0.0,170.0,0.0,,4,18.74,2.483468036428338,1.0625347642413732,1.342285,1.5689192049166003,1.3426883790281288
5084,0.0,0.0,169.0,0.0,,3,7.34,1.5644960813727313,1.0625347642413732,1.3900774,1.573519506036424,1.4169217139768397
5086,0.0,0.0,524.0,0.0,,5,11.04,-3.202346803683021,0.5819915427067095,0.2798158,0.2906746971153087,0.24577765788356842
5088,6.0,467.0,550.0,12.848333333333334,10.632478865960094,25,90.61,11.445409361926131,10.632478865960094,10.594896,10.752637877749898,10.414998740550216
5089,0.0,0.0,233.0,0.0,,5,17.21,1.4745487296651023,1.0625347642413732,0.78922766,1.0216190332476502,0.7894272609239028
5090,0.0,0.0,76.0,0.0,,4,5.26,2.7534359104055914,2.820447678323929,2.7646868,2.309699600145311,2.4826809107669083
5092,3.0,336.0,441.0,10.153333333333334,5.510211032014746,17,40.17,5.682858329337211,5.510211032014746,5.3949347,5.495561296221106,5.48693496231298
5094,0.0,0.0,656.0,0.0,,3,8.51,-5.340632105264933,0.2280781283679771,0.23439081,0.14131943561671906,0.21855076527403128
5095,3.0,462.0,499.0,11.266666666666666,5.70955703859442,19,72.3,8.20670158700846,5.70955703859442,5.734149,5.846678494167557,5.764156916804665
5096,0.0,0.0,425.0,0.0,,3,24.01,-0.7778591506915413,0.6489445261916096,0.49144995,0.36281251517422713,0.3688482592062057
5099,10.0,321.0,359.0,8.863,16.491725355878447,42,104.0,17.21326503577814,16.491725355878447,16.492456,16.407320186799442,16.40322572983223
5101,1.0,510.0,640.0,11.59,2.0018732253321376,11,34.69,1.8501072029377572,2.0018732253321376,1.9647663,2.2053016615848424,1.9751839675618692
5102,8.0,226.0,341.0,15.68,21.417240625629315,34,133.98,18.800638072749205,21.417240625629315,21.391546,20.610960426328656,21.19410102907467
5103,0.0,0.0,245.0,0.0,,4,23.3,1.7712665629578912,1.0625347642413732,0.97593033,0.9425671906197345,0.7934549953763046
5106,0.0,0.0,235.0,0.0,,5,7.96,0.7040497027317194,1.0625347642413732,0.89143836,1.0387067695587555,0.789353325691664
5107,0.0,0.0,612.0,0.0,,5,11.42,-4.436572051289276,0.32077864027662517,0.20131199,0.12769967901033114,0.27855916601861885
5108,0.0,0.0,236.0,0.0,,5,24.62,2.0256406681517958,1.0625347642413732,0.99545485,1.004174199556774,0.8146196818365476
5109,1.0,170.0,634.0,6.12,0.832202594056574,7,26.93,-1.1101208125445483,0.832202594056574,0.782006,0.8063320492256637,0.6587157580504819
5110,0.0,0.0,270.0,0.0,,3,6.93,0.0800905749431502,0.809695980654187,0.7923244,0.7352738479423097,0.5008400404446363
5113,1.0,21.0,226.0,13.44,3.307341233991555,8,21.54,4.666538868762048,3.307341233991555,3.302592,3.2829613548125387,3.216790355634976
5114,9.0,228.0,250.0,13.743333333333332,29.302356692270056,47,139.62,21.26417255121833,22.37060313208919,25.787876,26.786005612316046,29.110254661983483
5115,0.0,0.0,338.0,0.0,,3,1.82,-1.3069456025829442,0.6878891425254019,0.7174696,0.642232301943242,0.5911466022619454
5116,0.0,0.0,373.0,0.0,,2,14.15,-0.8403891522054865,0.6878891425254019,0.44934517,0.38282429679205277,0.487241120806857
5118,0.0,0.0,612.0,0.0,,4,26.7,-3.2304509691162364,0.31599932901172306,0.19201532,0.013378911166163724,0.28026489724495285
5119,0.0,0.0,165.0,0.0,,3,9.67,1.8088246241472241,1.0625347642413732,1.3832861,1.6950412454958932,1.5270496043139596
5124,7.0,287.0,344.0,12.111428571428572,16.366778944343125,33,95.47,14.722179563414006,16.366778944343125,16.37111,16.35773313131915,16.345996003611695
5125,3.0,515.0,727.0,12.683333333333332,4.4056511552480195,18,48.26,3.4276077025527076,4.4056511552480195,4.424044,4.329869154010153,4.655311159765728
5126,0.0,0.0,164.0,0.0,,5,9.04,1.8110355588083422,1.0625347642413732,1.3631457,1.6875707389695638,1.5270496043139596
5129,8.0,266.0,348.0,16.72625,24.333225355189782,40,155.19,20.848263599793945,24.333225355189782,24.319962,23.773038772177692,24.565550536815955
5130,0.0,0.0,249.0,0.0,,3,3.93,0.14132387672240743,1.0625347642413732,1.0032269,0.9387779986706868,0.6045648474116625
5133,0.0,0.0,58.0,0.0,,5,14.15,3.7441910604084168,2.820447678323929,3.4257722,3.0661311162153435,2.980605734628056
5134,1.0,119.0,179.0,34.35,11.934128218451752,10,43.46,10.51036887841665,11.934128218451752,11.898217,12.147487970455206,11.780612055663152
5136,1.0,9.0,60.0,3.52,3.3620889048495215,6,9.86,4.638175494627898,3.3620889048495215,3.4064102,3.6402635628311573,3.3661164789310583
5140,1.0,3.0,78.0,15.12,7.730912939037209,7,28.95,7.518896525946013,7.730912939037209,7.7116466,8.730773463309987,7.757580875737535
5143,2.0,647.0,704.0,5.824999999999999,1.8344788430714427,15,21.169999999999998,0.47247322180691853,1.7079988596501126,1.7074996,1.8020584700843547,1.976746181579002
5144,1.0,159.0,442.0,17.64,2.922424096497694,10,30.86,3.57684918997113,2.922424096497694,2.9380956,3.0995740654206423,2.850499246991599
5147,1.0,78.0,489.0,6.65,0.9472095953731794,9,14.350000000000001,-0.3516022369363685,0.9140984252220239,0.88661766,1.1131023337022807,0.9053658298795799
5148,10.0,252.0,359.0,12.015,19.633276913828634,40,126.74,19.116282517494795,21.32377732619258,19.839806,19.072343727046242,19.46994719271876
5150,1.0,462.0,517.0,16.2,3.1986124406173104,7,18.86,2.690717297903512,2.245764407556444,2.879733,2.9901032620968375,3.3610064901210954
5151,0.0,0.0,282.0,0.0,,3,5.33,-0.2206718830162373,0.809695980654187,0.79344815,0.6772979684497417,0.5453433910330387
5153,0.0,0.0,374.0,0.0,,2,5.15,-1.5764691610975765,0.6878891425254019,0.45509225,0.3999120331031581,0.49758437532578625
5155,0.0,0.0,267.0,0.0,,4,13.28,0.6515901456328059,0.809695980654187,0.79487056,0.7181861116312043,0.4961188281186075
5158,4.0,270.0,662.0,9.8575,3.0229054828101902,23,51.95,3.9323958282592404,3.0229054828101902,3.0153632,2.843458855458439,3.014079427659476
5159,1.0,288.0,297.0,9.53,3.2241256894081456,9,14.209999999999999,3.7769073415612735,3.0709406894511515,2.943798,3.0591329312816806,3.317152451179137
5162,2.0,364.0,698.0,4.3,1.2424750692805988,5,20.91,-1.1856761870028674,1.2424750692805988,1.2395177,1.1525053908713219,1.1517834319380889
5163,5.0,597.0,676.0,10.262,6.252405619045227,21,58.49,6.512694994744781,6.252405619045227,6.2742133,6.197793741371635,5.996814975259611
5166,0.0,0.0,48.0,0.0,,4,11.51,3.6570260449174397,2.820447678323929,3.609076,3.3136419006022977,3.1038646035965094
5167,4.0,499.0,651.0,15.93,7.778467129710885,22,79.82,8.22027837852049,7.333142070918532,7.8665133,7.945000616280405,7.888239514890781
5170,0.0,0.0,258.0,0.0,,6,7.64,0.3670225336683721,0.809695980654187,0.7832768,0.77674230344024,0.5172404453941244
5171,3.0,144.0,441.0,5.833333333333333,2.2748095192199598,17,24.09,2.8961329095776756,2.2748095192199598,2.25142,2.1355107950582872,2.227884510038364
5172,6.0,256.0,297.0,13.844999999999999,18.064724480361544,29,105.61000000000001,15.516440651983604,18.064724480361544,18.10659,18.57383183584001,18.71385382241956
5174,11.0,588.0,659.0,15.56090909090909,19.46459696360163,56,174.74,21.736169027720912,17.64287341768118,18.198648,19.890290574108153,18.926948945501167
5181,2.0,42.0,179.0,11.665000000000001,6.886099055794199,11,34.19,6.979163370681876,7.23852882370589,6.127107,6.723850222922139,6.770797334511497
5182,1.0,305.0,593.0,11.44,1.8217262795808153,6,18.89,0.18622354704417665,1.8217262795808153,1.8335822,1.879971244405194,1.8654041734939257
5183,0.0,0.0,618.0,0.0,,4,12.41,-4.462592971419045,0.32077864027662517,0.23455273,0.11185708784366963,0.26381615820569415
5185,0.0,0.0,65.0,0.0,,7,38.18,5.608910652577164,2.9532235344474165,2.4717035,3.0827100286809808,3.414116530237607
5188,0.0,0.0,541.0,0.0,,3,3.82,-4.063992862979177,0.6616955829386749,0.2633084,0.20118353765688812,0.2654395003974459
5192,0.0,0.0,464.0,0.0,,4,15.37,-2.0120106633270547,0.6071638539809521,0.2575664,0.30988849539652813,0.2944224657136951
5195,1.0,23.0,142.0,5.3,2.6641892833001046,6,8.18,3.6384277491602757,3.061150053977479,2.714445,2.5686480450374023,2.7749952034484195
5196,2.0,138.0,632.0,29.174999999999997,4.084155397954311,18,73.95,6.6803169023372915,4.084155397954311,4.085864,3.915838941144603,4.160773537650954
5199,0.0,0.0,559.0,0.0,,5,4.58,-4.22337773009418,0.2280781283679771,0.2741782,0.17045793486680283,0.2808000612159196
5203,2.0,452.0,593.0,18.48,5.415670638380227,15,45.379999999999995,4.864657722467561,5.415670638380227,5.383546,5.517315542929696,5.346590656464729
5204,1.0,145.0,447.0,7.99,1.5163163351809392,8,17.310000000000002,0.9693173222578704,1.5163163351809392,1.4424195,1.3658700212128063,1.5338012425040173
5206,3.0,235.0,411.0,9.176666666666668,4.887679253201614,18,38.68,5.406750160954795,4.887679253201614,5.0000196,5.300332919830248,4.986212316915377
5207,2.0,25.0,306.0,11.515,3.1467662725192755,10,36.28,5.2022384835805795,3.1467662725192755,3.1575294,3.0932907780416157,2.877766174174584
5208,2.0,164.0,259.0,9.42,5.334016961425845,15,45.550000000000004,7.072755922447098,5.334016961425845,5.3143826,5.5954168638802475,5.515694643513008
5210,1.0,400.0,559.0,22.11,3.6730532661190063,9,50.3,5.181671014362527,3.6730532661190063,3.6981745,3.7749664414853052,3.835476157701648
5214,0.0,0.0,493.0,0.0,,3,20.83,-2.010128961092831,0.4105308468223392,0.23824057,0.27822056194585604,0.15399995754565943
5215,0.0,0.0,423.0,0.0,,3,4.54,-2.310411970299289,0.562158674561362,0.38321322,0.3500355951214686,0.39137908917077624
5216,3.0,441.0,534.0,10.290000000000001,4.889722252448946,20,45.49,5.338927623679968,4.889722252448946,4.8218927,4.755960087354572,4.8469307085823505
5219,3.0,471.0,662.0,11.6,4.402148643710557,16,42.53,3.507774096476001,4.99325747423099,4.151015,4.267999979660014,4.353609548180926
5221,1.0,119.0,224.0,3.53,1.8485307476280166,7,19.650000000000002,3.5995983010878287,1.8485307476280166,1.816161,1.8434575950795125,1.8952182910366666
5222,1.0,178.0,328.0,9.63,2.639691540016462,10,34.27,4.460392580815681,2.639691540016462,2.7746744,2.7887921964649562,2.8124950731950746
5223,6.0,245.0,347.0,11.218333333333334,12.55903421382559,22,77.77,12.013616072776053,12.55903421382559,12.600861,12.758383118291663,12.36553651531904
5226,2.0,117.0,336.0,11.07,4.270601473475562,11,28.86,4.56204277636213,2.8640729354530023,4.2541738,4.6166903924741565,4.120849723434425
5230,2.0,347.0,735.0,11.975,2.56203820589701,15,36.37,0.7049811943059838,2.56203820589701,2.526633,2.555495510507807,2.5777557963487663
5231,0.0,0.0,303.0,0.0,,3,5.76,-0.4879930415368152,0.809695980654187,0.72427905,0.6981321441322006,0.5254056825675004
5233,0.0,0.0,575.0,0.0,,4,4.58,-4.472502191072912,0.2280781283679771,0.22796011,0.16413473791797872,0.2814891964857802
5235,0.0,0.0,272.0,0.0,,4,19.72,1.0961548290997847,0.809695980654187,0.72170985,0.6602102321386363,0.5501301467128767
5237,0.0,0.0,375.0,0.0,,3,6.26,-1.4826505312825073,0.6878891425254019,0.45637017,0.3999120331031581,0.49758437532578625
5238,1.0,529.0,712.0,4.28,0.9253483858829372,5,15.5,-1.7692266987687049,1.0053506367605953,0.87900794,0.9098692602175533,0.8213735219830536
5240,0.0,0.0,251.0,0.0,,3,3.67,0.0917313992460147,1.0625347642413732,1.0990151,0.9387779986706868,0.6045648474116625
5241,0.0,0.0,653.0,0.0,,5,17.76,-4.517402552329175,0.31599932901172306,0.13864726,0.11489184566001687,0.22257286887660133
5242,0.0,0.0,172.0,0.0,,5,10.8,1.8371971659750272,1.0625347642413732,1.3521461,1.3652005307190476,1.346870423555524
5244,0.0,0.0,508.0,0.0,,5,23.81,-1.948377727621021,0.4105308468223392,0.43506092,0.27895237835890374,0.1835880847497755
5249,2.0,160.0,233.0,26.16,14.492675449418917,11,73.08000000000001,11.892716122876468,14.492675449418917,14.433957,14.50205240014257,14.477805061846134
5250,2.0,385.0,407.0,12.53,5.334518012824245,14,38.339999999999996,5.81215440680737,5.334518012824245,5.2988577,5.353884191197113,5.501976804935961
5252,0.0,0.0,140.0,0.0,,6,26.55,3.57925638904266,1.0625347642413732,1.7807562,1.8753473013347022,1.9230984899842127
5256,5.0,452.0,482.0,17.327999999999996,13.597743737241057,30,94.91999999999999,12.704044753919096,13.597743737241057,13.601046,13.485330423060475,13.571686208139901
5258,0.0,0.0,221.0,0.0,,4,20.72,1.9092942757775115,1.0625347642413732,0.8627448,1.0188382278857402,0.9468467673572665
5261,0.0,0.0,159.0,0.0,,5,14.3,2.304691857393287,1.0625347642413732,1.7578493,1.7475244037228577,1.574107238971636
5264,0.0,0.0,92.0,0.0,,6,18.37,3.6131385355539685,2.32659064545856,2.5148625,2.3843579145173535,2.135996957698926
5265,0.0,0.0,273.0,0.0,,3,11.17,0.3769807601730397,0.809695980654187,0.76379865,0.6772979684497417,0.5492632476685051
5271,0.0,0.0,210.0,0.0,,2,2.52,0.5695676227235769,1.0625347642413732,0.99911785,1.038762869581522,0.999436982302961
5276,0.0,0.0,39.0,0.0,,4,34.13,5.600263993989732,4.276645059846402,4.459022,3.900302513382767,3.9352821133406497
5277,0.0,0.0,206.0,0.0,,3,1.85,0.5925061653419204,1.0625347642413732,1.0646154,1.0641091294534575,0.9715037064813092
5279,0.0,0.0,86.0,0.0,,4,13.02,3.2319933604074254,2.820447678323929,2.7720246,2.3947437699466767,2.4826809107669083
5280,1.0,276.0,369.0,11.33,2.9726113651348305,7,15.29,2.9854388036750183,2.9726113651348305,2.8954983,2.9048415594825094,2.908111528859349
5281,1.0,13.0,51.0,3.03,3.366389888471395,12,19.41,5.598733842282138,3.366389888471395,3.3563766,3.3283084704588286,3.556568055756924
5282,0.0,0.0,330.0,0.0,,2,5.12,-0.9465261648903205,0.6878891425254019,0.66028064,0.6502376789578752,0.5562036811827662
5283,0.0,0.0,268.0,0.0,,6,13.3,0.677181345866015,0.809695980654187,0.65064025,0.7056822021358599,0.4961188281186075
5284,1.0,51.0,76.0,37.8,19.570184642819818,10,76.19999999999999,14.780125299368635,19.570184642819818,19.573647,20.423377547783062,19.9104512380883
5289,1.0,29.0,429.0,12.47,1.4099636580897736,10,23.97,1.8843755855318367,1.6993370619890673,1.3851315,1.4064692749318155,1.1645758975550322
5290,2.0,98.0,291.0,16.395,6.776122488614281,10,34.56,6.3005614359325985,6.776122488614281,6.7249293,6.680751879781755,6.5574510695952535
5293,0.0,0.0,656.0,0.0,,4,3.22,-5.745656810455176,0.2280781283679771,0.19371188,0.14131943561671906,0.21855076527403128
5294,9.0,286.0,317.0,10.972222222222221,20.103884530804784,42,101.52,17.03412251552182,20.103884530804784,20.073519,19.68447191190658,19.55936868716826
5295,11.0,551.0,675.0,14.97181818181818,17.64287341768118,55,183.95,21.970994104764397,17.64287341768118,17.63641,18.731947702179713,17.863829668028266
5297,0.0,0.0,614.0,0.0,,4,5.28,-4.976860197038669,0.2280781283679771,0.21085624,0.13517018553666052,0.27853478668424003
5298,0.0,0.0,512.0,0.0,,3,16.13,-2.660080812501106,0.4105308468223392,0.33111507,0.2810574673305328,0.22249893003360288
5301,2.0,554.0,567.0,18.7,5.958914383265137,13,46.48,5.79427991343174,5.958914383265137,5.9341164,5.740115593292798,5.863091197305352
5303,5.0,548.0,598.0,8.704,5.967419862660952,22,61.22,7.426148165447279,5.967419862660952,5.9874434,5.898102255008404,6.091245596114778
5305,0.0,0.0,338.0,0.0,,4,4.27,-1.0913010427234537,0.6878891425254019,0.7117338,0.642232301943242,0.5911466022619454
5307,0.0,0.0,517.0,0.0,,4,9.47,-3.2468233872009113,0.5819915427067095,0.29655468,0.2981452036416381,0.22249893003360288
5310,2.0,157.0,424.0,6.61,2.3112123540277745,11,35.06,3.3591164447047697,2.3112123540277745,2.410565,2.7414939132382607,2.275332246487464
5311,0.0,0.0,38.0,0.0,,3,11.8,3.8048172240770723,4.276645059846402,4.7351255,3.296554164291193,4.020613143760862
5313,4.0,625.0,654.0,18.8175,9.518773214191615,22,85.96,9.659434643784817,9.518773214191615,9.503669,9.445762501791352,9.42628558836249
5314,0.0,0.0,241.0,0.0,,2,1.6,0.05027458544474639,1.0625347642413732,0.99614197,0.9482385007857772,0.801206643763007
5315,2.0,303.0,336.0,15.155000000000001,7.190841199346284,13,44.46,7.28790339417457,7.190841199346284,7.1291895,7.2773162088922065,7.558800950713909
5317,0.0,0.0,144.0,0.0,,2,10.89,2.189279515664113,1.0625347642413732,1.7430583,1.7798510544129806,1.6438978537672284
5318,4.0,79.0,113.0,8.9,14.167531807062986,20,44.4,10.13562837290863,14.167531807062986,14.161041,13.657936103126335,14.01836277628026
5320,0.0,0.0,164.0,0.0,,3,6.26,1.5497488734440692,1.0625347642413732,1.380176,1.6950412454958932,1.5270496043139596
5321,0.0,0.0,48.0,0.0,,4,24.02,4.660200787265265,2.820447678323929,3.6281679,3.320177459557689,3.1895360343541554
5324,1.0,57.0,307.0,18.21,3.4867320901172585,8,32.74,5.233444763560936,3.4867320901172585,3.458478,3.5804426291590215,3.621306445879777
5329,0.0,0.0,604.0,0.0,,3,9.23,-4.535574249134591,0.2280781283679771,0.18861054,0.13517018553666052,0.2931568298951106
5331,0.0,0.0,395.0,0.0,,4,10.09,-1.4437752326342368,0.562158674561362,0.43943036,0.34582933030119656,0.4536216740730614
5333,0.0,0.0,155.0,0.0,,5,8.27,1.8786334420520463,1.0625347642413732,1.7339175,1.764612140033963,1.6421108979763455
5335,1.0,130.0,476.0,6.97,1.221467236477584,7,17.41,0.3292470185687879,1.221467236477584,1.2433916,1.2304001017885848,1.276293831072552
5339,2.0,31.0,671.0,22.98,1.1298539106043164,16,79.84,5.191281228575016,1.1298539106043164,1.125662,0.807693801209269,0.8224365303054064
5340,0.0,0.0,83.0,0.0,,4,37.63,5.248579699297021,2.820447678323929,2.51442,3.234275270767162,2.9803691458628037
5341,6.0,615.0,696.0,15.208333333333334,10.417594424974338,30,102.95,11.451503423727338,10.417594424974338,10.336302,10.558120237421535,10.522744254668627
5342,1.0,3.0,194.0,22.1,5.352032642357642,10,32.99,7.206513006067427,4.856707241553357,5.371608,4.937565532003129,5.322501381558081
5343,2.0,238.0,306.0,13.145,6.597285598282285,13,57.25,8.161451623206133,6.597285598282285,6.574693,6.624884842098773,6.904523628203817
5345,0.0,0.0,133.0,0.0,,5,15.84,2.8018447819389087,1.0625347642413732,1.7879378,2.092031669315441,1.8593429445554133
5346,4.0,589.0,631.0,9.190000000000001,4.992422555986911,17,60.040000000000006,6.30541168902676,4.992422555986911,5.069296,4.945728535520028,5.069210580789896
5347,0.0,0.0,631.0,0.0,,6,26.33,-3.494821902495241,0.31599932901172306,0.0845978,0.02825815535455599,0.24084034213750272
5348,10.0,276.0,338.0,13.155000000000001,24.615784085975665,48,137.54,20.708387633892226,24.615784085975665,24.575157,24.173606397505093,24.258031700673023
5349,0.0,0.0,58.0,0.0,,4,8.35,3.259910578337479,2.820447678323929,3.4397192,3.0906893590527775,2.980605734628056
5350,1.0,95.0,265.0,13.4,3.5990829775110673,8,14.6,3.8888786379747895,2.2568852196311138,3.3819845,3.4766492456923292,3.5954647495676872
5351,0.0,0.0,128.0,0.0,,3,14.49,2.727087355735745,1.0625347642413732,2.1616797,2.0995021758417702,1.895791713294967
5353,2.0,208.0,662.0,16.785,3.000935416964913,16,35.4,1.7182524385133022,3.000935416964913,3.029438,2.8576488158827296,3.2116025526535394
5355,0.0,0.0,455.0,0.0,,5,11.42,-2.1802369491941453,0.562158674561362,0.32408482,0.33649402865615735,0.37370785165562026
5358,6.0,661.0,705.0,12.923333333333334,8.91458391372813,28,84.58,9.706531695827758,8.91458391372813,8.882502,8.86661390954121,8.582107678664958
5360,0.0,0.0,597.0,0.0,,5,21.12,-3.4431573068913384,0.31599932901172306,0.054216012,0.10844636432141186,0.23788115927650288
5362,0.0,0.0,437.0,0.0,,5,12.22,-1.8573969862963517,0.562158674561362,0.3899613,0.319406292345052,0.42901212799359545
5363,0.0,0.0,300.0,0.0,,3,7.48,-0.30695185471290465,0.809695980654187,0.68968666,0.6981321441322006,0.5232913802736068
5365,0.0,0.0,419.0,0.0,,3,2.56,-2.411701584161017,0.562158674561362,0.43507445,0.34634468091155396,0.42403692470237075
5366,0.0,0.0,54.0,0.0,,2,5.18,3.024836104877508,2.820447678323929,3.438627,3.3136419006022977,2.980605734628056
5368,1.0,338.0,420.0,4.84,1.5482391265612023,9,19.27,1.9941028824592735,1.5271467178434786,1.4513077,1.5341399837004865,1.6389130082376955
5374,11.0,466.0,574.0,10.173636363636364,13.813006007303226,49,135.01,18.317752674493484,13.813006007303226,13.830076,14.442961875772058,14.410718627366593
5376,3.0,231.0,379.0,20.816666666666666,11.3131153852714,16,75.5,10.385175895285233,11.3131153852714,11.23165,11.555752894304335,11.056395726691985
5379,5.0,626.0,698.0,9.852,5.879120814106033,25,60.09,6.479549933040993,5.879120814106033,5.8915386,5.976338178659146,5.82245999522069
5381,0.0,0.0,366.0,0.0,,5,8.34,-1.148152674747723,0.7496644682170794,0.73781854,0.40566260502789986,0.5230846095656254
5387,2.0,368.0,615.0,17.38,4.627580792581812,13,39.1,3.4616240222233543,4.627580792581812,4.6550603,4.571941602618631,4.48819320235282
5388,2.0,398.0,712.0,6.445,1.7029418924124804,9,28.22,-0.26641879593356377,1.7029418924124804,1.7216852,1.7681585739890413,1.6992788944055466
5389,0.0,0.0,698.0,0.0,,3,11.0,-5.744565003439024,0.32077864027662517,0.17228472,0.10184153886200893,0.2547219658040696
5393,0.0,0.0,492.0,0.0,,5,5.4,-3.194727473813633,0.4105308468223392,0.39314985,0.2906746971153087,0.22763237260470515
5394,0.0,0.0,457.0,0.0,,4,6.34,-2.635523877766186,0.562158674561362,0.33374637,0.34396453518248676,0.2834388774574643
5396,0.0,0.0,629.0,0.0,,4,6.48,-5.096205821405328,0.2280781283679771,0.16493869,0.13113869850109888,0.2382116839822963
5397,0.0,0.0,667.0,0.0,,2,6.16,-5.706344855130101,0.2280781283679771,0.2261788,0.14205424262097896,0.2631710628966486
5398,3.0,238.0,361.0,13.729999999999999,8.137800985533579,15,49.78,7.606745592393749,8.137800985533579,8.125576,8.544893721348087,8.062977451520895
5400,0.0,0.0,637.0,0.0,,5,13.65,-4.617037764902769,0.31599932901172306,0.16928364,0.10658045566366418,0.2208815838293372
5401,1.0,3.0,266.0,12.5,2.336830948084633,10,40.2,5.41141387903825,2.336830948084633,2.3005698,2.378199043153096,2.01771280199124
5405,4.0,270.0,682.0,16.220000000000002,4.460165973326551,22,100.86,8.434984597879655,4.460165973326551,4.4358153,4.386844874871427,4.472738553803262
5406,4.0,288.0,329.0,11.1675,9.67872947140496,19,47.59,8.55833242019657,9.67872947140496,9.718491,9.645501589464693,9.397119237521965
5407,1.0,27.0,578.0,19.13,1.2002820743740408,9,36.8,1.6719417194775916,1.2002820743740408,1.2009026,1.293128571862174,1.108980331489139
5409,1.0,1.0,174.0,19.79,5.365549502806642,11,27.15,6.713412552791813,5.365549502806642,5.3963504,5.175647034053473,5.406682840670804
5410,5.0,467.0,661.0,14.795999999999998,8.374335791692552,25,77.56,8.36042632814492,8.374335791692552,8.295245,8.027690644386004,7.979564580594089
5412,0.0,0.0,323.0,0.0,,4,15.96,0.061691458450835235,0.6878891425254019,0.6411276,0.6331499426467698,0.5655408870498295
5418,0.0,0.0,274.0,0.0,,5,16.63,0.8388046221466299,0.809695980654187,0.7439755,0.6527397256123069,0.5495947177878655
5419,7.0,583.0,629.0,12.402857142857142,10.78901121662352,31,96.56,12.095666902195305,10.78901121662352,10.7966585,10.814542432233923,10.652520123051463
5423,0.0,0.0,495.0,0.0,,2,7.01,-3.166274982240412,0.4105308468223392,0.3974414,0.2981452036416381,0.22618741278547283
5424,1.0,23.0,232.0,19.26,4.359000821095777,9,33.06,6.344073049270339,4.359000821095777,4.3355217,4.427878945985491,4.250271185612322
5427,0.0,0.0,271.0,0.0,,5,25.23,1.571551822348081,0.809695980654187,0.8092964,0.6454858612819243,0.5654613145620857
5428,0.0,0.0,310.0,0.0,,5,21.52,0.7135566769935204,0.7496644682170794,0.50509554,0.6617467354055614,0.5472929861867462
5429,0.0,0.0,182.0,0.0,,4,28.66,3.106492391566228,1.0625347642413732,1.3570391,1.470166625327345,1.1529042890250079
5430,2.0,233.0,320.0,9.585,4.808094429226346,10,39.87,5.989340240142215,4.808094429226346,4.675462,4.545811554504643,4.788264025411495
5431,0.0,0.0,624.0,0.0,,6,6.51,-4.983583355937811,0.2280781283679771,0.07538125,0.11644091465943054,0.26044743828896433
5432,11.0,667.0,680.0,13.635454545454547,16.989573306721347,53,163.1,20.54318556958103,16.989573306721347,16.937927,16.31132250125214,17.087754931156027
5433,3.0,511.0,655.0,7.743333333333333,3.1822354546315683,16,26.419999999999998,1.9652329964364421,3.1822354546315683,3.1633573,3.029203938803129,3.1984981065437736
5435,2.0,151.0,478.0,22.63,5.570893017623727,17,67.38,7.495544894074539,5.570893017623727,5.5211806,5.472554995003245,5.500151428546428
5436,0.0,0.0,219.0,0.0,,4,16.26,1.580390767332103,1.0625347642413732,0.9884073,1.0216751332704168,0.9604590770385109
5438,0.0,0.0,474.0,0.0,,6,21.7,-1.6097657018445881,0.6489445261916096,0.12613031,0.28373306168890494,0.22441084156434332
5448,0.0,0.0,112.0,0.0,,5,26.1,3.926395196710345,2.32659064545856,2.6035862,2.748560539548548,2.235865547806056
5449,0.0,0.0,115.0,0.0,,4,8.02,2.414268949142992,2.32659064545856,2.1662893,2.231025655615564,1.9387729350693883
5450,0.0,0.0,54.0,0.0,,5,11.9,3.6212501931147214,2.820447678323929,3.4222717,3.2890836577648637,2.980605734628056
5452,5.0,563.0,684.0,12.166,7.148062853790616,23,71.32,7.571910026300624,6.975645961594784,7.1148925,7.225962797862347,6.898367818106047
5453,0.0,0.0,177.0,0.0,,2,11.57,1.769547080106888,1.0625347642413732,1.4005288,1.372671037245377,1.095803224739961
5456,0.0,0.0,696.0,0.0,,3,1.06,-6.512908766725846,0.2280781283679771,0.18920296,0.11695245408012277,0.2547219658040696
5457,1.0,18.0,167.0,21.33,6.434934915375235,8,26.159999999999997,6.971046854031944,6.434934915375235,6.425292,6.070544955035207,6.435592881472413
5461,0.0,0.0,515.0,0.0,,2,3.24,-3.7560218552095295,0.5819915427067095,0.29338652,0.2981452036416381,0.22249893003360288
5462,0.0,0.0,679.0,0.0,,2,7.0,-5.811444133926522,0.2280781283679771,0.27991173,0.12126543098638094,0.2680899376259527
5464,1.0,95.0,322.0,38.52,7.239849297466433,11,79.91,11.866884312456591,7.239849297466433,7.2462645,7.179276894903676,7.257607501592578
5465,2.0,153.0,270.0,5.17,3.1398956610226687,11,12.35,3.531803967542238,3.1398956610226687,3.0977235,2.973147804279659,2.861658184603608
5466,12.0,257.0,342.0,17.103333333333335,35.27477445009996,67,222.53,29.72224024356227,35.3360456279092,37.508038,35.93480778207123,37.564345586440204
5471,1.0,278.0,392.0,31.43,6.597403241347346,7,33.25,6.90694107903361,6.597403241347346,6.604747,6.2929945446294955,6.353514765784445
5473,0.0,0.0,292.0,0.0,,5,21.6,0.978659964072734,0.809695980654187,0.6114831,0.6591494790063557,0.5838625263260084
5476,1.0,581.0,704.0,19.84,2.8893853460818706,11,39.36,2.786042188564983,2.8893853460818706,2.8328207,2.9980147495909506,2.998427521884039
5478,8.0,165.0,341.0,14.2575,12.660014173600512,40,138.99,18.83479846171338,12.660014173600512,12.709314,13.784847020609744,13.336649555816926
5481,8.0,280.0,379.0,10.387500000000001,14.173590635062247,33,97.01,14.784497201610336,14.173590635062247,14.174242,14.054044736694278,14.045796977163764
5486,0.0,0.0,286.0,0.0,,3,9.29,0.03939358934658532,0.809695980654187,0.7846554,0.6981321441322006,0.5494368529903095
5488,1.0,107.0,167.0,28.8,10.534362948559867,9,44.56,9.922093919130429,10.534362948559867,10.576101,10.650634447863823,10.897738287347938
5489,1.0,287.0,483.0,8.15,1.7759214567242552,7,22.5,1.5331389338873067,1.7759214567242552,1.705032,1.7944331703866436,1.7219398687994012
5493,1.0,129.0,238.0,27.64,7.877852150425818,6,33.21,7.8748281432030485,7.995344163877453,6.451485,7.153857731950746,7.464388876349905
5494,2.0,97.0,346.0,19.535,6.376812414967232,13,50.49,7.2782328926760576,6.376812414967232,6.2993464,6.370590375580969,6.358928897212979
5498,1.0,397.0,556.0,5.04,1.2310389782876374,9,15.2,0.01609163740404229,1.2310389782876374,1.2408427,1.256252941459427,1.2680401052090904
5499,3.0,618.0,717.0,10.299999999999999,3.88540596501783,16,45.66,3.4722643601683263,3.88540596501783,3.8885915,3.845279697550202,3.8885450612643293
5500,0.0,0.0,156.0,0.0,,4,19.22,2.723161009878507,1.0625347642413732,1.7713376,1.7674823454404687,1.6656991074435759
5501,4.0,250.0,618.0,23.79,7.442824471117971,25,105.09,10.71375805004791,7.442824471117971,7.4038205,7.296966405528642,7.398031930763661
5502,0.0,0.0,554.0,0.0,,3,9.04,-3.8322322583724135,0.2280781283679771,0.26951128,0.18364495436906533,0.27952570166540003
5503,2.0,464.0,681.0,19.83,4.996507660078397,12,44.989999999999995,3.7553104027221065,4.994773047964138,4.7414355,4.655561946158567,4.701862647461823
5508,0.0,0.0,335.0,0.0,,4,18.79,0.11616993643076512,0.6878891425254019,0.6886265,0.6251445656321366,0.5486685957350641
5509,0.0,0.0,216.0,0.0,,4,2.31,0.5048573568266423,1.0625347642413732,0.96853846,1.038762869581522,0.9604590770385109
5512,10.0,302.0,364.0,11.812000000000001,21.125900156289678,50,126.75999999999999,19.442576880192714,21.125900156289678,21.118793,21.82679117548163,21.62349146632328
5514,0.0,0.0,420.0,0.0,,4,10.27,-1.788630092675632,0.562158674561362,0.37678403,0.34634468091155396,0.42668338342156265
5518,0.0,0.0,268.0,0.0,,5,6.57,0.11832432419607741,0.809695980654187,0.7694831,0.7278033414159802,0.4961188281186075
5519,0.0,0.0,106.0,0.0,,5,2.23,2.0984933806284203,2.32659064545856,2.533013,2.250058400148241,2.17239982463805
5526,0.0,0.0,681.0,0.0,,5,2.94,-6.108219508737176,0.2280781283679771,0.25070354,0.11379492446005157,0.2680899376259527
5528,3.0,611.0,686.0,7.81,3.175614417287079,14,36.14,2.7362111466302395,3.175614417287079,3.1103032,3.290189041185164,3.127767268900399
5530,1.0,81.0,156.0,11.76,5.004987197401093,7,44.28,7.5223142390174855,5.004987197401093,4.9912624,4.839687000145471,5.2438269167445615
5531,1.0,276.0,577.0,30.97,4.183582890180432,8,47.42,5.3302121047991315,4.183582890180432,4.1608496,4.235504480829138,4.524425185364973
5532,2.0,616.0,629.0,6.609999999999999,2.24402268804404,12,19.84,1.3511052150311527,2.24402268804404,2.2221122,2.1801696917303657,2.270792140800566
5533,2.0,645.0,693.0,10.375,2.98037219953222,12,36.14,2.398541881164889,2.98037219953222,3.0338326,2.9740610661275935,2.9693409300043423
5535,0.0,0.0,451.0,0.0,,3,12.1,-2.1065805866797644,0.562158674561362,0.34410405,0.32687679887138144,0.4385898620999704
5536,6.0,292.0,368.0,13.703333333333333,15.116437433474319,27,85.97999999999999,13.031623584388992,15.116437433474319,15.106922,14.963643552125049,14.759111537297327
5537,4.0,343.0,563.0,10.475,5.400560208971166,22,48.58,5.4921224486187175,5.400560208971166,5.3509374,5.416683882880451,5.388406799135507
5538,0.0,0.0,56.0,0.0,,4,17.47,4.019984927692507,2.820447678323929,3.4374137,3.112864631230174,2.980605734628056
5539,0.0,0.0,662.0,0.0,,6,10.04,-5.2466325888457,0.2280781283679771,0.13996278,0.1310173873451346,0.259408209788754
5541,1.0,161.0,311.0,1.17,0.967343284802421,5,19.5,2.165601703164821,1.3558634871712205,1.2970552,1.2154512073851749,1.2627557353411163
5542,10.0,604.0,654.0,15.487,17.98967605962105,47,158.04,19.645691648555015,17.98967605962105,17.958635,17.49612967824555,17.52247394721887
5543,2.0,337.0,540.0,17.85,5.359483497921435,18,49.81,5.415257362322774,4.601745736047221,5.195356,5.514089473350919,5.422297236261012
5545,0.0,0.0,555.0,0.0,,5,7.38,-3.9413599683825575,0.2280781283679771,0.27537578,0.17617444784273595,0.27952570166540003
5547,0.0,0.0,516.0,0.0,,4,29.25,-1.6462970375806387,0.815340757509851,0.18551275,0.18869936849624333,0.20840149752837878
5548,0.0,0.0,632.0,0.0,,6,14.96,-4.420951802623489,0.31599932901172306,0.08050196,0.10154705269464918,0.23343917031670625
5549,0.0,0.0,15.0,0.0,,1,2.24,3.3303894147641953,4.276645059846402,4.7285166,3.3136419006022977,4.020613143760862
5553,2.0,304.0,698.0,12.57,2.687649852509229,12,38.33,1.2188931287777813,2.687649852509229,2.749032,2.6707437076419023,2.717424718955191
5555,4.0,510.0,574.0,6.0825,3.694623716074031,17,34.24,4.254187523066047,3.694623716074031,3.6914601,3.5995197943703543,3.8489214418742224
5556,1.0,1.0,618.0,13.57,0.6454127736540911,8,21.34,-1.0582483706463561,0.6454127736540911,0.64390975,0.717532691221987,0.6053428923275552
5557,1.0,156.0,289.0,9.2,2.800918906289706,10,27.9,4.347574598797598,2.8461126587736603,3.0863762,2.95526578194892,2.7860189200507746
5558,3.0,132.0,245.0,3.0233333333333334,2.8773137997571876,16,21.65,5.050387812297384,2.8773137997571876,2.8750594,3.1873328304884514,3.255175333565958
5559,2.0,198.0,356.0,18.94,7.619185605594772,12,51.56,7.588957139450945,7.619185605594772,7.768185,8.142377464356052,7.990864539171256
5560,0.0,0.0,256.0,0.0,,3,25.94,1.805701052446493,0.809695980654187,0.89417136,0.8765951464718451,0.5941223386122019
5566,0.0,0.0,325.0,0.0,,5,11.0,-0.3456137259755754,0.7496644682170794,0.62067497,0.6427671724315458,0.569161492004234
5567,0.0,0.0,487.0,0.0,,4,7.08,-3.0073302401923385,0.4105308468223392,0.39170563,0.2981452036416381,0.21522331250812865
5568,4.0,531.0,675.0,10.29,5.053207636200946,20,53.13,5.059514508797607,6.371351281483793,5.0046244,5.245343987089275,5.017370714552742
5571,0.0,0.0,75.0,0.0,,3,10.44,3.164011295727838,2.820447678323929,2.8651228,2.309699600145311,2.4826809107669083
5572,2.0,42.0,123.0,9.42,7.703293608644477,13,35.760000000000005,7.6352103909349305,7.703293608644477,7.658413,7.728756472396138,7.804885368527957
5574,0.0,0.0,384.0,0.0,,2,5.85,-1.6640518934279287,0.6878891425254019,0.44908828,0.3999120331031581,0.5401918503629473
5576,0.0,0.0,103.0,0.0,,5,22.23,3.7454046146240527,2.32659064545856,2.4671636,2.1924679547170847,2.163293670590753
5577,1.0,202.0,311.0,28.73,7.054160621648234,8,33.47,7.377153819110718,7.054160621648234,7.0123577,6.8350989940196145,6.924983037602103
5578,2.0,129.0,208.0,6.6899999999999995,4.631537439907734,11,52.900000000000006,7.774602233435146,4.631537439907734,4.6478,4.506771223456497,4.687216471245179
5580,2.0,365.0,486.0,11.52,4.1502786672923255,10,31.44,3.8127273349486024,4.1502786672923255,4.225424,4.208126868367735,4.034015134598626
5581,0.0,0.0,205.0,0.0,,4,16.82,1.8264989269843361,1.0625347642413732,1.0577,1.0470213931423522,0.9715037064813092
5584,1.0,488.0,673.0,20.7,2.990128341403345,10,49.769999999999996,3.7335787942750915,2.990128341403345,3.0313172,3.4599746498282293,3.0054556209587444
5585,0.0,0.0,258.0,0.0,,2,3.52,-0.04007748542301437,0.809695980654187,0.82458425,0.7892462129355844,0.5172404453941244
5587,0.0,0.0,488.0,0.0,,4,7.94,-2.952738549679988,0.4105308468223392,0.40160704,0.2981452036416381,0.21522331250812865
5588,1.0,138.0,228.0,19.91,6.241343832020622,8,25.84,6.430070315279929,6.241343832020622,6.280052,6.308221474742998,6.08577817713312
5589,1.0,194.0,266.0,8.58,3.0294642321936145,8,17.65,3.908493777398352,3.1029387078336095,2.9873214,2.9413510844199835,2.9069977650805487
5590,7.0,685.0,724.0,9.485714285714286,7.46408631732512,38,72.68,9.018395938485721,7.46408631732512,7.4595466,7.240765335129614,7.246783164351089
5592,11.0,459.0,522.0,10.296363636363637,15.630911256151009,54,130.89,18.815072819883923,15.630911256151009,15.622734,14.984573715344132,15.373149628695076
5593,0.0,0.0,211.0,0.0,,6,8.58,1.117864346055184,1.0625347642413732,0.9537675,1.0262589600861776,0.999436982302961
5594,4.0,166.0,306.0,8.74,7.160398883965868,17,37.96,7.171167716182115,5.8573062285832,5.8021007,5.682455486809016,6.709243374955112
5596,0.0,0.0,384.0,0.0,,3,12.37,-1.1220347355384108,0.6878891425254019,0.43661237,0.38282429679205277,0.5401918503629473
5597,1.0,69.0,356.0,8.6,1.6942650673324204,10,32.2,3.2403188748810634,1.6942650673324204,1.7069308,1.7670255328478754,1.7849891778951594
5598,0.0,0.0,587.0,0.0,,5,28.64,-2.6964141922988665,0.815340757509851,0.10639001,-0.007391224548361163,0.2813690449456798
5602,1.0,89.0,284.0,9.07,2.4518644470118014,11,23.66,3.768184144234736,2.4518644470118014,2.4472408,2.5823088965279655,2.394127481338852
5605,7.0,335.0,360.0,7.312857142857143,10.013355538596333,31,58.47,11.041528763442905,10.013355538596333,9.9997225,10.014388933942671,10.064286495486868
5606,0.0,0.0,245.0,0.0,,5,2.25,0.10245017596095485,1.0625347642413732,0.97425634,0.9313074921443574,0.7681886392314219
5608,1.0,333.0,420.0,3.14,1.2286084336714926,8,11.72,1.10915567992578,1.2286084336714926,1.2049379,1.1889767613674112,1.3452777370598206
5610,3.0,531.0,560.0,13.146666666666668,6.026968942787051,21,52.28,6.3467403504187,6.4982524903594445,5.896041,6.025954979831757,6.2746944401945175
5611,0.0,0.0,354.0,0.0,,3,11.78,-0.738199898983388,0.6878891425254019,0.6109983,0.396045375243124,0.5977241060358445
5612,0.0,0.0,403.0,0.0,,4,4.05,-2.0430942801688348,0.562158674561362,0.43466455,0.34582933030119656,0.4269523790238523
5614,0.0,0.0,532.0,0.0,,4,16.22,-2.921115468799348,0.6616955829386749,0.30662018,0.18692833057439762,0.274553626115039
5615,0.0,0.0,251.0,0.0,,5,27.65,2.0530424281573616,1.0625347642413732,0.99375063,0.9703628888742343,0.6381415825192382
5616,7.0,476.0,563.0,17.584285714285713,16.201539418528956,35,135.57,16.472809612827803,16.201539418528956,16.14348,16.134356556743786,16.02588976266826
5617,1.0,27.0,332.0,12.32,1.9992512945376266,10,28.88,3.6419124655410364,1.4953664546059355,2.2822087,2.2815661802572444,1.9249424270190723
5618,0.0,0.0,159.0,0.0,,4,9.07,1.8661195770120576,1.0625347642413732,1.7725495,1.7720826465602924,1.574107238971636
5623,1.0,433.0,565.0,10.63,2.0517215751889237,7,23.270000000000003,1.4427283327533171,2.0517215751889237,2.0787003,2.286433886138696,2.191009930001216
5624,0.0,0.0,52.0,0.0,,6,39.84,5.909676578926675,2.820447678323929,3.3440187,3.9287472949220663,3.67948802013645
5625,0.0,0.0,634.0,0.0,,4,11.84,-4.73824615166622,0.32077864027662517,0.16318682,0.11405096218999357,0.22853527605616542
5626,0.0,0.0,254.0,0.0,,5,34.22,2.5367749115223788,1.5700575856160297,1.1086463,1.0999170458359766,0.6219418063596853
5627,0.0,0.0,140.0,0.0,,3,10.17,2.2082085669061664,1.0625347642413732,1.768926,1.7798510544129806,1.860645282645737
5628,0.0,0.0,452.0,0.0,,3,3.25,-2.830632121442984,0.562158674561362,0.34970284,0.34396453518248676,0.4385898620999704
5630,0.0,0.0,464.0,0.0,,6,17.28,-1.820489127910232,0.6071638539809521,0.20152648,0.2973845859011837,0.2944224657136951
5631,4.0,277.0,399.0,11.655,8.31779421102301,23,51.78,7.9817352645734525,8.31779421102301,8.3249035,8.185094304307903,8.107266335244427
5633,0.0,0.0,287.0,0.0,,6,5.47,-0.22376466569803188,0.809695980654187,0.70744276,0.6856282346368562,0.5494368529903095
5636,0.0,0.0,310.0,0.0,,2,14.67,0.10671791117795237,0.6878891425254019,0.6906885,0.6836416642203009,0.565535583640628
5639,1.0,172.0,516.0,17.47,2.442031398832169,8,25.2,2.0580123674107673,3.152338639080869,2.480105,2.4847165180321618,2.454943952986533
5642,8.0,280.0,317.0,15.1525,24.576191791915683,45,126.75,18.954910939194473,24.576191791915683,24.582527,24.561514774175073,24.571329016380183
5643,2.0,132.0,182.0,20.92,13.789144537908484,11,53.6,10.20244935056343,13.789144537908484,13.808938,13.8474020642153,13.465577474656268
5644,7.0,443.0,600.0,10.684285714285712,8.993918920851973,27,82.47,10.41367022278519,7.339829307681482,8.507998,9.211812496210394,8.886442138966087
5645,0.0,0.0,164.0,0.0,,4,6.85,1.6162403541055612,1.0625347642413732,1.3744402,1.6950412454958932,1.5270496043139596
5647,2.0,245.0,697.0,10.125,1.9626899067121912,9,35.76,0.3537273164631265,1.9626899067121912,2.050637,1.9922630107963901,2.0474971167105416
5649,0.0,0.0,717.0,0.0,,4,9.68,-6.104295755388811,0.2280781283679771,0.18169549,0.08554013273958115,0.21588774838490465
5650,0.0,0.0,615.0,0.0,,1,1.68,-5.337453584555212,0.2280781283679771,0.25119546,0.12894482415477496,0.25949531467431175
5652,1.0,111.0,300.0,8.36,2.306646456547763,7,25.22,3.5901683314721633,2.306646456547763,2.352666,2.311509993086952,2.2852405374577867
5654,2.0,226.0,331.0,15.705,7.131935601541741,8,39.089999999999996,6.551021531887351,7.131935601541741,7.2345247,7.1434412470811255,7.0054094580615915
5655,0.0,0.0,179.0,0.0,,4,10.7,1.7093977726822884,1.0625347642413732,1.21974,1.372671037245377,1.095803224739961
5656,0.0,0.0,462.0,0.0,,4,15.48,-1.9744466599795336,0.6071638539809521,0.23461348,0.30988849539652813,0.2944224657136951
5657,1.0,41.0,73.0,33.12,17.34577207958329,11,36.03,10.92205633164215,17.34577207958329,17.351536,17.06836278977077,17.273227586285934
5659,1.0,27.0,367.0,31.02,3.7941174330665213,10,35.86,6.3059492383326035,3.7941174330665213,3.7247627,3.526088617443429,3.799323696464394
5660,1.0,15.0,264.0,13.76,2.734720201084194,8,38.06,5.461805766242318,2.734720201084194,2.646872,2.8394543486195056,2.690016804860106
5663,0.0,0.0,155.0,0.0,,5,21.84,2.9668094015772257,1.0625347642413732,1.6760169,1.7765865777394254,1.630952693579971
5664,2.0,277.0,506.0,10.88,3.4907076147743825,17,36.06,3.5306138084676966,3.4907076147743825,3.4650428,3.519310102964659,3.611907311391867
5665,4.0,363.0,370.0,12.842500000000001,10.30267493457186,20,59.64,9.537694721129704,10.30267493457186,10.175491,10.447772138083185,9.981996891203782
5666,3.0,103.0,222.0,19.696666666666665,14.771366857476899,15,62.98,10.865567365236256,11.995191719215319,14.55952,14.424398526407554,14.123704840611056
5667,0.0,0.0,333.0,0.0,,2,5.06,-0.9944522380213936,0.6878891425254019,0.7462174,0.642232301943242,0.587863833448294
5669,3.0,153.0,250.0,8.703333333333333,6.883539906701103,14,47.230000000000004,7.881265942688265,6.883539906701103,6.811472,6.848569138911923,7.0535592636643925
5672,7.0,273.0,349.0,13.587142857142856,17.784488228084804,31,101.66,15.248838608217437,17.784488228084804,17.749706,17.36673392771091,17.653209771480448
5673,0.0,0.0,342.0,0.0,,3,7.26,-0.9281991854819296,0.6878891425254019,0.75960195,0.6450612562026059,0.5871800650443717
5674,1.0,15.0,551.0,2.48,0.31599932901172306,8,13.01,-2.2443430376320714,0.31599932901172306,0.28604463,0.2070626650117303,0.2945830679349637
5676,0.0,0.0,95.0,0.0,,2,4.09,2.3481951853208747,2.32659064545856,2.6259696,2.3337251846506284,2.210230292647636
5681,0.0,0.0,255.0,0.0,,6,27.32,1.988273022855747,0.809695980654187,1.1240066,0.7662242251802448,0.6098067521652979
5682,3.0,308.0,608.0,22.743333333333336,7.619294441630389,21,76.08,7.864037161463202,7.619294441630389,7.650581,7.713817977528757,7.5701416658849485
5685,1.0,40.0,605.0,26.8,1.620864473843159,10,30.42,1.9214909365266761,1.620864473843159,1.6309032,1.640269427350003,1.7736482747395526
5686,5.0,547.0,699.0,8.174000000000001,4.768936435517395,18,43.68,4.412814629128301,4.768936435517395,4.7471924,4.817122712794987,4.602548664716492
5687,0.0,0.0,93.0,0.0,,5,6.27,2.6092905789106147,2.32659064545856,2.604145,2.404360999731452,2.210230292647636
5690,1.0,328.0,401.0,9.72,2.5489752723597263,7,24.21,3.258741798280581,2.143394598202671,2.742537,2.458599947672076,2.6167175980363435
5691,2.0,113.0,182.0,7.445,5.472719930378258,9,19.16,5.434989312836555,5.472719930378258,5.4723496,5.547318306859521,5.2348619434731685
5693,0.0,0.0,190.0,0.0,,4,22.44,2.4927391750769865,1.0625347642413732,1.1796339,1.3869099846028736,1.053097291439169
5694,0.0,0.0,538.0,0.0,,5,13.97,-3.1685924652701933,0.6616955829386749,0.24442539,0.1766252948194534,0.2664645676477315
5696,0.0,0.0,377.0,0.0,,4,2.36,-1.804954498531564,0.6878891425254019,0.4474057,0.3999120331031581,0.46569722632510935
5700,3.0,273.0,305.0,9.546666666666667,7.002322027898513,19,36.21,6.979958619797576,7.002322027898513,7.0009594,6.770647686555861,6.956655451370814
5702,1.0,478.0,531.0,9.52,2.0749694078284313,5,20.25,1.7058151411929114,1.6883114450174435,2.0140884,2.0224460015598384,2.095878040532954
5707,3.0,367.0,660.0,16.040000000000003,5.36647676854322,19,56.47,4.846205477594596,4.80405683478378,5.447894,5.171617825861119,5.040201044553443
5709,0.0,0.0,669.0,0.0,,3,3.72,-5.911571674191481,0.2280781283679771,0.24141446,0.14205424262097896,0.2631710628966486
5711,0.0,0.0,251.0,0.0,,3,2.07,-0.036572324795273836,1.0625347642413732,1.0990151,0.9387779986706868,0.6045648474116625
5712,6.0,344.0,355.0,10.701666666666666,12.697150579209843,25,65.74,11.380914241823536,6.1216488483651625,11.115695,11.40157718587368,11.30562186013112
5714,0.0,0.0,147.0,0.0,,5,14.2,2.469131608558805,1.0625347642413732,1.7244459,1.755292811575546,1.6438978537672284
5715,2.0,161.0,193.0,7.619999999999999,5.616839676393548,13,40.08,7.279326549589008,5.616839676393548,5.6116886,5.462339420519041,5.791775938416236
5716,1.0,149.0,217.0,8.93,3.5121048824998695,8,32.230000000000004,5.620916185666173,3.567946014204721,3.0231385,3.8396392770914165,3.5272453481603554
5717,1.0,450.0,734.0,6.43,1.0761665939760194,5,15.17,-2.180322975706571,1.0761665939760194,1.0630767,1.0304200514994488,0.9236195968369767
5718,0.0,0.0,20.0,0.0,,5,9.88,3.9478998209472085,4.276645059846402,4.695496,3.3061713940759683,4.020613143760862
5720,2.0,339.0,606.0,6.18,1.8966443646299256,6,15.79,-0.10928785166512966,1.8966443646299256,1.8526355,1.8011316638300712,1.8543427091727223
5722,0.0,0.0,174.0,0.0,,5,12.67,1.9584090211286,1.0625347642413732,1.350174,1.3481127944079423,1.346870423555524
5723,0.0,0.0,137.0,0.0,,4,24.95,3.4557083836383624,1.0625347642413732,1.7695441,1.7144687045337732,1.9330635760676556
5724,2.0,139.0,637.0,15.165,2.2107686186421787,15,44.67,2.25422776807546,2.2107686186421787,2.1915493,1.9664338678496152,2.2635607883517617
5726,1.0,249.0,527.0,9.53,1.704895147871989,7,13.919999999999998,0.22804935469164178,1.704895147871989,1.7016397,1.7861509816254573,1.7606338970317745
5727,1.0,33.0,145.0,12.1,4.800911626418953,6,21.33,5.644535872640047,3.81213430766633,5.2754245,4.852381243855453,4.416272241308628
5728,0.0,0.0,95.0,0.0,,4,13.93,3.175622053017334,2.32659064545856,2.6310716,2.316637448339524,2.210230292647636
5731,1.0,31.0,554.0,3.12,0.3898748218456427,9,8.969999999999999,-2.4284323605497367,0.3898748218456427,0.39386937,0.33385741063396296,0.3262236306169948
5733,2.0,315.0,669.0,17.28,3.867483318507973,11,40.53,2.500888314444274,3.7678158380633873,3.7876909,3.80052661877568,3.7224212201316274
5734,2.0,403.0,707.0,8.565,2.173478073224203,13,23.53,-0.17503878137872464,2.173478073224203,2.2001324,2.2315492445046505,2.1443562819067274
5735,0.0,0.0,508.0,0.0,,3,1.86,-3.746903406654983,0.4105308468223392,0.33797675,0.2981452036416381,0.2122967329300911
5738,3.0,315.0,486.0,7.253333333333333,3.6331159802455915,15,33.519999999999996,3.9622893917856956,5.733300070589659,3.4281554,3.4531506354334645,3.505814437228936
5739,1.0,331.0,360.0,15.72,4.117366512304408,7,25.21,4.778721200100804,4.117366512304408,4.034598,3.8614113155746006,4.263099889786343
5740,5.0,245.0,277.0,10.524000000000001,12.471043615183973,30,61.23,11.035088383365466,12.471043615183973,12.462682,12.490046512396205,12.655485783072205
5742,5.0,388.0,508.0,17.098,12.320297113128648,21,93.69999999999999,11.72955494402732,11.92933116970086,11.568575,11.256884651220021,11.813868900248906
5744,3.0,446.0,482.0,11.469999999999999,5.9592897262014874,15,39.08,5.664166203321706,5.9592897262014874,5.922112,6.128217222568416,5.942132663913764
5745,1.0,1.0,183.0,9.09,2.7631630730419583,8,18.13,4.311330876868805,2.7631630730419583,2.7631335,2.6325736062702214,2.6076177547275536
5746,3.0,164.0,331.0,12.700000000000001,7.392933037236157,22,54.54,8.06531563229126,7.392933037236157,7.3092237,7.519618839189843,7.4384312368991665
5748,1.0,89.0,582.0,9.54,0.9724810487264821,8,15.7,-1.144859073622337,0.9724810487264821,0.97824824,0.8418462243143072,1.0873247163198032
5754,1.0,17.0,345.0,10.32,1.5615156031497968,4,20.53,2.3449513310908836,1.5615156031497968,1.5827694,1.3909002618099244,1.5766629303772453
5755,1.0,33.0,206.0,10.47,3.1616359206111433,5,28.97,5.134072684539547,3.738127778160476,3.0350316,3.180113093109193,3.407420961695841
5757,5.0,201.0,351.0,18.65,15.838773782176471,24,108.71,14.591835809246756,15.838773782176471,15.84131,15.55321528041837,15.79839852974302
5760,1.0,137.0,530.0,14.24,1.8164141442410582,8,30.979999999999997,1.7068127607712889,1.8734904237228978,2.1235487,1.9346527546882963,1.6674883440976016
5765,2.0,341.0,597.0,10.455,2.9786824931118825,12,36.83,2.4277069974269914,2.9786824931118825,2.9345376,2.933600069125195,3.0154210218316653
5766,6.0,300.0,391.0,7.738333333333333,8.338752159280512,29,49.78,9.042161988961707,8.338752159280512,8.328816,7.895567016947913,8.024484382321143
5767,1.0,88.0,326.0,16.63,3.350482785451975,12,57.230000000000004,6.925150278302021,5.856919841975083,3.9378722,4.18761763095229,3.9107975931691117
5768,0.0,0.0,36.0,0.0,,3,31.51,5.4141018469303805,4.276645059846402,4.4179506,3.8895949123950215,3.8754982019269644
5769,0.0,0.0,69.0,0.0,,4,3.65,2.7249312162079358,2.820447678323929,2.8832672,2.309699600145311,2.8405736797263055
5773,0.0,0.0,347.0,0.0,,2,5.65,-1.1483420960189505,0.6878891425254019,0.5805122,0.5295053122807964,0.6262901776956813
5774,0.0,0.0,502.0,0.0,,3,30.06,-1.3993209034682215,0.815340757509851,0.3452071,0.2450236918620025,0.20424193079764663
5777,0.0,0.0,538.0,0.0,,3,4.91,-3.9334712674965244,0.6616955829386749,0.2633084,0.20118353765688812,0.2664645676477315
5778,0.0,0.0,318.0,0.0,,5,9.29,-0.38213740292581155,0.7496644682170794,0.64903677,0.6808732285142944,0.5018452577254608
5781,0.0,0.0,652.0,0.0,,4,18.58,-4.4564548150194385,0.31599932901172306,0.13536642,0.12236235218634624,0.19537617309181332
5782,2.0,242.0,631.0,17.41,3.6893103518830554,11,78.67,5.78330933598161,3.6893103518830554,3.6789854,3.454109855795101,3.5710940325905103
5786,0.0,0.0,157.0,0.0,,6,29.79,3.5947548905089626,1.0625347642413732,1.7199037,1.7064440180276887,1.6283953544705172
5787,0.0,0.0,294.0,0.0,,3,20.72,0.8409908286878078,0.809695980654187,0.5113425,0.6782075024364185,0.5831713766822926
5789,0.0,0.0,669.0,0.0,,4,20.81,-4.5219480393542,0.31599932901172306,0.04668118,0.11618055378858116,0.22256255132927905
5790,7.0,499.0,620.0,17.05142857142857,14.30776387259797,34,127.65,15.032258621950398,14.30776387259797,14.326508,14.165484086503263,14.102735483592012
5791,1.0,39.0,371.0,5.04,0.9893577309906737,7,30.009999999999998,2.155390625337717,0.9893577309906737,0.9833793,0.8316682442310395,1.0390478212510725
5792,0.0,0.0,676.0,0.0,,5,6.32,-5.765320085900744,0.2280781283679771,0.18714546,0.11899319759671258,0.2659968844230418
5799,1.0,490.0,550.0,5.19,1.3444004980212827,7,6.78,-0.15683492361047602,1.3444004980212827,1.3321041,1.381024709156063,1.4227214718559669
5801,0.0,0.0,732.0,0.0,,5,3.42,-6.802678010676709,0.2280781283679771,0.23329411,0.08352347265884028,0.21679639999677747
5802,0.0,0.0,613.0,0.0,,3,3.5,-5.124406011296029,0.2280781283679771,0.25119546,0.13517018553666052,0.27853478668424003
5803,0.0,0.0,248.0,0.0,,6,6.99,0.45861475737501456,1.0625347642413732,0.9409432,0.9262740891753423,0.7051734104388494
5804,0.0,0.0,148.0,0.0,,2,3.87,1.568860681793593,1.0625347642413732,1.7499309,1.7872037636271483,1.6438978537672284
5805,0.0,0.0,475.0,0.0,,4,7.2,-2.825248726971142,0.562158674561362,0.34692466,0.31876140168005423,0.2965982968041567
5806,1.0,14.0,163.0,2.24,1.4977724445945855,7,25.25,4.256042662964055,1.4977724445945855,1.5060034,1.7439860861750847,1.7841518904387064
5809,3.0,378.0,555.0,11.943333333333333,5.1596892297166095,11,52.17,5.337047099323177,5.1596892297166095,5.1220903,5.131670429298927,4.938787540021957
5810,0.0,0.0,216.0,0.0,,5,31.95,2.900863327112781,1.0625347642413732,0.9769213,1.1968953602564247,0.9877294371133987
5813,3.0,335.0,563.0,15.196666666666667,6.052199064987741,19,57.12,6.025628594599086,6.052199064987741,6.056012,6.132901245455299,6.070646369714297
5814,0.0,0.0,661.0,0.0,,6,23.76,-4.132056594031806,0.31599932901172306,0.07268657,0.1166171372589995,0.23710718995644253
5819,0.0,0.0,585.0,0.0,,2,5.98,-4.542311008977735,0.2280781283679771,0.26058292,0.13682775383752543,0.2837005949514628
5820,3.0,181.0,301.0,14.700000000000001,9.669035895434924,15,50.29,8.37949626807934,9.669035895434924,9.532764,9.492111644196296,9.382712194170708
5821,0.0,0.0,566.0,0.0,,6,21.51,-2.9471853957799183,0.31599932901172306,0.14985567,0.1160365679718944,0.20693776526932695
5822,0.0,0.0,386.0,0.0,,1,3.15,-1.9284870324885537,0.6878891425254019,0.44585955,0.3999120331031581,0.5401918503629473
5823,0.0,0.0,235.0,0.0,,4,4.56,0.41222480672271367,1.0625347642413732,0.89762574,1.046177276085085,0.789353325691664
5824,0.0,0.0,639.0,0.0,,5,11.16,-4.845453557761709,0.32077864027662517,0.15936133,0.12366819197476948,0.2284722611770169
5826,2.0,518.0,566.0,17.085,5.436936593218351,16,51.08,5.842084350500601,4.914087449458988,5.688918,5.452129549901375,5.573383046127532
5827,2.0,345.0,577.0,5.8,1.9282199024608353,10,17.56,0.5011253544231895,1.9282199024608353,1.9480313,1.9960807254855988,1.90494569974393
5828,0.0,0.0,327.0,0.0,,2,6.64,-0.7815229435715718,0.6878891425254019,0.66350937,0.6502376789578752,0.5375902351660615
5829,0.0,0.0,32.0,0.0,,4,15.55,4.21093792667916,4.276645059846402,4.7404003,3.296554164291193,4.020613143760862
5830,0.0,0.0,68.0,0.0,,2,9.62,3.1796770828543015,2.820447678323929,2.8761225,2.309699600145311,2.8405736797263055
5831,3.0,655.0,702.0,13.793333333333331,5.232853280949826,17,52.14,4.8861808191827665,4.743696760294051,5.357693,5.424748620729489,5.367110434207138
5833,1.0,115.0,160.0,12.77,5.541710429668784,11,20.71,5.950773809742589,5.541710429668784,5.5290284,5.603866999533686,5.502992351190203
5834,3.0,504.0,607.0,8.04,3.5504525519121906,15,35.76,3.3935972221960653,3.5504525519121906,3.5536916,3.567207299443429,3.521607130969597
5835,0.0,0.0,435.0,0.0,,5,17.58,-1.398836388438352,0.6071638539809521,0.31235445,0.319406292345052,0.42880368131658475
5838,0.0,0.0,240.0,0.0,,2,5.05,0.34130105156861656,1.0625347642413732,0.99614197,0.9482385007857772,0.801206643763007
5839,0.0,0.0,375.0,0.0,,3,10.89,-1.111371629838028,0.6878891425254019,0.4393347,0.3999120331031581,0.49758437532578625
5840,0.0,0.0,232.0,0.0,,3,24.19,2.010286322112532,1.0625347642413732,0.9899431,1.0116447060831033,0.8146936170687864
5844,3.0,70.0,213.0,12.666666666666666,9.192680430607957,16,48.3,8.702902574775283,9.192680430607957,9.224971,9.532612478283085,9.451633252267651
5847,4.0,394.0,652.0,14.535,6.420518338634634,16,63.870000000000005,6.12787825880928,6.420518338634634,6.415972,6.576727523891738,6.355786000079801
5848,1.0,12.0,237.0,22.4,4.580110519167369,10,38.55,7.118170285619305,4.580110519167369,4.635269,4.727917067495342,4.675894331575502
5851,5.0,144.0,330.0,9.422,7.193986094403077,25,64.92,9.848971988866952,7.193986094403077,7.185076,6.991925032422496,6.890738956223216
5852,3.0,48.0,335.0,15.519999999999998,4.541089075575605,16,60.019999999999996,8.184688076409632,4.541089075575605,4.601645,4.931269100770308,5.207846883059916
5855,2.0,23.0,602.0,18.79,1.125151539971881,11,42.68,2.4856721424112993,1.125151539971881,1.1567954,1.3520990050594595,1.4173505463441067
5857,1.0,449.0,628.0,9.46,1.689942976767521,8,40.88,1.880089185578139,1.4238919226223348,1.726541,1.7237910109287402,1.4396339595832348
5858,1.0,378.0,474.0,13.06,2.793471374949841,8,27.35,3.1793427546228568,2.5522444893867102,3.1502602,2.9024156683438456,2.8070357033692988
5859,0.0,0.0,330.0,0.0,,3,8.06,-0.6915885895431853,0.6878891425254019,0.6748129,0.6502376789578752,0.5562036811827662
5863,0.0,0.0,172.0,0.0,,2,7.69,1.5302683551059715,1.0625347642413732,1.3900774,1.372671037245377,1.346870423555524
5865,0.0,0.0,241.0,0.0,,3,10.26,0.7638979742394882,1.0625347642413732,0.9892696,0.9482385007857772,0.801206643763007
5867,0.0,0.0,584.0,0.0,,4,6.61,-4.439060891634102,0.2280781283679771,0.22024377,0.13682775383752543,0.2837005949514628
5868,0.0,0.0,579.0,0.0,,5,9.4,-4.12429398461663,0.2280781283679771,0.24751277,0.15666423139164934,0.28300635649647
5869,5.0,146.0,252.0,12.953999999999999,14.545816732740265,24,75.00999999999999,12.261674056368541,14.545816732740265,14.53124,14.143547025563546,14.656520698004117
5871,1.0,79.0,140.0,13.05,5.839066766497132,6,19.450000000000003,5.912507019038044,5.839066766497132,5.8456287,5.985562289204464,5.861042091048613
5872,3.0,284.0,352.0,37.56333333333333,22.528809145110166,20,121.25,17.10061732912956,22.528809145110166,22.516224,22.011241494397293,22.325800462497533
5875,0.0,0.0,576.0,0.0,,4,16.92,-3.4973312805643157,0.31599932901172306,0.25515175,0.1470470016068734,0.28300635649647
5876,1.0,10.0,331.0,35.73,4.486152056974246,7,53.39,8.748984203557093,4.486152056974246,4.4887652,4.7001755554732885,4.400062002258679
5877,10.0,418.0,564.0,12.391,14.579052076844569,49,140.29,18.255476305508097,14.579052076844569,14.589435,14.06115422837118,14.96115493840485
5881,2.0,170.0,322.0,11.695,5.271262583750962,14,39.900000000000006,6.040262729258352,4.765997659367833,4.998354,5.231860736070857,5.587180936188141
5882,1.0,82.0,484.0,9.14,1.2180872242232197,7,26.02,0.9835339235990435,1.2180872242232197,1.2349918,1.1067865050888452,1.1211497729295195
5887,2.0,188.0,672.0,14.25,2.34975910647012,10,33.12,0.8299523797527915,2.34975910647012,2.3635845,2.3368276934084737,2.6519731584246933
5890,0.0,0.0,174.0,0.0,,5,8.88,1.6544895748057977,1.0625347642413732,1.3631457,1.3652005307190476,1.346870423555524
5891,0.0,0.0,185.0,0.0,,5,25.66,2.8419877079305547,1.0625347642413732,1.4424195,1.5406156093433325,1.0414105938029659
5894,0.0,0.0,273.0,0.0,,4,17.33,0.890129580153268,0.809695980654187,0.7296212,0.6602102321386363,0.5492632476685051
5895,6.0,430.0,617.0,9.799999999999999,6.90532842235949,24,62.8,7.635768466484066,6.90532842235949,6.929459,6.991584425680761,6.7292608767517486
5896,2.0,248.0,332.0,8.200000000000001,4.133058206166327,13,36.12,5.450516642228653,4.133058206166327,4.0876646,4.07729751286545,4.28054808375814
5898,4.0,438.0,713.0,14.895,6.129248262890183,15,71.72999999999999,6.117610579108177,6.129248262890183,6.1409225,6.256157982125536,6.340472410982604
5899,1.0,228.0,684.0,31.47,3.1003682338058223,11,62.09,4.872357352432611,2.497457743596363,2.6524637,2.9311582129101135,3.4025493716981265
5900,1.0,103.0,244.0,25.4,6.7984155184073565,9,37.43,7.751028103483619,6.7984155184073565,6.7875304,6.784800802179847,6.891935693566812
5902,0.0,0.0,412.0,0.0,,2,6.02,-2.052823335224107,0.562158674561362,0.44294363,0.35419026202725273,0.45106680859374215
5903,0.0,0.0,638.0,0.0,,3,33.5,-3.0780002145179077,0.815340757509851,0.1293165,0.09685707512638514,0.24367934816870385
5905,1.0,469.0,488.0,10.96,2.4993777204313488,9,21.310000000000002,2.644338362168603,2.4993777204313488,2.4653945,2.5273653716474644,2.5484232815665107
5906,0.0,0.0,668.0,0.0,,5,16.0,-4.874110066172215,0.31599932901172306,0.15854579,0.1174959997835442,0.2631710628966486
5908,0.0,0.0,295.0,0.0,,6,20.06,0.8312324286247357,0.809695980654187,0.5002452,0.6685404983257508,0.5944982419826399
5909,5.0,235.0,373.0,14.819999999999999,12.707606501059832,28,80.82,11.740352386775822,12.707606501059832,12.584701,12.838755618034446,12.526540962416703
5910,0.0,0.0,633.0,0.0,,7,7.2,-5.038416942962313,0.2280781283679771,0.11357361,0.11863478900575448,0.23388767498245056
5912,0.0,0.0,468.0,0.0,,5,21.69,-1.5435177155820634,0.6489445261916096,0.17779583,0.29698129468549916,0.2225160659586951
5913,1.0,219.0,274.0,7.74,2.8194486965310723,9,13.79,3.502576725979453,2.8194486965310723,2.7949212,2.753447940445425,2.669087632936091
5914,0.0,0.0,633.0,0.0,,3,9.31,-4.945934336567931,0.2280781283679771,0.21600094,0.13113869850109888,0.23343917031670625
5916,0.0,0.0,48.0,0.0,,2,1.76,2.836816261698303,2.820447678323929,3.605502,3.3136419006022977,3.1038646035965094
5918,2.0,179.0,615.0,7.92,1.612997572033629,12,29.869999999999997,0.5023394498148703,1.612997572033629,1.6380695,1.7441663750484981,1.6832087924941632
5920,3.0,650.0,666.0,17.473333333333333,6.8546238000536,21,66.93,7.156074304967776,6.8546238000536,6.823603,6.706019309492886,6.794583938320427
5921,0.0,0.0,299.0,0.0,,4,4.92,-0.4786867695978585,0.809695980654187,0.7064032,0.6981321441322006,0.5232913802736068
5923,0.0,0.0,452.0,0.0,,5,6.68,-2.5172220481869383,0.562158674561362,0.3518688,0.33649402865615735,0.4385898620999704
5924,3.0,315.0,622.0,6.366666666666667,2.3519592927039428,15,26.2,1.2971407688239274,2.3519592927039428,2.362709,2.4092689402430634,2.3603841176477736
5925,0.0,0.0,692.0,0.0,,5,5.31,-6.076256790259275,0.2280781283679771,0.1758293,0.10948194755379338,0.25513422690015997
5926,1.0,3.0,319.0,3.42,0.7957148030610912,9,11.56,1.0678925312403438,0.7957148030610912,0.78134286,0.8230200769578753,0.6291677565701672
5927,2.0,241.0,336.0,7.324999999999999,3.707848365746191,12,23.33,4.193594861452819,3.707848365746191,3.7341733,3.81128367098631,3.6251205953424037
5929,0.0,0.0,632.0,0.0,,3,12.64,-4.664530649747159,0.31599932901172306,0.19914873,0.11405096218999357,0.23343917031670625
5933,1.0,283.0,328.0,39.31,9.650168648177411,9,48.81,10.234837472563115,9.650168648177411,9.633894,9.4960989298106,9.323478822497513
5935,1.0,479.0,624.0,13.61,2.291827624727614,7,22.36,1.151743929013433,2.291827624727614,2.269603,2.2800687400412754,2.387051172936764
5938,0.0,0.0,192.0,0.0,,5,18.63,2.1776522923052513,1.0625347642413732,1.2639928,1.3844775226545107,0.9982591288821503
5941,0.0,0.0,600.0,0.0,,4,22.15,-3.4228559504405505,0.31599932901172306,0.055631585,0.10342826675800822,0.255397880335801
5942,1.0,46.0,604.0,16.76,1.1301429323193315,7,22.28,-0.14631823869669347,1.1301429323193315,1.1391937,1.1736029242475539,1.2444773814959467
5944,12.0,649.0,694.0,13.483333333333333,17.795032854997466,58,167.35999999999999,21.389202103351927,17.5934355399013,17.792192,16.131951576172963,17.46939968340292
5948,1.0,617.0,653.0,11.34,2.028441578443111,8,21.22,0.9894675141382443,2.028441578443111,2.0570629,2.151761512895327,2.078694532021645
5950,1.0,178.0,319.0,17.04,4.245892395645081,7,36.7,5.760226023801488,4.245892395645081,4.2859154,4.461871841241049,4.485122375040609
5951,2.0,289.0,300.0,16.505000000000003,8.469829125416634,12,56.18000000000001,8.848897497575479,8.469829125416634,8.507466,8.621582074761697,8.910745578754906
5952,2.0,208.0,335.0,21.07,9.046284688405454,13,54.06,8.454008589151453,8.151043452039314,9.301508,9.307878924994275,9.017914806307864
5953,0.0,0.0,307.0,0.0,,4,5.12,-0.5776212933714295,1.0228150522731139,0.7379302,0.7007294005314063,0.565535583640628
5954,3.0,612.0,685.0,8.293333333333333,3.352407822382614,15,31.939999999999998,2.5050165973042255,3.352407822382614,3.3524048,3.3110110533295285,3.4169312794889675
5956,3.0,246.0,358.0,8.03,5.110123411037056,12,32.28,5.431545551383483,5.110123411037056,5.130547,5.306908722976829,4.828534416587015
5957,1.0,514.0,659.0,15.96,2.5033692767670317,6,24.12,1.2614916127789972,2.5033692767670317,2.4595594,2.4592228272886736,2.54889682380788
5958,5.0,442.0,606.0,7.862,5.050433987335721,22,42.33,5.184908830835809,5.050433987335721,5.0324435,4.75778460545687,4.867355330977607
5959,1.0,34.0,209.0,22.93,5.916276047585522,7,41.08,7.842358348925357,5.916276047585522,5.911104,5.484784138854265,6.072414537227264
5960,1.0,3.0,673.0,7.31,0.3534684649398196,8,18.3,-2.9559625779775267,0.3534684649398196,0.34811088,0.3955685769949662,0.43597710547041135
5962,3.0,365.0,434.0,12.660000000000002,6.950074751603192,20,61.83,8.062583998141587,7.413680553965001,6.7684517,6.80826613140627,7.298786599134405
5965,0.0,0.0,28.0,0.0,,5,30.38,5.476818795947485,4.276645059846402,4.5026813,3.930700630981138,3.9241123925025625
5967,0.0,0.0,368.0,0.0,,3,6.82,-1.3371432997491652,0.6878891425254019,0.7462465,0.41313311155422927,0.4780980565278412
5968,0.0,0.0,205.0,0.0,,3,12.1,1.4288234586412676,1.0625347642413732,1.0577427,1.0470213931423522,0.9715037064813092
5970,1.0,187.0,299.0,14.85,4.094112100251074,8,28.43,5.14026839748003,4.094112100251074,4.0413036,4.182376442674579,4.0263224305537175
5971,4.0,191.0,227.0,11.0825,12.1894459999416,24,48.87,9.758788924085636,12.1894459999416,12.193354,12.279744049712505,12.183792340853667
5973,7.0,485.0,715.0,18.65857142857143,12.386859597688897,38,161.74,16.636175157805884,12.386859597688897,12.395316,12.137198616772439,12.267506864164087
5974,1.0,10.0,294.0,42.24,6.140502752062796,7,43.52,9.396939110841583,6.140502752062796,6.1386395,6.031836183133595,5.99961291192113
5975,2.0,148.0,189.0,6.125,4.7394618645471125,14,18.37,5.346030267942333,4.131235855896257,4.418863,4.683890114814976,4.687743214357084
5976,0.0,0.0,192.0,0.0,,3,20.88,2.3197204393957795,1.0625347642413732,1.1806766,1.3979587188414637,1.053097291439169
5977,1.0,78.0,116.0,14.28,7.0644231980378445,9,22.11,6.695104006999369,7.0644231980378445,7.0589747,6.9985652502217315,7.011882815773492
5978,0.0,0.0,427.0,0.0,,6,10.2,-1.8564853438787958,0.562158674561362,0.3201198,0.3375316856261242,0.39137908917077624
5981,4.0,194.0,349.0,10.625,7.795223929508447,18,50.9,8.003361748609883,7.795223929508447,7.8251085,7.952263778067097,7.8700529333839535
5982,1.0,160.0,393.0,2.93,1.0288998573618557,9,6.91,0.29499502410549283,1.0288998573618557,1.031236,0.959120052370281,1.0064839562478607
5984,5.0,489.0,697.0,19.188,10.234379023063097,29,99.5,10.39404898951764,10.234379023063097,10.21508,10.39087412044304,10.403655027441562
5985,4.0,325.0,332.0,15.275,13.085990535962797,28,93.74,13.13375954661159,13.085990535962797,13.07497,13.429716471204427,13.67168907144407
5986,0.0,0.0,329.0,0.0,,5,10.55,-0.4391853930015541,0.7496644682170794,0.6368817,0.6427671724315458,0.5375902351660615
5989,2.0,171.0,377.0,18.8,6.7938344109509,15,54.34,7.422249418650251,3.764891261847498,7.463642,6.953586854807607,7.176424777836726
5990,0.0,0.0,580.0,0.0,,4,4.59,-4.543558098596861,0.2280781283679771,0.23393579,0.16413473791797872,0.28300635649647
5991,4.0,628.0,709.0,10.875,5.24842950526911,16,60.96,5.655747317666499,5.24842950526911,5.2800455,5.4765054334926315,5.380630994617525
5992,0.0,0.0,489.0,0.0,,4,8.05,-2.9582892298119896,0.4105308468223392,0.40160704,0.2981452036416381,0.21522331250812865
5994,0.0,0.0,73.0,0.0,,3,6.54,2.88001409069688,2.820447678323929,2.89002,2.309699600145311,2.8405736797263055
5999,1.0,34.0,455.0,5.7,0.7648842077902474,5,15.3,-0.20105466454968468,0.7675948741350613,0.88563156,0.8639298878465638,0.8201044110663664
6001,9.0,538.0,692.0,10.273333333333333,9.761996803290447,40,96.44,12.27622879007945,9.761996803290447,9.761018,9.834584214624517,9.704528050339722
6002,0.0,0.0,200.0,0.0,,5,14.36,1.7202692394913297,1.0625347642413732,1.1859711,1.133521833770945,1.0312800720370294
6003,5.0,391.0,626.0,17.308,9.480747334160188,22,91.08,9.886056339659156,9.480747334160188,9.492565,9.303302189157945,9.27253796251124
6004,2.0,101.0,201.0,11.09,6.939764834421027,10,45.989999999999995,7.784885947065415,6.939764834421027,6.9488964,6.394028045093269,7.169346564752964
6006,0.0,0.0,342.0,0.0,,4,20.64,0.16392018923461382,0.6878891425254019,0.7274902,0.6251366145068238,0.5915346037065978
6008,0.0,0.0,93.0,0.0,,6,15.03,3.330932950457937,2.32659064545856,2.5285463,2.3927027773149714,2.210230292647636
6009,2.0,122.0,251.0,10.75,5.768494282828457,9,31.990000000000002,5.974949248016495,5.768494282828457,5.8442593,5.892149582247145,5.585771893406472
6010,3.0,208.0,327.0,21.06,12.939797805800236,19,72.62,10.885809983769093,12.939797805800236,12.929289,12.724779192342636,12.724015948911457
6012,2.0,160.0,522.0,20.195,4.505772613470483,14,58.53,5.7984192959465695,4.505772613470483,4.581505,4.412337074844043,4.724783324300715
6013,0.0,0.0,212.0,0.0,,3,5.63,0.8093943464304156,1.0625347642413732,0.98291385,1.038762869581522,0.9584568071103288
6014,1.0,2.0,512.0,19.26,1.2265752510210608,10,65.22,4.820236080399143,1.2265752510210608,1.2347727,1.1614778681373583,0.959768312187089
6018,1.0,104.0,332.0,6.96,1.7859267030359058,6,10.46,1.6996688181521828,1.7859267030359058,1.7928529,1.925369170528381,1.7802665826406194
6019,0.0,0.0,147.0,0.0,,4,15.9,2.586274832931408,1.0625347642413732,1.787875,1.7627633181018754,1.6438978537672284
6021,4.0,311.0,722.0,10.3425,3.0781339876359874,22,49.72,3.1308294814070585,3.0781339876359874,3.0951288,3.0684742993544756,3.190103707716796
6024,0.0,0.0,591.0,0.0,,4,12.31,-4.082579802855902,0.32077864027662517,0.102254845,0.11808244922555519,0.28228137414298793
6025,0.0,0.0,280.0,0.0,,4,9.92,0.19532203006815907,0.809695980654187,0.7945403,0.6772979684497417,0.5524287555275418
6027,1.0,152.0,296.0,28.44,6.829106112838325,9,38.28,7.724127899685317,6.829106112838325,6.7235103,6.972763594617544,6.93213175695182
6030,1.0,51.0,142.0,5.8,3.061150053977479,8,9.36,3.9716372928795938,3.061150053977479,3.0366447,2.7713048079848686,3.122567331506245
6032,2.0,204.0,298.0,12.45,6.253838086750213,11,42.09,6.767005277794135,6.253838086750213,6.2300854,6.258526691812234,6.243405504776683
6033,4.0,179.0,270.0,20.7575,18.837043598392476,23,109.02000000000001,15.238089151846566,18.837043598392476,18.81343,18.754709001446535,18.789931717919192
6034,8.0,218.0,299.0,10.838750000000001,17.50843706791527,32,90.79,15.190187691176604,17.50843706791527,17.488943,17.761557854594756,17.275484587906448
6038,0.0,0.0,530.0,0.0,,3,17.64,-2.7976822738142895,0.5819915427067095,0.30329937,0.18692833057439762,0.2702154232855296
6041,0.0,0.0,99.0,0.0,,3,13.45,3.060465208744314,2.32659064545856,2.5489817,2.316637448339524,2.17239982463805
6042,0.0,0.0,127.0,0.0,,6,18.16,3.0932940311790933,1.0625347642413732,2.0469923,2.1106227821621966,1.895791713294967
6044,1.0,167.0,320.0,10.75,2.8879699542127657,8,20.189999999999998,3.512820795760974,2.8879699542127657,2.8348913,2.7480278769762214,2.871340590662832
6047,9.0,523.0,567.0,12.241111111111111,14.556177267756924,42,120.78999999999999,16.268102597637526,14.556177267756924,14.531804,14.430595203051896,14.661772700781443
6048,2.0,167.0,262.0,14.43,7.674614234877595,14,76.44,10.20004669699874,7.674614234877595,7.6601496,7.824647957108405,7.876972421353271
6051,1.0,49.0,650.0,6.91,0.5195548126338428,11,13.469999999999999,-2.7965535999496236,0.4641805448981854,0.40873817,0.6352998511952037,0.6211553915357593
6052,0.0,0.0,113.0,0.0,,4,12.14,2.7733941608689934,2.32659064545856,2.5993652,2.2139379193044593,2.16486338100599
6055,0.0,0.0,287.0,0.0,,4,13.83,0.4082633275751668,0.809695980654187,0.7366007,0.6810444078210952,0.5494368529903095
6056,0.0,0.0,538.0,0.0,,4,4.38,-3.9567923936639344,0.6616955829386749,0.25757265,0.20118353765688812,0.2664645676477315
6057,0.0,0.0,605.0,0.0,,4,8.39,-4.598125782994841,0.2280781283679771,0.18937588,0.13517018553666052,0.2931568298951106
6061,2.0,283.0,554.0,5.6899999999999995,1.855716666582018,11,12.98,0.17925279017431217,1.9650204940657026,1.8109479,1.9837208445685865,1.8792810419563306
6065,0.0,0.0,378.0,0.0,,4,10.71,-1.1497409998509314,0.6878891425254019,0.44671226,0.3999120331031581,0.46569722632510935
6066,0.0,0.0,73.0,0.0,,4,23.32,4.244778879001162,2.820447678323929,2.9189548,2.2307985358349263,2.9298450147569257
6069,0.0,0.0,158.0,0.0,,5,33.26,3.8394625484423983,1.0625347642413732,1.6673014,1.7754548409396895,1.6688339401395078
6071,0.0,0.0,221.0,0.0,,5,19.01,1.7913491531296515,1.0625347642413732,0.9498494,1.0142046267440874,0.9818057070456172
6072,0.0,0.0,507.0,0.0,,4,21.8,-2.1143672022093147,0.4105308468223392,0.22839132,0.2756207731458332,0.14010927769027948
6074,2.0,357.0,480.0,3.29,1.589786698649534,6,7.52,0.7193108055021904,1.589786698649534,1.5657295,1.5814954076960652,1.658372161108348
6075,6.0,228.0,318.0,10.395,12.527973873473474,22,73.1,11.861868993444268,12.527973873473474,12.500389,11.918163304662942,12.217722450214053
6076,2.0,59.0,246.0,11.93,5.39916453609158,12,51.46,7.536514752496191,5.39916453609158,5.4929028,5.357510331583202,5.585098356000561
6077,0.0,0.0,572.0,0.0,,6,9.94,-3.9612110672125356,0.2280781283679771,0.18102206,0.1516308284226343,0.2846809502063916
6079,5.0,512.0,710.0,8.67,4.810700700287741,22,48.339999999999996,4.611146310679887,4.810700700287741,4.8144283,4.767515037031255,4.779858929633863
6080,2.0,118.0,255.0,8.82,4.769026893767545,13,28.560000000000002,5.431387856128358,4.769026893767545,4.726627,4.808717005842121,4.74400202689064
6081,4.0,209.0,338.0,19.65,14.877574284874761,23,86.42,12.433950164321178,14.877574284874761,14.839933,14.661327400987187,14.584851557220654
6082,1.0,150.0,369.0,22.21,4.327424294281746,9,33.67,5.427365817154074,4.327424294281746,4.302405,4.450910168379058,4.39311144565063
6083,1.0,638.0,699.0,13.69,2.201833960245614,7,42.589999999999996,2.4483944230821133,2.201833960245614,2.2172544,2.1312698633666143,2.2580591974877704
6084,1.0,23.0,400.0,14.97,1.7467847813133452,7,33.480000000000004,3.32682247670596,1.7467847813133452,1.784124,1.7089395650352173,1.5066427550515264
6086,0.0,0.0,46.0,0.0,,3,7.02,3.30653735922499,4.276645059846402,3.6065187,3.3136419006022977,3.1038646035965094
6087,3.0,577.0,654.0,11.256666666666666,4.562184444366945,16,41.510000000000005,3.9871644966037314,4.562184444366945,4.521124,4.5423451448166,4.589800985176874
6092,0.0,0.0,454.0,0.0,,2,15.7,-1.8801913734876576,0.6071638539809521,0.26329464,0.32687679887138144,0.37370785165562026
6093,1.0,195.0,206.0,3.78,2.2565369162336104,6,5.06,3.058242015023067,2.2565369162336104,2.278557,2.2810201064270657,2.514083378840442
6094,0.0,0.0,283.0,0.0,,2,9.8,0.10422560244300394,0.809695980654187,0.797575,0.6981321441322006,0.5490987965012444
6095,0.0,0.0,264.0,0.0,,6,10.3,0.4940981079279645,0.809695980654187,0.6914459,0.7227699384469652,0.5116582573433881
6096,1.0,215.0,239.0,11.55,4.220489820175218,6,18.53,4.8407213875427875,4.925050420307457,3.8767772,4.346559396425719,4.171351429253393
6097,0.0,0.0,61.0,0.0,,3,3.82,2.8343564937447883,2.820447678323929,3.438627,3.0906893590527775,2.980605734628056
6098,0.0,0.0,220.0,0.0,,5,15.12,1.4937822852141098,1.0625347642413732,0.9631238,1.0142046267440874,0.9604590770385109
6099,0.0,0.0,143.0,0.0,,3,11.52,2.273350150586479,1.0625347642413732,1.7430583,1.7798510544129806,1.860645282645737
6100,5.0,251.0,311.0,9.524,10.347649762495585,24,57.65,10.032837049950889,10.347649762495585,10.300487,10.296610387393487,10.222144015487697
6101,0.0,0.0,93.0,0.0,,3,7.18,2.6439043571165635,2.32659064545856,2.636888,2.4118315062577813,2.210230292647636
6105,6.0,528.0,558.0,12.626666666666667,10.552131000874141,28,83.56,11.076060580385896,8.540299440810598,9.120849,10.111522739586443,9.849267030706406
6106,1.0,426.0,655.0,5.48,1.0961806768734814,9,32.19,0.15225426493206928,0.786216227079201,1.0225693,1.303324879007573,1.0107219297135357
6107,2.0,355.0,564.0,13.31,3.984053529124872,11,38.07,3.445549436116097,3.984053529124872,4.011431,3.983122725441929,4.1087615143190455
6111,3.0,263.0,363.0,7.016666666666667,4.557662800049463,17,35.43,5.646134953940146,4.557662800049463,4.681097,4.503867178769801,4.689491188086908
6113,12.0,664.0,670.0,10.5525,14.552368452390784,57,135.98,18.85985833343262,14.552368452390784,14.550652,14.238195097822308,14.236525082119467
6114,6.0,587.0,642.0,8.673333333333334,6.570592570988247,27,58.86,7.59278108460785,6.570592570988247,6.5741453,6.277581780950074,6.293541645800409
6120,1.0,78.0,95.0,8.8,5.4654202366557385,7,28.720000000000002,6.724533390386231,5.4654202366557385,5.5321927,5.425150881549203,5.226951342630501
6123,2.0,385.0,429.0,18.314999999999998,7.1476293112769085,15,44.980000000000004,6.854214943607822,7.1476293112769085,7.176208,7.081100880987342,6.786376572225569
6126,1.0,36.0,88.0,5.76,3.9660013657222493,9,40.36,7.177271312553742,3.9660013657222493,3.9682295,3.7924483732512204,3.727811547609621
6127,0.0,0.0,101.0,0.0,,4,16.69,3.310716610029507,2.32659064545856,2.5671751,2.308292585541906,2.17239982463805
6129,1.0,399.0,528.0,5.92,1.4392687168371758,8,26.78,1.459933616207075,1.4392687168371758,1.4418713,1.3860047840469625,1.4479582153508739
6130,0.0,0.0,44.0,0.0,,3,3.14,3.024143950744548,4.276645059846402,3.605502,3.3136419006022977,3.1038646035965094
6132,1.0,67.0,240.0,9.12,2.755150671136027,8,19.1,3.881754877572849,2.755150671136027,2.8138561,3.045150426492402,2.959327085011327
6133,0.0,0.0,643.0,0.0,,3,22.78,-4.009492971393749,0.31599932901172306,0.18860815,0.11842722643340718,0.22865350649566452
6134,0.0,0.0,74.0,0.0,,6,29.27,4.745895756462396,2.820447678323929,2.569706,2.7951660768913746,2.9331464384336194
6135,0.0,0.0,85.0,0.0,,6,30.89,4.717716104295944,2.820447678323929,2.6268687,2.6947865976630263,2.5543619689725086
6136,0.0,0.0,646.0,0.0,,6,6.98,-5.262068482517198,0.2280781283679771,0.12394328,0.12032356702419786,0.24101865101757447
6138,4.0,560.0,661.0,9.5025,4.867786434155571,20,62.37,6.027043672716132,4.867786434155571,4.901114,4.975739923145483,4.973527310997292
6141,0.0,0.0,226.0,0.0,,3,4.59,0.5247950695657955,1.0625347642413732,0.89762515,1.0488935959011434,0.7663361709738563
6142,0.0,0.0,334.0,0.0,,3,9.92,-0.5999217549845541,0.6878891425254019,0.75395834,0.642232301943242,0.5943921778555534
6145,2.0,331.0,619.0,14.489999999999998,3.7445303694230914,10,34.42,2.3958994342046567,3.7445303694230914,3.7989945,3.677211829597927,3.6594483885363993
6148,0.0,0.0,679.0,0.0,,4,5.63,-5.882945232794342,0.2280781283679771,0.24603048,0.12126543098638094,0.2680899376259527
6151,5.0,133.0,167.0,15.139999999999997,23.528281759037807,21,97.22999999999999,15.451732413204308,23.528281759037807,23.559225,22.8644160282463,23.38828517891215
6152,2.0,15.0,156.0,21.655,12.133925561765578,13,55.84,10.351219487156353,12.133925561765578,12.094067,12.144957156535783,12.245206114869145
6153,3.0,615.0,615.0,7.923333333333333,3.578939104995371,14,27.93,3.1326800283423193,3.543306158178168,3.453457,3.5816485976288166,3.579893824303019
6155,0.0,0.0,523.0,0.0,,4,7.81,-3.466167867852798,0.5819915427067095,0.30078095,0.2981452036416381,0.24577765788356842
6157,0.0,0.0,347.0,0.0,,3,2.85,-1.3536941306699388,0.6878891425254019,0.5805122,0.5295053122807964,0.6262901776956813
6159,0.0,0.0,125.0,0.0,,4,6.94,2.1839483238167063,1.0625347642413732,2.1320076,2.116589912152875,1.895791713294967
6161,5.0,676.0,735.0,12.053999999999998,6.838108863695133,29,77.92,7.994384260753458,6.838108863695133,6.8350153,6.9092557372492145,7.1271466348975165
6162,5.0,512.0,643.0,13.512,8.232321382930765,22,100.96000000000001,10.468743327575392,8.232321382930765,8.237487,8.416593530026852,8.557322387507273
6163,1.0,248.0,620.0,23.14,2.8174650105132844,9,32.13,2.2830731479911646,2.8174650105132844,2.8101041,2.8862042257447365,2.849598568036962
6167,0.0,0.0,122.0,0.0,,3,29.55,4.020975525233424,1.0625347642413732,2.0729318,2.429619151376091,1.9827155022853926
6168,5.0,417.0,494.0,6.884,5.511000750566735,25,84.59,9.987994199470208,5.511000750566735,5.5158677,5.7477947507861815,5.803573350525845
6169,2.0,398.0,489.0,15.125,5.34392104495393,15,71.07,7.6998913361195385,5.34392104495393,5.311074,5.33154562375222,5.60043579652737
6171,0.0,0.0,280.0,0.0,,4,3.32,-0.33393083160215653,0.809695980654187,0.7877124,0.6772979684497417,0.5524287555275418
6172,1.0,229.0,653.0,4.18,0.7307181935619997,10,12.81,-2.4534061080564307,0.7307181935619997,0.71422184,0.8080656728744966,0.7325592874216653
6174,1.0,172.0,394.0,22.15,4.179700089748442,8,34.06,5.174350948531126,4.179700089748442,4.1882625,4.258499233115988,4.213169389959807
6175,0.0,0.0,100.0,0.0,,2,11.86,2.8994123393971747,2.32659064545856,2.5489817,2.316637448339524,2.17239982463805
6180,1.0,11.0,681.0,21.58,0.8615557067977104,10,31.08,0.01918644557431115,0.8615557067977104,0.8920781,0.872986119929424,0.8542030874248701
6181,1.0,154.0,224.0,6.89,2.8789583397338285,9,34.19,5.435538040760343,2.8789583397338285,2.8559387,2.819154316954655,2.84003105011068
6182,2.0,548.0,639.0,6.215,2.060970787558792,12,18.87,0.7575728436064111,2.0503418392596275,1.8646332,1.9456265975118556,1.9999224494224075
6184,0.0,0.0,615.0,0.0,,5,11.66,-4.460441176162607,0.32077864027662517,0.20131199,0.12147431762844554,0.25949531467431175
6186,0.0,0.0,584.0,0.0,,3,1.38,-4.877633172015332,0.2280781283679771,0.25735417,0.13682775383752543,0.2837005949514628
6187,4.0,193.0,239.0,10.7425,11.401347755201808,14,51.67,9.580983432821032,11.401347755201808,11.374973,11.2781313385857,11.08081706225861
6190,0.0,0.0,642.0,0.0,,4,14.72,-4.622271937670633,0.31599932901172306,0.17152652,0.11573974020843694,0.24101865101757447
6193,5.0,245.0,345.0,21.5,20.20251878211689,30,123.44,16.576800645988932,21.417240625629315,20.644754,21.144558792128876,21.634627932572293
6194,1.0,3.0,587.0,22.27,1.0932875317811834,7,31.35,1.393142582364065,1.0932875317811834,1.0845149,1.1312700408875203,1.2264606585771505
6196,0.0,0.0,96.0,0.0,,5,16.07,3.3520362051839827,2.32659064545856,2.6455128,2.3091669418131944,2.210230292647636
6203,1.0,265.0,298.0,9.32,3.1093495450497195,9,24.98,4.489693716315614,3.1093495450497195,3.1001134,3.0449382309454105,3.141418751474861
6204,3.0,679.0,701.0,13.65,5.218829132366336,16,46.68,4.5354192954067685,5.218829132366336,5.2505455,5.167703454820467,5.230511195658933
6205,0.0,0.0,146.0,0.0,,5,31.97,3.9084764048522085,1.0625347642413732,1.6135352,1.6622019169035906,1.6935996219430942
6207,0.0,0.0,730.0,0.0,,5,13.16,-5.99288596825568,0.31599932901172306,0.22926739,0.08720425448046655,0.21679639999677747
6208,2.0,83.0,434.0,16.82,3.662091654396058,12,38.75,4.609122452290238,2.059280796955743,3.1259189,3.5520466089017066,3.8369135229108986
6209,1.0,41.0,320.0,16.22,2.808950859323074,8,40.989999999999995,5.356139038916124,2.808950859323074,2.8781192,2.9016807248213605,2.81949180427153
6214,1.0,19.0,476.0,10.26,0.9621954466091613,8,18.04,0.3402786600074874,0.9621954466091613,0.9397531,0.8426129778537664,0.947948922496197
6216,0.0,0.0,207.0,0.0,,2,7.71,1.0288675110620318,1.0625347642413732,1.0755335,1.038762869581522,0.9715037064813092
6217,0.0,0.0,99.0,0.0,,6,35.1,4.854113421941801,2.32659064545856,2.3771088,2.58599064145285,2.444864238107765
6218,0.0,0.0,496.0,0.0,,4,28.96,-1.3821208643662901,1.0037235782329168,0.23900722,0.1979168567790908,0.2120899802802496
6219,0.0,0.0,243.0,0.0,,6,9.65,0.7437775043928649,1.0625347642413732,0.8830791,0.9357345912904327,0.801206643763007
6220,0.0,0.0,90.0,0.0,,3,9.2,2.849002492198215,2.820447678323929,2.6130896,2.4118315062577813,2.210230292647636
6222,2.0,66.0,171.0,19.92,12.432951471981497,11,49.8,9.608750499756333,12.432951471981497,12.362522,12.851304686048055,12.386814443466161
6223,0.0,0.0,271.0,0.0,,2,3.5,-0.22851157705147118,0.809695980654187,0.79130757,0.7352738479423097,0.5492632476685051
6224,0.0,0.0,220.0,0.0,,3,9.58,1.011171675878614,1.0625347642413732,0.97840106,1.038762869581522,0.9604590770385109
6227,7.0,284.0,346.0,13.035714285714286,17.425835649025387,35,93.47,14.686304238723352,17.425835649025387,17.345583,17.18217333599537,16.70212383482442
6228,0.0,0.0,152.0,0.0,,4,15.71,2.4991809599022967,1.0625347642413732,1.780426,1.770116027316043,1.6421108979763455
6230,1.0,203.0,258.0,19.28,5.920826234100773,8,23.310000000000002,6.0111779871681765,5.920826234100773,5.919989,5.454424841564043,5.991287107094943
6232,0.0,0.0,193.0,0.0,,5,9.86,1.4600159437440965,1.0625347642413732,1.1659733,1.1906051051854114,1.0667096011204116
6233,0.0,0.0,699.0,0.0,,6,11.26,-5.680548762178355,0.32077864027662517,0.071487196,0.08933762936666452,0.2547219658040696
6236,0.0,0.0,575.0,0.0,,3,10.46,-4.020165487642442,0.2280781283679771,0.26350257,0.16413473791797872,0.2814891964857802
6237,0.0,0.0,123.0,0.0,,5,6.6,2.204606387198883,1.0625347642413732,2.1149025,2.1091194056265454,1.895791713294967
6239,0.0,0.0,327.0,0.0,,5,18.6,0.23508584090086204,0.7496644682170794,0.6124223,0.6256794361204404,0.4895806241426639
6240,4.0,213.0,334.0,10.08,8.097760750617478,18,66.32,9.468035549836177,10.207275367124359,7.886584,8.775765642761648,8.098102787585656
6245,0.0,0.0,35.0,0.0,,6,21.16,4.656047140461936,4.276645059846402,4.469284,3.298366706416474,4.023427278034864
6248,0.0,0.0,509.0,0.0,,6,21.11,-2.1600823406792697,0.4105308468223392,0.18193465,0.2756054677402218,0.15077758785459316
6251,1.0,316.0,319.0,19.95,5.5502515122692175,10,28.77,6.230835508952447,5.5502515122692175,5.4942336,5.493870571611909,5.432776631795748
6253,1.0,212.0,729.0,23.9,2.1309546562810633,9,39.5,1.2457363603201697,2.8385106928800576,2.2537003,2.3881490984724483,2.3969648485056116
6254,2.0,471.0,642.0,10.74,3.103337645807737,16,50.1,3.567510545799988,3.1750602727752266,2.9110107,3.501837040070984,2.9121804625171865
6256,0.0,0.0,406.0,0.0,,5,26.1,-0.2988437842830831,0.6489445261916096,0.5233076,0.2835202919886185,0.43125217298280294
6259,2.0,21.0,263.0,14.85,4.821555806175736,13,50.65,7.476431942451746,4.821555806175736,4.8390102,4.719374409241517,4.38513660242148
6260,1.0,1.0,299.0,29.33,4.060056749795429,10,72.11,9.83327222980731,4.060056749795429,4.0598483,3.9679457753151697,4.565122379323353
6261,0.0,0.0,509.0,0.0,,5,31.9,-1.3140135840970961,0.815340757509851,0.3881989,0.2757013708983895,0.24096101701990946
6262,2.0,272.0,547.0,18.655,5.086514241940078,13,43.19,4.497167613500514,5.086514241940078,5.0772653,5.043773589331977,4.983440937578575
6263,0.0,0.0,332.0,0.0,,6,12.66,-0.2939200579803636,0.7496644682170794,0.59321153,0.6126406561367922,0.5913450800103845
6265,2.0,437.0,650.0,11.735,3.234798420099801,14,45.980000000000004,3.0640493960663484,3.234798420099801,3.223675,3.2424607247948303,3.372929380004502
6266,0.0,0.0,607.0,0.0,,4,25.75,-3.2347734994665434,0.31599932901172306,0.20341486,0.03825399493234473,0.2823197543102829
6271,0.0,0.0,416.0,0.0,,4,12.77,-1.530669279221752,0.562158674561362,0.4208203,0.32925694460044863,0.42403692470237075
6272,1.0,20.0,211.0,10.25,2.8738096909013646,5,15.629999999999999,3.901213300327833,3.738127778160476,2.987769,2.7391064089648802,2.8843893893233634
6273,0.0,0.0,699.0,0.0,,11,37.62,-3.47084749649179,0.8774989824562538,-0.003103864,0.07238264268359225,0.3755703228301561
6274,0.0,0.0,83.0,0.0,,4,18.31,3.6993122314984603,2.820447678323929,2.775279,2.386398907149059,2.4826809107669083
6283,0.0,0.0,32.0,0.0,,6,26.28,5.109733740873585,4.276645059846402,4.656476,4.133936962849499,4.114067913845908
6284,1.0,197.0,538.0,8.72,1.4217511971757748,11,17.29,0.06160272148640278,1.4217511971757748,1.4247376,1.3918263245068974,1.4187103003060297
6287,0.0,0.0,371.0,0.0,,4,11.48,-0.9873939045371696,0.6878891425254019,0.43825072,0.41313311155422927,0.487241120806857
6288,6.0,578.0,617.0,20.328333333333333,15.389376352009846,29,133.96,15.595776091386202,15.389376352009846,15.377168,15.588663238875586,15.167392769473619
6289,3.0,257.0,286.0,4.446666666666666,3.8344411782675363,14,20.07,5.077192335167083,3.8344411782675363,3.8344636,3.8958369885669124,4.026600733213656
6291,5.0,467.0,659.0,8.124,4.788746288966678,21,60.92,6.047824601662894,4.788746288966678,4.794664,4.77487979081675,4.84827115405484
6297,0.0,0.0,126.0,0.0,,2,5.28,1.9981026841214937,1.0625347642413732,2.1367266,2.116589912152875,1.895791713294967
6299,2.0,576.0,615.0,18.84,5.583454244382036,14,50.11,5.536778881241531,5.583454244382036,5.5998926,5.6268387370935695,5.620697202577494
6301,2.0,650.0,684.0,11.26,3.24412105083053,13,25.8,1.8646027410872725,3.24412105083053,3.2269387,3.132578609986726,3.2410891188550526
6304,3.0,364.0,616.0,13.799999999999999,5.109521064943068,13,44.94,4.11258485314605,5.109521064943068,5.1343374,5.193220163289759,4.896786342352613
6305,2.0,12.0,282.0,7.855,2.3184574783391647,11,30.96,4.568821594355745,2.3184574783391647,2.3073432,2.299685673552507,2.2435293519843116
6306,1.0,402.0,513.0,20.5,3.786304348812742,7,42.55,4.967774818864885,3.786304348812742,3.736149,3.611745980120037,3.902941196673787
6307,7.0,650.0,659.0,15.935714285714285,13.35051580022272,43,135.39,15.813323631438983,13.35051580022272,13.341478,13.925472991326686,13.746617145869788
6309,2.0,86.0,576.0,12.09,1.6010015079128919,8,35.15,1.5574452310553655,1.6010015079128919,1.597278,1.3276464912828845,1.905195661020902
6311,3.0,183.0,291.0,13.549999999999999,9.293908045377686,17,50.7,8.443427988413829,9.293908045377686,9.370358,9.159203810639863,9.604001104125283
6313,6.0,437.0,611.0,11.456666666666665,8.196985218907441,28,71.64,8.771208753882318,8.196985218907441,8.205031,8.092191573442106,7.998882344736337
6315,0.0,0.0,301.0,0.0,,4,7.68,-0.28610596794631826,0.809695980654187,0.6839509,0.6981321441322006,0.5151173004423111
6317,0.0,0.0,348.0,0.0,,5,9.77,-0.7747931205086731,0.7496644682170794,0.57391953,0.449541614597736,0.6262901776956813
6318,0.0,0.0,267.0,0.0,,4,16.56,0.9146127799174479,0.809695980654187,0.79715997,0.7181861116312043,0.4961188281186075
6319,1.0,28.0,686.0,5.93,0.36785591464402934,7,8.01,-4.063008481153062,0.36785591464402934,0.35867366,0.3696244902910487,0.4612599200100336
6320,0.0,0.0,467.0,0.0,,3,11.49,-2.385441360027971,0.562158674561362,0.32691455,0.32697623170763346,0.2944224657136951
6321,0.0,0.0,484.0,0.0,,3,6.38,-3.039527918402144,0.4105308468223392,0.40192926,0.31876140168005423,0.2212398389426129
6324,5.0,574.0,669.0,12.138,7.339829307681482,26,83.06,8.833819128515481,7.339829307681482,7.397074,7.5142820135795345,7.198873038654815
6328,0.0,0.0,44.0,0.0,,6,31.47,5.353460211814416,4.276645059846402,3.326165,3.8677841592538065,3.176246690639957
6334,0.0,0.0,117.0,0.0,,4,2.81,1.9677368254138627,1.0625347642413732,2.155371,2.1335467790624563,1.9387729350693883
6339,2.0,145.0,223.0,18.095,10.500295150573269,13,55.45,9.466634420905535,10.500295150573269,10.515262,10.93473794155485,10.92132133816136
6341,0.0,0.0,350.0,0.0,,6,10.08,-0.7594979138740898,0.7496644682170794,0.49449092,0.444508211628721,0.6378977268835806
6344,0.0,0.0,104.0,0.0,,6,7.0,2.528921462667462,2.32659064545856,2.5061607,2.255487914042865,2.17239982463805
6346,0.0,0.0,169.0,0.0,,3,9.45,1.7336966174521806,1.0625347642413732,1.3832861,1.573519506036424,1.4169217139768397
6347,4.0,429.0,517.0,12.1525,7.413680553965001,18,56.61,7.355171289003626,7.413680553965001,7.447881,7.275368639567198,7.2128613264074035
6348,10.0,689.0,718.0,13.911000000000001,15.102983752928102,45,143.72,17.715692701583766,15.102983752928102,15.1150875,15.1474937725987,14.764723445013743
6350,1.0,233.0,352.0,4.03,1.5159000493562051,5,16.77,2.091818408809382,1.8833055687497628,1.6851363,1.40422049236241,1.674416767818756
6352,2.0,475.0,660.0,16.740000000000002,4.465534256176299,10,51.370000000000005,4.150803349511387,4.465534256176299,4.4746733,4.453588482535821,4.419629410589735
6353,1.0,212.0,573.0,18.08,2.3762948452794035,11,33.019999999999996,2.194953834616904,2.3762948452794035,2.4192703,2.5105552105468134,2.504458809335296
6354,0.0,0.0,8.0,0.0,,3,5.36,3.7195415696061334,4.276645059846402,4.7285166,3.3136419006022977,4.020613143760862
6355,0.0,0.0,397.0,0.0,,4,5.81,-1.8157308167643675,0.562158674561362,0.44335258,0.34582933030119656,0.4536216740730614
6358,7.0,279.0,330.0,13.56,18.844999774099378,35,103.72,15.787989660257601,18.844999774099378,18.935144,18.908314147545198,18.626815633201268
6359,0.0,0.0,697.0,0.0,,6,13.57,-5.466567138274063,0.31599932901172306,0.07604683,0.07224989305555919,0.2547219658040696
6361,1.0,126.0,141.0,3.52,2.6445762711537744,10,31.96,5.868346874529238,2.6445762711537744,2.6417482,2.4605402871655544,2.7778207508356014
6362,0.0,0.0,596.0,0.0,,4,2.39,-4.949920697711099,0.2280781283679771,0.11388473,0.13517018553666052,0.2878715958081681
6367,7.0,467.0,641.0,17.25,13.383473877485063,32,133.95,15.0758224940516,13.383473877485063,13.405231,13.648621011960545,13.428890611947176
6369,0.0,0.0,339.0,0.0,,5,9.42,-0.6735155097041305,0.7496644682170794,0.7050702,0.6347617954169126,0.5911466022619454
6372,2.0,236.0,319.0,12.16,5.930749536719621,15,52.83,7.511881697338209,5.930749536719621,6.012194,5.874469412261845,6.128447472958364
6375,0.0,0.0,306.0,0.0,,4,11.68,-0.03720446364230501,1.0228150522731139,0.72696024,0.7007294005314063,0.5378887811290465
6382,3.0,201.0,313.0,10.526666666666666,7.046439075845823,13,42.92,7.089020188338536,7.046439075845823,7.0252886,7.119804260444628,7.0783229252950255
6383,0.0,0.0,97.0,0.0,,1,1.33,2.0789486566087017,2.32659064545856,2.6259696,2.3337251846506284,2.210230292647636
6387,6.0,234.0,279.0,18.825,25.21917006725944,33,132.05,18.56387524450941,25.21917006725944,25.218138,25.555414196376862,25.538869985248102
6388,0.0,0.0,371.0,0.0,,5,15.48,-0.6474551120126808,0.7496644682170794,0.45536804,0.3885748687167946,0.487241120806857
6394,4.0,242.0,290.0,11.765,10.99216601491328,20,92.66,12.621053988771735,10.99216601491328,10.958072,11.455563715465624,11.523568119606992
6395,0.0,0.0,16.0,0.0,,3,1.72,3.312678108133469,4.276645059846402,4.7285166,3.3136419006022977,4.020613143760862
6398,0.0,0.0,617.0,0.0,,5,6.0,-4.943058722278349,0.2280781283679771,0.25237513,0.12147431762844554,0.25873146183229156
6399,0.0,0.0,144.0,0.0,,4,14.56,2.521935147526353,1.0625347642413732,1.7534285,1.7627633181018754,1.6438978537672284
6400,1.0,111.0,625.0,16.04,1.422622769166694,8,22.939999999999998,-0.17343006582861253,1.422622769166694,1.3705904,1.21949557703711,1.2266695985415925
6402,0.0,0.0,65.0,0.0,,6,47.28,6.319458600640726,4.391129361211711,3.934841,4.148475095327732,3.9894360979050147
6406,8.0,214.0,300.0,12.969999999999999,20.559791310422334,36,120.56,17.9182980052654,20.559791310422334,20.5596,20.74539379404762,21.056346837605844
6408,0.0,0.0,454.0,0.0,,3,2.69,-2.904281547177118,0.562158674561362,0.33625335,0.34396453518248676,0.37370785165562026
6414,1.0,383.0,524.0,12.1,2.373194194980335,7,17.14,1.5123012942601866,2.373194194980335,2.3955858,2.482574163183012,2.2949336199736488
6415,1.0,18.0,262.0,6.36,1.603920436550881,7,20.63,3.055871894549154,1.603920436550881,1.6446049,1.5150616952001663,1.42979117221243
6417,4.0,564.0,624.0,13.0375,6.926218840247008,19,65.83,7.3285937650592965,6.926218840247008,6.916955,6.89203468040434,6.772476139792313
6421,2.0,275.0,589.0,18.48,4.596280176400045,10,38.5,3.449516740732145,3.831987042501377,4.2268786,4.699022761057677,4.421673932679274
6423,3.0,579.0,654.0,15.376666666666667,6.078334008148184,19,54.97,5.707826509108586,6.078334008148184,6.0796537,6.159507681863875,6.188008265017049
6424,0.0,0.0,642.0,0.0,,5,21.6,-4.051386441871824,0.31599932901172306,0.06522462,0.10015460816767793,0.19102821448590923
6425,0.0,0.0,590.0,0.0,,1,7.56,-4.506648369707437,0.2280781283679771,0.27011165,0.13517018553666052,0.28228137414298793
6428,1.0,9.0,203.0,7.96,2.3627098464327485,6,23.75,4.315942316345495,2.104915584404335,2.5159416,2.4220130708621976,2.2508735019978907
6429,2.0,414.0,563.0,7.36,2.5225657261725405,10,26.64,1.969579041647231,2.5225657261725405,2.5345948,2.6891837448248412,2.4709648917950044
6432,0.0,0.0,576.0,0.0,,3,3.65,-4.58062977425302,0.2280781283679771,0.2742749,0.16413473791797872,0.28300635649647
6433,0.0,0.0,320.0,0.0,,4,6.38,-0.6634124057668558,0.6878891425254019,0.6267494,0.6884378291193788,0.5072296358166613
6434,0.0,0.0,155.0,0.0,,4,8.61,1.886718500989553,1.0625347642413732,1.751023,1.7720826465602924,1.6421108979763455
6439,0.0,0.0,712.0,0.0,,6,29.3,-4.420754568690767,0.815340757509851,-0.10091059,-0.028879335293872776,0.21871082243518725
6440,3.0,157.0,232.0,17.656666666666666,14.071252795590777,15,63.49,10.730016223972893,14.071252795590777,14.012885,13.963491213142085,13.862319380853227
6442,0.0,0.0,683.0,0.0,,5,12.47,-5.372753574735932,0.32077864027662517,0.24104582,0.09670718814894627,0.2685866037097595
6444,1.0,123.0,268.0,19.32,5.108751606390219,10,29.880000000000003,6.065353541276407,5.108751606390219,5.138718,5.05710590602626,4.969292270716268
6446,0.0,0.0,329.0,0.0,,5,8.52,-0.6019707428789394,0.7496644682170794,0.64788127,0.6427671724315458,0.5375902351660615
6452,1.0,127.0,477.0,34.78,4.409039964185201,6,47.0,6.5320412586081815,4.409039964185201,4.3985724,4.436436564125687,4.469627446498036
6454,1.0,215.0,541.0,8.81,1.4723968862326446,6,10.950000000000001,-0.489363573411405,1.4723968862326446,1.4677621,1.6070008146016979,1.4733423377343744
6457,0.0,0.0,69.0,0.0,,3,4.14,2.7450447492743133,2.820447678323929,2.889003,2.309699600145311,2.8405736797263055
6459,0.0,0.0,498.0,0.0,,5,17.5,-2.3106599277104367,0.4105308468223392,0.30057955,0.27358696080420336,0.22867994679876524
6460,0.0,0.0,723.0,0.0,,4,21.47,-5.2450870558186145,0.31599932901172306,-0.035592325,0.029395616213970757,0.1761878884294097
6461,3.0,258.0,354.0,11.67,7.289369533276869,17,51.33,7.675999654415034,7.289369533276869,7.421994,7.511106069979915,7.586412803130321
6462,1.0,40.0,305.0,14.44,2.702571422589245,11,25.16,4.107001722388325,2.702571422589245,2.6566339,2.78460640674315,2.608500191643491
6464,6.0,185.0,242.0,12.638333333333334,18.513624695138855,27,91.69,14.653089454066155,18.513624695138855,18.49357,18.381179790196747,18.30052085690339
6465,0.0,0.0,103.0,0.0,,4,7.02,2.5065378555352855,2.32659064545856,2.5511355,2.2575289066745703,2.17239982463805
6466,0.0,0.0,183.0,0.0,,4,16.66,2.1298429000967225,1.0625347642413732,1.2919998,1.3919480291808402,1.1353069349209441
6468,1.0,605.0,677.0,2.54,0.7913538301777889,6,19.13,-0.8443119067288105,0.7913538301777889,0.78798914,0.789521612950961,0.84607563534753
6469,1.0,279.0,388.0,35.67,7.482470866317623,8,46.96,8.678848119049054,7.482470866317623,7.4523096,7.202755403288555,7.397806079218887
6471,1.0,117.0,470.0,24.01,3.137438092556107,7,37.120000000000005,4.311287717101855,2.3474273589803034,2.718099,2.9186618069222154,3.015506138742496
6472,0.0,0.0,325.0,0.0,,4,21.06,0.44191645651276,0.6878891425254019,0.45461607,0.6303130372620931,0.5713597557652168
6478,0.0,0.0,385.0,0.0,,3,2.95,-1.8917944719913384,0.6878891425254019,0.44585955,0.3999120331031581,0.5401918503629473
6480,0.0,0.0,598.0,0.0,,2,8.5,-4.527062938690646,0.2280781283679771,0.1588161,0.13517018553666052,0.2878715958081681
6484,0.0,0.0,189.0,0.0,,3,8.1,1.3380091270955115,1.0625347642413732,1.2768203,1.3965483303006638,1.039765372813374
6488,2.0,291.0,485.0,19.435000000000002,6.247399222588495,16,54.83,6.57646869663017,6.247399222588495,6.270259,6.012442705396488,6.324219402778294
6490,1.0,410.0,435.0,7.56,2.0768594813406382,10,24.41,2.924733587351005,2.0768594813406382,2.1240776,2.1110108200602657,2.212575922152574
6494,0.0,0.0,211.0,0.0,,4,19.87,1.984848533978993,1.0625347642413732,0.8927327,1.0216751332704168,0.997151537922063
6495,0.0,0.0,157.0,0.0,,2,7.97,1.7682949242108206,1.0625347642413732,1.7823756,1.7720826465602924,1.574107238971636
6496,3.0,555.0,583.0,15.88,6.955533837681649,17,62.76,7.272838614013816,6.955533837681649,7.046504,7.00704403816813,7.120192023348284
6499,3.0,343.0,456.0,10.596666666666666,5.564037035197162,14,41.58,5.617255565276619,5.564037035197162,5.5958915,5.490805166600225,5.441074445116447
6501,3.0,632.0,703.0,13.18,4.980816864527877,14,43.1,3.896632026936485,4.980816864527877,5.0176177,5.052091439184115,4.93767636953093
6504,0.0,0.0,498.0,0.0,,1,2.31,-3.605461337512489,0.4105308468223392,0.37615323,0.2981452036416381,0.22867994679876524
6505,0.0,0.0,93.0,0.0,,4,4.45,2.444165610392382,2.32659064545856,2.6202338,2.4118315062577813,2.210230292647636
6507,1.0,12.0,44.0,6.33,5.30856031991306,4,8.25,5.10643394629413,5.30856031991306,5.292777,4.941617988190968,5.143907138159525
6508,0.0,0.0,209.0,0.0,,5,9.51,1.2020045255525993,1.0625347642413732,0.98310447,1.0312923630551927,0.999436982302961
6510,3.0,558.0,730.0,9.503333333333334,3.461566847371082,17,35.74,2.1183831873608145,3.823628681958491,3.34314,3.346076167470733,3.461579259006056
6511,1.0,25.0,608.0,27.14,1.4613702504708987,8,40.3,2.60978126593865,1.4613702504708987,1.3796337,1.3673592928403595,1.4778816881710082
6516,0.0,0.0,633.0,0.0,,5,8.53,-4.970123437195526,0.2280781283679771,0.18317182,0.12366819197476948,0.23343917031670625
6518,0.0,0.0,713.0,0.0,,5,4.97,-6.405324115974721,0.2280781283679771,0.18577868,0.07806962621325177,0.19735412635633676
6520,0.0,0.0,137.0,0.0,,3,1.89,1.5873514784720228,1.0625347642413732,1.7644608,1.7798510544129806,1.8593429445554133
6522,3.0,443.0,649.0,12.833333333333334,4.841695706411125,16,55.010000000000005,4.7368232447319,4.841695706411125,4.849571,5.161745410714694,4.945495769043993
6523,0.0,0.0,63.0,0.0,,4,7.32,3.1054572501866913,2.820447678323929,2.8941855,3.0906893590527775,2.8405736797263055
6524,1.0,160.0,279.0,8.84,2.833210351413995,9,25.04,4.211218100171482,2.833210351413995,2.8627706,2.92138069577953,2.7268443199825874
6525,0.0,0.0,160.0,0.0,,2,9.77,1.8695219302777457,1.0625347642413732,1.3832861,1.6950412454958932,1.574107238971636
6527,4.0,121.0,318.0,19.1025,11.858169632569858,28,80.99,11.895329506157925,14.877574284874761,11.157243,12.961251480582094,11.136448917316837
6528,2.0,294.0,473.0,10.285,3.6611760547170356,15,68.82,6.589814617920407,3.6611760547170356,3.7044961,3.714964006180752,3.435328414051073
6529,0.0,0.0,196.0,0.0,,3,4.66,0.9615551922878498,1.0625347642413732,1.1819867,1.1980756117117408,1.0449415269693052
6530,1.0,36.0,560.0,20.25,1.417268521723229,7,48.22,3.0061491762785932,1.417268521723229,1.4020481,1.4899633097666538,1.3118218501396859
6531,3.0,557.0,591.0,11.68,5.177823148314783,17,50.53,5.600866358187441,5.177823148314783,5.1572533,5.361379763512958,5.244451075014517
6533,1.0,59.0,299.0,11.22,2.459415990839663,9,22.5,3.5811686931824824,2.459415990839663,2.410999,2.5424007647060662,2.4843554233293283
6534,0.0,0.0,320.0,0.0,,6,5.54,-0.6924128960459983,0.7496644682170794,0.5890438,0.6759339196240344,0.5072296358166613
6536,0.0,0.0,143.0,0.0,,5,8.24,2.0486864811443715,1.0625347642413732,1.7339175,1.7723805478866512,1.860645282645737
6537,1.0,573.0,649.0,2.69,0.8368453884888358,7,21.46,-0.3641289562434471,0.8093279417963563,0.6625269,0.7928523915015359,0.8473423683589036
6541,1.0,41.0,366.0,9.5,1.5495626914259475,8,14.99,1.673150943905323,1.5495626914259475,1.6100776,1.4538466744508867,1.5365900036830338
6542,0.0,0.0,172.0,0.0,,5,21.23,2.6735770670691776,1.0625347642413732,1.3052452,1.3808776199929507,1.3357122191591504
6544,3.0,299.0,380.0,9.296666666666667,5.733300070589659,14,32.58,5.60143781228479,5.733300070589659,5.6252284,5.424135806576602,5.532339706257627
6547,0.0,0.0,177.0,0.0,,4,6.76,1.4221929745502981,1.0625347642413732,1.4026824,1.372671037245377,1.095803224739961
6551,1.0,545.0,660.0,13.34,2.2003652200617694,10,18.08,0.6186839612030468,2.2003652200617694,2.1892354,2.140958685305349,2.26988182643741
6553,0.0,0.0,509.0,0.0,,6,12.19,-2.875375602209454,0.4105308468223392,0.2548318,0.26855355783518836,0.2229650430944048
6554,1.0,8.0,637.0,10.2,0.521459642731056,8,26.58,-1.3483599463736065,0.521459642731056,0.53242224,0.4867600158581255,0.6009118496431451
6557,1.0,353.0,372.0,7.92,2.407934787148938,5,16.9,2.916527619549827,2.407934787148938,2.392911,2.389818943605259,2.4297875968994838
6558,0.0,0.0,181.0,0.0,,5,11.48,1.7623821982540007,1.0625347642413732,1.2026345,1.3890778237743344,1.1353069349209441
6559,8.0,563.0,691.0,10.79875,9.507282694997258,39,96.95,11.787281522634586,9.507282694997258,9.495788,9.360140417855655,9.423828679932837
6560,9.0,316.0,530.0,15.101111111111111,12.35357150595522,48,144.51999999999998,18.251739559138034,12.35357150595522,12.37331,12.908883342130263,12.770127484927588
6563,3.0,209.0,369.0,19.656666666666666,10.682212809910641,17,75.29,10.266948519259202,10.682212809910641,10.825449,11.077454864485361,11.165965429065182
6564,3.0,502.0,665.0,14.63,5.521611163304021,14,52.540000000000006,4.795965232435305,5.521611163304021,5.552246,5.586548817972673,5.506665959902683
6565,2.0,531.0,650.0,16.245,4.5417612557340705,12,36.489999999999995,3.3316605724659607,4.5417612557340705,4.480434,4.431172521212065,4.483592103010555
6566,1.0,135.0,467.0,13.82,2.1014371990382754,7,16.0,1.3239156643743546,1.8359618358382215,1.7863525,1.9465989419040186,2.051381283652397
6567,0.0,0.0,450.0,0.0,,4,23.49,-1.1596674075797333,0.6489445261916096,0.37846112,0.3322422164260818,0.41605903213540163
6569,3.0,240.0,293.0,19.543333333333333,13.723020464721895,15,63.49,10.503282014021131,13.723020464721895,13.742042,13.452424035218968,13.345957107824496
6570,0.0,0.0,445.0,0.0,,4,19.28,-1.425408775664165,0.6071638539809521,0.24429813,0.32687679887138144,0.38804103442143134
6571,0.0,0.0,145.0,0.0,,5,4.59,1.7272504883554989,1.0625347642413732,1.7270895,1.7723805478866512,1.6438978537672284
6572,0.0,0.0,252.0,0.0,,3,4.91,0.17679522421817184,0.809695980654187,0.8097903,0.9387779986706868,0.572118818307267
6573,0.0,0.0,34.0,0.0,,3,10.58,3.764471879134956,4.276645059846402,4.7046366,3.3136419006022977,4.020613143760862
6574,0.0,0.0,467.0,0.0,,4,25.03,-1.2804916129072987,0.6489445261916096,0.32458884,0.26129079619519513,0.26321979660250605
6581,1.0,2.0,200.0,15.42,3.812142534648573,6,22.490000000000002,5.265527750414332,3.812142534648573,3.7899363,3.6391785250648856,4.114613427123847
6582,1.0,97.0,216.0,22.05,6.6408781190709885,10,29.330000000000002,7.028020690777224,6.6408781190709885,6.5542083,6.590549455587659,6.573839513867493
6584,0.0,0.0,536.0,0.0,,3,8.59,-3.6096295798818767,0.6616955829386749,0.29674542,0.20118353765688812,0.2664645676477315
6587,0.0,0.0,126.0,0.0,,3,4.08,1.9210543735117942,1.0625347642413732,2.1367266,2.116589912152875,1.895791713294967
6589,2.0,586.0,627.0,24.23,6.932775615349408,16,74.65,8.168669608209383,6.932775615349408,6.9507766,6.889505797447576,7.273905353772344
6590,1.0,41.0,492.0,18.86,1.7100189242552717,6,36.739999999999995,2.8731565170911133,1.7100189242552717,1.6819178,1.7425012217212423,1.6714696732546575
6592,2.0,590.0,625.0,11.350000000000001,3.5119495578863944,12,32.88,2.993968842618924,3.5119495578863944,3.509443,3.414217469795439,3.489030058362825
6593,0.0,0.0,369.0,0.0,,3,26.36,0.21539436894523112,0.6878891425254019,0.53381836,0.3499336480419241,0.5308038915579552
6595,0.0,0.0,398.0,0.0,,3,4.47,-1.9567362292300547,0.562158674561362,0.44585955,0.34582933030119656,0.4642855761664135
6597,1.0,145.0,205.0,1.3,1.4160697190251137,8,18.580000000000002,3.6162982984726044,1.4160697190251137,1.4199296,1.6214944030772709,1.7117709635411504
6598,0.0,0.0,63.0,0.0,,4,18.38,3.992356742622099,2.820447678323929,2.9024568,3.112864631230174,2.7747665299005586
6600,1.0,22.0,31.0,12.72,9.831868688680371,9,30.189999999999998,8.086087283369483,9.831868688680371,9.818532,9.979976075214058,9.789872835814505
6603,6.0,278.0,351.0,10.465000000000002,12.094088630863855,28,73.28,11.759936117503912,12.094088630863855,12.163368,12.393327988592562,12.337907708912521
6604,1.0,37.0,199.0,3.35,1.6296166150337417,8,35.45,4.83775450780626,1.6296166150337417,1.6328361,1.5418681580060714,1.6557460864879756
6607,5.0,297.0,522.0,8.937999999999999,5.559435915431784,21,61.38,7.374715010182006,5.559435915431784,5.5381413,5.4967841239832325,5.774383618044731
6608,2.0,150.0,278.0,4.77,2.866110642171064,12,13.75,3.4785217908026103,3.8344411782675363,2.960774,2.9086346399297978,2.604503927992437
6609,0.0,0.0,471.0,0.0,,6,6.96,-2.748649076095435,0.562158674561362,0.27496415,0.31447232221228905,0.2947035211985085
6615,1.0,2.0,20.0,12.58,10.167379200251906,10,27.43,7.929286970270463,10.167379200251906,10.153457,9.871057278459787,9.696350745991104
6616,0.0,0.0,694.0,0.0,,6,12.12,-5.539727704706954,0.32077864027662517,0.106476374,0.08736080827367307,0.25513422690015997
6617,1.0,112.0,564.0,18.3,1.8734904237228978,9,36.78,2.1520118407549456,1.8734904237228978,1.8978604,1.7047142034176939,1.735931635016711
6618,3.0,238.0,371.0,15.093333333333334,8.636701717988124,18,70.84,9.399453970201378,8.636701717988124,8.783727,8.716714765848197,9.147813629968288
6621,1.0,327.0,677.0,32.51,3.807820329905116,7,57.11,5.103354832948081,3.807820329905116,3.8171644,3.97148756850801,3.931776408778424
6628,0.0,0.0,603.0,0.0,,4,11.57,-4.314379009143096,0.32077864027662517,0.12956066,0.13517018553666052,0.29645582172224927
6629,2.0,262.0,323.0,3.395,2.213671386092906,7,15.790000000000001,3.2298258909665867,2.213671386092906,2.2354329,2.398136539558073,2.270705804900106
6630,0.0,0.0,538.0,0.0,,3,7.2,-3.7498365624624297,0.6616955829386749,0.27643853,0.20118353765688812,0.2664645676477315
6631,2.0,225.0,239.0,15.5,9.239059451896438,13,49.21,8.747379593332777,9.378521734215731,9.985564,9.61697875177707,9.77722197842116
6632,3.0,168.0,297.0,17.65666666666667,11.389260257105656,18,58.21,9.481273572102829,11.389260257105656,11.425714,11.539271797385314,11.571281928215011
6634,0.0,0.0,349.0,0.0,,3,10.03,-0.8066742913543399,0.6878891425254019,0.5940598,0.4570121211240654,0.6225661893213372
6635,2.0,633.0,700.0,11.77,3.278173114059621,15,29.049999999999997,1.925502722295866,3.1800569399581544,3.2394311,3.195341703945228,3.434671022247627
6640,0.0,0.0,389.0,0.0,,5,23.71,-0.2461809323524511,0.7496644682170794,0.5537622,0.4052184466295869,0.4418798036568843
6641,1.0,9.0,573.0,17.78,0.9952810452576131,5,21.96,0.20493510428453154,0.9952810452576131,1.0030252,1.1906697761837344,0.9851549917575264
6642,0.0,0.0,613.0,0.0,,5,33.97,-2.6426630017422053,0.815340757509851,0.18040507,0.10350886451056403,0.30933152775667594
6644,1.0,32.0,136.0,3.36,2.212101195480521,4,19.0,4.325410798158547,2.212101195480521,2.2158768,2.2441105087930078,2.4182609222227516
6645,0.0,0.0,168.0,0.0,,3,18.87,2.503456353905109,1.0625347642413732,1.3472921,1.5689192049166003,1.3426883790281288
6646,0.0,0.0,221.0,0.0,,3,7.94,0.8652887975764516,1.0625347642413732,0.9851924,1.038762869581522,0.9604590770385109
6647,5.0,692.0,713.0,12.142,7.1198103737244285,27,79.83,8.51221035899763,7.1198103737244285,7.122201,7.18476403092711,7.371324094235197
6651,1.0,401.0,735.0,3.11,0.6844181880770284,10,16.17,-2.7099069522669295,0.6844181880770284,0.68679106,0.6221407635651883,0.5387580372131797
6652,17.0,239.0,348.0,15.06529411764706,29.810660105909886,82,270.78,36.99891593079367,29.810660105909886,29.815556,34.09759855974476,30.10315456428446
6654,0.0,0.0,352.0,0.0,,4,18.85,-0.12333521363499322,0.6878891425254019,0.67396665,0.396045375243124,0.5765648357614301
6655,1.0,30.0,702.0,22.44,0.982065739146733,7,31.650000000000002,-0.0859760379679737,0.982065739146733,0.98699653,1.027249208362129,0.9593745955645376
6659,0.0,0.0,129.0,0.0,,4,33.9,4.288379829273053,1.0625347642413732,1.6797445,2.4342557041677666,2.042865286121441
6665,1.0,3.0,84.0,15.96,7.763658524117419,9,33.620000000000005,7.9626327141234015,7.763658524117419,7.7589393,7.694418133600426,7.974773148356926
6666,2.0,463.0,660.0,26.705,6.82187790806353,14,59.339999999999996,6.200107237725593,6.82187790806353,6.7821455,6.735420662606897,6.406613015335847
6669,6.0,240.0,365.0,11.993333333333334,12.468973674228838,28,85.82000000000001,12.600284452118363,12.468973674228838,12.478001,12.350654432106095,12.31760518485465
6670,0.0,0.0,309.0,0.0,,4,32.59,1.596450146442761,3.045930886968753,0.8460405,1.0704998229913179,0.5634532338670546
6675,3.0,41.0,699.0,10.823333333333332,0.31311000682126366,15,36.22,0.33826431760498865,1.0150670901229204,0.3788226,0.9449144462909952,0.6308636939369388
6677,3.0,212.0,347.0,13.866666666666667,8.282454957662761,15,45.38,7.352977524337306,8.282454957662761,8.26777,8.235290636467738,8.01075907601194
6679,5.0,184.0,243.0,15.45,19.031036475882132,24,87.14999999999999,13.889660365629204,19.031036475882132,19.051434,19.130419635143767,18.906688956685507
6681,7.0,414.0,626.0,16.419999999999998,12.029732676722304,33,119.94,13.824349076214187,12.029732676722304,12.017512,11.979784341757833,11.980266404754621
6683,5.0,267.0,535.0,10.959999999999999,5.766719145232817,24,78.6,8.768382251746985,5.766719145232817,5.7376657,5.594413445583773,6.093411618212161
6684,2.0,262.0,366.0,5.720000000000001,2.8678825529061833,6,14.36,2.802169518899533,2.8678825529061833,2.8373022,2.6445751826536466,2.814670237471803
6685,0.0,0.0,246.0,0.0,,6,8.45,0.6044350278823734,1.0625347642413732,0.95174724,0.9262740891753423,0.7681886392314219
6687,0.0,0.0,24.0,0.0,,4,9.28,3.8231201973710918,4.276645059846402,4.7126017,3.3136419006022977,4.020613143760862
6689,1.0,26.0,82.0,3.1,2.864348655813666,9,10.06,4.416257088103016,2.864348655813666,2.8821423,2.8354588188265883,2.889373315177255
6690,7.0,546.0,630.0,17.15285714285714,14.534710694236189,39,144.22,16.546402033559442,14.534710694236189,14.536757,14.277897861153154,14.527311661615208
6692,1.0,31.0,632.0,8.11,0.5397325011467264,8,27.15,-1.4149934087998837,0.5397325011467264,0.5529688,0.5541649719820225,0.6395239223026818
6693,1.0,212.0,292.0,9.56,3.0709406894511515,4,18.39,3.7379965671472872,3.0709406894511515,3.043358,3.1098681578324654,3.0729592294211727
6695,0.0,0.0,564.0,0.0,,4,8.57,-3.99445760648669,0.2280781283679771,0.27854508,0.1602823962458912,0.2569282018009904
6696,0.0,0.0,740.0,0.0,,3,4.37,-6.879829128648461,0.2280781283679771,0.26098287,0.09099397918516966,0.2205594953156238
6698,0.0,0.0,252.0,0.0,,2,5.13,0.1752575038525821,0.809695980654187,0.8097903,0.9387779986706868,0.572118818307267
6702,0.0,0.0,42.0,0.0,,5,11.51,3.762434894297756,4.276645059846402,4.7149854,3.3061713940759683,3.1038646035965094
6703,0.0,0.0,503.0,0.0,,3,2.96,-3.5868367905773884,0.4105308468223392,0.37615323,0.2981452036416381,0.20195002245666238
6708,2.0,479.0,665.0,13.905,3.758287065757319,14,47.94,3.503976647502756,3.758287065757319,3.7119305,3.961489262586897,3.9374172147478155
6709,2.0,548.0,600.0,28.205,8.248625630569553,11,61.269999999999996,7.764969725783556,8.248625630569553,8.235392,8.052672760812587,7.920379546542047
6710,1.0,266.0,545.0,14.98,2.3763457340380825,10,34.519999999999996,2.517936057717162,2.3763457340380825,2.3169053,2.3306168775385787,2.4742525291460082
6712,7.0,580.0,668.0,9.64,7.961550145180854,37,77.66,9.73546017758164,7.823229978479519,7.588364,7.772690335865449,7.8519097866886485
6713,5.0,587.0,717.0,14.351999999999999,8.027651923081914,24,91.42,9.145302264051566,8.830112195044041,8.321433,8.182822332078542,7.912025352115901
6714,2.0,267.0,316.0,24.895,11.703465841118689,12,73.36,11.063875095356956,11.703465841118689,11.716425,11.870931477978273,12.049051429081064
6715,0.0,0.0,50.0,0.0,,5,7.06,3.2906176725291894,2.820447678323929,3.5828257,3.3061713940759683,3.1038646035965094
6717,3.0,413.0,420.0,12.453333333333333,7.184209455095686,15,55.599999999999994,7.863225823173093,7.184209455095686,7.151361,7.065318295970918,7.337346702814285
6720,0.0,0.0,380.0,0.0,,4,3.67,-1.7430205079522834,0.6878891425254019,0.4401238,0.3999120331031581,0.5318503135125914
6722,1.0,215.0,294.0,15.39,4.426521672443151,8,23.130000000000003,4.992923847205394,4.530428688680848,4.2649045,4.332845094712128,4.5750410891035616
6726,0.0,0.0,264.0,0.0,,5,11.8,0.5952033667954058,0.809695980654187,0.7907433,0.7107156051048749,0.5116582573433881
6729,3.0,394.0,428.0,14.9,8.281873206583558,16,47.37,7.3600441758278885,8.281873206583558,8.190305,7.982505255520538,8.077712912234158
6730,0.0,0.0,281.0,0.0,,4,14.28,0.5305781169208288,0.809695980654187,0.77465624,0.6602102321386363,0.5453433910330387
6732,0.0,0.0,104.0,0.0,,3,21.14,3.6052671766185496,2.32659064545856,2.4635336,2.2124270653331473,2.163293670590753
6733,0.0,0.0,37.0,0.0,,5,7.77,3.5343827451504524,4.276645059846402,4.7165937,3.3061713940759683,4.020613143760862
6736,1.0,378.0,551.0,3.45,0.9973031196534431,8,19.41,0.0961156479243721,0.934418681239408,0.98677295,1.0406867648448042,0.9850101570240408
6739,0.0,0.0,608.0,0.0,,4,6.37,-4.803223918076493,0.2280781283679771,0.22313243,0.13517018553666052,0.27765276760187785
6741,0.0,0.0,638.0,0.0,,6,4.29,-5.362806629282882,0.2280781283679771,0.11055422,0.11863478900575448,0.2208815838293372
6744,2.0,435.0,530.0,10.265,3.5792445619463016,11,38.46,3.913788314594869,3.388376812080092,3.5222602,3.7179149987021223,3.6639808232027136
6746,1.0,32.0,159.0,16.04,5.5669548460142995,7,19.799999999999997,5.884510931825718,5.5669548460142995,5.6181474,5.610450982975753,5.804872517461554
6749,0.0,0.0,112.0,0.0,,2,8.8,2.481572733250111,2.32659064545856,2.6153717,2.231025655615564,2.16486338100599
6750,3.0,210.0,297.0,16.54,11.317138798447452,18,51.339999999999996,8.97044245115417,11.317138798447452,11.14307,11.22551569241029,11.14592881105402
6751,0.0,0.0,268.0,0.0,,1,5.61,-0.035375839913763585,0.809695980654187,0.79130757,0.7352738479423097,0.4961188281186075
6754,0.0,0.0,558.0,0.0,,4,31.33,-2.083107765040311,0.815340757509851,0.19753559,0.10664934532542036,0.3105619176408645
6757,1.0,231.0,473.0,9.77,1.9270527266490325,8,16.15,1.1516786141121127,1.9270527266490325,1.9986755,1.9068711421633098,2.009829952800721
6759,1.0,115.0,612.0,5.24,0.6691734228995123,5,7.33,-2.783086622501787,0.6691734228995123,0.6779818,0.6576692639117094,0.7498285467937036
6760,3.0,292.0,715.0,10.4,2.681077270724755,15,45.46,1.9601975410102033,3.6799431544470913,2.615925,2.8733933056226277,2.9516236609162494
6761,1.0,564.0,668.0,13.4,2.2001639085889306,8,24.700000000000003,1.0931367633592899,2.2001639085889306,2.180334,2.3241709255630867,2.2004065413966654
6762,1.0,66.0,233.0,18.759999999999998,4.988048254316306,12,43.8,7.379193851244968,8.955713068186032,6.9401474,5.777615901899028,5.910130025098454
6766,0.0,0.0,417.0,0.0,,4,33.12,0.08682214976854574,1.0037235782329168,0.5047011,0.4468642987819053,0.4656148481084026
6769,0.0,0.0,169.0,0.0,,3,5.25,1.396899341843798,1.0625347642413732,1.3791592,1.573519506036424,1.4169217139768397
6771,0.0,0.0,37.0,0.0,,5,22.92,4.749258632166404,4.276645059846402,4.5467176,3.3127069530313595,4.135352425239495
6772,1.0,250.0,557.0,2.93,0.7870605491524436,6,21.22,-0.5524593939064077,0.934418681239408,0.66950697,0.8467087706540901,0.8564259204828373
6774,0.0,0.0,191.0,0.0,,4,8.93,1.3950030440435137,1.0625347642413732,1.275187,1.3965483303006638,1.0667096011204116
6775,1.0,519.0,585.0,4.61,1.1933616200629311,7,16.71,0.19075017669217953,1.1933616200629311,1.2406553,1.1594151771551262,1.2472424236866813
6779,2.0,301.0,354.0,29.615,12.736010707281793,15,70.85,11.190600294808377,12.736010707281793,12.719127,12.693068032907783,12.546855424124844
6780,2.0,94.0,261.0,18.22,8.314460715861848,12,49.1,8.171840073007665,8.314460715861848,8.431682,8.427068822804952,8.109377925157778
6782,0.0,0.0,4.0,0.0,,5,5.47,3.8242076601158725,4.276645059846402,4.7056756,3.3061713940759683,4.020613143760862
6785,1.0,20.0,330.0,21.46,3.053551663621062,9,25.54,4.625392206271876,3.053551663621062,3.0547585,3.167241995491769,3.0582236146933086
6787,1.0,32.0,261.0,13.28,2.9368715280174946,11,35.2,5.345429795359625,2.9368715280174946,2.8939824,2.95438323157799,3.0547654567975417
6788,2.0,109.0,407.0,21.145,5.705510695521582,14,78.99000000000001,8.986571229359747,5.705510695521582,5.678778,5.115860499700195,5.376516903609625
6791,1.0,28.0,237.0,16.02,3.738127778160476,7,21.85,4.906485128407828,3.738127778160476,3.822899,3.8549038548711825,3.8186328603037
6792,2.0,98.0,698.0,17.915,1.6092903632031519,16,50.08,2.0228906634355983,1.6092903632031519,1.589946,1.8485289932125555,1.519719225299629
6793,0.0,0.0,346.0,0.0,,5,17.94,-0.09089910730315998,0.7496644682170794,0.6362086,0.5049470694433617,0.6264998110086726
6799,3.0,305.0,644.0,21.52,6.564195340123431,18,72.31,6.802255649929712,6.564195340123431,6.5667744,6.696239582338259,6.589412454390993
6800,0.0,0.0,469.0,0.0,,4,13.03,-2.2715126655366475,0.562158674561362,0.31389135,0.30988849539652813,0.2947035211985085
6804,3.0,152.0,345.0,12.513333333333334,6.71970495980991,16,62.4,8.297368420925064,6.71970495980991,6.712845,6.609037587122804,6.854111416627573
6805,0.0,0.0,96.0,0.0,,5,15.98,3.3448191207066604,2.32659064545856,2.6455128,2.3091669418131944,2.210230292647636
6806,0.0,0.0,583.0,0.0,,5,20.22,-3.3141262954267807,0.31599932901172306,0.16120042,0.11821855813670644,0.2337101584197976
6807,1.0,32.0,252.0,7.62,2.0266894000678186,9,18.23,3.28642714839524,2.0266894000678186,1.9395187,2.2477316530298728,1.7617878475332196
6808,1.0,30.0,278.0,29.93,5.378190176788622,8,42.19,7.916267012104626,5.378190176788622,5.4733353,5.141983792810185,5.203077818371851
6810,0.0,0.0,165.0,0.0,,4,10.85,1.9226281030489414,1.0625347642413732,1.3692517,1.6950412454958932,1.5270496043139596
6812,8.0,295.0,309.0,12.965,21.745134588427117,28,105.46,16.801507821204435,21.745134588427117,21.729538,21.368969728161577,21.15315450307438
6814,0.0,0.0,65.0,0.0,,2,7.61,3.0616102130069573,2.820447678323929,2.8999214,2.309699600145311,2.8405736797263055
6816,1.0,262.0,448.0,13.91,2.8046350023466475,10,27.71,3.1980514657074246,2.8046350023466475,2.849431,2.7035207250008724,2.922840411909267
6818,0.0,0.0,68.0,0.0,,4,3.55,2.731283794615197,2.820447678323929,2.8832672,2.309699600145311,2.8405736797263055
6821,1.0,176.0,327.0,41.28,8.995084619703208,13,81.75999999999999,12.744113088981862,8.995084619703208,8.991422,10.464869531919508,9.079733006017038
6822,2.0,16.0,310.0,13.43,3.2469448544286923,17,45.26,6.224168836883903,3.2469448544286923,3.2729995,3.2592961412706125,3.407686623757138
6824,0.0,0.0,154.0,0.0,,3,4.99,1.5916234040847126,1.0625347642413732,1.7499309,1.7872037636271483,1.6421108979763455
6825,0.0,0.0,222.0,0.0,,4,6.88,0.785095501660523,1.0625347642413732,0.9695553,1.038762869581522,0.8782423180957322
6829,1.0,9.0,215.0,8.51,2.329869951189255,6,16.07,3.604311484007326,2.4792558789095254,2.31734,2.4034689178958764,2.272730642352969
6832,1.0,127.0,613.0,11.36,1.1845367731353607,9,36.71,0.5444742504794484,1.1845367731353607,1.1643078,1.0776859985895042,1.1044604693099425
6835,5.0,636.0,701.0,13.616000000000003,7.9643511992307525,22,86.93,9.102612859166047,7.9643511992307525,7.99783,7.9925709820764395,8.126482540791216
6836,0.0,0.0,520.0,0.0,,6,4.44,-3.654933938292703,0.5819915427067095,0.22367351,0.2856412941462937,0.21822600329448694
6837,3.0,194.0,239.0,14.303333333333335,11.69267419633068,12,63.21,10.254335440904955,11.69267419633068,11.721624,11.785247885970099,11.905500946956973
6838,0.0,0.0,445.0,0.0,,4,13.88,-1.858433844303514,0.562158674561362,0.33544868,0.32687679887138144,0.4324471540163728
6841,2.0,374.0,650.0,26.56,6.437765139443744,12,76.0,7.206366775522069,6.437765139443744,6.4431524,6.618400120895256,6.354807787917549
6842,1.0,31.0,636.0,33.67,1.7063116901876187,12,51.81,4.145516622233295,1.7063116901876187,1.7213694,1.951789971489409,1.4314189520765588
6843,1.0,378.0,700.0,9.07,1.3515520852238965,8,45.99,0.8697878627748001,2.0211178923184434,1.134862,1.2021667198646175,0.9715288311111365
6844,0.0,0.0,234.0,0.0,,3,19.49,1.6046510104215628,1.0625347642413732,0.78021836,1.0290895397739797,0.7902202247360357
6845,1.0,171.0,371.0,33.96,6.521186359695847,8,42.36,7.812464047002451,6.521186359695847,6.534378,6.224976922580899,6.615825462589538
6846,0.0,0.0,473.0,0.0,,3,15.69,-2.134873451378639,0.6071638539809521,0.26516926,0.30988849539652813,0.2965982968041567
6847,5.0,61.0,109.0,10.916,20.45173674911978,26,59.410000000000004,12.423851426306257,20.45173674911978,20.42824,19.11844800464216,19.913840753478386
6849,3.0,114.0,184.0,10.776666666666666,10.153507928193363,15,42.489999999999995,8.576165914998969,10.153507928193363,10.1514435,9.701139540287164,9.977013074287628
6850,0.0,0.0,681.0,0.0,,3,18.92,-4.865145029717339,0.31599932901172306,0.18080486,0.10417769467527566,0.264428583698991
6851,0.0,0.0,258.0,0.0,,3,14.5,0.859586303231596,0.809695980654187,0.82121164,0.772158476624479,0.5172404453941244
6854,3.0,378.0,695.0,18.19333333333333,5.6944491453177,16,65.82,5.386946378621145,4.019249601079896,5.852713,5.97534338360489,5.583559745173576
6855,2.0,202.0,360.0,7.11,3.244503530119645,14,26.05,3.8933906166841274,3.244503530119645,3.2706559,3.237453007050231,3.3159174350302942
6861,0.0,0.0,253.0,0.0,,7,12.18,0.8221216388560033,0.809695980654187,0.6780008,0.7080254840959453,0.561192156745367
6863,0.0,0.0,117.0,0.0,,6,7.98,2.420677198564811,1.0625347642413732,2.1213145,2.1210428695671117,1.9387729350693883
6864,3.0,192.0,240.0,7.626666666666666,6.616567004896311,21,36.4,7.322448786448906,6.616567004896311,6.5642767,6.441793202544645,6.852605860030943
6865,1.0,128.0,289.0,4.29,1.6357263437030933,6,24.49,3.1823022721741334,1.6357263437030933,1.6718584,1.5863791784000119,1.675329160293333
6866,2.0,303.0,706.0,7.05,1.6213519425934924,12,23.23,-0.881253251047518,1.6213519425934924,1.6335043,1.5371087987616285,1.5071843329937442
6870,0.0,0.0,219.0,0.0,,4,15.37,1.509021820834136,1.0625347642413732,0.9779967,1.0216751332704168,0.9604590770385109
6876,0.0,0.0,249.0,0.0,,3,1.95,-0.017451981778687564,1.0625347642413732,1.0032269,0.9387779986706868,0.6045648474116625
6877,3.0,405.0,462.0,10.056666666666667,5.420320700115206,15,44.87,6.027730111057458,5.420320700115206,5.5461245,5.345056671349236,5.196265610615596
6880,0.0,0.0,644.0,0.0,,3,4.72,-5.472092817669636,0.2280781283679771,0.22093382,0.13282747651954227,0.24101865101757447
6882,2.0,89.0,248.0,12.59,6.21272759703075,10,29.550000000000004,5.944311019141199,6.21272759703075,6.1850386,6.334928074951248,5.811135559918209
6886,1.0,94.0,331.0,10.77,2.3761596670708856,8,23.73,3.3011301326775815,2.3761596670708856,2.4506984,2.3868653250370384,2.381601594974722
6888,3.0,467.0,626.0,8.176666666666668,3.4233570508703304,18,36.33,3.0703768603398136,3.4233570508703304,3.4049013,3.501078267046644,3.436813493168912
6890,0.0,0.0,97.0,0.0,,3,1.26,2.1116943335244294,2.32659064545856,2.6259696,2.3337251846506284,2.210230292647636
6892,1.0,74.0,528.0,5.38,0.7231334840076581,12,10.809999999999999,-1.3341457004943296,0.7231334840076581,0.7235168,0.7447377721021337,0.6624984070768143
6893,2.0,386.0,476.0,12.99,4.763025709085351,14,34.72,4.599027857843134,4.763025709085351,4.704205,4.69877976609862,4.734962403631126
6895,1.0,12.0,72.0,9.86,5.943564933132567,12,31.57,7.219676130604566,5.943564933132567,5.952404,6.213832374898481,6.221613834680195
6896,0.0,0.0,185.0,0.0,,5,9.36,1.5348935192599267,1.0625347642413732,1.2498887,1.3890778237743344,1.039765372813374
6897,2.0,524.0,552.0,12.45,4.207677664064649,8,31.59,3.7086655604976917,4.207677664064649,4.201052,4.036942607283952,4.163503630640224
6902,1.0,194.0,600.0,6.31,0.9765049641991521,5,11.29,-1.775656516208156,0.9765049641991521,1.012077,0.996221692741684,0.904652877135792
6904,1.0,1.0,511.0,9.48,0.6961757336386042,9,27.02,0.3839030528781926,0.9140984252220239,0.9064431,0.6040015641337294,0.7193316572183965
6905,1.0,236.0,515.0,4.7,1.0830663709864548,5,27.38,0.7074686832842696,1.0830663709864548,1.1267138,1.119862920348643,1.1053365976681118
6909,0.0,0.0,55.0,0.0,,4,18.77,4.138603264635895,2.820447678323929,3.4192748,3.112864631230174,2.914798584802309
6910,1.0,65.0,194.0,7.85,3.0127038921874036,8,26.380000000000003,4.940231902001763,2.72242916970158,3.0479283,3.1452465497065742,2.991897672363227
6912,8.0,556.0,630.0,17.465,16.787592371441757,53,171.49,19.80664766528006,19.900873496192816,18.689878,18.790362951348015,18.058241731911693
6914,0.0,0.0,107.0,0.0,,3,9.08,2.5950631731778113,2.32659064545856,2.5599813,2.2575289066745703,2.17239982463805
6915,2.0,69.0,176.0,10.105,6.693995921631218,11,23.11,6.042117104199955,6.693995921631218,6.787143,6.695701647231864,6.5561115837841495
6916,2.0,215.0,392.0,18.46,6.87731348790908,15,47.599999999999994,6.823881473056043,5.239077238536035,5.865832,6.728270302590718,6.820198396966531
6922,0.0,0.0,459.0,0.0,,4,10.62,-2.3210545382754226,0.562158674561362,0.3134421,0.32697623170763346,0.29457441101294
6923,1.0,273.0,340.0,17.52,4.546537695283387,8,30.03,5.452471725927003,4.546537695283387,4.5294514,4.645268435816838,4.727175988270497
6924,0.0,0.0,22.0,0.0,,3,13.11,4.139810876693343,4.276645059846402,4.7351255,3.296554164291193,4.020613143760862
6925,0.0,0.0,337.0,0.0,,3,15.37,-0.20600187844843942,0.6878891425254019,0.80486655,0.6251445656321366,0.5911466022619454
6927,2.0,159.0,482.0,12.84,3.3800798880806964,10,41.64,3.911998493101333,3.3800798880806964,3.4605482,3.828800307159185,3.4521964503898146
6929,0.0,0.0,666.0,0.0,,3,11.66,-5.231749760157061,0.32077864027662517,0.20774111,0.14205424262097896,0.2631710628966486
6930,0.0,0.0,534.0,0.0,,4,29.34,-1.8977680539804656,0.815340757509851,0.20758228,0.09457023174010833,0.2601970319846263
6931,2.0,31.0,67.0,20.634999999999998,20.752309612537722,14,52.34,11.301164680019557,20.752309612537722,20.761868,19.306378759403522,20.270611537515897
6932,1.0,474.0,594.0,4.87,1.181756444910142,4,12.21,-0.5304869004543091,1.181756444910142,1.1164542,1.1889858684886174,1.204231727714804
6933,0.0,0.0,278.0,0.0,,5,23.4,1.3242035098569662,0.809695980654187,0.83745074,0.6736166538724597,0.5760008570115254
6934,8.0,257.0,292.0,14.91875,25.582997789393744,31,130.15,19.178534690063174,25.582997789393744,25.615873,25.371178173873798,25.161465699174606
6936,1.0,383.0,459.0,10.53,2.4553764072263053,6,22.46,2.634980133564744,2.4553764072263053,2.4811435,2.555195642346912,2.4190687971299547
6937,1.0,3.0,51.0,18.6,11.06638067561036,8,26.43,8.209241619561318,11.06638067561036,11.085462,11.472821556932299,11.143740573204704
6938,0.0,0.0,332.0,0.0,,4,3.32,-1.0812520119139197,0.6878891425254019,0.7405333,0.642232301943242,0.5913450800103845
6940,0.0,0.0,103.0,0.0,,2,9.11,2.635775630221685,2.32659064545856,2.5599813,2.2575289066745703,2.17239982463805
6941,0.0,0.0,417.0,0.0,,4,12.23,-1.5883433472455284,0.562158674561362,0.42446864,0.32925694460044863,0.42403692470237075
6944,4.0,56.0,194.0,10.0575,9.23079295781384,20,51.599999999999994,9.603080897913195,9.23079295781384,9.240151,10.01509437496353,9.549646313783555
6945,2.0,339.0,466.0,13.614999999999998,4.9285614843621985,15,38.73,4.951552972004769,4.886306396903917,5.395424,5.281071335081151,4.997814916081082
6947,1.0,5.0,374.0,10.07,1.254944751988667,11,19.57,1.894659211616332,1.254944751988667,1.2685208,1.201106914735737,1.2624275227294275
6948,2.0,165.0,209.0,17.375,10.85499605717171,15,73.63,11.156880681255624,10.85499605717171,10.939172,11.304328526656251,11.479482748670367
6949,0.0,0.0,677.0,0.0,,4,8.34,-5.636887677879726,0.2280781283679771,0.18828356,0.12646370412304195,0.2659968844230418
6950,1.0,111.0,322.0,8.58,2.1741073091978067,10,23.45,3.22027074929002,2.1741073091978067,2.1938705,2.2204265447238485,2.0032576327101594
6951,0.0,0.0,111.0,0.0,,3,11.23,2.7099850577189266,2.32659064545856,2.604372,2.2575289066745703,2.16486338100599
6956,0.0,0.0,117.0,0.0,,4,17.98,3.184216508980331,1.0625347642413732,2.1500053,2.1400835585671225,1.9387729350693883
6957,16.0,695.0,713.0,12.504375,21.389949837310535,59,211.41,27.60489431310475,21.389949837310535,21.393976,20.470343672580693,20.92968449048576
6958,0.0,0.0,253.0,0.0,,5,9.81,0.5937127827773105,0.809695980654187,0.79377687,0.7301466233760657,0.5601510146504216
6960,6.0,679.0,728.0,17.098333333333333,11.352934990750292,32,118.96000000000001,12.875645476294586,11.352934990750292,11.345996,11.213384277667679,11.287450320789082
6961,1.0,164.0,206.0,30.96,10.332803024011609,9,34.55,9.12575445165454,10.332803024011609,10.355947,10.19878111036147,9.881787912712628
6962,1.0,104.0,219.0,13.49,4.425878072760666,7,24.82,5.40482995066446,4.425878072760666,4.556939,4.540888017748258,4.562514085156534
6964,2.0,533.0,591.0,14.940000000000001,4.6424558597695915,10,37.7,4.065621275728978,4.6424558597695915,4.663958,4.6415733401906,4.646039765565708
6966,1.0,36.0,485.0,13.38,1.281985775403151,7,16.7,0.5985578308539656,1.281985775403151,1.2730662,1.2284213806834703,1.1626930550128227
6968,2.0,22.0,223.0,11.03,4.6791217191745,13,28.259999999999998,5.72788772367573,4.6791217191745,4.6136327,4.648307079582089,4.7614254654259645
6970,1.0,10.0,149.0,2.74,1.7282880836177683,7,17.73,3.905286753245307,2.1473960292761127,1.7338773,1.9206957728002358,1.832353075086906
6971,1.0,132.0,205.0,14.12,5.092016176373873,6,23.89,5.730628096382228,5.092016176373873,5.0602326,5.092612756564434,5.147990883881362
6972,0.0,0.0,144.0,0.0,,5,22.07,3.1433402346664185,1.0625347642413732,1.6760169,1.7843549855921137,1.6327396493708557
6974,0.0,0.0,406.0,0.0,,2,8.82,-1.742062451192802,0.562158674561362,0.44800538,0.35419026202725273,0.45106680859374215
6975,0.0,0.0,103.0,0.0,,2,6.86,2.4553485182886226,2.32659064545856,2.5568714,2.2575289066745703,2.17239982463805
6977,1.0,41.0,358.0,2.42,0.7285387763580636,11,9.08,0.3845849070338887,0.7663344441815527,0.7926996,0.6552211081144114,0.8064118366635835
6982,3.0,484.0,556.0,9.83,4.592275378678987,13,38.53,4.466668017295088,4.592275378678987,4.518072,4.525841292318915,4.542495030109771
6992,0.0,0.0,163.0,0.0,,9,27.619999999999997,3.392052045082716,1.0625347642413732,1.2761986,1.7271591378237536,1.5831289688611738
6995,1.0,91.0,138.0,4.76,3.0069363576720622,5,14.34,4.412370655200836,3.0069363576720622,2.99613,3.008849032618388,2.9202906885670172
6997,4.0,401.0,684.0,12.415000000000001,5.204797349197573,15,57.56,4.879850254428211,5.204797349197573,5.180943,5.045527951553735,5.188750292447879
6998,0.0,0.0,370.0,0.0,,6,29.54,0.5135649065812515,1.550053542689337,0.40611196,0.3057412212019967,0.5381316576692958
6999,1.0,25.0,325.0,37.0,5.204872047264955,10,46.66,8.600066180269952,4.849912870343598,6.0504494,6.2114660827316195,4.969887441888094
7000,0.0,0.0,105.0,0.0,,4,18.46,3.3951663601108164,2.32659064545856,2.5370097,2.2320963075658478,2.098166489689339
7001,0.0,0.0,555.0,0.0,,4,6.84,-4.00384195766776,0.2280781283679771,0.26080143,0.18364495436906533,0.27952570166540003
7002,0.0,0.0,344.0,0.0,,5,16.74,-0.1583837780144428,0.7496644682170794,0.6458591,0.5036954519620683,0.6104104643649677
7003,2.0,342.0,592.0,23.134999999999998,6.13996465462141,14,58.849999999999994,6.076320652663512,6.13996465462141,6.182916,6.442788217167106,6.169127803422776
7006,0.0,0.0,242.0,0.0,,5,22.64,1.7806354426916513,1.0625347642413732,0.8178867,0.9445571862084954,0.782964046309127
7011,0.0,0.0,19.0,0.0,,4,9.39,3.9037988841981384,4.276645059846402,4.7126017,3.3136419006022977,4.020613143760862
7012,0.0,0.0,231.0,0.0,,4,11.18,1.0005677095829117,1.0625347642413732,0.8865949,1.046177276085085,0.7894272609239028
7013,3.0,158.0,175.0,9.636666666666667,9.9369341738654,14,39.6,8.50072384246224,9.9369341738654,9.921963,9.609986952110681,9.709015112574217
7014,1.0,257.0,399.0,4.7,1.4905486587656929,8,15.79,1.6005923038323295,1.4905486587656929,1.5149953,1.5176443080306306,1.5081091735847156
7015,0.0,0.0,284.0,0.0,,3,8.7,0.020824713426042862,0.809695980654187,0.7846554,0.6981321441322006,0.5490987965012444
7016,10.0,230.0,296.0,15.343,30.82988029270905,42,158.79,22.99160714148553,30.82988029270905,30.778074,30.505018239986832,30.34401637124696
7018,0.0,0.0,317.0,0.0,,7,14.52,0.0899859210365257,0.7496644682170794,0.689598,0.6622327053492951,0.49016032095946205
7031,0.0,0.0,516.0,0.0,,5,27.6,-1.7594307705769507,0.815340757509851,0.23744653,0.1475205777479264,0.20813377796700472
7032,2.0,38.0,471.0,9.775,1.3582417020978195,8,23.580000000000002,1.592150173591798,1.3582417020978195,1.3764558,1.7422921261242992,1.6209061839546912
7033,2.0,99.0,309.0,6.975,3.045930886968753,14,38.06,5.090498595891317,3.045930886968753,3.0660741,3.0819175859636014,3.396268193585397
7035,2.0,319.0,584.0,11.754999999999999,3.302656660766738,11,48.63,3.6203097347431688,3.510812892679972,3.0564294,3.40069607793729,3.539515481072188
7039,3.0,187.0,246.0,10.01,8.212117256148858,13,37.51,7.480793545157881,8.212117256148858,8.296692,8.479510673685265,7.964010430799176
7046,0.0,0.0,511.0,0.0,,3,15.37,-2.7066535202608764,0.4105308468223392,0.33105266,0.2810574673305328,0.2229650430944048
7051,14.0,651.0,659.0,15.249285714285714,24.462893555490133,73,219.07999999999998,28.01250977928922,24.462893555490133,24.477596,25.855223290068857,24.107731994380245
7052,1.0,259.0,588.0,15.54,2.2004075603881628,6,25.6,1.1533997405387435,2.2004075603881628,2.0946987,2.1821884105998266,2.2188304666670176
7055,4.0,66.0,315.0,15.665,6.1615082908046865,20,70.16,10.180903064089172,6.198983038273471,6.040061,7.531987942273448,7.496939353974488
7056,7.0,492.0,697.0,12.9,9.183316343000103,35,104.28,11.459335337556016,9.183316343000103,9.190746,9.215935037074756,9.837396601792873
7059,5.0,518.0,646.0,13.502,8.212059484269112,27,86.78,9.411006923536913,8.212059484269112,8.20033,7.97719745992924,8.701775469934333
7060,1.0,396.0,698.0,2.19,0.6263544011770672,7,17.67,-2.2669930429967717,0.6263544011770672,0.6221899,0.5819491010976331,0.6590150395483256
7061,0.0,0.0,232.0,0.0,,4,9.54,0.8546848312807498,1.0625347642413732,0.89759445,1.046177276085085,0.7894272609239028
7063,9.0,275.0,365.0,12.963333333333331,20.163989550084583,44,137.19,19.469363031682274,20.163989550084583,20.174583,20.257382313293903,20.513201195557656
7065,6.0,510.0,644.0,14.030000000000001,9.967052817333522,31,99.86,11.31650315292499,9.967052817333522,10.019586,10.047272896129241,9.929128345999368
7066,0.0,0.0,647.0,0.0,,3,2.21,-5.716483968238932,0.2280781283679771,0.21718031,0.11573844648054642,0.24131425439878829
7068,0.0,0.0,315.0,0.0,,4,15.31,0.12454055983779444,0.6878891425254019,0.7753332,0.6747366148446395,0.5633361503288823
7069,4.0,182.0,254.0,13.2525,13.049423082831696,20,61.769999999999996,10.589097502760588,13.049423082831696,12.9860735,13.195700156115796,12.762111461412069
7072,11.0,484.0,603.0,13.076363636363636,16.799811264511174,53,153.7,19.965067380268692,16.799811264511174,16.803127,17.129260123112626,16.884996741207026
7074,2.0,151.0,305.0,8.51,4.12107643609751,10,20.240000000000002,4.098687090155473,4.12107643609751,4.128842,3.9162835667550278,3.8513785589162617
7075,2.0,418.0,715.0,18.275,4.21827866173361,12,58.08,3.885137594577057,4.21827866173361,4.213504,4.180020994209791,4.128417666218576
7076,0.0,0.0,589.0,0.0,,5,33.23,-2.357086006275103,0.815340757509851,0.21481414,0.10350886451056403,0.32481619582210186
7079,0.0,0.0,117.0,0.0,,4,5.38,2.1738246821551828,1.0625347642413732,2.155371,2.1335467790624563,1.9387729350693883
7081,0.0,0.0,589.0,0.0,,3,9.18,-4.324010323113256,0.2280781283679771,0.2631844,0.13517018553666052,0.28228137414298793
7085,1.0,308.0,355.0,8.9,2.649533114356111,8,15.68,3.0474393148700876,2.649533114356111,2.6600952,2.5642198391672624,2.667297276712365
7087,0.0,0.0,76.0,0.0,,4,4.96,2.72937896214785,2.820447678323929,2.7646868,2.309699600145311,2.4826809107669083
7095,0.0,0.0,460.0,0.0,,2,12.05,-2.259113610915896,0.562158674561362,0.30169672,0.30988849539652813,0.29457441101294
7097,1.0,3.0,232.0,25.83,5.047126979048114,8,30.869999999999997,6.972101279393236,4.590243020068019,5.842087,4.9730389568719735,4.738603352939819
7099,1.0,403.0,561.0,12.44,2.2831710237506613,7,17.42,1.1436354644435438,2.2831710237506613,2.3224993,2.331427120137575,2.3642909233433533
7101,0.0,0.0,13.0,0.0,,6,9.58,4.043623283229625,4.276645059846402,4.63554,3.2918311474610826,4.020613143760862
7103,1.0,150.0,528.0,10.05,1.4476555833143872,7,17.34,0.09897592975691527,1.4476555833143872,1.3604516,1.243740536242022,1.3557478544311543
7104,2.0,235.0,259.0,3.5250000000000004,2.676002588374451,10,25.77,4.899713372000212,2.676002588374451,2.7025976,2.7695683595442966,2.921772128789431
7105,0.0,0.0,651.0,0.0,,5,24.64,-3.93695341663195,0.31599932901172306,0.1479716,0.07150263071268721,0.21868455741137893
7106,1.0,31.0,464.0,8.88,0.9788351609082147,7,29.4,1.268036583334661,0.9788351609082147,0.89466536,0.837398814866607,0.9705722056249755
7107,2.0,145.0,269.0,23.73,11.453257719971198,13,53.14,9.40598474828035,11.453257719971198,11.488824,11.34150488938125,10.835403090525585
7109,2.0,445.0,681.0,14.5,3.713949895988821,14,40.629999999999995,2.612324949359697,3.713949895988821,3.7471597,3.6838950529640897,3.6586443976961283
7110,4.0,95.0,227.0,7.7225,7.3093389067263566,17,52.73,9.018114362316378,7.3093389067263566,7.3029103,7.106053995298079,7.505330755329274
7112,2.0,387.0,461.0,6.8,2.8521127812485942,11,26.63,3.249924711993326,2.8521127812485942,2.8367667,2.8135350623086617,2.8865269212549025
7113,2.0,118.0,326.0,11.43,4.567516655843299,15,35.9,5.401868181594058,4.567516655843299,4.5795574,4.594130623685255,4.442299142387637
7116,0.0,0.0,86.0,0.0,,3,5.3,2.5937484094869405,2.820447678323929,2.7704227,2.4118315062577813,2.4826809107669083
7117,1.0,244.0,586.0,13.88,1.9692626810009837,11,19.91,0.5203912672924966,1.9692626810009837,1.9537702,1.93643522331252,2.0426499239808944
7120,0.0,0.0,388.0,0.0,,5,17.94,-0.6945046760165061,0.7496644682170794,0.44616616,0.37535379026572335,0.46391668336844294
7121,5.0,180.0,308.0,18.124000000000002,17.293009472025986,26,97.35,14.165991794974452,17.293009472025986,17.28012,17.297543079645617,16.922329923851777
7123,0.0,0.0,509.0,0.0,,3,7.18,-3.33466508537754,0.4105308468223392,0.35110688,0.2981452036416381,0.2229650430944048
7124,2.0,335.0,428.0,12.565,4.980938567794348,11,31.4,4.668118205274185,4.980938567794348,4.9762287,5.054408078386466,4.8799922627166525
7127,1.0,13.0,287.0,23.82,3.854953630827214,9,27.23,5.675313782320256,3.854953630827214,3.815835,3.669662899578819,3.951085362988501
7128,2.0,79.0,309.0,19.134999999999998,6.766719416771216,10,50.400000000000006,7.605552924168841,6.766719416771216,6.7735705,6.378470860288042,6.743444094696927
7129,2.0,301.0,365.0,11.145,5.097470680876101,15,29.009999999999998,5.102122918759915,5.348651838264603,4.528906,5.251703365221883,5.351949194451153
7131,2.0,165.0,381.0,19.169999999999998,6.74716228572257,10,41.699999999999996,6.278888047077052,6.74716228572257,6.6742315,6.580868758798419,6.310907819093811
7132,4.0,543.0,645.0,14.305,7.254299278533353,27,67.89999999999999,7.425061462047659,7.254299278533353,7.2165103,7.265177989578344,7.1978487563531015
7133,1.0,449.0,585.0,2.81,0.892502090035836,4,4.68,-1.4087241286760115,0.892502090035836,0.89732397,0.8772038422882674,0.9600297364599673
7134,12.0,251.0,291.0,15.193333333333333,37.84481819515732,53,192.04,27.447413569907688,37.84481819515732,37.84043,36.447307909765314,37.61083723326525
7139,1.0,6.0,155.0,19.08,5.927343457427585,9,23.169999999999998,6.553269126876402,5.927343457427585,5.9324512,5.96300604810267,6.126172158350884
7140,2.0,241.0,340.0,13.085,5.9931161843720595,9,48.87,6.929727592547706,3.2402180102950604,6.2870507,5.8564918468269616,6.075125678159137
7141,2.0,334.0,457.0,21.455,7.563647570375584,13,48.04,6.858920488430416,7.563647570375584,7.6021895,7.522871531329136,7.160338270723084
7146,3.0,187.0,246.0,7.663333333333334,6.488775082494459,15,37.95,7.227243385671814,6.488775082494459,6.569432,6.297209868032386,6.5680631092922415
7147,0.0,0.0,210.0,0.0,,2,14.2,1.5061848082249838,1.0625347642413732,0.9957453,1.0216751332704168,0.999436982302961
7148,0.0,0.0,263.0,0.0,,4,14.63,0.8173326574320097,0.809695980654187,0.811349,0.731116200728996,0.5336736317205544
7149,9.0,692.0,708.0,12.124444444444444,12.153031856810786,44,111.75,14.326623307695264,12.153031856810786,12.152878,11.93959996395525,11.827038326527884
7151,0.0,0.0,693.0,0.0,,4,17.18,-5.157954581109073,0.31599932901172306,0.13528425,0.09986471776901744,0.25513422690015997
7152,8.0,311.0,334.0,11.811250000000001,18.77964146835116,33,98.69,15.908943648847163,18.77964146835116,18.74136,18.301511035394636,18.344275692688562
7153,3.0,384.0,435.0,9.916666666666666,5.608609828497944,14,41.18,5.983278120656911,5.608609828497944,5.6341233,5.5786418432498275,5.550521751333823
7154,0.0,0.0,561.0,0.0,,6,13.68,-3.5032139395077664,0.31599932901172306,0.1884474,0.14833679558668247,0.2808000612159196
7155,2.0,29.0,311.0,18.155,4.752377587713813,15,41.43,6.583706778469423,4.752377587713813,4.757082,4.437180106597204,4.770240421755991
7158,4.0,240.0,340.0,28.21,21.856357489681066,23,148.24,18.700547420738427,21.856357489681066,21.836607,22.459835005370323,22.007999217395742
7164,0.0,0.0,209.0,0.0,,6,19.44,2.017468995305114,1.0625347642413732,0.85124964,1.0091712237750723,1.00030388134733
7166,2.0,44.0,159.0,23.035,14.205470147424357,15,68.93,11.723733587810933,14.205470147424357,14.212423,14.603845585039958,14.49192944370999
7169,0.0,0.0,79.0,0.0,,4,7.59,2.897163525061193,2.820447678323929,2.7756052,2.309699600145311,2.4826809107669083
7171,10.0,649.0,689.0,12.76,14.321958330818392,37,140.71,17.39073226138547,14.321958330818392,14.257324,14.332216452743854,13.931751665111253
7173,0.0,0.0,75.0,0.0,,1,2.67,2.502577371009796,2.820447678323929,2.889003,2.309699600145311,2.4826809107669083
7175,0.0,0.0,347.0,0.0,,3,2.71,-1.3649207065235514,0.6878891425254019,0.5805122,0.5295053122807964,0.6262901776956813
7176,2.0,274.0,380.0,14.14,5.939536994372418,13,45.66,6.475088989370111,6.95561528070931,6.9188347,6.4065223916641,6.256717029378584
7178,0.0,0.0,700.0,0.0,,4,30.46,-4.193634599685269,0.815340757509851,0.087685265,0.04694521935231407,0.3023897624334575
7180,0.0,0.0,341.0,0.0,,6,13.9,-0.3238287222869385,0.7496644682170794,0.5811365,0.6126406561367922,0.5871800650443717
7181,1.0,8.0,392.0,14.46,1.5802991496273882,6,24.770000000000003,2.5831361849901953,1.6993370619890673,1.7838454,1.9462038142647362,1.280814617142454
7182,8.0,526.0,637.0,13.55375,12.73694762074776,33,115.33000000000001,14.133821386534262,12.73694762074776,12.69452,12.582657543946377,12.276208452205132
7185,2.0,132.0,222.0,21.215,11.995191719215319,11,64.09,10.509909657112818,11.995191719215319,12.028519,12.542345727199839,12.346384907552604
7189,2.0,468.0,683.0,14.63,3.7900956482415245,13,31.720000000000002,1.975243193069383,3.7900956482415245,3.7545183,3.7316257698693915,3.800045510838917
7190,6.0,423.0,663.0,13.958333333333334,8.483986524895212,28,91.48,9.8984017265173,8.483986524895212,8.502076,8.489861422928113,8.375525628359721
7193,1.0,288.0,432.0,7.96,1.9772512418530643,8,13.09,1.5088514596313256,1.9772512418530643,2.0002544,1.995800854752487,1.935176715644361
7195,0.0,0.0,189.0,0.0,,3,3.15,0.9410694808427746,1.0625347642413732,1.2659022,1.3965483303006638,1.039765372813374
7201,1.0,3.0,199.0,14.34,3.63392858935796,11,33.370000000000005,6.1023402183307995,3.63392858935796,3.6012044,3.529797422554079,3.770410950852946
7202,0.0,0.0,538.0,0.0,,4,16.8,-2.960834735793431,0.6616955829386749,0.2787885,0.1840958013457828,0.2664645676477315
7203,2.0,139.0,591.0,16.125,2.7062608142809594,16,37.21,2.4701344885050958,2.7062608142809594,2.6970012,3.030807239204018,2.9325914900905623
7204,2.0,457.0,613.0,13.32,3.905556467404006,11,36.6,3.1002956242562725,3.905556467404006,3.9958155,3.776620965157774,4.034668658776992
7206,3.0,444.0,671.0,31.64333333333333,10.905976245474733,17,107.88,11.30677928699497,10.905976245474733,10.874797,10.24008989249494,10.56026304118986
7207,0.0,0.0,90.0,0.0,,5,22.5,3.9538861631339612,2.820447678323929,2.5400982,2.325459935421067,2.20112413860034
7209,1.0,280.0,350.0,3.39,1.460932833098037,9,26.45,3.103356749219235,1.460932833098037,1.4427501,1.4389112605962078,1.6397716257124486
7213,2.0,129.0,197.0,11.055,7.326546447470635,10,30.590000000000003,6.7330810835068196,7.326546447470635,7.312942,7.3769447591861175,7.0862209238144676
7215,1.0,45.0,400.0,4.64,0.8743807275098169,8,38.02,2.3723107869441544,0.8743807275098169,0.86206543,0.8356315451434594,0.8612167546404672
7216,0.0,0.0,316.0,0.0,,6,19.92,0.5182030684144499,0.7496644682170794,0.61434627,0.6622327053492951,0.5768612793902124
7218,1.0,18.0,58.0,7.63,5.529235171077241,7,17.69,5.9289867087077095,5.529235171077241,5.5590897,5.573082801306461,5.644721655079077
7220,4.0,169.0,324.0,10.0775,7.660503117479779,22,59.18000000000001,8.910474488503514,7.322491949418893,8.31309,7.205901890979605,7.483695598502917
7221,6.0,105.0,165.0,10.858333333333334,19.443764583161723,28,85.9,14.693504870985528,19.443764583161723,19.440233,19.27722658440266,19.313900180342195
7223,1.0,464.0,744.0,8.35,1.2769921326817968,9,35.73,-0.26565860784855344,1.2769921326817968,1.2600603,1.3434342866822577,1.1280208964372287
7224,0.0,0.0,311.0,0.0,,4,3.54,-0.7618074655015681,0.6878891425254019,0.7293368,0.7007294005314063,0.5837975771319899
7227,1.0,5.0,141.0,17.52,5.949061489991221,6,21.71,6.357685486998229,5.940392526256353,5.9006863,5.925943224848879,6.0362498474846475
7231,2.0,44.0,122.0,12.184999999999999,9.706864644297259,12,33.839999999999996,7.871280618830679,10.68336966722174,8.338538,9.260918222913636,9.109179508766857
7232,1.0,281.0,432.0,22.95,4.5272356535876925,8,30.39,4.953543410272683,4.5272356535876925,4.5906663,4.75456866838754,4.506183836986057
7234,6.0,674.0,677.0,11.185,8.09762428866774,33,108.64,11.952421507628237,8.09762428866774,8.092484,8.778307502932416,8.41332397515594
7236,1.0,153.0,629.0,29.6,2.756665524009189,9,36.58,2.968473753162773,2.756665524009189,2.7723436,2.975358040396605,2.820261038870749
7237,0.0,0.0,132.0,0.0,,2,7.62,2.099517513572829,1.0625347642413732,1.775379,2.116589912152875,1.8593429445554133
7238,0.0,0.0,238.0,0.0,,3,14.79,1.1702725764109112,1.0625347642413732,0.91186583,0.9311507644746718,0.792652250992611
7239,8.0,240.0,326.0,9.723749999999999,14.87741057235174,39,80.28,14.040699176460265,14.326884433808983,13.382693,14.129098461552797,14.431807567440496
7240,0.0,0.0,359.0,0.0,,3,2.75,-1.5341718473406187,0.6878891425254019,0.61555016,0.41313311155422927,0.5268584044415681
7241,7.0,579.0,655.0,14.28857142857143,11.851160751779116,46,125.65,14.586698689339222,12.424077403548555,12.311009,12.893241449414008,12.823151573811849
7242,1.0,13.0,345.0,41.3,4.928950048299873,13,76.58,11.313062574182908,4.928950048299873,4.9377313,5.194807099411309,4.826772974596658
7243,0.0,0.0,38.0,0.0,,2,3.2,3.0960052249338785,4.276645059846402,4.7285166,3.3136419006022977,4.020613143760862
7245,1.0,6.0,331.0,4.13,0.8505981684950148,9,10.27,0.9049667407108197,0.776033269147671,0.8783482,0.9331521140733515,0.860913539417318
7246,1.0,463.0,496.0,26.64,5.106527819706615,8,44.86,6.556931707499887,5.106527819706615,5.110171,5.131132382919551,4.987759938527541
7247,1.0,339.0,592.0,7.28,1.3703135411984566,10,29.740000000000002,0.7258284834124322,1.3703135411984566,1.2964424,1.3329367028583876,1.3211765047884798
7250,2.0,162.0,669.0,10.955,1.6867320869607494,15,43.03,1.1830382108237356,3.2346675285904376,2.0475042,1.8481110150465454,1.4566049657678786
7252,0.0,0.0,178.0,0.0,,3,13.63,1.9395460460714729,1.0625347642413732,1.4005288,1.3555833009342717,1.095803224739961
7255,0.0,0.0,594.0,0.0,,4,8.75,-4.411170272327293,0.2280781283679771,0.12121528,0.13517018553666052,0.2878715958081681
7257,1.0,10.0,563.0,18.4,1.0665829536128815,11,34.28,1.5427732219030825,1.0665829536128815,1.0668613,1.1872443779152828,1.0397107091932662
7261,11.0,227.0,311.0,12.496363636363638,25.433266509514763,52,141.46,21.882075715776836,25.108120018051324,22.318573,25.36362934257242,24.68336316730077
7262,5.0,519.0,685.0,14.484,8.203878377197977,22,80.33,8.37897435915006,8.203878377197977,8.170391,8.265281851238031,8.020104684030745
7263,2.0,494.0,714.0,12.965,3.289007351083064,12,46.2,2.5607351929051543,3.2281776424141624,3.475241,3.487053757841091,3.356924717112624
7266,2.0,61.0,665.0,7.77,0.6305235303726521,16,21.17,-1.4081023480394643,0.6305235303726521,0.6502789,0.9397589026554984,0.4692553642066146
7267,0.0,0.0,353.0,0.0,,5,25.6,0.42275404342561806,0.7496644682170794,0.7509298,0.3424631415155947,0.6418055740628272
7268,1.0,472.0,672.0,11.04,1.7811538421775155,10,21.619999999999997,0.06914718679758503,1.7811538421775155,1.8414892,1.7975940245681972,1.746381960730229
7269,2.0,400.0,508.0,8.45,3.11462298495663,14,27.84,3.0196817754121565,2.5628193443844816,3.196286,3.106429113710327,3.1018168735277887
7274,3.0,553.0,624.0,9.4,4.035411872376053,17,57.72,5.366627691407719,4.035411872376053,3.9922853,4.031762028339101,4.015343397053784
7275,0.0,0.0,569.0,0.0,,6,34.68,-1.934200050744586,0.815340757509851,0.053046007,0.139171558960743,0.2560705871954738
7276,4.0,633.0,688.0,14.219999999999999,6.958871010169169,20,66.53,6.9706200808266425,6.958871010169169,6.9199204,6.991635016639554,6.770078982064704
7279,2.0,175.0,357.0,18.27,7.092402600231064,10,42.42,6.60266788803318,7.092402600231064,7.0382943,6.832487301126463,6.904791068276285
7281,4.0,583.0,695.0,16.6925,7.886668107385676,18,69.08,7.147824101870862,7.886668107385676,7.884968,7.724186273507154,7.7076758414732955
7282,4.0,259.0,459.0,19.73,11.202951896406518,20,99.71,11.947387490240818,11.202951896406518,11.120889,11.117358297480331,10.915429858611223
7283,3.0,568.0,616.0,13.25,5.600669647178785,18,44.65,5.059416327454186,5.600669647178785,5.550609,5.503790145005857,5.505752715694126
7286,2.0,44.0,301.0,14.75,4.6213382731406805,11,44.16,6.464785286952922,4.6213382731406805,4.8262978,4.660550820565535,4.653561407589164
7287,1.0,9.0,662.0,12.9,0.5848542482400931,7,24.54,-1.5092971039062588,0.5848542482400931,0.5850935,0.6352597850571994,0.47262243350103894
7292,2.0,238.0,519.0,9.16,2.7541465360262545,11,27.439999999999998,2.1158680613952865,2.7541465360262545,2.7302542,2.6203121954074113,2.8393486371769128
7293,1.0,153.0,657.0,4.89,0.6541230002293845,7,12.239999999999998,-2.869392142732001,0.6469490275714782,0.5270614,0.626789467636067,0.6357415733729441
7297,1.0,77.0,386.0,32.18,4.630100792305168,10,50.86,7.630531835136947,4.630100792305168,4.5963097,4.328529137844933,4.649973866599216
7298,0.0,0.0,141.0,0.0,,4,7.91,2.031787477959272,1.0625347642413732,1.7809811,1.7798510544129806,1.860645282645737
7300,0.0,0.0,321.0,0.0,,5,22.88,0.6645276696703584,0.7496644682170794,0.61355436,0.6847565145420969,0.5864116657408749
7301,0.0,0.0,91.0,0.0,,4,7.07,2.683006080829675,2.820447678323929,2.6212506,2.4118315062577813,2.210230292647636
7304,3.0,278.0,320.0,23.346666666666668,15.434045546165033,17,77.29,11.967645968128423,15.434045546165033,15.402729,14.93887946958307,14.800851563890667
7305,1.0,203.0,530.0,23.57,3.2486300825715135,7,56.08,5.308903577719933,3.2486300825715135,3.15388,3.1762429469235083,3.519197495469919
7306,1.0,81.0,122.0,16.13,7.600167983874794,8,22.03,6.855206493686672,7.600167983874794,7.5272393,7.586472204517699,7.241076859653544
7307,1.0,40.0,304.0,9.57,1.9776933896532396,10,13.75,2.508210171087608,1.9776933896532396,1.9496086,1.9831736778062434,1.9748808299698304
7308,3.0,132.0,309.0,10.056666666666667,5.979406306776103,15,69.48,8.927556286955964,5.979406306776103,5.9422164,5.378886776513443,5.697090662240582
7310,0.0,0.0,563.0,0.0,,7,9.35,-3.85999953259292,0.2280781283679771,0.22051615,0.14777848675054678,0.2573767064667347
7312,1.0,81.0,250.0,13.46,3.6960134170585084,7,17.32,4.246498505101744,3.6960134170585084,3.7311203,3.882550354056742,3.8420054110235187
7315,6.0,295.0,349.0,10.406666666666666,12.258654584637405,30,86.9,12.990329889681938,12.284446181615237,13.190592,13.113320292892789,13.876041652111095
7319,2.0,206.0,687.0,14.255,2.4095227216124244,13,41.35,1.4164775590977507,2.4095227216124244,2.4205394,2.3728672698727347,2.511665519250087
7321,5.0,272.0,339.0,26.965999999999998,26.319870223974576,31,151.59,19.82752142296921,26.319870223974576,26.32646,26.36436861624817,26.179346275037584
7322,1.0,16.0,93.0,6.73,4.026796297379237,8,11.510000000000002,4.8147802967168385,4.026796297379237,4.0189667,3.869524531868658,3.8244089739563156
7323,0.0,0.0,490.0,0.0,,4,11.7,-2.6799679205026417,0.4105308468223392,0.37596893,0.2981452036416381,0.22763237260470515
7324,3.0,515.0,693.0,13.203333333333333,4.831334175299538,16,52.25,4.270342145388423,4.831334175299538,4.8469276,5.132077592441082,5.141424806819149
7328,4.0,340.0,351.0,14.315000000000001,11.825389790301552,19,86.67,12.057208195439529,11.825389790301552,11.852196,11.852134717966438,12.276619137841084
7331,3.0,580.0,618.0,12.520000000000001,5.318170522727721,19,43.64,4.923011838411489,5.318170522727721,5.2856107,5.410598826741439,5.183251797327227
7332,0.0,0.0,202.0,0.0,,4,3.94,0.8367686319314873,1.0625347642413732,1.1938435,1.1580800766083796,1.0312800720370294
7336,1.0,5.0,210.0,1.89,1.0510926326739585,5,3.9699999999999998,1.7450303912074987,1.0510926326739585,1.0558615,1.0978912609531446,1.071845883217443
7337,8.0,324.0,363.0,8.52375,12.868824300284702,32,71.72,12.912492409545528,12.868824300284702,12.863438,12.834842431689555,12.508507566652753
7338,1.0,22.0,240.0,22.92,4.849912870343598,8,46.85,7.821386636351732,4.849912870343598,4.773094,4.5532401610993345,5.025200978835974
7341,0.0,0.0,701.0,0.0,,3,15.34,-5.439655835456555,0.31599932901172306,0.15889522,0.0847538025509036,0.2530516682564521
7342,2.0,291.0,355.0,18.585,8.189709171003038,12,55.19,8.278407673031257,8.189709171003038,8.224721,8.30959268217206,8.41388065175976
7343,0.0,0.0,495.0,0.0,,2,11.89,-2.774948623914481,0.4105308468223392,0.38721162,0.2810574673305328,0.22618741278547283
7348,1.0,24.0,63.0,3.5,3.414654534946077,10,15.93,5.225659691468727,3.414654534946077,3.362095,3.6392293903035284,3.316229520253182
7352,0.0,0.0,703.0,0.0,,4,4.56,-6.3136658160831525,0.2280781283679771,0.1568414,0.10184153886200893,0.2530516682564521
7354,5.0,537.0,721.0,15.488,8.318241624113584,23,93.49,9.159962895727372,8.318241624113584,8.341686,8.408867684521427,8.330188517648871
7355,3.0,185.0,368.0,19.483333333333334,10.155327158367426,18,90.0,11.344056652920578,9.475608587196492,12.408264,12.404838881013564,11.33716805140137
7356,10.0,272.0,329.0,13.181000000000001,25.25015596393878,43,147.79,21.548760544514902,25.25015596393878,25.272131,24.999055553513465,25.27977690878777
7357,1.0,578.0,614.0,8.84,1.7718362630214302,8,15.84,0.5881805084653009,1.7718362630214302,1.754834,1.715321622796067,1.8404581327441276
7359,7.0,421.0,713.0,15.828571428571427,8.766914624831625,35,125.98,13.046894730097595,10.689716152173258,10.409808,10.261558501960424,10.486222627722487
7361,0.0,0.0,139.0,0.0,,5,21.15,3.1414233991418854,1.0625347642413732,1.6986569,1.7968435896818467,1.8494870782493642
7362,4.0,535.0,571.0,10.622499999999999,6.182846299060815,19,50.67999999999999,6.4035169531318985,6.182846299060815,6.177382,6.13020066430825,6.130754195532099
7364,0.0,0.0,211.0,0.0,,3,23.34,2.2439277530722705,1.0625347642413732,1.1679224,1.0425520615305697,1.0293336262204784
7365,1.0,35.0,366.0,9.92,1.550053542689337,9,31.28,3.02921585609138,1.550053542689337,1.4065262,1.2851087792370668,1.5687750859233702
7366,5.0,605.0,656.0,6.744,4.387120311512493,24,49.589999999999996,5.690754296276343,4.387120311512493,4.3824167,4.564332857909794,4.598566413594326
7368,1.0,539.0,704.0,5.91,1.1402043389652872,9,18.6,-1.0550675430742293,1.1402043389652872,1.1486627,1.0687312538615077,1.1720523121738706
7370,4.0,538.0,667.0,18.335,8.83863006591398,21,86.66,9.036763231521796,8.83863006591398,8.772862,8.79695330912024,8.647499347501592
7373,0.0,0.0,68.0,0.0,,4,19.46,4.007103950550761,2.820447678323929,2.88863,2.2842670010365884,2.8461359515322684
7376,8.0,333.0,375.0,14.7125,21.230343907238673,38,124.6,18.000388289337344,21.230343907238673,21.204906,21.07390800821143,20.7830143307893
7377,3.0,557.0,617.0,8.416666666666666,3.7057315942484506,15,30.53,3.1300479759361037,3.7057315942484506,3.6875246,3.695559876633008,3.6603059971122467
7379,2.0,491.0,656.0,18.67,5.008478546535018,15,51.92,4.691967196926158,5.008478546535018,5.055921,4.903824130394556,5.21296276738249
7382,0.0,0.0,32.0,0.0,,3,2.34,3.132450822642003,4.276645059846402,4.7285166,3.3136419006022977,4.020613143760862
7384,5.0,413.0,551.0,16.228,10.90849654178275,27,100.06,11.73188784087159,11.577752535671598,11.620812,12.045980976213515,10.92276716834603
7387,1.0,5.0,142.0,17.11,5.799511374198088,6,31.85,7.099273015930005,5.799511374198088,5.8463,5.805399154350489,6.057069869375957
7391,2.0,340.0,684.0,7.17,1.8242931408980776,12,19.09,-0.7078707467919445,1.8242931408980776,1.8523052,1.8409384272503864,1.6507451672542617
7392,1.0,30.0,107.0,7.22,4.041131955306919,7,18.7,5.3045399936660385,5.154706117585754,4.359912,4.243337045052132,4.031530866971178
7393,0.0,0.0,545.0,0.0,,3,11.36,-3.5168478080739707,0.32077864027662517,0.2480993,0.20118353765688812,0.25569655306096006
7401,0.0,0.0,317.0,0.0,,6,29.01,1.232757039464179,2.0877125854165453,0.8724728,0.8929633151281303,0.5462947887316432
7403,1.0,240.0,276.0,7.08,2.6887167292033802,5,17.36,3.6892546056348063,2.6887167292033802,2.696601,2.776816323859539,2.5472860676121214
7406,0.0,0.0,259.0,0.0,,6,22.78,1.5667249612492242,0.809695980654187,0.824676,0.7805314953892878,0.5722214293676489
7407,0.0,0.0,427.0,0.0,,5,14.32,-1.5452827368937436,0.6071638539809521,0.32419455,0.32547735228403385,0.39137908917077624
7408,0.0,0.0,386.0,0.0,,3,4.08,-1.8155515280470205,0.6878891425254019,0.44585955,0.3999120331031581,0.5401918503629473
7409,3.0,252.0,266.0,9.61,7.765677077584437,16,39.83,7.684144537053895,7.765677077584437,7.8613725,7.682054098459423,7.919946660416814
7410,1.0,345.0,626.0,14.31,2.1267431655801974,8,27.61,1.0361826734758157,1.6859378430823058,2.2863986,2.2002803253623355,2.1940024844512083
7412,1.0,186.0,223.0,47.32,14.649458115884347,9,63.230000000000004,13.564880789946887,14.649458115884347,14.632759,14.31784753623698,14.377193421254061
7413,6.0,639.0,698.0,10.083333333333334,7.070087899475503,28,71.25999999999999,8.24048132354084,7.070087899475503,7.105304,7.151766303487222,6.844759728996276
7416,1.0,362.0,534.0,7.6,1.6263695909818565,9,44.97,2.913314283414358,1.6263695909818565,1.6367811,1.3235854025509237,1.3094871432062352
7418,0.0,0.0,108.0,0.0,,4,5.54,2.3159991049978856,2.32659064545856,2.5501187,2.2575289066745703,2.16486338100599
7420,0.0,0.0,436.0,0.0,,2,1.56,-2.7553874338253967,0.562158674561362,0.3940345,0.34396453518248676,0.42880368131658475
7424,0.0,0.0,244.0,0.0,,4,10.38,0.7495855524843269,1.0625347642413732,0.98719,0.9387779986706868,0.801206643763007
7425,0.0,0.0,75.0,0.0,,4,4.99,2.7461562181334656,2.820447678323929,2.8832672,2.309699600145311,2.4826809107669083
7432,0.0,0.0,637.0,0.0,,2,4.92,-5.3746334064668515,0.2280781283679771,0.21657954,0.13113869850109888,0.2208815838293372
7433,1.0,443.0,687.0,27.12,3.5737192405943734,7,36.230000000000004,3.0744485726510016,3.5737192405943734,3.5735552,3.573764138305788,3.5399192407261624
7434,2.0,159.0,642.0,14.08,2.2465492244092027,13,59.239999999999995,3.254319689158949,2.2465492244092027,2.1886747,1.9620594214027758,1.8722034670334962
7437,0.0,0.0,126.0,0.0,,5,13.03,2.6771122947102866,1.0625347642413732,2.1077418,2.092031669315441,1.895791713294967
7438,1.0,32.0,461.0,7.03,0.8467487330228165,5,11.29,-0.4327273911205163,0.8467487330228165,0.8222897,0.921264731607066,0.8268875715305031
7439,0.0,0.0,668.0,0.0,,5,17.66,-4.740994952479379,0.31599932901172306,0.15021804,0.1174959997835442,0.2631710628966486
7441,1.0,147.0,418.0,23.64,3.913124129582128,11,29.26,4.593280711666279,3.913124129582128,3.9447012,4.007076058839411,3.8960658514647633
7444,0.0,0.0,186.0,0.0,,4,8.51,1.433181122281883,1.0625347642413732,1.2669942,1.3965483303006638,1.039765372813374
7445,1.0,414.0,483.0,18.25,3.683753958498796,6,30.689999999999998,4.170910091609171,3.683753958498796,3.6167085,3.72706215412977,3.6950446833616772
7446,2.0,527.0,709.0,19.57,4.89149259632951,11,48.19,3.8477357370001695,4.89149259632951,4.8411555,4.848577233320429,5.049704642540148
7447,0.0,0.0,616.0,0.0,,3,4.37,-5.097755544828103,0.2280781283679771,0.25119546,0.12894482415477496,0.25949531467431175
7448,7.0,280.0,309.0,8.31,12.510448734387747,31,71.21,12.678763775055277,12.510448734387747,12.508599,12.47247010136983,12.910108250426944
7449,1.0,152.0,499.0,11.75,1.7703793102625494,8,17.89,0.8253861589927896,1.4476555833143872,1.5688167,1.7647743918071648,1.656306593741082
7450,0.0,0.0,44.0,0.0,,4,5.19,3.207712579593716,4.276645059846402,3.599766,3.3136419006022977,3.1038646035965094
7451,0.0,0.0,294.0,0.0,,6,19.32,0.7862635174154815,0.809695980654187,0.5538439,0.6685404983257508,0.6022808731805442
7452,1.0,289.0,331.0,19.6,5.189651018644002,10,41.260000000000005,6.885296592665,5.189651018644002,5.1767473,5.376145918854002,5.420250546639091
7453,0.0,0.0,484.0,0.0,,5,15.55,-2.265828235147975,0.4105308468223392,0.30843943,0.2942031588426195,0.2212398389426129
7454,1.0,140.0,213.0,6.37,2.7982444737937064,11,37.43,5.7540401832845935,2.7982444737937064,2.7706118,2.8823940768499754,2.8845989531845153
7455,2.0,456.0,627.0,9.3,2.793560965063376,10,42.5,2.7878698012147014,2.793560965063376,2.753092,2.6757628498703983,2.65825849290248
7456,0.0,0.0,653.0,0.0,,1,6.41,-5.504275024432135,0.2280781283679771,0.21154375,0.13945008849745158,0.22257286887660133
7457,3.0,241.0,497.0,6.946666666666666,3.0287483637434307,17,30.09,3.179826740370358,3.0287483637434307,3.0344894,2.948004819898119,2.9666885062809945
7459,0.0,0.0,411.0,0.0,,3,19.92,-0.904633689034303,0.6071638539809521,0.3601898,0.3371025257161474,0.3993720080539065
7460,0.0,0.0,21.0,0.0,,3,10.5,3.9448869880108326,4.276645059846402,4.7046366,3.3136419006022977,4.020613143760862
7461,1.0,6.0,529.0,15.64,1.0078770387765446,4,19.9,0.34055242715317346,1.0078770387765446,1.0163611,1.165615991615334,0.9739508160102366
7462,1.0,38.0,676.0,3.36,0.2962729813185805,6,12.059999999999999,-3.9254237578376943,0.3779536766109109,0.31300285,0.2968167734366711,0.3333404982275878
7465,1.0,219.0,622.0,12.9,1.6360788275569291,8,18.76,-0.3999105805233052,2.147076646563714,1.6976881,1.7735942510844014,1.5918683176666297
7469,0.0,0.0,545.0,0.0,,3,7.22,-3.848833694030805,0.2280781283679771,0.27643853,0.20118353765688812,0.25569655306096006
7470,2.0,571.0,645.0,8.17,2.5628193443844816,14,27.46,1.7783226225240512,2.5628193443844816,2.598761,2.6498600624743607,2.6556566974321845
7471,3.0,59.0,194.0,12.393333333333333,9.526132405162002,16,54.04,9.346868673871608,9.526132405162002,9.541951,9.199053913834318,9.220617799901163
7472,4.0,352.0,363.0,11.015,9.040702269015439,21,57.58,9.186205498779149,10.005646166306839,9.519107,9.795508533751228,9.204956316597833
7474,1.0,467.0,638.0,6.14,1.2504399297182391,6,15.34,-0.7290360959345348,1.2504399297182391,1.2511183,1.1735647150388473,1.244865084539355
7476,0.0,0.0,294.0,0.0,,4,3.72,-0.5030567568296167,0.809695980654187,0.70861506,0.6981321441322006,0.6014139741361726
7477,0.0,0.0,152.0,0.0,,3,6.67,1.7550854366477489,1.0625347642413732,1.7509477,1.7872037636271483,1.6421108979763455
7478,0.0,0.0,366.0,0.0,,3,12.18,-0.8785827018911645,0.6878891425254019,0.7228405,0.396045375243124,0.5230846095656254
7479,1.0,48.0,560.0,7.6,0.7148742859344253,5,11.92,-1.650939581237762,0.8206395070239456,0.7347814,0.765323912539371,0.8212505295144092
7480,0.0,0.0,84.0,0.0,,2,5.42,2.6129348286884535,2.820447678323929,2.7704227,2.4118315062577813,2.4826809107669083
7481,2.0,256.0,392.0,6.654999999999999,3.001160143565356,11,36.89,4.4334820673644,3.001160143565356,3.0622184,3.0052553708967022,3.1111050839467644
7484,0.0,0.0,60.0,0.0,,3,3.68,2.837501479051017,2.820447678323929,3.438627,3.0906893590527775,2.980605734628056
7485,2.0,33.0,341.0,9.6,2.3993682210781744,10,40.120000000000005,4.777446059455665,2.3993682210781744,2.3707383,2.477529939343921,2.3900067961588527
7486,3.0,390.0,611.0,9.533333333333333,3.799889473661737,15,36.41,3.0650766074104183,3.0769833195522356,3.6306605,3.922528779456521,3.865147205935642
7487,0.0,0.0,456.0,0.0,,2,12.58,-2.1591267576878534,0.562158674561362,0.32700622,0.32687679887138144,0.2834388774574643
7489,0.0,0.0,648.0,0.0,,4,15.44,-4.650764628811102,0.31599932901172306,0.16686614,0.09865071016944114,0.2364875417841601
7490,0.0,0.0,640.0,0.0,,4,8.09,-5.12518737184704,0.2280781283679771,0.18032643,0.13113869850109888,0.2284722611770169
7493,1.0,29.0,720.0,15.02,0.6628633032023716,8,51.5,0.22706142276844243,1.0736452511688304,0.92312306,0.6949150128554572,0.05681115551269844
7494,1.0,55.0,112.0,9.77,5.162902180445384,8,19.0,5.74799055179003,5.162902180445384,5.141035,5.154371446905441,5.303931121101965
7496,2.0,93.0,314.0,15.48,5.774102994805888,12,60.81,7.962474462409353,5.774102994805888,5.7223334,5.609925839776143,5.933468651681698
7501,0.0,0.0,424.0,0.0,,4,2.41,-2.476408381667829,0.562158674561362,0.37747753,0.3500355951214686,0.39137908917077624
7502,10.0,612.0,617.0,10.876000000000001,13.518333892539555,45,133.51,17.566407520310882,13.518333892539555,13.529218,13.853299517022952,13.95695391296176
7505,0.0,0.0,41.0,0.0,,6,5.12,3.2835729399889684,4.276645059846402,4.687607,3.2918311474610826,4.020613143760862
7510,0.0,0.0,555.0,0.0,,4,13.72,-3.4521359442902186,0.31599932901172306,0.24765208,0.16655721805796,0.27952570166540003
7511,1.0,245.0,309.0,14.16,4.073439081368234,9,28.34,5.182656173102218,4.073439081368234,4.1063585,4.31610483173355,4.054626745021405
7512,0.0,0.0,70.0,0.0,,2,18.15,3.834953189329738,2.820447678323929,2.9152074,2.2842670010365884,2.8405736797263055
7514,6.0,580.0,612.0,14.436666666666667,11.146515960719537,41,111.72,13.302220886666369,11.146515960719537,11.185628,11.170008740094556,11.589394974128103
7517,2.0,113.0,327.0,11.18,4.400285828308317,13,30.580000000000002,4.864364844713396,2.8640729354530023,4.3495255,4.5763259247253965,4.2655982495969695
7519,1.0,167.0,237.0,17.03,5.510138352815861,10,29.0,6.326103861777362,5.510138352815861,5.485336,5.5276176236766865,5.503464380378603
7521,3.0,313.0,544.0,8.413333333333334,3.5965288545393044,16,30.020000000000003,3.0196689028420205,3.5965288545393044,3.4986312,3.5293395628949455,3.4127042251018698
7522,3.0,357.0,647.0,14.626666666666665,4.993389308435903,16,46.36,3.921107446228695,4.993389308435903,4.9813657,4.920024819355465,4.8431652920768276
7523,2.0,313.0,345.0,23.79,10.672694636635569,16,66.37,10.223635124821222,10.672694636635569,10.685186,10.955787644417049,10.986382573895257
7525,0.0,0.0,688.0,0.0,,3,2.93,-6.2479812999738575,0.2280781283679771,0.20351788,0.11695245408012277,0.2668075868274675
7526,3.0,389.0,635.0,6.136666666666667,2.4687876086541403,15,22.33,1.11283244846797,2.4687876086541403,2.4689808,2.250782535254016,2.4385406702550148
7529,1.0,22.0,509.0,2.92,0.4105308468223392,6,13.91,-1.5129489074833025,0.4105308468223392,0.419376,0.4080749480601919,0.31450156881621716
7530,1.0,38.0,224.0,20.61,5.111178132817146,5,29.39,6.346176938416156,5.111178132817146,5.0486107,5.134172845596107,5.115500765228135
7534,2.0,291.0,374.0,6.74,3.2629589068407654,13,30.38,4.38348509376254,3.2629589068407654,3.2067642,3.230929803340609,3.519816815747971
7535,0.0,0.0,150.0,0.0,,5,11.0,2.1694094769967034,1.0625347642413732,1.7229179,1.7797332571008189,1.6421108979763455
7536,0.0,0.0,652.0,0.0,,6,22.18,-4.129412471084005,0.31599932901172306,-0.013103662,0.10174381717657217,0.1725824323449361
7541,2.0,115.0,164.0,28.755,19.582207448672385,16,71.82,13.03127769719482,19.582207448672385,19.59523,19.293806745747794,19.173008399982656
7546,1.0,45.0,516.0,4.52,0.5819915427067095,6,14.84,-1.2086809167379444,0.5819915427067095,0.62887055,0.7177403841489939,0.5792642301244717
7547,0.0,0.0,662.0,0.0,,5,6.26,-5.568929619314511,0.2280781283679771,0.19480239,0.13605079031414963,0.259408209788754
7548,0.0,0.0,176.0,0.0,,4,2.54,1.0981634635512414,1.0625347642413732,1.4016656,1.372671037245377,1.095803224739961
7550,2.0,52.0,277.0,13.695,5.092954135803023,16,36.69,6.196774103504826,5.092954135803023,4.9563723,4.678556357922959,5.139348729514945
7552,0.0,0.0,322.0,0.0,,4,15.57,0.044788986875612835,0.6878891425254019,0.61811244,0.6504077273862259,0.5451022219720301
7555,1.0,2.0,165.0,19.07,5.494103792535789,9,34.94,7.333348892732717,5.494103792535789,5.503603,5.410188888515428,5.740736828876621
7556,2.0,366.0,695.0,14.75,3.4132964992840797,16,67.57000000000001,4.27642222088378,4.019249601079896,3.6551065,3.848473045091596,3.557428321428509
7558,1.0,351.0,590.0,16.33,2.5605743847803186,8,22.209999999999997,1.4301466596333425,2.5605743847803186,2.632488,2.6418209823677308,2.6230618636749568
7559,1.0,84.0,170.0,11.55,4.652900525475938,4,20.61,5.350184148295378,4.37789138554562,4.627007,4.5412098668152,4.6622927106297
7560,3.0,190.0,238.0,11.766666666666666,9.778127828169252,16,38.32,7.977171420293957,9.778127828169252,9.752255,9.634962248299676,9.497906890250698
7562,0.0,0.0,346.0,0.0,,4,5.1,-1.1397159751557684,0.6878891425254019,0.5747765,0.5295053122807964,0.6264998110086726
7563,0.0,0.0,261.0,0.0,,5,22.88,1.5268213392608545,0.809695980654187,0.9133553,0.7445226224628197,0.5791007657875111
7565,1.0,193.0,430.0,25.6,4.446463099845925,7,28.71,4.787692831540123,4.303231141579763,4.612269,4.455071120561076,4.503252499871966
7566,0.0,0.0,24.0,0.0,,6,5.62,3.567984393469178,4.276645059846402,4.687607,3.2918311474610826,4.020613143760862
7567,0.0,0.0,202.0,0.0,,6,9.68,1.335417206772144,1.0625347642413732,1.099106,1.1455761671130351,1.0312800720370294
7569,5.0,521.0,717.0,13.968,7.492853472145468,23,74.88,7.4386064256016695,7.492853472145468,7.492839,7.330215005561643,7.190136757578548
7570,2.0,249.0,730.0,10.16,1.8387374927860796,11,26.39,-0.8100293112265424,1.8387374927860796,1.8264651,1.772009697902457,2.006434014056995
7571,4.0,92.0,448.0,7.6925,1.6266462940821445,20,42.61,5.069850423879206,1.6266462940821445,1.6184057,1.7261656110196997,1.802091456557731
7573,5.0,335.0,674.0,10.094,4.165184080347443,23,57.71,5.272603325911952,4.165184080347443,4.1757855,4.0938177394771005,4.011151852944552
7576,1.0,442.0,723.0,14.87,2.0133676895092387,9,20.54,-0.3754096058888483,2.0133676895092387,1.9648385,1.88365287623469,1.806097587322741
7580,5.0,479.0,660.0,15.258,8.74246475022554,20,93.22,9.655023045923707,8.74246475022554,8.708224,8.904731422333358,8.742912207518799
7584,2.0,237.0,390.0,13.629999999999999,5.409524994647672,12,53.1,6.665234980134773,5.409524994647672,5.481955,5.276818707132394,5.425334116196726
7586,0.0,0.0,259.0,0.0,,2,8.9,0.3769722255059773,0.809695980654187,0.8287111,0.7892462129355844,0.5267942953006921
7587,1.0,100.0,303.0,4.87,1.5680111101502474,8,15.239999999999998,2.228059874016786,1.5680111101502474,1.5069094,1.5508014140697395,1.5764083937057105
7588,1.0,107.0,354.0,3.47,1.1136934633663875,7,7.210000000000001,0.669434357752964,1.1136934633663875,1.1131773,1.010668753561639,1.1244382311431496
7589,1.0,601.0,667.0,14.87,2.4371457250801827,10,17.91,0.9788011304672581,2.4371457250801827,2.4275873,2.4489081356960183,2.338757023931049
7590,0.0,0.0,310.0,0.0,,4,10.73,-0.17087104443118672,0.6878891425254019,0.70308244,0.7007294005314063,0.565535583640628
7591,2.0,282.0,459.0,9.2,3.400807253079221,13,31.34,3.5399288329639087,3.400807253079221,3.517071,3.534228313494289,3.2508339720518213
7593,3.0,210.0,311.0,12.28,8.238317786506146,15,53.08,8.257266247680636,8.238317786506146,8.232979,8.282172251101544,8.506585270158059
7594,1.0,151.0,277.0,6.41,2.259961238832249,8,14.26,2.9755733310267,2.259961238832249,2.3869536,2.317407550234665,2.1436143083141683
7595,1.0,94.0,375.0,23.17,3.812533964606386,11,29.470000000000002,4.915525198049426,3.812533964606386,3.8220205,3.7023886311281426,3.866497890365859
7596,1.0,355.0,537.0,5.5,1.3028347828664257,5,21.25,0.5659506620444379,1.3028347828664257,1.3244884,1.2977183280121498,1.3027709215408034
7598,3.0,295.0,328.0,5.156666666666667,3.936239528847187,12,24.27,5.048143197727644,3.936239528847187,3.9642818,3.9861611826406205,3.9627638525011806
7599,1.0,289.0,331.0,23.76,6.123542136148214,8,32.94,6.759781594133141,6.123542136148214,6.093683,5.936812052941223,6.043914829504532
7601,1.0,436.0,643.0,9.24,1.6011141466735381,8,16.759999999999998,-0.36093215096017417,1.6011141466735381,1.6110718,1.5786938175256238,1.586477105299637
7602,0.0,0.0,101.0,0.0,,6,24.82,4.001018872656839,2.32659064545856,2.448441,2.204232450379268,2.2461509670744
7605,0.0,0.0,547.0,0.0,,3,3.06,-4.211166498857838,0.2280781283679771,0.2633084,0.20118353765688812,0.25569655306096006
7606,0.0,0.0,268.0,0.0,,6,16.2,0.9097318456908505,0.809695980654187,0.67736644,0.7056822021358599,0.4961188281186075
7607,3.0,473.0,591.0,8.479999999999999,3.7708199752579388,19,40.26,3.97796728194587,3.7708199752579388,3.7985728,3.7798516719001407,3.7868529476081334
7609,1.0,204.0,595.0,3.34,0.7047847264320426,5,11.19,-2.0793093746687212,0.7047847264320426,0.68808675,0.7019589770845455,0.6746003737936199
7610,0.0,0.0,116.0,0.0,,3,7.97,2.376708414185593,1.0625347642413732,2.1720252,2.231025655615564,1.9387729350693883
7611,2.0,113.0,663.0,12.915000000000001,1.5076584640891633,13,35.52,0.6735668121786968,1.5076584640891633,1.5183738,1.3801940202393213,1.3825216812942687
7612,0.0,0.0,638.0,0.0,,4,8.57,-5.057953132314968,0.2280781283679771,0.18357104,0.13113869850109888,0.2208815838293372
7613,0.0,0.0,171.0,0.0,,2,4.86,1.3177027043677834,1.0625347642413732,1.3791592,1.573519506036424,1.346870423555524
7614,3.0,189.0,238.0,24.74666666666667,19.57185068013196,20,111.01,15.688011098095863,19.57185068013196,19.574678,19.423941154451885,19.61559923236625
7615,0.0,0.0,102.0,0.0,,5,26.91,4.135064568604664,2.32659064545856,2.652442,2.7440591861780983,2.252026358441249
7617,4.0,647.0,731.0,11.6175,5.43896094027318,20,57.41,5.32370468997069,5.43896094027318,5.4548845,5.4043354220285655,5.305089736222076
7618,1.0,410.0,485.0,13.67,2.889127607434212,6,30.83,3.496165560273675,3.683753958498796,3.005469,2.93363592215799,3.0209081415934236
7619,2.0,100.0,696.0,15.31,1.4278328136756528,10,35.1,0.3814238522206046,1.4278328136756528,1.5263048,1.390093523864966,1.7800007827982647
7620,0.0,0.0,228.0,0.0,,5,8.75,0.8680005945959968,1.0625347642413732,0.8697021,1.041423089374814,0.810572066407202
7621,2.0,274.0,304.0,21.64,10.655017194676123,11,57.23,9.502480117759761,10.655017194676123,10.631139,10.242166096464267,10.377919333175736
7622,3.0,438.0,718.0,3.893333333333333,1.5350255767800376,18,22.72,-0.07558324595810717,1.5350255767800376,1.5583874,1.436125095089923,1.5224353252357874
7624,0.0,0.0,427.0,0.0,,4,4.52,-2.3503225290679044,0.562158674561362,0.38459015,0.3500355951214686,0.39137908917077624
7626,0.0,0.0,323.0,0.0,,5,8.35,-0.5293736465992769,0.7496644682170794,0.64208686,0.6427671724315458,0.5655408870498295
7627,2.0,188.0,314.0,13.129999999999999,6.13306157167049,12,33.21,5.864387196631414,6.13306157167049,6.149378,6.078148261387538,6.092171124134881
7628,0.0,0.0,343.0,0.0,,5,16.69,-0.1480217082308921,0.7496644682170794,0.8104166,0.6205030133651711,0.6091854461952009
7630,3.0,131.0,289.0,18.996666666666666,11.604469397043946,16,59.010000000000005,9.636410794569318,11.604469397043946,11.579517,11.848060165958621,11.453590832536982
7632,2.0,353.0,535.0,13.235,4.198673086103058,11,66.22,6.099888900361893,5.306039484064916,3.7069967,4.640571709765505,4.352369405111063
7633,10.0,260.0,342.0,16.627,29.696845731929173,45,192.57,25.415727123814747,29.696845731929173,29.686434,30.022112272611206,30.181003174234394
7634,0.0,0.0,88.0,0.0,,4,11.25,3.0613142433670664,2.820447678323929,2.6295438,2.4118315062577813,2.210230292647636
7636,0.0,0.0,399.0,0.0,,2,3.8,-2.0440144572534535,0.562158674561362,0.44585955,0.34582933030119656,0.4642855761664135
7638,0.0,0.0,318.0,0.0,,4,16.33,0.16321950043459132,0.6878891425254019,0.6480775,0.6712559987295185,0.5018452577254608
7639,1.0,15.0,492.0,12.19,1.0076437744585829,6,20.299999999999997,0.5036564839964317,1.0076437744585829,1.0091506,0.9830828300609249,0.8344544416509638
7641,2.0,388.0,415.0,14.36,5.921475973667575,10,33.49,5.500681272904802,5.921475973667575,5.86827,6.001408729033537,5.736735602022608
7642,0.0,0.0,432.0,0.0,,2,6.81,-2.2769045946755524,0.562158674561362,0.39355463,0.34396453518248676,0.4024845793713112
7643,0.0,0.0,119.0,0.0,,4,10.03,2.5179642578304944,1.0625347642413732,2.162199,2.1335467790624563,1.9387729350693883
7646,2.0,491.0,510.0,4.735,2.0503418392596275,12,19.19,2.1651248928250224,2.0503418392596275,2.0381696,2.0297327887015966,2.0121666011790165
7652,1.0,12.0,260.0,3.82,1.1630762945009259,9,14.49,2.2484926712446742,1.1630762945009259,1.1487682,1.1260600477675962,0.9836425100825332
7654,2.0,202.0,498.0,15.285,4.226068989904043,18,56.44,5.5636314680858945,4.226068989904043,4.17341,4.098528655248306,4.314708408713785
7655,3.0,620.0,627.0,22.64,9.21089619974462,14,71.38,8.519700544528241,9.21089619974462,9.179897,8.915781662738143,8.680329088476958
7656,1.0,113.0,271.0,7.02,2.284154234243759,4,17.06,3.117544029612352,2.284154234243759,2.2569265,2.2855729233399464,2.11023822663344
7657,1.0,40.0,664.0,1.91,0.2450975408495481,7,12.64,-3.8801247325498265,0.2450975408495481,0.24226607,0.2038261500211997,0.31994175130932856
7658,0.0,0.0,129.0,0.0,,4,3.62,1.8602318517916658,1.0625347642413732,1.758725,2.116589912152875,1.8593429445554133
7659,0.0,0.0,605.0,0.0,,2,5.52,-4.866629552836437,0.2280781283679771,0.22238436,0.13517018553666052,0.2931568298951106
7660,3.0,192.0,299.0,27.66333333333333,17.94661545158976,19,86.30000000000001,13.231326200140362,16.219370515461925,15.5206785,16.078363894663624,16.254893138716447
7662,0.0,0.0,352.0,0.0,,2,1.45,-1.556997177426541,0.6878891425254019,0.6343352,0.41313311155422927,0.6224181718835835
7663,5.0,329.0,335.0,15.27,15.806373946319464,24,94.11,13.776367730660827,15.806373946319464,15.776733,15.77894528589803,15.706972002848602
7664,1.0,92.0,399.0,7.92,1.4984074680900676,6,25.58,2.0271621336215855,1.3063418398998774,1.9593985,1.607143430950181,1.486539336468348
7666,0.0,0.0,455.0,0.0,,4,20.16,-1.4985573390398725,0.6071638539809521,0.17724982,0.33282584600799714,0.3025449315223714
7670,0.0,0.0,64.0,0.0,,3,8.96,3.2034175237479037,2.820447678323929,2.8761225,3.0906893590527775,2.8405736797263055
7672,2.0,120.0,376.0,11.195,3.764891261847498,14,45.07,5.376007921354805,3.764891261847498,3.7926347,3.5566283742808,3.9318948563168306
7674,0.0,0.0,337.0,0.0,,4,3.89,-1.1074016160234184,0.6878891425254019,0.7117338,0.642232301943242,0.5911466022619454
7675,0.0,0.0,211.0,0.0,,6,14.4,1.5845691422553714,1.0625347642413732,0.87316453,1.0091712237750723,0.999436982302961
7678,0.0,0.0,579.0,0.0,,3,8.57,-4.2292105063055825,0.2280781283679771,0.28061372,0.16413473791797872,0.28300635649647
7683,2.0,524.0,669.0,12.37,3.4467637775180915,7,35.87,2.3400715893522244,3.4467637775180915,3.4351778,3.3799964474402904,3.283243737062215
7684,0.0,0.0,150.0,0.0,,4,8.48,1.9481516292104069,1.0625347642413732,1.751023,1.7872037636271483,1.6421108979763455
7685,4.0,291.0,350.0,11.0475,9.096752905869517,21,51.269999999999996,8.58723917798001,9.096752905869517,9.101749,9.222237065822208,9.062979068069495
7689,2.0,276.0,443.0,8.105,3.1609827583629726,14,25.240000000000002,3.119254027001296,3.1609827583629726,3.2179542,3.4272501243986238,3.0713370248140435
7693,0.0,0.0,211.0,0.0,,4,8.21,1.0498351450281018,1.0625347642413732,1.0002098,1.038762869581522,0.999436982302961
7694,1.0,270.0,714.0,14.08,1.5880249399230304,9,33.48,-0.12027589254759974,1.7334074706945475,1.6381112,1.8334763009696933,1.5323777302450985
7695,0.0,0.0,357.0,0.0,,4,25.58,0.34448451981446837,0.6878891425254019,0.73678625,0.3499336480419241,0.6695384131140001
7696,4.0,644.0,652.0,8.6075,4.616705335779831,22,61.85,6.419796023304487,4.616705335779831,4.6073,4.489280034404786,4.655910725377809
7698,0.0,0.0,204.0,0.0,,2,2.62,0.6638159724352066,1.0625347642413732,1.1995792,1.0641091294534575,1.0312800720370294
7700,3.0,180.0,230.0,9.726666666666667,8.390051212393681,18,41.86,8.08332883143585,9.600153631284462,9.404987,8.296856427821274,8.572809302765087
7701,1.0,9.0,580.0,9.01,0.5725522056738719,5,13.93,-1.7623797099539695,0.5725522056738719,0.5893748,0.5518138640878815,0.6824203658121819
7702,10.0,673.0,719.0,14.297,15.428107550051198,46,146.58,17.929084579459687,15.102983752928102,15.055799,15.527717470409916,14.346772011813634
7703,0.0,0.0,227.0,0.0,,2,9.72,0.9026178411920687,1.0625347642413732,0.8898424,1.0488935959011434,0.7663361709738563
7704,5.0,527.0,682.0,22.25,12.53389571479972,23,133.38,13.81543125756551,12.53389571479972,12.5385475,12.63836223581868,12.459004308236864
7705,0.0,0.0,246.0,0.0,,4,8.84,0.5973500957749032,1.0625347642413732,0.998189,0.9387779986706868,0.7681886392314219
7708,2.0,518.0,640.0,7.84,2.4473840133375555,12,31.580000000000002,1.8491510615746494,2.4473840133375555,2.426725,2.5900814392833684,2.3909621967559156
7711,5.0,286.0,314.0,21.97,23.247491219437368,29,115.93,16.65755264506486,23.247491219437368,23.238937,23.301616357702887,22.983185509247136
7713,1.0,85.0,241.0,14.6,4.133258455014477,9,29.71,5.585346790470252,4.133258455014477,4.201752,4.08877916584814,4.175563961221259
7714,0.0,0.0,661.0,0.0,,5,13.44,-4.978795096519385,0.31599932901172306,0.18362533,0.11896305400304431,0.25191961677997377
7715,0.0,0.0,550.0,0.0,,3,3.59,-4.211780573748687,0.2280781283679771,0.2633084,0.20118353765688812,0.25569655306096006
7717,1.0,321.0,537.0,4.79,1.1614082124747527,7,31.33,1.1551495735088815,1.1614082124747527,1.1335664,1.1257893453592915,1.0759211985419928
7718,0.0,0.0,208.0,0.0,,5,19.45,2.0134629723189468,1.0625347642413732,0.95100445,1.0142046267440874,1.00030388134733
7720,3.0,302.0,622.0,19.733333333333334,6.352932532793119,14,71.62,6.7232850459082725,6.352932532793119,6.2911005,6.290255288936184,6.573868502960994
7721,2.0,342.0,641.0,13.129999999999999,3.3248914979013673,13,42.24,2.6259976406317653,2.7894197004160484,3.2095919,3.084083933527293,3.3682393747329087
7723,1.0,35.0,322.0,42.24,6.274416331372214,7,58.25,10.292260343257698,6.274416331372214,6.2623816,5.749092362704858,5.978899052005219
7724,1.0,275.0,511.0,9.3,1.801687653855657,7,22.32,1.2207102236745113,1.801687653855657,1.7802688,1.85198450988567,1.7811405712162864
7725,0.0,0.0,655.0,0.0,,3,11.81,-5.061634113269933,0.32077864027662517,0.20131405,0.12423169930561374,0.22257286887660133
7726,4.0,114.0,294.0,8.6625,6.198983038273471,18,65.92,9.351727913315294,6.198983038273471,6.1838984,6.193857030743204,6.112975412432111
7727,0.0,0.0,344.0,0.0,,5,15.1,-0.2898950951567638,0.7496644682170794,0.6480293,0.5036954519620683,0.6104104643649677
7728,0.0,0.0,130.0,0.0,,3,12.77,2.560417730071676,1.0625347642413732,1.7575881,2.0995021758417702,1.8593429445554133
7729,0.0,0.0,193.0,0.0,,4,7.78,1.2740416200691542,1.0625347642413732,1.1871692,1.1980756117117408,1.0667096011204116
7731,1.0,362.0,574.0,19.68,3.12435816136038,11,32.5,3.0611421724266634,3.12435816136038,3.1348226,3.044588217592438,3.218180791220034
7733,3.0,594.0,726.0,19.766666666666666,6.939368172333909,18,100.13,8.957276434476807,5.347125473632568,8.346334,8.128712214309939,7.809119852730406
7734,1.0,83.0,142.0,19.26,8.00757096133276,8,41.1,8.542729369590056,8.00757096133276,8.003473,8.327961752732952,8.234871847206897
7743,4.0,537.0,713.0,13.8075,6.262714681995185,16,86.92999999999999,7.665500734861954,7.9643511992307525,6.7409954,6.533780937877137,6.553848423087571
7745,2.0,49.0,150.0,16.055,10.847726176595563,13,38.93,8.459117380525143,10.847726176595563,10.852178,10.724800267058178,10.809089053091505
7746,3.0,279.0,304.0,7.076666666666667,5.418912224758922,13,33.45,6.341507417988927,5.418912224758922,5.4351296,5.36498304140866,5.360885211933539
7747,0.0,0.0,166.0,0.0,,5,15.73,2.3187623826362973,1.0625347642413732,1.3925487,1.5489612631989893,1.4169217139768397
7750,2.0,240.0,645.0,11.82,2.512925044909526,14,37.1,1.5174261424564985,2.512925044909526,2.5175717,2.4502381583984008,2.5012008950203795
7751,1.0,10.0,98.0,17.8,7.961166517222162,6,21.76,7.042017897251153,7.961166517222162,7.975293,7.958527847172085,7.557977311965389
7752,0.0,0.0,467.0,0.0,,4,11.52,-2.36385618278093,0.562158674561362,0.32387984,0.32697623170763346,0.2944224657136951
7753,2.0,185.0,506.0,7.904999999999999,2.246300542401967,10,30.73,2.125319381290818,2.246300542401967,2.2713501,2.2181504538245167,2.353581822360182
7757,0.0,0.0,68.0,0.0,,5,4.38,2.817020833882882,2.820447678323929,2.866162,2.3022290936189815,2.8405736797263055
7758,1.0,339.0,344.0,11.4,3.345838235246383,6,16.52,3.727594385385718,3.345838235246383,3.3469205,3.2339366845860624,3.2863400894291406
7764,1.0,27.0,157.0,9.97,3.8127857840719095,8,17.92,4.912038783263283,3.8127857840719095,3.8477423,3.956621659089963,3.7545861976443056
7767,0.0,0.0,117.0,0.0,,3,23.67,3.621317145180896,1.0625347642413732,2.1588397,2.150067607232987,2.0125240775057405
7768,3.0,25.0,658.0,10.433333333333332,0.2758019934489524,15,34.66,0.6734465842270803,0.2758019934489524,0.3021142,0.5189071285525602,0.3457012516193343
7769,1.0,218.0,442.0,28.8,4.976952627743824,9,56.260000000000005,7.425523389564278,4.976952627743824,4.966068,4.7569659663110215,5.267697197347775
7770,0.0,0.0,139.0,0.0,,5,4.08,1.7725830432763874,1.0625347642413732,1.7529572,1.7723805478866512,1.860645282645737
7775,1.0,48.0,697.0,19.79,1.0150670901229204,9,34.04,-0.06969087037432553,1.0150670901229204,1.025605,0.9184178869825778,1.0610033413015119
7776,0.0,0.0,273.0,0.0,,2,2.48,-0.33904832344747593,0.809695980654187,0.7810837,0.6772979684497417,0.5492632476685051
7779,0.0,0.0,136.0,0.0,,3,25.56,3.4998162571676783,1.0625347642413732,1.7745512,1.692455437724743,1.9303146004313687
7780,3.0,539.0,607.0,13.063333333333333,5.558500712444384,18,63.87,6.568808783888233,6.494850712804347,5.530857,5.839902023469871,5.956049994456255
7781,2.0,24.0,712.0,9.584999999999999,0.40016980422304593,15,37.86,-0.683776521985938,0.2758019934489524,0.52874714,0.41243032040536226,0.18166400356132595
7782,15.0,291.0,341.0,15.934666666666667,43.52128769487199,67,255.67,34.534105476459175,43.52128769487199,43.50771,37.60862876036693,42.77634335995713
7786,0.0,0.0,270.0,0.0,,3,5.83,-0.008118235335235813,0.809695980654187,0.7923244,0.7352738479423097,0.5008400404446363
7787,0.0,0.0,257.0,0.0,,3,9.69,0.4882447939923136,0.809695980654187,0.84939057,0.7892462129355844,0.5172404453941244
7788,0.0,0.0,267.0,0.0,,6,12.44,0.6225896553536634,0.809695980654187,0.6764953,0.7056822021358599,0.4961188281186075
7789,0.0,0.0,36.0,0.0,,5,4.13,3.256863334116362,4.276645059846402,4.7056756,3.3061713940759683,4.020613143760862
7791,0.0,0.0,539.0,0.0,,4,16.54,-2.996055652109983,0.6616955829386749,0.279522,0.1840958013457828,0.2654395003974459
7792,0.0,0.0,493.0,0.0,,3,3.16,-3.4270832134738116,0.4105308468223392,0.3942126,0.2981452036416381,0.22618741278547283
7793,6.0,230.0,297.0,15.408333333333333,19.58612305421773,30,107.84,15.811227024465115,19.58612305421773,19.642254,19.643831597971534,19.6660481957272
7794,1.0,43.0,53.0,17.8,11.50374907042493,8,45.730000000000004,9.803065276856385,11.50374907042493,11.489253,12.608524064443575,11.68424795150851
7797,0.0,0.0,30.0,0.0,,4,4.29,3.3367435910582737,4.276645059846402,4.722781,3.3136419006022977,4.020613143760862
7800,0.0,0.0,157.0,0.0,,5,7.17,1.7616815094539773,1.0625347642413732,1.7595342,1.764612140033963,1.574107238971636
7801,4.0,602.0,701.0,15.35,7.269778463251098,18,67.89,6.8675477069185895,6.926218840247008,6.8140554,7.2269904125825,7.224625552495725
7806,0.0,0.0,519.0,0.0,,5,10.58,-3.167376318545683,0.5819915427067095,0.29022813,0.2906746971153087,0.21822600329448694
7807,1.0,37.0,208.0,8.58,2.750427708742831,6,16.23,3.8580150321983355,2.750427708742831,2.7899778,2.709864842998912,2.6371042203133754
7808,1.0,84.0,167.0,12.69,5.074185307852709,8,22.049999999999997,5.74443881446995,5.074185307852709,5.151596,5.177401756839255,5.053417934334745
7810,4.0,283.0,379.0,19.7,14.482840926297557,24,93.31,12.76830019000472,14.482840926297557,14.491174,14.30629928688922,14.499272930083698
7811,0.0,0.0,560.0,0.0,,2,14.4,-3.5078236322144134,0.31599932901172306,0.25669217,0.16084070508202689,0.2808000612159196
7812,6.0,252.0,313.0,7.411666666666666,9.530910119664982,30,60.98,10.811167338199274,9.530910119664982,9.538468,9.68007386363842,9.99276981800624
7813,4.0,380.0,510.0,14.5275,8.623184601089482,20,70.09,8.677836765417275,4.980503465542851,7.477406,8.361243674958489,8.302424126162611
7814,0.0,0.0,108.0,0.0,,3,2.77,2.074693800330138,2.32659064545856,2.5558546,2.2575289066745703,2.16486338100599
7816,2.0,246.0,253.0,24.619999999999997,13.683063572349635,14,58.480000000000004,10.678190711429751,13.683063572349635,13.636763,13.256514617104834,13.284672767692534
7818,3.0,638.0,648.0,10.99,4.577837711125141,16,45.5,4.640500529078704,4.577837711125141,4.599533,4.6098291700303715,4.659939802203306
7821,1.0,15.0,380.0,15.48,1.8392893152297596,6,19.77,2.529491100324555,1.8392893152297596,1.8230989,1.9872323370437812,1.934959148872884
7822,4.0,483.0,638.0,13.0275,6.519233098560749,17,75.47,7.483115329659114,6.519233098560749,6.5027146,6.765363539773708,6.805601634786978
7823,4.0,672.0,721.0,10.9325,5.247736461685054,24,80.23,7.3950902313205145,7.1198103737244285,5.764137,5.7732818058684705,5.679314454616333
7828,2.0,185.0,481.0,13.895,3.911351372643789,10,40.78,4.12569400255558,3.911351372643789,3.7841942,4.23733267075121,4.089397464995831
7830,1.0,2.0,589.0,5.68,0.38393465969946783,7,10.48,-2.6269452828674096,0.2280781283679771,0.36860418,0.3775787303800799,0.5283905630891805
7831,4.0,478.0,599.0,11.1,6.0026553689219675,18,69.63,7.302422556339247,6.0026553689219675,6.065982,5.973277078721406,6.085374929064787
7832,2.0,436.0,631.0,3.475,1.2966154169496227,15,45.61,2.170276211396728,1.2966154169496227,1.3069091,1.4565373707760443,1.1914161181963312
7835,0.0,0.0,520.0,0.0,,5,15.83,-2.760751285195047,0.5819915427067095,0.3068241,0.27358696080420336,0.21822600329448694
7836,9.0,308.0,330.0,18.545555555555556,32.7571026279965,55,186.34,25.056811904717748,32.7571026279965,32.770184,34.326936452726876,33.147333183842676
7839,0.0,0.0,336.0,0.0,,5,9.74,-0.6047400814163475,0.7496644682170794,0.7050702,0.6347617954169126,0.5945219318572175
7841,2.0,299.0,742.0,17.04,3.1793016413062785,15,48.980000000000004,2.0980450148750167,3.1793016413062785,3.2126489,3.377787615334399,3.4374645366728527
7842,2.0,113.0,398.0,17.384999999999998,5.009392319526289,12,67.92,7.684247672755497,5.009392319526289,4.9506383,4.707500984702314,4.685264780227364
7843,1.0,438.0,558.0,7.4,1.6103239119086168,9,19.41,0.8451065946627914,1.6775471144918175,1.7089539,1.7483817238224653,1.6865156458991875
7845,0.0,0.0,711.0,0.0,,2,6.62,-6.30180622550126,0.2280781283679771,0.2522813,0.10162069032341293,0.23506340388867564
7848,0.0,0.0,255.0,0.0,,4,11.4,0.6732920038023908,0.809695980654187,0.82073873,0.7376171299023951,0.576230017057723
7849,4.0,438.0,538.0,12.84,7.5311435419842265,22,62.5,7.740212102438822,7.5311435419842265,7.633989,7.705054685199631,7.541501441645372
7851,1.0,152.0,420.0,19.11,3.278369009110852,11,31.02,4.09736549795049,3.278369009110852,3.3297448,3.3544181021900843,3.1934421174429604
7852,3.0,207.0,323.0,21.373333333333335,13.266445531451133,20,80.56,11.638209444730446,13.266445531451133,13.302773,13.304358463629136,13.38475249731393
7855,1.0,320.0,641.0,28.8,3.634401670820383,10,52.43,4.753072606334434,3.634401670820383,3.6284866,3.703839064664273,3.7829698707574084
7856,2.0,127.0,622.0,14.385000000000002,2.073285442336487,14,39.410000000000004,1.8641350186330201,2.073285442336487,2.0604615,1.8909276258584964,2.208816044511277
7857,2.0,459.0,668.0,31.485,7.839806782001124,17,89.03,9.171333685564498,7.839806782001124,7.8487,7.984574278362097,8.004323921568687
7859,0.0,0.0,392.0,0.0,,4,17.0,-0.8465488409513968,0.6071638539809521,0.46374404,0.38282429679205277,0.44196197772970347
7860,2.0,193.0,317.0,16.655,7.562383537632461,13,41.05,6.983932116549792,7.562383537632461,7.554515,7.465086390393635,7.49195946171654
7861,0.0,0.0,489.0,0.0,,5,6.37,-3.073828657634076,0.4105308468223392,0.39637864,0.2906746971153087,0.21522331250812865
7862,16.0,494.0,658.0,19.161875,26.148871725931276,85,326.79,38.13765405801512,26.148871725931276,26.153147,26.378297864603123,26.154566069124165
7863,0.0,0.0,277.0,0.0,,3,2.27,-0.394194949445994,0.809695980654187,0.7802762,0.6772979684497417,0.5524287555275418
7865,2.0,527.0,620.0,8.115,2.6108642368913935,8,17.8,1.0351417830270364,2.6108642368913935,2.6378899,2.6093716152996063,2.5198055250148186
7868,0.0,0.0,172.0,0.0,,2,6.92,1.4685221879111015,1.0625347642413732,1.380176,1.372671037245377,1.346870423555524
7869,1.0,105.0,256.0,5.42,2.0145661230612575,6,7.83,2.3709491957860176,2.0145661230612575,1.9771993,1.9276648567590553,1.8800939789577233
7870,1.0,17.0,375.0,15.84,1.9369713611373498,10,31.97,3.7158993612078937,1.9369713611373498,1.8486731,1.863494626948336,2.059726259036709
7872,0.0,0.0,311.0,0.0,,4,7.33,-0.45788801917876576,0.6878891425254019,0.74386907,0.7007294005314063,0.5837975771319899
7873,1.0,460.0,590.0,8.06,1.6292546050523447,8,22.0,0.7682970719763467,1.6292546050523447,1.6087921,1.6029740142728364,1.648673740229448
7874,1.0,304.0,346.0,10.33,3.0175849517801554,6,12.32,3.0497249944526694,3.0175849517801554,3.0230968,2.652349148958141,3.065838597356483
7880,0.0,0.0,437.0,0.0,,4,8.0,-2.214977540876518,0.562158674561362,0.40469074,0.34396453518248676,0.42901212799359545
7881,0.0,0.0,684.0,0.0,,6,8.14,-5.715167606661246,0.2280781283679771,0.19048674,0.10876152149103661,0.2685866037097595
7882,2.0,2.0,209.0,12.195,4.778020566382575,12,29.79,6.101811923765661,4.778020566382575,4.759098,4.863313499837906,4.878512908180994
7884,0.0,0.0,122.0,0.0,,5,21.63,3.424231056071579,1.0625347642413732,2.0644846,2.1425971007066575,1.885551847359018
7886,0.0,0.0,212.0,0.0,,5,2.64,0.6079857269707913,1.0625347642413732,0.9600725,1.0312923630551927,0.9584568071103288
7887,3.0,484.0,490.0,19.19,9.56457660802503,18,73.78999999999999,9.643634279992964,10.509531050894067,9.273159,8.894918673352317,9.487246593988267
7888,0.0,0.0,151.0,0.0,,6,30.86,3.7667873729206236,1.0625347642413732,1.6983773,1.663437110801466,1.6975452959757122
7890,1.0,2.0,118.0,22.4,8.293270611538734,8,26.18,7.7514674181290815,8.293270611538734,8.291794,8.082737591426298,8.019772611646301
7893,2.0,144.0,311.0,26.924999999999997,11.134890925090339,14,92.73,12.43708743221758,8.995084619703208,14.207474,14.117181625536949,12.372877786361112
7896,4.0,507.0,525.0,18.345,11.087985896465252,19,77.19,10.136666877620193,8.468412537990694,9.533301,9.322864561573665,10.277137539144062
7897,0.0,0.0,458.0,0.0,,6,14.7,-1.9411495159677612,0.6071638539809521,0.20508412,0.2973845859011837,0.2834388774574643
7902,0.0,0.0,731.0,0.0,,6,8.74,-6.342517084658316,0.2280781283679771,0.18867707,0.09125100599308648,0.21679639999677747
7904,0.0,0.0,134.0,0.0,,4,29.72,3.8813285444159784,1.0625347642413732,1.7746344,1.6546696938880852,1.9314999784377331
7905,2.0,194.0,622.0,8.41,1.7510484428614546,11,25.63,0.18079149768046898,1.7510484428614546,1.8303436,1.8494974674557914,1.8185966825879696
7906,3.0,458.0,563.0,7.596666666666667,3.5752402698348167,19,25.04,2.9668025427670357,3.5752402698348167,3.5220296,3.4297778435129085,3.5005623207784433
7909,2.0,312.0,454.0,10.205,3.860244888560847,13,49.05,5.31190885561084,3.860244888560847,3.7818007,3.9318822998597662,4.0921617114029365
7910,0.0,0.0,268.0,0.0,,4,7.72,0.19136314342948646,0.809695980654187,0.79649,0.7352738479423097,0.4961188281186075
7913,1.0,30.0,684.0,5.99,0.3779536766109109,8,21.11,-2.946911111864252,0.3779536766109109,0.4196985,0.3532729481437167,0.4072396253749524
7914,1.0,552.0,611.0,23.05,3.784656497940526,9,28.52,3.5273733702829286,3.784656497940526,3.7658148,3.7184666288639154,3.801505802990488
7915,2.0,400.0,592.0,8.815000000000001,2.7440241644653893,9,29.51,1.9013817080236084,2.7440241644653893,2.8393779,2.7735994926952015,2.7684147369549517
7917,4.0,270.0,317.0,11.29,9.989600870511557,20,47.58,8.682348026709654,9.989600870511557,9.960544,9.892085097171453,9.594395331576349
7920,3.0,640.0,673.0,16.356666666666666,6.364816248707918,18,58.7,6.135665769493268,5.196644014946645,6.4063373,6.221504921761183,6.312004600151202
7921,0.0,0.0,485.0,0.0,,2,4.94,-3.188552313620412,0.4105308468223392,0.3942126,0.2981452036416381,0.21522331250812865
7924,1.0,211.0,387.0,4.54,1.4258011055625717,8,31.32,2.781677504356539,1.4258011055625717,1.4132147,1.575868668257852,1.5233858286243525
7927,0.0,0.0,698.0,0.0,,4,8.17,-5.952322732915786,0.2280781283679771,0.16417193,0.10184153886200893,0.2547219658040696
7929,2.0,258.0,357.0,11.91,5.348651838264603,12,38.89,5.858065890121193,5.348651838264603,5.2064643,5.2079788599528545,5.647029601382809
7930,1.0,28.0,666.0,4.22,0.3186343454390592,9,10.52,-3.774364878083156,0.36785591464402934,0.29877988,0.3345159502470945,0.38738620658041434
7934,5.0,308.0,341.0,13.898,14.123465771154255,24,73.52000000000001,11.749849478789685,14.123465771154255,14.086756,14.093752032581033,13.97000136122687
7936,0.0,0.0,126.0,0.0,,2,9.42,2.330088570078328,1.0625347642413732,2.140854,2.116589912152875,1.895791713294967
7938,1.0,241.0,737.0,9.36,1.0499413986020634,5,18.32,-2.5364943004642937,1.0499413986020634,1.0923902,1.0867812837663706,1.054066287477192
7939,0.0,0.0,128.0,0.0,,4,16.32,2.893014222529236,1.0625347642413732,2.1763427,2.123126691657541,1.895791713294967
7940,0.0,0.0,259.0,0.0,,3,14.15,0.8171483024377224,0.809695980654187,0.82121164,0.772158476624479,0.5267942953006921
7942,0.0,0.0,428.0,0.0,,4,15.91,-1.4513319547088228,0.6071638539809521,0.40894383,0.33294785881036326,0.41165967639823364
7945,0.0,0.0,192.0,0.0,,2,16.61,1.9581303934393235,1.0625347642413732,1.3051996,1.3919480291808402,1.0667096011204116
7946,7.0,273.0,359.0,11.147142857142857,14.268601336721346,32,89.6,13.817007166667075,14.268601336721346,14.26377,14.277424563168445,14.463771799803357
7950,0.0,0.0,333.0,0.0,,3,5.81,-0.9151303849557726,0.6878891425254019,0.74944615,0.642232301943242,0.587863833448294
7951,1.0,109.0,457.0,16.81,2.3474273589803034,9,32.86,3.153692565436466,2.3474273589803034,2.3379657,2.3445838791783773,2.177068082488205
7952,4.0,337.0,374.0,8.6775,7.04225302873677,22,69.34,9.594498356726703,7.04225302873677,7.051262,7.321991550213713,7.737714998465545
7954,0.0,0.0,113.0,0.0,,6,8.74,2.539107712123789,2.32659064545856,2.578485,2.2185217461202194,2.16486338100599
7956,0.0,0.0,628.0,0.0,,3,0.62,-5.5709261319679735,0.2280781283679771,0.20232329,0.12894482415477496,0.2619936357037531
7958,0.0,0.0,267.0,0.0,,6,19.81,1.2135886842188492,0.809695980654187,0.6030569,0.7056822021358599,0.48920309596507483
7960,0.0,0.0,249.0,0.0,,2,16.5,1.1301305263005137,1.0625347642413732,1.0223672,0.9216902623595814,0.6045648474116625
7961,0.0,0.0,651.0,0.0,,3,2.28,-5.768356924951493,0.2280781283679771,0.21002431,0.13169514927618056,0.23349698423491017
7963,4.0,445.0,567.0,20.405,11.102325957779291,21,96.75,11.13816500422584,11.102325957779291,11.152731,11.042017516232328,11.062605266404153
7964,0.0,0.0,44.0,0.0,,3,4.4,3.1251831334270626,4.276645059846402,3.605502,3.3136419006022977,3.1038646035965094
7965,0.0,0.0,278.0,0.0,,3,9.56,0.17601733205728554,0.809695980654187,0.784403,0.6772979684497417,0.5524287555275418
7967,0.0,0.0,217.0,0.0,,6,5.37,0.7742256327382995,1.0625347642413732,0.91174877,1.0262589600861776,0.9604590770385109
7968,1.0,286.0,473.0,5.89,1.4644994216094067,7,8.37,0.2240023020912849,1.4644994216094067,1.452702,1.485980605164052,1.4348439422397812
7969,3.0,161.0,321.0,9.59,5.903773394256485,16,46.05,6.9655360477757124,5.903773394256485,5.9572144,6.1310253576363385,5.874097079209189
7970,2.0,191.0,330.0,15.015,6.607098369173128,12,32.77,5.875965220221794,6.607098369173128,6.5754104,6.374307316716898,6.4265821931019325
7971,0.0,0.0,480.0,0.0,,4,9.54,-2.709462336359966,0.562158674561362,0.34231484,0.31876140168005423,0.29834002163556317
7972,0.0,0.0,575.0,0.0,,6,21.72,-3.0596895824380725,0.31599932901172306,0.112906724,0.11988890964398197,0.23149875995411673
7976,1.0,65.0,153.0,10.72,4.576675289831404,10,16.96,5.21259702624506,4.576675289831404,4.55857,4.557515504409266,4.729872928345715
7977,10.0,301.0,377.0,9.621,16.622980686406834,43,117.44999999999999,18.064773512739464,19.22796841212916,19.696697,16.470886165748887,17.240975555011122
7978,1.0,363.0,527.0,14.62,2.695084554045174,9,42.769999999999996,3.820948114005513,2.677142591038212,2.7447965,2.3138060189287795,2.6238510312661254
7980,0.0,0.0,444.0,0.0,,5,20.42,-1.3004413287036387,0.6071638539809521,0.19322737,0.3165693869603753,0.3689315379231797
7981,0.0,0.0,351.0,0.0,,3,2.75,-1.4191993580618858,0.6878891425254019,0.6343352,0.41313311155422927,0.6224181718835835
7983,1.0,450.0,527.0,2.18,0.8998948766680488,6,10.81,-0.1284298942233093,0.892502090035836,0.92491645,1.1024152323963041,0.9887100370784934
7986,2.0,359.0,511.0,7.755,2.8120079334922985,14,26.46,2.5778949854677946,2.8120079334922985,2.819058,2.814990102869076,2.749358272701742
7989,4.0,540.0,580.0,10.1875,5.869729299588606,23,43.79,5.761037199657489,5.869729299588606,5.849406,5.7250349725039635,5.639974706989546
7990,0.0,0.0,232.0,0.0,,5,12.58,1.117641389380465,1.0625347642413732,0.86751705,1.0216190332476502,0.7894272609239028
7993,0.0,0.0,67.0,0.0,,5,13.07,3.528241996241973,2.820447678323929,2.8734999,2.285141357307877,2.8405736797263055
7994,2.0,17.0,180.0,11.955,6.231164782347273,14,44.879999999999995,7.8034650463704045,6.231164782347273,6.245266,6.8297531375844285,6.4165542525042065
7996,0.0,0.0,655.0,0.0,,4,11.59,-5.0600963929043425,0.32077864027662517,0.15975767,0.14131943561671906,0.22257286887660133
7997,0.0,0.0,234.0,0.0,,5,12.27,1.064039420527782,1.0625347642413732,0.87437624,1.0216190332476502,0.789353325691664
8000,0.0,0.0,642.0,0.0,,5,11.54,-4.858096106781427,0.32077864027662517,0.18151163,0.12535696999321286,0.24101865101757447
8001,0.0,0.0,28.0,0.0,,3,6.38,3.513903970485623,4.276645059846402,4.729533,3.3136419006022977,4.020613143760862
8002,2.0,259.0,372.0,6.645,3.164925334619741,14,21.09,3.5240416303155486,3.164925334619741,3.1127887,3.094046847659975,3.3405018517000946
8003,3.0,468.0,626.0,12.803333333333335,5.120527859598583,18,50.470000000000006,4.85401222415776,4.8409766855413805,5.3817163,5.30168173104937,5.035996174728074
8008,0.0,0.0,137.0,0.0,,4,7.73,2.0748395536439936,1.0625347642413732,1.7696432,1.7798510544129806,1.8593429445554133
8009,0.0,0.0,169.0,0.0,,4,23.67,2.8931754472904005,1.0625347642413732,1.3651875,1.5854939437418865,1.4892569665100357
8012,0.0,0.0,316.0,0.0,,2,9.72,-0.37645110203383325,0.6878891425254019,0.8065433,0.6918243511557449,0.5633361503288823
8014,0.0,0.0,272.0,0.0,,4,3.74,-0.18527861476258511,0.809695980654187,0.77534795,0.6772979684497417,0.5492632476685051
8015,3.0,463.0,561.0,6.796666666666667,3.268329938629226,14,46.44,4.52747337078813,3.268329938629226,3.3260355,3.3379164235260146,3.307780188014044
8020,1.0,5.0,255.0,18.96,3.4988796772528996,6,23.98,5.102135730257112,3.4988796772528996,3.5077217,3.4394381899247692,3.5555896145134818
8022,0.0,0.0,239.0,0.0,,2,13.16,1.0060121139627398,1.0625347642413732,0.9892696,0.9311507644746718,0.792652250992611
8029,0.0,0.0,201.0,0.0,,2,9.61,1.2674575503201115,1.0625347642413732,1.2037061,1.1580800766083796,1.0312800720370294
8034,2.0,21.0,246.0,4.955,2.143464160736058,10,19.259999999999998,3.76640450669123,2.143464160736058,2.132838,2.00352364200309,2.0887623543263993
8039,2.0,199.0,269.0,3.49,2.5128728133679132,10,11.3,3.422969501085217,2.5128728133679132,2.517043,2.5168452836543427,2.574147611162444
8040,7.0,259.0,302.0,16.054285714285715,23.656983549619834,33,130.89000000000001,18.58534397160917,23.656983549619834,23.578901,23.693539025378595,23.90948118473551
8041,1.0,12.0,489.0,17.68,1.34268152649019,12,48.239999999999995,3.6538318717491722,1.34268152649019,1.3252801,1.2754173023363717,1.2735230328254161
8042,0.0,0.0,258.0,0.0,,4,26.54,1.8442513090635595,0.809695980654187,0.8527938,0.8765951464718451,0.5437571339517362
8044,0.0,0.0,69.0,0.0,,6,9.58,3.238815858278496,2.820447678323929,2.771523,2.3076586075136056,2.8405736797263055
8046,1.0,205.0,608.0,32.54,3.603121997711388,7,43.2,4.415074439725185,3.603121997711388,3.6211119,3.746969228252328,3.752257015869573
8048,1.0,25.0,446.0,7.68,0.9057463737494624,8,14.82,0.18145515030435222,0.9057463737494624,0.9087048,0.9283488458696133,0.9863195092287391
8054,0.0,0.0,719.0,0.0,,3,5.04,-6.524299159849497,0.2280781283679771,0.20686246,0.08389289218060096,0.21588774838490465
8055,1.0,71.0,573.0,5.7,0.646931429261693,6,12.06,-1.9650718377272138,0.646931429261693,0.6880142,0.6493503722981047,0.7253385591168184
8056,0.0,0.0,406.0,0.0,,4,11.15,-1.5168611882151408,0.562158674561362,0.42355877,0.35419026202725273,0.45106680859374215
8059,4.0,573.0,595.0,11.645,6.5404279876204106,17,55.089999999999996,6.693567244542138,6.5404279876204106,6.505375,6.500482837001619,6.515539351644272
8060,0.0,0.0,709.0,0.0,,1,1.65,-6.690786028406097,0.2280781283679771,0.24155928,0.10184153886200893,0.23506340388867564
8061,4.0,143.0,334.0,11.2775,7.4292443620319055,24,69.19,9.653942500924616,7.4292443620319055,7.3736205,7.016690680746333,7.258175264408665
8062,0.0,0.0,583.0,0.0,,5,22.88,-3.100821354208139,0.31599932901172306,0.2617953,0.10841744027194361,0.27133545042955287
8063,3.0,401.0,570.0,10.316666666666668,4.467085627075684,21,61.99,5.981135100101943,4.467085627075684,4.4340467,4.553471748033583,4.669655323851831
8068,2.0,363.0,637.0,11.16,2.977552276071393,17,35.31,2.027695979702021,3.3213523894012233,2.8038747,3.1396409932084453,2.810255392913375
8069,0.0,0.0,27.0,0.0,,4,4.42,3.390282952116153,4.276645059846402,4.722781,3.3136419006022977,4.020613143760862
8070,3.0,377.0,559.0,16.996666666666666,7.083005239602928,18,71.99,7.7030980854059035,7.083005239602928,7.0477905,6.955111277917152,7.20176868745822
8072,0.0,0.0,376.0,0.0,,3,7.74,-1.3783411477041563,0.6878891425254019,0.46767378,0.3999120331031581,0.46569722632510935
8074,4.0,540.0,646.0,12.495,6.371351281483793,20,53.22,5.832897481007032,6.371351281483793,6.342761,6.286162258036189,6.1499746502926325
8077,4.0,305.0,326.0,16.575000000000003,14.242129620839084,20,75.9,11.724000793830061,14.242129620839084,14.22287,14.115086522345978,14.169608781733235
8079,0.0,0.0,107.0,0.0,,4,3.35,2.1547549438762137,2.32659064545856,2.5501187,2.2575289066745703,2.17239982463805
8080,0.0,0.0,235.0,0.0,,4,17.11,1.4186071421715716,1.0625347642413732,0.8964461,1.0290895397739797,0.789353325691664
8083,1.0,324.0,566.0,6.27,1.2900916005655472,6,12.11,-0.6017157589275475,1.2900916005655472,1.352196,1.2987489436350634,1.3302159608587099
8087,9.0,324.0,358.0,15.029999999999998,25.069112452323843,40,141.59,20.362630307209145,24.1027231748372,21.213158,23.4939367074964,23.719013286716304
8089,2.0,332.0,503.0,17.2,5.580767204413984,12,58.16,6.387578887942881,7.786877657220501,6.166215,5.720907316021596,5.705614214489371
8091,3.0,521.0,714.0,12.956666666666665,4.6052342193888895,16,46.93,3.5355039780302677,4.6052342193888895,4.586577,4.510372079863402,4.6479055420841515
8094,0.0,0.0,547.0,0.0,,5,4.27,-4.07577784270908,0.2280781283679771,0.26224566,0.19371303113055874,0.25569655306096006
8097,0.0,0.0,302.0,0.0,,4,4.98,-0.5169900634258346,0.809695980654187,0.71531457,0.6981321441322006,0.5151173004423111
8098,2.0,179.0,663.0,21.174999999999997,3.332358625022307,12,57.47,3.8738709790272674,3.332358625022307,3.332563,3.3540127552280494,3.6418516423756806
8101,0.0,0.0,231.0,0.0,,4,8.28,0.7680172097580762,1.0625347642413732,0.89759445,1.046177276085085,0.7894272609239028
8105,0.0,0.0,321.0,0.0,,4,5.58,-0.7419358289473417,0.6878891425254019,0.6235207,0.6884378291193788,0.5205436704590571
8106,3.0,241.0,290.0,7.6433333333333335,5.893895251370326,17,34.57,6.611125645278788,5.893895251370326,5.8384557,5.686478850676033,5.965371363037599
8107,0.0,0.0,675.0,0.0,,6,31.08,-3.746268912780695,0.815340757509851,0.07214958,0.0501233791127738,0.3180763241488185
8108,3.0,306.0,647.0,8.266666666666667,2.7158126938992666,17,30.8,1.568048050819994,2.7158126938992666,2.7563977,2.778787323069398,2.752156566866308
8110,1.0,65.0,325.0,11.1,2.2568852196311138,8,15.79,2.6614903441621856,2.2568852196311138,2.2077746,2.2130340996645432,2.2954030672903105
8111,1.0,476.0,668.0,4.62,1.0053506367605953,11,8.879999999999999,-1.7522930435134132,1.0053506367605953,1.0104039,1.023634871659884,0.9762910954939841
8113,0.0,0.0,176.0,0.0,,5,24.7,2.8943495239443555,1.0625347642413732,1.3930452,1.3222486222537786,1.1225843757797973
8114,0.0,0.0,240.0,0.0,,4,13.4,1.0492450762516254,1.0625347642413732,0.98426265,0.9311507644746718,0.801206643763007
8115,2.0,102.0,287.0,11.085,4.928045281011889,15,35.24,5.786752461513355,4.928045281011889,4.956955,5.321245281756882,5.062684690801502
8116,4.0,627.0,690.0,15.035,7.301515463380042,17,68.1,7.095904010566921,6.926218840247008,6.783393,7.120264847684266,7.1491906958135445
8117,1.0,165.0,478.0,8.37,1.5059668054693747,10,16.939999999999998,0.6786935837676271,1.5059668054693747,1.5517627,1.4767901437665598,1.454771202422796
8118,4.0,95.0,320.0,13.8025,7.1772625404106165,22,78.4,10.683655866466575,6.198983038273471,8.835326,5.705378886125294,6.906486589634195
8119,1.0,12.0,135.0,1.32,1.4586128312441708,7,5.98,2.9755917056008503,1.4977724445945855,1.8526233,1.913193841100799,2.0490611886208523
8121,3.0,340.0,358.0,3.733333333333333,2.890727502112161,10,21.549999999999997,4.371819385431828,2.890727502112161,2.8732972,2.9462032718133604,3.0250167745491017
8123,0.0,0.0,652.0,0.0,,5,19.32,-4.377934860229076,0.31599932901172306,0.12370338,0.11489184566001687,0.19169192884318775
8124,1.0,169.0,496.0,13.95,2.12760396533331,7,26.46,1.9225308639565242,2.12760396533331,2.1285844,2.0681656281472542,2.0847707022254545
8125,1.0,10.0,657.0,29.9,1.2187712723052009,10,40.7,2.2909155654420474,1.2187712723052009,1.2339786,1.2960939250619468,1.301915575045136
8129,0.0,0.0,634.0,0.0,,4,5.04,-5.283536978841696,0.2280781283679771,0.1711683,0.13113869850109888,0.22853527605616542
8130,1.0,238.0,303.0,2.3,1.3558634871712205,6,11.260000000000002,2.155452569715488,1.3558634871712205,1.3821187,1.3600447208837325,1.4267868269578727
8134,0.0,0.0,320.0,0.0,,3,4.62,-0.8237259846335405,0.6878891425254019,0.6292564,0.6884378291193788,0.5072296358166613
8137,1.0,383.0,483.0,5.85,1.5532337765208362,8,14.06,1.0023008316132653,1.5532337765208362,1.5429465,1.4751070148311496,1.4905324905587785
8138,0.0,0.0,552.0,0.0,,4,8.28,-3.845253922551075,0.2280781283679771,0.26661247,0.18364495436906533,0.26331711910523214
8139,1.0,13.0,292.0,6.22,1.342928451225601,8,13.57,2.0349385867976078,1.342928451225601,1.3126639,1.2609558083653791,1.422415027524
8140,3.0,511.0,559.0,8.049999999999999,3.865321617904495,11,31.76,3.7199772648565594,3.865321617904495,3.832513,3.677955968286664,3.868010446933528
8141,2.0,393.0,457.0,7.390000000000001,3.0828663164551466,7,23.47,3.0875230048655613,3.0828663164551466,3.1488187,3.089596422244549,3.0622441230862822
8145,0.0,0.0,234.0,0.0,,3,13.41,1.1170968590646662,1.0625347642413732,0.8964888,1.0290895397739797,0.789353325691664
8146,1.0,91.0,396.0,10.92,1.9037831140833916,10,21.939999999999998,2.2687286794190458,1.3063418398998774,1.7698941,1.9172279904130969,1.693093651380173
8147,0.0,0.0,712.0,0.0,,3,2.92,-6.593700666085314,0.2280781283679771,0.2507619,0.08562772879407789,0.2038585616732176
8148,1.0,105.0,146.0,5.76,3.315388355434556,9,11.36,4.339835214839503,3.061150053977479,3.5916471,3.246202323828381,3.121851566605332
8151,1.0,132.0,246.0,2.29,1.4321257495114672,5,11.61,2.4880421759340248,1.4321257495114672,1.4290117,1.3892852857291256,1.4655168820166464
8153,0.0,0.0,358.0,0.0,,5,19.94,-0.10297818616964793,0.7496644682170794,0.5872964,0.3885748687167946,0.5425398084041424
8154,1.0,698.0,714.0,7.8,1.4481407358043983,10,28.2,0.5948619628068159,1.4481407358043983,1.4547347,1.5973057298782933,1.3935505410734397
8158,1.0,28.0,603.0,9.48,0.6430728982188022,9,24.6,-1.006488868168188,0.6430728982188022,0.6335252,0.5904510056368323,0.6412527151697063
8159,3.0,157.0,544.0,11.030000000000001,2.773389629848788,16,45.47,3.896300510493465,2.773389629848788,2.7396922,2.529708794866329,2.863074153910632
8161,0.0,0.0,454.0,0.0,,6,7.13,-2.4907002656987416,0.562158674561362,0.2888577,0.33146062568714235,0.37370785165562026
8163,0.0,0.0,56.0,0.0,,7,21.13,4.371018143700756,2.9532235344474165,3.3166358,2.788463576639872,2.9789948111594673
8164,5.0,503.0,701.0,23.002,12.271407509548297,28,130.76,13.421154396930035,12.271407509548297,12.26278,12.148701323915931,12.800307688503423
8165,2.0,198.0,223.0,8.94,5.930865931785858,12,25.189999999999998,5.991482167706848,5.930865931785858,5.9612236,5.969472968414898,6.113328504965734
8166,2.0,52.0,114.0,16.11,13.199310926496757,9,44.6,9.37610400661589,13.199310926496757,13.110816,13.299637303564813,12.807047903998338
8169,10.0,321.0,357.0,12.162,22.510654675206546,46,131.05,19.9478361555392,22.510654675206546,22.516129,22.301849677602178,21.915750683407133
8171,1.0,82.0,698.0,24.14,1.4632852445157598,8,36.38,0.8493962122028638,1.4632852445157598,1.4561065,1.2936071184059958,1.54835830430281
8172,6.0,466.0,621.0,11.693333333333333,8.44523719987263,27,85.65,9.899944656820415,8.44523719987263,8.472626,8.378131041735957,8.487099514737242
8173,1.0,231.0,362.0,35.91,7.680235120954102,13,46.709999999999994,8.938086280891149,10.049222349403207,8.267195,8.17966533147388,8.067821604952442
8175,0.0,0.0,581.0,0.0,,6,11.4,-3.973477969463434,0.32077864027662517,0.15029068,0.1516308284226343,0.28300635649647
8176,3.0,197.0,236.0,18.926666666666666,15.366878425879197,15,64.81,11.141901038842835,15.366878425879197,15.360257,15.396617137739455,15.137352188789077
8179,2.0,166.0,242.0,5.63,3.7422839730309105,16,14.52,4.328849181572938,3.7422839730309105,3.740076,3.5338085371456134,3.70150884684896
8180,0.0,0.0,301.0,0.0,,5,20.52,0.7627108999062902,0.809695980654187,0.47542647,0.6707369959100891,0.4968747029884293
8181,3.0,455.0,597.0,8.68,3.77235038508306,19,30.43,3.0474569219767744,3.77235038508306,3.7555547,3.6847614438504186,3.7333317227488982
8182,0.0,0.0,87.0,0.0,,5,21.95,3.9528964414742926,2.820447678323929,2.5400982,2.325459935421067,2.20112413860034
8183,0.0,0.0,95.0,0.0,,3,2.21,2.2166177919936274,2.32659064545856,2.6259696,2.3337251846506284,2.210230292647636
8184,0.0,0.0,176.0,0.0,,6,19.95,2.532627325618047,1.0625347642413732,1.2349123,1.364414421675509,1.090436231839048
8185,0.0,0.0,408.0,0.0,,2,2.99,-2.238312267987931,0.562158674561362,0.4397149,0.35419026202725273,0.45106680859374215
8187,1.0,21.0,529.0,21.44,1.4790000251636541,7,39.650000000000006,2.8604436147191468,1.391970511472997,1.3490075,1.2730279243880744,1.3956947299170643
8188,3.0,116.0,226.0,12.22,9.600153631284462,17,42.54,8.225493174621334,9.600153631284462,9.550165,9.369190543382201,9.174870215440222
8189,3.0,143.0,487.0,9.92,2.9451834935769883,17,41.24,4.17543404793669,2.9451834935769883,3.1353025,3.434245261763421,3.0694571515845976
8190,1.0,16.0,354.0,19.82,2.522812493062666,10,28.07,4.255226834747185,2.522812493062666,2.5406072,2.477896971970612,2.6603309507469275
8191,5.0,175.0,222.0,18.992,24.74722498946095,33,117.36,17.238519222313755,24.74722498946095,24.744751,24.802854340184933,24.84416786129351
8195,2.0,129.0,186.0,5.165,4.131235855896257,12,15.35,4.886199292521436,4.131235855896257,4.1559796,4.2508278818605945,4.186176164744131
8196,1.0,17.0,527.0,20.53,1.391970511472997,10,38.94,2.7442656973620316,1.391970511472997,1.3766814,1.4559233192741572,1.329839338865776
8198,1.0,394.0,647.0,7.48,1.3229573215384538,9,12.920000000000002,-1.1483306967407678,1.3229573215384538,1.3609418,1.4456574135916964,1.3140313120790772
8199,5.0,513.0,531.0,9.78,7.364164396910587,25,54.41,7.887373450864811,7.364164396910587,7.349401,7.076907241645993,7.0208213510218025
8202,5.0,633.0,678.0,12.164,7.3923103561396495,27,67.13,7.72486368746318,7.3923103561396495,7.3869286,7.350247500903821,7.224794414135454
8203,8.0,232.0,302.0,10.99625,17.989529443447648,40,98.12,15.97551644062867,17.989529443447648,17.984228,17.910941538668883,18.060395228294265
8204,5.0,187.0,283.0,13.116,14.184231573927281,29,79.83,12.512262696347332,14.184231573927281,14.192863,14.219966097774279,14.763633498446657
8206,0.0,0.0,588.0,0.0,,4,10.9,-4.152532776187763,0.32077864027662517,0.19377056,0.13583049540952,0.2837005949514628
8207,1.0,11.0,525.0,12.19,0.8730473538775536,8,17.32,-0.18985636113255833,1.0076437744585829,0.8466614,0.9366297624786561,0.8043633287074607
8211,2.0,18.0,335.0,8.23,1.8976154190708456,9,36.35,4.281245723941007,1.8976154190708456,1.882829,1.9172275019604068,1.7859050942838035
8212,0.0,0.0,296.0,0.0,,4,3.67,-0.5358093705255897,0.809695980654187,0.70861506,0.6981321441322006,0.596272633537124
8215,0.0,0.0,693.0,0.0,,5,8.57,-5.829209513684989,0.2280781283679771,0.18315984,0.10948194755379338,0.25513422690015997
8217,0.0,0.0,250.0,0.0,,4,19.23,1.3730361591286555,1.0625347642413732,0.9945541,0.9216902623595814,0.6339359195893444
8218,1.0,201.0,435.0,2.44,0.9097232952860888,6,14.559999999999999,0.3700903409634986,0.9097232952860888,0.8967819,0.9842403224017519,0.9449608415662443
8220,0.0,0.0,711.0,0.0,,3,22.53,-5.006806587144429,0.31599932901172306,-0.019490011,0.08722044023727789,0.19445489232130786
8224,0.0,0.0,388.0,0.0,,3,11.34,-1.2621165025293566,0.6878891425254019,0.4320528,0.3999120331031581,0.46391668336844294
8226,0.0,0.0,178.0,0.0,,3,7.74,1.467227961944479,1.0625347642413732,1.4183196,1.372671037245377,1.095803224739961
8228,8.0,268.0,340.0,9.59125,14.627019156801332,37,82.61,14.100018592386576,14.627019156801332,14.636605,14.42733428858519,14.372374791953385
8229,1.0,124.0,302.0,11.27,2.9358193169088915,10,33.84,4.776532412672674,2.9358193169088915,2.9550977,3.034744598888308,3.0704605656146935
8230,0.0,0.0,379.0,0.0,,3,4.01,-1.7205638878549356,0.6878891425254019,0.44585955,0.3999120331031581,0.5318503135125914
8231,2.0,141.0,306.0,22.725,9.61192176058417,15,56.019999999999996,8.984772218971383,10.049222349403207,8.702213,9.510512811284812,9.487733045159239
8235,2.0,540.0,685.0,9.88,2.7884330005261155,9,23.6,0.8919573878923273,2.7884330005261155,2.7705,2.6670649954260863,2.7721526511016816
8236,0.0,0.0,194.0,0.0,,3,13.56,1.7039877795872012,1.0625347642413732,1.1751142,1.1809878754006355,1.0449415269693052
8237,2.0,134.0,316.0,12.255,5.236225254963395,16,46.39,6.595561654506016,6.746037283976608,5.8678217,5.752185029267682,5.143977352412588
8239,7.0,288.0,329.0,10.094285714285714,14.326884433808983,34,75.49,13.078153283819578,14.326884433808983,14.309364,14.215468096358823,13.888394699765929
8240,1.0,38.0,202.0,8.51,2.8238203442711245,11,23.740000000000002,4.637268559420949,2.72242916970158,2.9399488,2.871444903640157,2.906405201177269
8241,0.0,0.0,199.0,0.0,,3,7.6,1.1541986017341932,1.0625347642413732,1.192905,1.1580800766083796,1.0449415269693052
8242,7.0,338.0,438.0,19.215714285714284,20.88524378905971,34,142.13,18.360349589408514,20.88524378905971,20.861828,20.835407070598578,20.46893468280615
8245,1.0,138.0,354.0,13.57,2.9381205229986715,8,28.23,3.926929431397022,4.073439081368234,3.4812841,2.7354818118564332,3.0475327759961006
8247,0.0,0.0,319.0,0.0,,6,32.34,1.471046042805428,2.0877125854165453,0.7186045,1.0457043420839456,0.5283680755066893
8248,2.0,584.0,724.0,26.385,6.473213682950356,16,67.73,6.510861083460044,6.473213682950356,6.476921,6.436152321220865,6.442462310965321
8252,1.0,237.0,250.0,14.42,4.933992504502269,11,31.270000000000003,6.30285568789415,4.933992504502269,4.9140973,4.741276510887095,4.907649863130759
8253,0.0,0.0,459.0,0.0,,4,11.77,-2.2288362366207464,0.562158674561362,0.2966897,0.30988849539652813,0.29457441101294
8254,2.0,361.0,433.0,17.19,6.613254075973229,13,49.79,6.8753578994143405,5.47913097200116,6.531013,6.647135075266037,6.571853622704143
8255,2.0,129.0,661.0,5.71,0.8543910826304247,12,29.560000000000002,-0.7248061757105857,0.8543910826304247,0.8397739,0.8639460108783202,0.7641608784617873
8259,4.0,580.0,714.0,11.855,5.5448723338807815,19,53.66,4.968947061860959,6.371351281483793,5.5256467,5.2284387637920755,5.436591318064964
8260,0.0,0.0,144.0,0.0,,5,9.11,2.1040800699319804,1.0625347642413732,1.7339175,1.7723805478866512,1.6438978537672284
8263,2.0,438.0,483.0,16.825,6.059510481905756,12,46.96,6.218680336071212,6.059510481905756,6.1303945,6.366875618376872,6.058231722514246
8266,0.0,0.0,197.0,0.0,,5,10.22,1.4313980370140205,1.0625347642413732,1.1549737,1.1906051051854114,1.0449415269693052
8267,0.0,0.0,268.0,0.0,,5,10.2,0.40941339811475075,0.809695980654187,0.76429456,0.7278033414159802,0.4961188281186075
8269,5.0,381.0,713.0,14.187999999999999,5.967888363314367,23,94.21000000000001,8.424275148661316,5.967888363314367,5.96098,5.71492108394323,6.019530153605782
8270,1.0,41.0,174.0,5.4,2.423052263817837,4,20.58,4.232376282578603,2.423052263817837,2.4503183,2.4921561783249007,2.469579206403818
8271,0.0,0.0,82.0,0.0,,3,10.69,3.083457824490398,2.820447678323929,2.746543,2.4118315062577813,2.4826809107669083
8272,1.0,263.0,385.0,7.95,2.17238401494477,8,20.91,2.6934762131049625,3.4693895885096824,2.1386855,2.2960857983373097,2.164336936415255
8274,0.0,0.0,267.0,0.0,,4,27.94,1.8271730171611131,1.5700575856160297,1.0527294,0.9895413107693006,0.5299632827875591
8275,8.0,577.0,669.0,13.56125,12.418246494324741,42,142.04,16.227181501856204,12.418246494324741,12.455783,12.209934808117872,12.54201924106894
8277,0.0,0.0,610.0,0.0,,4,2.12,-5.172773807380849,0.2280781283679771,0.22161299,0.13517018553666052,0.27855916601861885
8279,9.0,263.0,303.0,19.13666666666667,35.37658699535641,50,184.76999999999998,25.095714646082072,35.37658699535641,35.382458,34.28929336777274,35.18244732397724
8281,4.0,366.0,423.0,15.2175,10.767113472252092,24,70.63,10.079132695964198,10.767113472252092,10.783112,10.530883517078356,10.570797745771387
8282,0.0,0.0,80.0,0.0,,3,1.76,2.396105787004639,2.820447678323929,2.7704227,2.309699600145311,2.4826809107669083
8283,2.0,463.0,701.0,19.325000000000003,4.7152048263584385,17,51.160000000000004,3.983475189913917,4.7152048263584385,4.7261558,4.709148084060003,4.987677064119607
8284,0.0,0.0,301.0,0.0,,3,3.0,-0.6805738431883546,0.809695980654187,0.6765566,0.6981321441322006,0.5151173004423111
8285,1.0,28.0,245.0,27.12,5.6506680295530725,7,38.4,7.6663126927849445,5.6506680295530725,5.6334367,5.78866546476626,5.4491575083483506
8287,3.0,265.0,332.0,13.163333333333334,8.674440447588156,17,59.160000000000004,8.860901912933546,8.674440447588156,8.663827,8.6260807396837,8.848868492328531
8288,0.0,0.0,506.0,0.0,,3,1.87,-3.7173583860600417,0.4105308468223392,0.3832447,0.2981452036416381,0.2122967329300911
8289,4.0,575.0,718.0,9.805,4.613141338518911,18,47.31,4.073941367823902,4.4056511552480195,4.593579,4.361841576973883,4.641170219893754
8290,0.0,0.0,413.0,0.0,,3,9.41,-1.7761718986502002,0.562158674561362,0.44267952,0.35419026202725273,0.42403692470237075
8291,2.0,400.0,709.0,9.045,2.2595175960553853,12,34.39,0.7008424555572672,2.2595175960553853,2.2447717,2.4040281092271623,2.289648895181189
8293,1.0,121.0,276.0,21.38,5.388189856927325,8,41.97,7.159417891061594,5.388189856927325,5.369312,5.3477015454620105,5.566678528357779
8294,1.0,14.0,281.0,6.27,1.4260790939365022,7,21.799999999999997,2.8454411433601767,1.4260790939365022,1.4565114,1.3874900294763195,1.3772603321975563
8296,1.0,288.0,405.0,8.65,2.2426874625967836,12,27.97,3.263031967152281,2.2426874625967836,2.20373,2.3674700695661297,2.3372651002934286
8298,3.0,452.0,618.0,13.353333333333333,5.345737054357659,16,49.62,4.864571749495735,5.725772582438416,5.5128818,5.64812434285812,5.448845738906652
8301,0.0,0.0,673.0,0.0,,6,26.03,-4.122484419466328,0.31599932901172306,0.058682725,0.066392355304229,0.26846017361053853
8302,0.0,0.0,53.0,0.0,,5,11.93,3.638027449100337,2.820447678323929,3.5891466,3.2890836577648637,3.1038646035965094
8304,2.0,554.0,649.0,24.02,6.572790556211213,16,55.75,6.158470653159238,6.572790556211213,6.538431,6.300390092255188,6.444383514184369
8308,0.0,0.0,506.0,0.0,,4,5.76,-3.386240474563392,0.4105308468223392,0.38073772,0.2981452036416381,0.2122967329300911
8310,4.0,392.0,645.0,17.53,7.767646255336265,22,109.22,10.388431369733311,7.767646255336265,7.822785,7.96498622670129,8.351782377846847
8311,1.0,49.0,455.0,15.28,1.6993370619890673,7,25.14,2.03201628068206,1.6993370619890673,1.7253429,1.5951635217180313,1.6670520191256646
8312,0.0,0.0,650.0,0.0,,2,3.96,-5.638445935969565,0.2280781283679771,0.21002431,0.13169514927618056,0.23349698423491017
8314,1.0,355.0,405.0,28.27,6.178935814423255,8,45.55,7.64393915817835,6.178935814423255,6.1920733,6.062085663962795,6.171781627561333
8315,1.0,54.0,333.0,4.26,1.1148412203248972,7,6.09,0.7445321716328652,1.1242139197159438,1.1561763,1.2075466967165216,1.1550510130224545
8317,0.0,0.0,410.0,0.0,,5,20.2,-0.8294500113247016,0.6071638539809521,0.35985577,0.3355810663264337,0.38804514275355917
8318,0.0,0.0,657.0,0.0,,2,2.86,-5.8272556743668416,0.2280781283679771,0.22465935,0.14131943561671906,0.21855076527403128
8321,0.0,0.0,332.0,0.0,,4,4.16,-1.0138925567922428,0.6878891425254019,0.7405333,0.642232301943242,0.5913450800103845
8322,0.0,0.0,331.0,0.0,,5,15.23,-0.09264012250046871,0.7496644682170794,0.6430351,0.6256794361204404,0.5690098508718524
8323,2.0,155.0,473.0,12.030000000000001,3.2423202871925256,15,64.43,5.833184284103547,3.2423202871925256,3.132023,2.3668106512393066,2.7567000337067538
8324,0.0,0.0,450.0,0.0,,4,23.63,-1.1484408317261199,0.6489445261916096,0.37846112,0.3322422164260818,0.41605903213540163
8325,0.0,0.0,275.0,0.0,,6,16.74,0.8524334244358935,0.809695980654187,0.6544886,0.6477063226432919,0.5495947177878655
8326,5.0,182.0,293.0,12.558000000000002,12.985795327746958,26,66.41000000000001,11.133754188540063,12.985795327746958,13.040379,12.903111311109587,13.096004406807818
8329,1.0,461.0,518.0,6.85,1.6775471144918175,8,12.78,0.8996517077626263,1.6775471144918175,1.6555471,1.7100184371900593,1.7175353019498054
8333,1.0,11.0,180.0,8.1,2.72242916970158,9,23.439999999999998,4.708010142545644,2.72242916970158,2.731514,2.670976174453684,2.5721404023651306
8336,3.0,141.0,278.0,16.183333333333334,10.677948625230862,19,62.949999999999996,9.822336480917503,10.677948625230862,10.70488,10.946501478155215,10.964518500000409
8337,1.0,13.0,141.0,37.23,11.921860043411936,12,43.709999999999994,11.022367187958054,11.921860043411936,11.8992195,13.059982575298356,12.477675390260725
8338,2.0,309.0,313.0,14.219999999999999,7.224765736914225,12,40.769999999999996,7.2009704425014185,7.229315568222724,6.369243,7.352073082641765,7.462162627345491
8340,0.0,0.0,84.0,0.0,,4,13.57,3.304840887866302,2.820447678323929,2.7720246,2.3947437699466767,2.4826809107669083
8341,1.0,1.0,192.0,19.74,4.856707241553357,9,28.58,6.524065506163295,4.856707241553357,4.8626623,5.0845350039160655,4.942538735935408
8342,0.0,0.0,706.0,0.0,,4,8.12,-6.07130471357081,0.2280781283679771,0.18493235,0.10184153886200893,0.2523099872633443
8344,0.0,0.0,231.0,0.0,,4,6.32,0.6108451478074977,1.0625347642413732,0.8917834,1.046177276085085,0.7894272609239028
8345,5.0,275.0,335.0,15.946000000000002,16.04575430702867,23,99.89,14.0632370661361,14.78769339320315,16.192816,16.04081137428355,15.665163059447485
8350,0.0,0.0,204.0,0.0,,3,26.42,2.591513349970642,1.0625347642413732,1.419533,1.151458062989718,1.0569369026061652
8351,12.0,500.0,686.0,12.505,13.56526415898096,60,159.01,20.042029205866672,13.56526415898096,13.568686,13.15051876415605,13.68357492659825
8352,0.0,0.0,244.0,0.0,,4,1.91,0.07037771334075504,1.0625347642413732,0.99136144,0.9387779986706868,0.801206643763007
8354,0.0,0.0,456.0,0.0,,3,5.29,-2.7245311179297067,0.562158674561362,0.33625335,0.34396453518248676,0.2834388774574643
8355,7.0,246.0,280.0,19.1,29.590736416611385,36,156.0,21.336688304141518,29.590736416611385,29.606058,29.419558375237074,29.657116414271805
8356,0.0,0.0,447.0,0.0,,2,10.92,-2.162897820942116,0.562158674561362,0.33589607,0.34396453518248676,0.4324471540163728
8359,2.0,464.0,599.0,7.445,2.452155961018928,10,19.93,1.159038106328171,2.6159470235483604,2.3097093,2.424982402786113,2.471434697625177
8362,0.0,0.0,189.0,0.0,,4,3.42,0.9819002166960091,1.0625347642413732,1.2601664,1.3965483303006638,1.039765372813374
8363,6.0,268.0,320.0,18.128333333333334,22.143220999645802,37,112.65,16.557020343328468,22.143220999645802,22.096395,21.653166466051132,21.529266772118323
8364,4.0,247.0,322.0,16.13,13.549549144973351,26,87.08,12.46069365751313,13.549549144973351,13.53933,13.325779305353155,13.84722835338525
8367,4.0,539.0,676.0,15.23,7.306138855241207,25,78.55,7.90553269273866,7.333142070918532,7.411946,7.383611752517052,7.514637546153141
8370,0.0,0.0,240.0,0.0,,2,8.37,0.6075312789542906,1.0625347642413732,1.0002688,0.9482385007857772,0.801206643763007
8371,0.0,0.0,267.0,0.0,,5,12.18,0.5825608177756871,0.809695980654187,0.777765,0.7107156051048749,0.4961188281186075
8373,2.0,158.0,629.0,9.255,1.6173397612841387,11,27.39,0.1713404541538024,2.7541465360262545,2.1301582,1.5454048289369098,1.7640246926546412
8374,4.0,557.0,741.0,8.8975,4.0323933451105525,20,41.11,3.074145237801867,3.823628681958491,3.7032356,3.9475631306095273,4.166242047240775
8375,1.0,122.0,172.0,47.25,16.555570973348534,10,50.37,12.977695010841568,11.934128218451752,13.819798,14.283513727239145,15.081255884591638
8376,1.0,138.0,227.0,26.38,7.995344163877453,12,32.82,7.982988396888419,7.995344163877453,8.015362,7.67004579831492,7.628753420710473
8380,1.0,84.0,213.0,2.32,1.4920077441830424,8,9.11,2.5998151651823163,1.4920077441830424,1.497748,1.3803649793977237,1.5080081836238008
8381,1.0,72.0,279.0,15.8,3.648835090286215,8,23.79,4.652043659092926,2.459415990839663,3.4050915,3.7522531206805745,3.8171536490082985
8388,7.0,313.0,336.0,23.504285714285714,32.29465429747944,40,178.69,23.354486907739826,32.29465429747944,32.287754,31.360833322518236,32.33644946970675
8390,0.0,0.0,457.0,0.0,,3,20.98,-1.4807242852096625,0.6489445261916096,0.1801119,0.3240398934867047,0.21227595732421367
8391,2.0,91.0,275.0,8.335,3.9328543511685266,12,36.83,5.59447302345102,3.9328543511685266,3.9379566,3.757910370971456,3.9490167906432183
8394,0.0,0.0,324.0,0.0,,3,16.18,0.04578217692540365,0.6878891425254019,0.64613456,0.6331499426467698,0.569161492004234
8397,3.0,192.0,254.0,18.156666666666666,13.891337112666097,14,64.72999999999999,10.726952424485681,13.891337112666097,13.997642,14.312780493443016,13.88180101955206
8400,1.0,126.0,306.0,15.8,3.7983519967884476,7,24.96,4.590356300104116,3.7983519967884476,3.857789,3.6859703639343366,3.7265451366465965
8403,1.0,89.0,679.0,12.9,0.9439890257732626,7,43.86,0.16854593757201375,0.9439890257732626,0.92021066,0.45914336635070335,0.5175619723963951
8404,5.0,345.0,393.0,17.574,15.897950594163841,23,101.99000000000001,13.95135565574709,15.897950594163841,15.846422,16.003617686502988,15.43788318458416
8405,7.0,268.0,325.0,13.502857142857142,18.866394534816216,36,111.16,16.416399246225705,18.866394534816216,18.813778,18.919331897758802,19.10934992511962
8406,0.0,0.0,625.0,0.0,,4,15.34,-4.328237704887325,0.31599932901172306,0.17378506,0.11185708784366963,0.26044743828896433
8407,1.0,409.0,616.0,11.79,1.977532644372344,6,17.08,0.24409383985740218,2.2245119762089947,2.123237,2.0920892292231987,2.0506412902996907
8410,1.0,224.0,648.0,5.8,0.8852570618180624,7,10.76,-2.4009071826643362,1.0286366026109328,0.9121625,0.9727540837435519,0.882773937482555
8411,0.0,0.0,609.0,0.0,,5,2.81,-5.083891782806936,0.2280781283679771,0.22628598,0.12769967901033114,0.27765276760187785
8414,6.0,499.0,571.0,16.433333333333334,13.158947434948555,29,101.16,12.715335870222471,13.158947434948555,13.157399,13.01519341933492,12.33016776396966
8415,0.0,0.0,230.0,0.0,,4,4.86,0.5081395607796639,1.0625347642413732,0.89076656,1.046177276085085,0.810572066407202
8417,0.0,0.0,97.0,0.0,,2,15.54,3.237625588171663,2.32659064545856,2.6342626,2.316637448339524,2.210230292647636
8418,2.0,334.0,593.0,7.575,2.277585923302768,5,24.450000000000003,0.9240041264312882,2.277585923302768,2.230074,2.246970344048659,2.1944134589007636
8421,0.0,0.0,313.0,0.0,,4,12.47,-0.07445542801580984,0.6878891425254019,0.7078782,0.6747366148446395,0.6258212820310591
8423,0.0,0.0,484.0,0.0,,3,11.16,-2.6562205428287946,0.4105308468223392,0.38349152,0.31876140168005423,0.2212398389426129
8427,14.0,671.0,704.0,9.983571428571429,15.217320057696611,51,147.08,20.52920473969291,15.217320057696611,15.212058,15.325813276524398,14.92907044453406
8428,0.0,0.0,40.0,0.0,,4,9.91,3.6436948101548836,4.276645059846402,4.7126017,3.3136419006022977,4.020613143760862
8429,0.0,0.0,126.0,0.0,,5,5.97,2.1109721123781005,1.0625347642413732,2.1149025,2.1091194056265454,1.895791713294967
8430,0.0,0.0,342.0,0.0,,5,26.93,0.6874936867931969,0.7496644682170794,0.8580488,0.7000645994463558,0.6398859000744874
8434,1.0,26.0,133.0,6.63,3.2554156464396726,8,11.879999999999999,4.302256732140875,3.221369592647509,3.0184383,3.266280220941639,3.242639576847368
8435,5.0,434.0,689.0,19.072,9.614147208767106,26,110.98,11.099525196060256,9.614147208767106,9.566844,9.526390909646073,9.75700510147636
8438,1.0,68.0,108.0,29.44,13.415029112943351,9,33.27,9.772122328179135,13.415029112943351,13.427113,13.653496238807934,13.32736456901764
8439,2.0,130.0,572.0,2.33,0.62959424212846,10,26.69,-0.18084880761068511,0.62959424212846,0.6233106,0.6109651794014361,0.602083611358827
8441,0.0,0.0,486.0,0.0,,1,0.85,-3.5500797517820653,0.4105308468223392,0.3942126,0.2981452036416381,0.21522331250812865
8442,3.0,488.0,661.0,6.336666666666666,2.620504030585748,17,27.79,1.7047070088572829,2.620504030585748,2.6106753,2.6125857755759476,2.775949907969556
8448,1.0,471.0,634.0,12.22,2.0577998815038314,8,20.62,0.6565824158751745,2.0577998815038314,2.0475252,2.130014115089135,1.9931605189565333
8451,0.0,0.0,593.0,0.0,,4,7.8,-4.472979047316968,0.2280781283679771,0.1253056,0.13517018553666052,0.2878715958081681
8452,7.0,668.0,713.0,13.758571428571429,10.77637600396963,39,117.53,13.308695638494363,10.77637600396963,10.755224,10.554215745590914,10.67819826245978
8454,5.0,590.0,689.0,12.930000000000001,7.601554827067741,22,68.49,7.4863101301104855,6.975645961594784,7.701721,7.439177462144456,7.250706545837551
8457,4.0,414.0,640.0,13.0825,6.133696517462817,24,73.03999999999999,7.079816433293475,6.133696517462817,6.1807156,6.451553675479584,6.494462739072259
8462,3.0,231.0,333.0,8.81,5.8573062285832,19,37.45,6.378509468998373,5.8573062285832,5.842925,5.971265857445319,5.84854430458597
8463,2.0,209.0,291.0,16.2,8.110222979144398,12,43.38,7.536393893235224,8.110222979144398,8.211641,8.275646747533276,8.133267623226015
8466,6.0,658.0,731.0,15.428333333333333,10.179424216447389,26,109.08,11.594448317923145,10.179424216447389,10.137029,9.916644976817944,9.972780989090106
8467,2.0,139.0,606.0,21.04,3.287770190392002,13,46.47,3.624872415546145,2.2107686186421787,3.2575994,3.14625074598046,3.4750939076966025
8469,0.0,0.0,165.0,0.0,,6,10.6,1.9409396110100243,1.0625347642413732,1.2523912,1.6825373360005487,1.5270496043139596
8470,0.0,0.0,85.0,0.0,,5,25.74,4.285559010116778,2.820447678323929,2.808519,2.962835430485639,2.553683077566972
8471,0.0,0.0,229.0,0.0,,4,15.4,1.367711904061494,1.0625347642413732,0.88943803,1.0290895397739797,0.810572066407202
8472,0.0,0.0,471.0,0.0,,3,14.73,-2.1831125634837276,0.6071638539809521,0.26234823,0.30988849539652813,0.2947035211985085
8473,0.0,0.0,391.0,0.0,,5,10.38,-1.3438544555911198,0.562158674561362,0.4441033,0.3924415265768287,0.44196197772970347
8474,1.0,30.0,193.0,8.92,2.9594472199379966,8,13.9,3.9398828094221443,2.9594472199379966,2.9238791,3.0130925896463747,2.909634958896308
8477,1.0,308.0,420.0,17.82,3.857701081918931,10,25.310000000000002,4.167578717296031,3.857701081918931,3.876541,3.9305954964268657,3.8791866739591185
8478,0.0,0.0,400.0,0.0,,3,5.57,-1.8972705412713529,0.562158674561362,0.44585955,0.34582933030119656,0.4642855761664135
8480,0.0,0.0,74.0,0.0,,1,3.98,2.621997606228443,2.820447678323929,2.889003,2.309699600145311,2.8405736797263055
8482,1.0,188.0,265.0,4.03,1.8833055687497628,7,18.31,3.2942437151620503,1.8833055687497628,1.8700528,1.7615444975869505,1.8761467308673643
8483,1.0,361.0,656.0,13.83,1.9861318210142338,8,22.25,0.18287101682257312,1.9861318210142338,1.9739629,2.0239670153024876,1.98906370465148
8486,3.0,194.0,334.0,11.659999999999998,7.165354207639821,14,62.449999999999996,8.497895334863259,7.165354207639821,7.205319,7.026865987470324,7.4875202874724955
8487,1.0,11.0,38.0,17.96,12.066453027411455,9,26.020000000000003,8.330428420449206,12.066453027411455,12.061885,11.641203391111167,12.165267470990587
8488,0.0,0.0,317.0,0.0,,3,12.53,-0.14630976542489504,0.6878891425254019,0.77661496,0.6747366148446395,0.48971181629371774
8490,0.0,0.0,223.0,0.0,,3,5.62,0.6505052753968998,1.0625347642413732,0.9742742,1.0488935959011434,0.8782423180957322
8491,1.0,169.0,256.0,7.73,2.8270580145476805,6,10.01,3.166156973817971,2.5142457579447273,2.9077654,2.795789703209791,2.6566072868232373
8492,0.0,0.0,610.0,0.0,,1,6.23,-4.90073206351359,0.2280781283679771,0.26347163,0.13517018553666052,0.27855916601861885
8497,4.0,299.0,353.0,10.690000000000001,8.798985612572494,17,54.6,8.721882146780278,8.798985612572494,8.700341,8.63271689787598,8.779939922477755
8498,5.0,251.0,313.0,12.566,13.34874161614221,19,64.02,10.843147777895933,7.706967453992248,10.895096,12.391690361772289,11.890712606507734
8499,1.0,19.0,384.0,4.68,0.802370066464946,8,15.77,0.7024193136150076,0.802370066464946,0.82528836,0.829728264808131,0.8719917919060656
8500,2.0,429.0,489.0,20.05,7.002950857803871,14,66.1,8.113350380504027,7.002950857803871,7.014965,7.054961471921523,7.143626963295519
8503,0.0,0.0,314.0,0.0,,4,1.86,-0.9396410592244466,0.6878891425254019,0.7930666,0.6918243511557449,0.5291245363303165
8504,2.0,644.0,683.0,16.2,4.474488794387029,15,58.849999999999994,5.2284178642616235,4.474488794387029,4.4439216,4.628561349978771,4.6646282894227715
8510,3.0,99.0,217.0,22.87,17.222618875382253,19,76.0,12.482023744486153,17.222618875382253,17.208456,17.165582926782196,16.90008935689226
8511,10.0,610.0,657.0,12.049,14.04716527950604,41,141.98,17.748262528532305,14.04716527950604,14.053986,14.202375992489218,14.044769154438981
8517,0.0,0.0,340.0,0.0,,3,4.68,-1.1063458181788235,0.6878891425254019,0.7174696,0.642232301943242,0.6077914185996542
8518,0.0,0.0,618.0,0.0,,5,12.69,-4.420960337290552,0.31599932901172306,0.23922572,0.10438658131734024,0.26381615820569415
8522,5.0,126.0,165.0,7.872,12.74634210539616,26,51.68,10.877730558313221,12.74634210539616,12.753478,13.206988096182334,12.88221322341598
8524,0.0,0.0,622.0,0.0,,4,34.67,-2.7350536553339824,0.815340757509851,0.019107435,0.10475400965500792,0.26513976031850106
8528,4.0,540.0,578.0,11.3375,6.500967692776062,21,56.82,6.95663779802285,6.351417515134083,6.3032203,6.3544109268998294,6.532615833071813
8529,1.0,5.0,242.0,5.57,1.505910836419487,11,12.79,2.6205891697240684,2.143464160736058,1.5327709,1.569177036997177,1.504221225461471
8530,0.0,0.0,203.0,0.0,,4,15.04,1.7125041563080856,1.0625347642413732,1.2015021,1.0470213931423522,1.0312800720370294
8533,0.0,0.0,293.0,0.0,,4,18.43,0.6909071672348226,0.809695980654187,0.6804121,0.6810444078210952,0.5336546515416272
8534,6.0,198.0,363.0,14.31,13.02118634236303,29,90.86,13.17960521593345,13.02118634236303,12.977943,12.694462105007512,12.708525287934183
8536,0.0,0.0,427.0,0.0,,5,4.6,-2.3247278604445727,0.562158674561362,0.3892631,0.3425650885951392,0.39137908917077624
8541,2.0,524.0,575.0,16.919999999999998,5.3180940875181495,11,52.35,5.723645144324807,5.3180940875181495,5.328513,5.489945338251625,5.477917780789699
8542,0.0,0.0,33.0,0.0,,4,6.95,3.506933848797391,4.276645059846402,4.723798,3.3136419006022977,4.020613143760862
8544,1.0,83.0,329.0,27.58,5.0361899433893305,10,30.58,6.210056074621491,3.1681660424877434,4.6016893,5.314040444549332,4.730911060067789
8546,0.0,0.0,457.0,0.0,,5,11.75,-2.1825174284303124,0.562158674561362,0.33032054,0.319406292345052,0.2834388774574643
8548,3.0,137.0,348.0,17.37,8.573715932332343,17,55.02,8.288873670295413,8.573715932332343,8.617866,8.434673641538662,8.577249971193794
8550,2.0,229.0,452.0,7.28,2.6691395624201077,13,48.13,4.472172864119219,2.6691395624201077,2.615288,2.3055020461556093,2.796330318311908
8551,6.0,612.0,695.0,19.188333333333333,13.0483907100501,38,121.43,13.642161570632535,13.0483907100501,13.09685,13.0724997010543,12.973480146826937
8554,0.0,0.0,400.0,0.0,,4,3.52,-2.042480205277987,0.562158674561362,0.4401238,0.34582933030119656,0.4642855761664135
8555,1.0,299.0,682.0,6.4,0.9990624970107598,9,16.04,-1.9945354403616067,0.9990624970107598,1.0595565,1.0020265086176674,0.9025477425261563
8556,2.0,612.0,679.0,10.35,3.006915281863481,11,23.630000000000003,1.4200857987219386,3.006915281863481,3.0019767,2.7604212427591,3.011973602595651
8557,2.0,556.0,698.0,27.45,6.906295496961981,15,67.39,6.85605696011364,6.906295496961981,6.902497,7.131284141663202,6.796490681437302
8558,1.0,5.0,97.0,6.87,3.8342068954821524,10,15.780000000000001,5.106310930821171,3.8342068954821524,3.8438995,3.7446114974733797,3.7510398393852133
8560,0.0,0.0,439.0,0.0,,5,10.86,-1.9951982740511305,0.562158674561362,0.38372558,0.33649402865615735,0.42901212799359545
8561,0.0,0.0,76.0,0.0,,4,34.65,5.110214941389012,2.820447678323929,2.523835,2.840309364534487,2.628947428392466
8562,0.0,0.0,604.0,0.0,,3,21.31,-3.5668811326228615,0.31599932901172306,0.07733615,0.10342826675800822,0.24316639336344537
8563,0.0,0.0,619.0,0.0,,4,7.1,-4.902772516740913,0.2280781283679771,0.25760368,0.12894482415477496,0.26381615820569415
8564,6.0,286.0,333.0,12.203333333333333,14.78769339320315,32,99.29,14.460742304831346,14.78769339320315,14.77807,14.801217614792172,15.126284537029091
8568,0.0,0.0,161.0,0.0,,4,15.5,2.352997045683303,1.0625347642413732,1.3837401,1.677953509184788,1.574107238971636
8569,0.0,0.0,354.0,0.0,,4,4.27,-1.3212460212809196,0.6878891425254019,0.61086136,0.41313311155422927,0.5977241060358445
8570,0.0,0.0,392.0,0.0,,4,30.5,0.23601383064697545,1.4920476712206507,0.53748745,0.3521308873291815,0.45979885456146796
8571,3.0,159.0,236.0,20.790000000000003,16.219370515461925,20,81.33,12.64521276496805,16.219370515461925,16.247215,15.869267591396918,16.3240672401494
8573,0.0,0.0,190.0,0.0,,4,4.03,1.016444450326909,1.0625347642413732,1.2683592,1.3965483303006638,1.0667096011204116
8574,1.0,281.0,690.0,15.78,1.8611810320607522,8,20.32,-0.5615346065750964,1.9997262978870591,1.7784795,1.7075227529620989,1.7977409953916252
8576,1.0,207.0,315.0,19.27,4.953624436997766,7,29.1,5.654368938826055,4.953624436997766,4.977861,5.099528956855125,4.997734185240512
8577,3.0,380.0,597.0,16.686666666666667,6.4571741501407,17,65.13,6.5584576238574455,6.4571741501407,6.348447,6.56006438241675,6.324228898021106
8578,5.0,556.0,701.0,17.306,9.693909565305306,23,90.61999999999999,9.559292540940957,9.693909565305306,9.652972,9.668476111278926,9.234946380434423
8585,0.0,0.0,218.0,0.0,,3,8.1,0.9212338534601052,1.0625347642413732,0.9851924,1.038762869581522,0.9604590770385109
8587,1.0,146.0,682.0,4.25,0.5568467553188448,3,5.22,-3.990194109231945,0.5568467553188448,0.5572272,0.47334935733277894,0.5586643317903954
8592,6.0,225.0,331.0,9.556666666666667,11.008775021835337,28,82.72,12.430670564833754,11.008775021835337,11.036653,10.994839642554266,11.341925528175206
8593,1.0,87.0,723.0,9.12,0.6440267751935497,7,13.41,-3.441945735324486,0.6440267751935497,0.6247815,0.5386650241694051,0.5688845297787362
8594,1.0,18.0,602.0,8.28,0.5424149948575325,7,16.77,-1.8722885580502702,0.5424149948575325,0.5152257,0.569005224067358,0.629138440815221
8596,0.0,0.0,144.0,0.0,,5,15.6,2.6245120505744577,1.0625347642413732,1.7374063,1.755292811575546,1.6438978537672284
8597,0.0,0.0,410.0,0.0,,4,16.52,-1.1437280590409324,0.6071638539809521,0.4583329,0.3371025257161474,0.45106680859374215
8599,0.0,0.0,123.0,0.0,,5,26.38,3.7907611756593127,1.0625347642413732,2.1849074,2.6638608845493668,1.9753877361740537
8601,0.0,0.0,681.0,0.0,,3,16.08,-5.092884139890628,0.31599932901172306,0.24814674,0.10417769467527566,0.2680899376259527
8602,2.0,151.0,325.0,12.795,5.463471684862298,15,33.21,5.544667259076894,5.463471684862298,5.5518913,5.5209052939106105,5.313619963916733
8606,2.0,326.0,707.0,10.2,2.284593238518024,10,35.519999999999996,0.5979560449003718,2.284593238518024,2.3314939,2.3351257402341123,2.3243061785863253
8607,0.0,0.0,312.0,0.0,,6,24.86,0.9718270610312949,0.7496644682170794,0.60041195,0.6389747435454731,0.6630043152771954
8615,5.0,217.0,360.0,12.574,10.94164142331706,25,87.82,12.033915474314732,10.94164142331706,10.965288,10.751514888907767,11.112656300097902
8617,1.0,133.0,512.0,4.03,0.8013605827613117,5,11.92,-1.0626671820117037,0.8013605827613117,0.7764982,0.8785190630050443,0.7566506538248854
8618,1.0,148.0,357.0,11.93,2.6865377858271744,7,30.64,3.8758412199278514,2.6865377858271744,2.7601793,2.9367271899887535,2.753875978248414
8619,2.0,388.0,436.0,12.780000000000001,5.107176741991781,16,50.2,6.433630078076627,6.556954456513125,4.4870367,4.833693316294396,5.188377620113854
8621,0.0,0.0,233.0,0.0,,5,30.16,2.513006996124282,1.0625347642413732,0.9374765,1.0371375769293711,0.8007670517690233
8622,0.0,0.0,71.0,0.0,,2,8.33,3.0331175218664876,2.820447678323929,2.8931298,2.309699600145311,2.8405736797263055
8623,1.0,20.0,575.0,9.39,0.6552714911179844,8,28.91,-0.32748427450469864,0.6552714911179844,0.65605307,0.5169992306704481,0.6925019640309014
8624,0.0,0.0,81.0,0.0,,5,3.82,2.585284235390491,2.820447678323929,2.7475812,2.404360999731452,2.4826809107669083
8625,0.0,0.0,220.0,0.0,,2,2.47,0.42184251974887044,1.0625347642413732,0.9742742,1.038762869581522,0.9604590770385109
8626,1.0,10.0,321.0,2.25,0.6878891425254019,3,3.11,0.11596496978698001,0.6878891425254019,0.6856172,0.7387468604415489,0.658131941903477
8627,0.0,0.0,15.0,0.0,,4,11.08,4.096805937356116,4.276645059846402,4.732091,3.3136419006022977,4.020613143760862
8629,0.0,0.0,575.0,0.0,,3,4.35,-4.510125333825114,0.2280781283679771,0.26829922,0.16413473791797872,0.2814891964857802
8630,0.0,0.0,366.0,0.0,,3,13.87,-0.7430618933725537,0.6878891425254019,0.71919215,0.396045375243124,0.5230846095656254
8634,0.0,0.0,692.0,0.0,,2,11.47,-5.639825899964113,0.32077864027662517,0.18659964,0.11695245408012277,0.25513422690015997
8638,1.0,10.0,291.0,5.57,1.2358946415582377,7,19.9,2.4331201740025517,1.2358946415582377,1.2085856,1.240229141131934,1.2763962938463447
8639,1.0,3.0,35.0,8.82,6.948698154538521,6,32.82,7.549628087809851,6.948698154538521,6.947751,6.832357286441329,7.234014557600055
8640,0.0,0.0,115.0,0.0,,5,12.96,2.829586179541738,2.32659064545856,2.1321216,2.20646741277813,1.9387729350693883
8644,1.0,584.0,698.0,12.47,1.9997262978870591,7,21.11,0.3184833162386669,1.9997262978870591,2.0099287,2.0155300460592445,1.9920700347064608
8645,0.0,0.0,180.0,0.0,,3,16.78,2.1634008804580764,1.0625347642413732,1.2515502,1.3680707361255533,1.1353069349209441
8647,4.0,542.0,658.0,11.045,5.576107077897516,20,57.709999999999994,5.827641781663331,6.330737949341231,5.5801873,5.676303044781573,5.556104019924956
8649,1.0,8.0,114.0,12.24,5.293986942356714,8,24.47,6.283200522390196,5.293986942356714,5.342565,5.139607298765518,5.134238481950005
8652,0.0,0.0,114.0,0.0,,4,5.28,2.208920382882127,2.32659064545856,2.155371,2.231025655615564,1.9387729350693883
8653,1.0,66.0,664.0,3.54,0.3745458544296232,9,10.620000000000001,-3.65529052522934,0.3745458544296232,0.3740161,0.38564626747482617,0.3335121813242976
8657,1.0,19.0,421.0,11.59,1.285382153235939,7,30.69,2.3113765111805695,1.285382153235939,1.2841625,1.1645782503211157,1.0556417644931768
8658,3.0,210.0,353.0,19.606666666666666,11.206094435091964,16,67.13000000000001,9.821054739931554,11.206094435091964,11.199596,11.299365296361053,10.99450784691081
8659,1.0,315.0,366.0,14.87,3.8314823664282622,8,27.33,4.688580944635784,3.8314823664282622,3.7992241,3.785990619582373,3.9308272823600605
8663,2.0,367.0,563.0,11.43,3.5297669049318117,12,32.69,2.8414870960381875,3.5297669049318117,3.6063712,3.646371632549217,3.425995414020871
8665,2.0,272.0,634.0,8.870000000000001,2.1648518564966843,11,36.95,1.3437886172073674,2.1648518564966843,2.1578825,2.1982398196596558,2.1555668917819553
8667,4.0,253.0,357.0,16.57,12.663217980549668,25,96.64,12.794439815731373,12.663217980549668,12.718793,12.537894059491492,13.10025970335525
8668,0.0,0.0,94.0,0.0,,2,6.7,2.5718621963230683,2.32659064545856,2.6269865,2.3337251846506284,2.210230292647636
8669,0.0,0.0,476.0,0.0,,5,19.09,-1.8669837564278913,0.6071638539809521,0.26823533,0.2942031588426195,0.2744136330033564
8670,10.0,227.0,258.0,14.847999999999999,33.95433174843892,51,165.01999999999998,24.12692377930399,33.95433174843892,33.95312,32.73265512421883,33.90746070853421
8682,1.0,25.0,388.0,27.93,3.148628645585994,10,35.37,5.524696497721769,3.148628645585994,3.2254565,3.2568863301962034,3.0265624661913537
8683,3.0,182.0,267.0,8.123333333333333,6.340978059122523,19,32.52,6.607559205738558,5.893895251370326,5.4602814,5.686098830952443,6.315119880539401
8684,1.0,22.0,474.0,7.05,0.759126150439517,7,12.07,-0.5624735963521266,0.759126150439517,0.7440376,0.7862980922990859,0.7707213650900142
8685,0.0,0.0,283.0,0.0,,5,24.11,1.3092804816010797,0.809695980654187,0.8506227,0.6944508295549187,0.572670897985228
8687,3.0,550.0,662.0,14.58,5.656044897631593,15,49.04,4.794358835763251,5.656044897631593,5.683247,5.578609411460549,5.624639235799006
8688,1.0,63.0,241.0,9.3,2.7487442139831653,9,24.200000000000003,4.301983476920688,2.976707758367212,2.9310958,3.0209286950180605,2.9964986196284524
8689,0.0,0.0,607.0,0.0,,3,2.33,-5.131998742542172,0.2280781283679771,0.25335774,0.13517018553666052,0.28923839008708097
8691,1.0,69.0,265.0,6.42,1.9662763804361527,9,16.6,2.9740356143986526,1.9662763804361527,1.9601506,2.019539015073517,1.8428313816737383
8692,0.0,0.0,139.0,0.0,,4,6.57,1.953076231394376,1.0625347642413732,1.7710797,1.7798510544129806,1.860645282645737
8697,7.0,271.0,355.0,10.635714285714286,13.774185693789883,32,90.26,13.846788581240716,13.774185693789883,13.792821,13.805659853356685,14.1181028557839
8698,0.0,0.0,116.0,0.0,,5,9.6,2.54577679789519,1.0625347642413732,2.1450934,2.2235551490892345,1.9387729350693883
8699,0.0,0.0,578.0,0.0,,3,22.36,-3.1090212235648833,0.31599932901172306,0.182436,0.14319493087872584,0.23301591996480475
8700,0.0,0.0,366.0,0.0,,4,21.73,-0.09359036659845632,0.6878891425254019,0.6478879,0.39060868105842445,0.5274391482278515
8701,0.0,0.0,20.0,0.0,,6,10.88,4.047269130894281,4.276645059846402,4.6397343,3.2918311474610826,4.020613143760862
8704,2.0,161.0,275.0,6.744999999999999,3.8314739298256693,12,23.349999999999998,4.618103137816096,3.8314739298256693,3.7587733,3.9643056766242464,3.6320203982719037
8708,3.0,127.0,329.0,16.286666666666665,8.419811883577584,20,60.88,8.891724912190146,7.322491949418893,7.578635,7.942976159121075,8.140491794772737
8709,4.0,178.0,269.0,10.2375,9.698483841811449,19,54.97,9.370031683570886,9.698483841811449,9.74429,9.569145992550206,9.686506144148854
8710,5.0,182.0,214.0,9.104,12.74577344366899,22,52.94,10.630645934287319,12.74577344366899,12.719891,12.658467258858762,12.455258942639503
8713,0.0,0.0,332.0,0.0,,6,25.56,0.7405287171025261,0.7496644682170794,0.72879666,0.5474109123138416,0.6354265480373691
8717,4.0,639.0,683.0,11.219999999999999,5.624999334708424,23,52.8,5.608690854220858,5.624999334708424,5.6414576,5.609750836419775,5.602041834693547
8718,0.0,0.0,409.0,0.0,,3,9.94,-1.676185045422157,0.562158674561362,0.44731998,0.35419026202725273,0.45106680859374215
8723,1.0,95.0,142.0,23.64,9.740547042091752,8,32.370000000000005,8.50930363441595,11.774579339062809,11.485845,10.420461134337163,9.17445249276822
8724,1.0,420.0,597.0,10.89,1.9464321470309702,7,25.22,1.1148650290945268,2.0517215751889237,2.1476061,2.1832132792567776,2.1044750818586477
8728,0.0,0.0,121.0,0.0,,5,15.44,2.9422275848466857,1.0625347642413732,2.1507068,2.1089885362250222,1.895791713294967
8729,1.0,83.0,184.0,54.46,16.773282660130803,11,69.94,15.217226600584077,16.773282660130803,16.763464,16.7095433633421,16.413426417468102
8730,4.0,309.0,690.0,12.26,3.9777111232242994,20,57.82,4.459930278086346,3.9777111232242994,4.0427604,3.9498501871553904,4.017277232065567
8731,10.0,678.0,714.0,13.197,14.389340586070416,38,150.81,18.056643699454,15.190755420195991,15.824105,15.020238942740086,13.810055541554515
8734,2.0,91.0,129.0,8.05,7.13495963894296,14,34.66,7.517330816556224,7.13495963894296,7.106207,7.035654721465415,7.238128753117348
8737,2.0,193.0,676.0,14.15,2.3534821135777384,11,53.32,2.420843022101799,2.3534821135777384,2.3478465,2.140896358726986,2.4245820735290167
8739,1.0,39.0,402.0,4.83,0.8604670056791561,5,13.38,0.30867640884885095,0.8604670056791561,0.9088433,0.9295174168199174,0.861398985339104
8742,3.0,347.0,376.0,19.433333333333334,11.678928723662011,16,69.81,10.319827676411528,11.678928723662011,11.658611,11.753923657103352,11.551675229476253
8745,2.0,228.0,314.0,14.055,6.788846987826398,13,32.53,6.144455187042291,7.63092680695799,6.4361672,6.945685637060972,6.630156048838708
8746,6.0,676.0,729.0,16.368333333333336,10.861228833560856,31,111.99,12.167404940253459,10.861228833560856,10.887596,11.119333095472637,10.717324145953011
8747,0.0,0.0,335.0,0.0,,4,3.22,-1.1323856781460249,0.6878891425254019,0.7287457,0.642232301943242,0.5945219318572175
8749,1.0,355.0,675.0,23.0,2.9091830499500215,7,41.31,2.6696441217546845,2.9091830499500215,2.8864732,3.0021599060342004,2.8723671692111417
8751,0.0,0.0,79.0,0.0,,2,5.27,2.6727641603587906,2.820447678323929,2.7704227,2.309699600145311,2.4826809107669083
8752,2.0,231.0,294.0,11.355,5.976403097544102,14,25.770000000000003,5.546508662218498,5.976403097544102,6.018904,6.01685751002461,5.883825687481984
8753,1.0,234.0,390.0,20.27,4.303231141579763,7,28.84,4.820932270367474,4.303231141579763,4.2603283,4.358258774242424,4.129156710337735
8754,0.0,0.0,27.0,0.0,,5,2.15,3.2274315260538415,4.276645059846402,4.7056756,3.3061713940759683,4.020613143760862
8756,0.0,0.0,312.0,0.0,,4,12.11,-0.088952204765258,0.6878891425254019,0.7078782,0.6747366148446395,0.6258212820310591
8757,0.0,0.0,620.0,0.0,,4,4.14,-5.15450596737714,0.2280781283679771,0.25531408,0.12894482415477496,0.26494346954964065
8758,1.0,548.0,703.0,11.39,1.8151685084631257,9,27.04,0.44212572123342664,1.8151685084631257,1.8301548,2.0584671315374323,1.8686955445802669
8760,1.0,20.0,285.0,1.95,0.809695980654187,7,4.59,0.8335229545147387,0.809695980654187,0.8181712,0.7978760733616194,0.7465629601881334
8761,0.0,0.0,37.0,0.0,,3,15.11,4.0846171143473295,4.276645059846402,4.754235,3.296554164291193,4.020613143760862
8765,0.0,0.0,681.0,0.0,,4,14.16,-5.227669126318905,0.31599932901172306,0.22847332,0.10417769467527566,0.2680899376259527
8766,0.0,0.0,64.0,0.0,,3,2.73,2.703834898262136,2.820447678323929,2.889003,3.0906893590527775,2.8405736797263055
8767,0.0,0.0,85.0,0.0,,5,15.34,3.4515848038484025,2.820447678323929,2.7738514,2.3872732634203473,2.4826809107669083
8768,4.0,534.0,568.0,15.5375,8.866412455451323,16,65.34,8.245306898271984,8.16941003984934,8.088314,8.121774904578,8.31890688144232
8769,5.0,371.0,646.0,16.312,8.11901755310641,26,104.2,10.495339584263611,8.11901755310641,8.120523,7.929207078207847,8.198858846251854
8770,1.0,84.0,403.0,4.32,0.9850438323960709,4,6.7,-0.12189949838033742,0.9850438323960709,1.0138983,0.9893002920453935,0.9582013431737151
8773,2.0,253.0,317.0,10.18,5.180781467442381,9,25.08,5.003450988264843,5.180781467442381,5.2449017,4.954462937264098,4.858916482308624
8775,8.0,275.0,329.0,14.395,22.52279240288717,37,122.28999999999999,18.142446728852153,22.52279240288717,22.411093,22.48642697525149,22.09860760455843
8777,5.0,483.0,660.0,7.2360000000000015,4.364211211488062,26,74.60000000000001,7.1771130431935095,6.747237209801417,5.461009,5.464964003313534,4.498644866113837
8778,0.0,0.0,420.0,0.0,,5,22.62,-0.7791062403106679,0.6489445261916096,0.30733502,0.3516510944379831,0.36316776732836953
8782,0.0,0.0,492.0,0.0,,5,15.25,-2.4048576726844493,0.4105308468223392,0.31773728,0.27358696080420336,0.22763237260470515
8784,0.0,0.0,124.0,0.0,,3,5.34,2.050836678513992,1.0625347642413732,2.1367266,2.116589912152875,1.895791713294967
8786,0.0,0.0,195.0,0.0,,2,5.44,1.0192953364965525,1.0625347642413732,1.1819867,1.1980756117117408,1.0449415269693052
8787,1.0,438.0,630.0,13.82,2.2316496001266852,10,24.939999999999998,1.168115580155889,2.2316496001266852,2.2423966,2.3139118238101815,2.2584811545462715
8793,3.0,373.0,428.0,8.549999999999999,4.966994946364543,16,57.79,7.212365846496375,4.966994946364543,4.9530716,4.703514627419803,5.203509499608028
8794,0.0,0.0,50.0,0.0,,4,6.9,3.2586078177037936,2.820447678323929,3.6007829,3.3136419006022977,3.1038646035965094
8797,0.0,0.0,117.0,0.0,,4,16.4,3.057516581489558,1.0625347642413732,2.184274,2.1400835585671225,1.9387729350693883
8803,1.0,1.0,63.0,2.66,2.820447678323929,6,14.48,4.8083399335212045,2.820447678323929,2.827965,3.051790869600458,2.8405736797263055
8809,0.0,0.0,237.0,0.0,,4,9.36,0.7683928565268969,1.0625347642413732,0.90445364,1.046177276085085,0.789353325691664
8810,0.0,0.0,644.0,0.0,,5,35.33,-2.979123232262199,0.815340757509851,-0.0022789305,0.055391485867212584,0.2606096013357586
8813,0.0,0.0,315.0,0.0,,4,10.12,-0.2916446450211354,0.6878891425254019,0.792509,0.6918243511557449,0.5633361503288823
8814,2.0,295.0,599.0,14.36,3.6930530213496144,8,33.79,2.40852492108512,3.6930530213496144,3.729413,3.855208255003849,3.7521156629406387
8815,2.0,42.0,313.0,10.655000000000001,3.231852719186343,12,24.16,4.127426715331639,2.702571422589245,3.0155857,3.5343505137927815,3.46607057512856
8816,0.0,0.0,368.0,0.0,,5,11.53,-0.9210902472600884,0.7496644682170794,0.7308492,0.40566260502789986,0.4780980565278412
8817,0.0,0.0,47.0,0.0,,4,1.54,2.8719050256450016,4.276645059846402,3.599766,3.3136419006022977,3.1038646035965094
8818,2.0,552.0,717.0,12.665,3.3069329686792432,12,54.97,3.449403473415357,3.3069329686792432,3.25751,3.4720767726786916,3.243817586664707
8821,3.0,178.0,201.0,18.756666666666664,16.90932166067101,16,63.33,11.433139463668066,16.90932166067101,16.916525,16.70487224292441,16.41270914396263
8823,0.0,0.0,278.0,0.0,,4,15.12,0.6410522555220304,0.809695980654187,0.76394206,0.6602102321386363,0.5524287555275418
8824,0.0,0.0,124.0,0.0,,6,19.34,3.231032711139069,1.0625347642413732,2.019508,2.1106227821621966,1.8917940880893127
8825,2.0,292.0,314.0,8.98,4.805495783801115,15,22.659999999999997,4.982053666442864,4.6090320452543745,4.223014,4.990372351134514,4.912213583032546
8827,1.0,4.0,122.0,6.71,3.221369592647509,8,19.85,5.008065793928802,3.221369592647509,3.1893394,3.1331877861989663,3.1667549938420345
8830,1.0,444.0,711.0,4.85,0.9368456176132564,2,7.4799999999999995,-2.7722395214275455,0.9368456176132564,0.9366433,0.933995348782943,0.842306353339036
8834,1.0,116.0,270.0,11.95,3.386624026448591,10,29.2,4.921863864810199,3.386624026448591,3.3288531,3.3803572749604527,3.2363686945512633
8837,4.0,567.0,644.0,5.8175,3.2330274172311784,18,35.09,3.564256106855804,3.2330274172311784,3.231273,3.344493170238452,3.2839774984295693
8839,0.0,0.0,145.0,0.0,,4,21.62,3.0737037686986977,1.0625347642413732,1.6713439,1.791825492118443,1.6327396493708557
8840,3.0,451.0,499.0,10.476666666666667,5.32681730229975,15,54.03,6.50349418135718,5.32681730229975,5.3068748,5.261655826531684,5.173718760166286
8841,3.0,196.0,563.0,11.273333333333333,3.2346675285904376,15,43.21,3.638544907892191,3.2346675285904376,3.1536243,3.19283694465221,3.537610939151547
8843,3.0,660.0,666.0,9.816666666666666,4.048422311921146,17,37.12,3.6679501629207754,4.048422311921146,4.071794,3.992872630895278,3.9764438743220634
8844,0.0,0.0,628.0,0.0,,5,22.14,-3.8068820787701076,0.31599932901172306,0.03615297,0.08973239884979331,0.21200319917208965
8846,3.0,88.0,323.0,21.883333333333336,9.475608587196492,17,86.72999999999999,11.59187384418432,9.475608587196492,9.474171,9.675089407234946,9.763991681081231
8849,2.0,504.0,535.0,14.715,4.9936495282490245,6,36.16,4.503673591280559,4.9936495282490245,4.948811,4.78408723883383,4.790288816589978
8850,1.0,237.0,334.0,9.88,2.8461126587736603,9,28.270000000000003,4.183709871264523,2.8461126587736603,3.0286133,2.945722028303246,2.8838441629385163
8851,2.0,59.0,540.0,6.21,0.8496723925759732,10,31.89,0.9060698014078237,0.8496723925759732,0.86582476,0.8824294825261015,0.9119933708818637
8853,1.0,470.0,682.0,3.5,0.8426377077056721,6,30.41,-0.5070323613962415,0.8426377077056721,0.85142547,0.9608732048982935,0.8356606581595809
8854,0.0,0.0,227.0,0.0,,2,3.48,0.40223331743104307,1.0625347642413732,0.88571554,1.0488935959011434,0.7663361709738563
8857,1.0,87.0,221.0,3.35,1.709134633446814,6,20.270000000000003,3.4989971864786225,2.502644595309173,1.5966822,1.5654812779737868,1.754555272979025
8858,0.0,0.0,692.0,0.0,,6,4.88,-6.091558933674103,0.2280781283679771,0.10547004,0.1044485445847784,0.25513422690015997
8859,1.0,82.0,619.0,18.9,1.4601346535553879,10,47.94,2.2194966032978822,1.4601346535553879,1.4111919,1.3898040993201786,1.2463875435322453
8860,3.0,435.0,534.0,20.676666666666666,9.294020041869487,19,73.42,8.979682394724247,6.456442839476383,8.52065,8.37244915186094,9.008191873162883
8862,1.0,377.0,718.0,16.42,2.0697053621877766,9,23.220000000000002,-0.1755034420626913,2.0697053621877766,2.0679605,2.1272981275566076,1.8669162472660314
8864,0.0,0.0,564.0,0.0,,5,42.44,-1.2592486657663953,0.815340757509851,0.43740812,-0.25850307813667617,0.3581964988220472
8865,1.0,39.0,307.0,4.42,1.1793519147932994,9,21.229999999999997,2.323017033776394,1.1793519147932994,1.2600616,1.2399293886679137,1.2065170336395425
8867,3.0,222.0,347.0,12.443333333333333,7.596344025338373,18,39.85,6.815224243984364,7.596344025338373,7.565011,7.335621385565871,7.342083740274775
8870,9.0,135.0,206.0,15.479999999999999,33.690735366990715,46,150.45,22.554451660447484,33.690735366990715,33.699356,32.64894925772541,33.4856829348937
8872,1.0,31.0,182.0,11.81,3.866398036739291,9,16.78,4.75570622014209,3.866398036739291,3.9304626,3.7549836599719795,3.8111782297378314
8873,0.0,0.0,153.0,0.0,,4,8.06,1.8713572181700435,1.0625347642413732,1.7551134,1.7872037636271483,1.6421108979763455
8875,1.0,16.0,237.0,23.62,4.898954995746487,8,38.54,7.2677570243773655,4.898954995746487,4.9339385,4.978258957836473,4.910246651318961
8877,0.0,0.0,246.0,0.0,,4,14.16,1.0239599782121882,1.0625347642413732,0.98871785,0.9216902623595814,0.7681886392314219
8878,0.0,0.0,490.0,0.0,,2,5.29,-3.232343679785589,0.4105308468223392,0.3942126,0.2981452036416381,0.22763237260470515
8884,0.0,0.0,70.0,0.0,,3,5.02,2.8012402363371804,2.820447678323929,2.889003,2.309699600145311,2.8405736797263055
8887,1.0,389.0,555.0,31.25,4.980503465542851,11,65.91,7.75238495062101,4.980503465542851,5.030239,4.983052068255535,5.372348549495186
8890,2.0,33.0,146.0,7.795,5.658668928987058,15,36.34,7.121011572509936,5.658668928987058,5.634865,6.100785907659319,5.937303807252574
8891,0.0,0.0,500.0,0.0,,3,15.48,-2.5397454664747805,0.4105308468223392,0.2862262,0.2810574673305328,0.20195002245666238
8892,6.0,482.0,643.0,12.823333333333332,8.952968059373267,26,91.64,10.277060732960283,8.952968059373267,8.974445,8.94148614025978,9.010098055862008
8893,1.0,4.0,66.0,22.56,11.774579339062809,9,27.93,8.689931171533559,11.774579339062809,11.7850895,12.088224438574452,11.82020132149949
8897,1.0,445.0,674.0,33.53,4.4284953906062245,11,38.36,4.411861306387475,4.4284953906062245,4.428204,4.399660878556213,4.244576058037687
8898,1.0,158.0,398.0,21.42,3.905100981644443,7,33.050000000000004,4.849654435472181,3.905100981644443,3.8808708,4.083390054540911,3.7948977322139736
8901,5.0,644.0,704.0,8.86,5.30808651730355,27,58.29,6.232925310960921,5.30808651730355,5.348326,5.877021856840653,5.721580574280601
8902,4.0,451.0,614.0,10.1625,5.291567215352667,18,51.69,5.391678152280849,5.291567215352667,5.2840943,5.371982917128557,5.1360507894612875
8904,0.0,0.0,168.0,0.0,,5,15.46,2.2683680068846472,1.0625347642413732,1.3666345,1.5489612631989893,1.4169217139768397
8907,2.0,68.0,288.0,4.4,2.08404772775169,10,18.98,3.2820369824862183,2.08404772775169,2.0593798,1.953728053884257,2.1231911467144524
8908,0.0,0.0,606.0,0.0,,1,5.49,-4.90258629124332,0.2280781283679771,0.25335774,0.13517018553666052,0.28923839008708097
8911,1.0,21.0,320.0,19.39,2.936611020414227,8,39.05,5.549336677931578,2.936611020414227,2.919902,3.14266843595039,2.9024000754052164
8912,0.0,0.0,674.0,0.0,,2,5.88,-5.829398934956216,0.2280781283679771,0.21575259,0.12646370412304195,0.2659968844230418
8914,0.0,0.0,187.0,0.0,,4,9.77,1.5198487438045567,1.0625347642413732,1.2669942,1.3965483303006638,1.039765372813374
8915,9.0,247.0,313.0,14.163333333333334,25.108120018051324,48,142.53,20.758418003475654,25.108120018051324,25.098526,25.569314023619732,25.64521522688333
8916,2.0,314.0,667.0,17.795,3.9826233223494527,13,43.92,2.906978538490108,3.9826233223494527,3.995071,3.9075387904780037,3.8293500973438173
8919,1.0,34.0,242.0,4.34,1.508658117968095,6,13.92,2.5789823707681654,1.3235167416122267,1.7269579,1.5615776245480595,1.4781957558318313
8921,2.0,408.0,594.0,28.42,7.847022105898121,15,67.53,7.807321311658603,6.906295496961981,7.4167876,7.724391309420342,7.7133236076090235
8923,2.0,327.0,627.0,3.13,1.1025554631244365,11,11.74,-1.1211533329195325,1.1025554631244365,1.094013,0.9901669914402612,1.0977207028729223
8926,2.0,65.0,248.0,20.405,8.871604611296725,12,46.230000000000004,8.298003849611362,8.871604611296725,8.845979,8.750586714518823,8.632306845624138
8927,0.0,0.0,315.0,0.0,,4,10.92,-0.22749278300049092,0.6878891425254019,0.7820967,0.6918243511557449,0.5633361503288823
8928,4.0,220.0,332.0,8.89,7.33792764468072,15,44.07,7.521724486721571,7.33792764468072,7.348234,7.557511787700524,6.9388005109055175
8929,0.0,0.0,133.0,0.0,,4,5.94,1.9887860070121683,1.0625347642413732,1.7597418,2.116589912152875,1.8593429445554133
8930,3.0,166.0,523.0,10.953333333333333,3.1613205141731147,18,42.53,4.031964996975505,3.1613205141731147,3.23342,3.4706294094407992,3.2382671170067345
8932,1.0,59.0,136.0,3.44,2.402393423633883,5,5.67,3.4126652627655027,2.402393423633883,2.410007,2.422483420935862,2.573650217452927
8933,0.0,0.0,565.0,0.0,,2,6.92,-4.179501347906646,0.2280781283679771,0.27846974,0.1602823962458912,0.2569282018009904
8935,0.0,0.0,45.0,0.0,,4,11.27,3.6808951697907712,4.276645059846402,3.609076,3.3136419006022977,3.1038646035965094
8937,4.0,375.0,514.0,8.817499999999999,5.359345353949225,19,36.93,5.122632806795375,3.5965288545393044,4.1753907,4.485479905714221,5.193782537416089
8942,1.0,244.0,299.0,15.05,4.404638952764216,9,20.03,4.7794246965628595,4.404638952764216,4.3791656,4.182985509470655,4.458538037757269
8943,2.0,311.0,324.0,14.36,7.0914920749063075,14,35.28,6.669842400262015,7.0914920749063075,7.0998197,7.08959616561295,6.971818936296463
8944,1.0,11.0,384.0,2.28,0.5374373526257485,4,5.039999999999999,-0.6066535217570639,0.6878891425254019,0.457644,0.4571557679387746,0.6272769217553256
8945,2.0,162.0,264.0,5.98,3.622253283712485,11,32.6,5.396764939841963,3.622253283712485,3.6747992,3.6061861573005096,3.4268459313825423
8946,2.0,512.0,631.0,26.095,7.188821050440065,14,78.44,8.291853138456556,7.188821050440065,7.195296,7.283089528383875,7.247722004883276
8947,6.0,483.0,613.0,11.195,8.353001215511394,30,108.21,11.891295714876964,12.059195875497554,9.521547,9.277561080049047,9.267973663047805
8952,11.0,334.0,371.0,16.44,32.133212327807065,49,191.79,26.046796853900474,32.133212327807065,32.13319,33.31196205912597,32.201873385612515
8953,0.0,0.0,590.0,0.0,,5,8.32,-4.368986171102757,0.2280781283679771,0.23035514,0.12769967901033114,0.28228137414298793
8954,0.0,0.0,602.0,0.0,,3,12.56,-4.239799001153975,0.32077864027662517,0.1717583,0.11808244922555519,0.29645582172224927
8960,4.0,484.0,575.0,12.1375,6.826121327273295,21,55.7,6.760458343627362,6.826121327273295,6.8846574,6.683028312026552,6.796333083679635
8963,4.0,512.0,675.0,10.3825,5.040153370484681,23,63.53,5.875362438798856,5.040153370484681,5.0461316,5.438626081712309,5.194850914682259
8964,1.0,94.0,134.0,17.14,7.686493148386026,11,34.34,7.928840924570956,6.976014120724358,7.605623,8.030239174756398,7.561395428045527
8966,8.0,474.0,581.0,10.53125,10.718430309939027,36,88.93,12.21535273669377,10.718430309939027,10.699963,10.798859358322826,10.633739331673782
8968,1.0,372.0,389.0,7.33,2.2151741261254467,9,60.519999999999996,6.253108238730307,2.2151741261254467,2.2311833,2.0434128670519347,2.294014706109544
8969,0.0,0.0,56.0,0.0,,3,7.77,3.2229641182709274,2.820447678323929,3.4495454,3.0906893590527775,2.980605734628056
8970,3.0,540.0,632.0,4.656666666666666,2.1867759821312953,8,23.63,1.6234169404052112,2.1867759821312953,2.2140524,2.2735602380045825,2.1835170135259663
8973,4.0,276.0,326.0,8.7025,7.706967453992248,15,64.28999999999999,9.464273767115053,7.706967453992248,7.7048597,7.605104636174221,8.086004635051351
8975,2.0,545.0,634.0,11.17,3.3648086861198534,9,38.629999999999995,3.0333288760294503,3.3648086861198534,3.3574436,3.487141290511265,3.390382631855836
8976,0.0,0.0,307.0,0.0,,4,8.56,-0.301768286682659,1.0228150522731139,0.74837214,0.7007294005314063,0.565535583640628
8984,0.0,0.0,689.0,0.0,,6,15.84,-5.169563740511751,0.31599932901172306,0.0850654,0.08736080827367307,0.2649854518009258
8989,3.0,103.0,234.0,14.466666666666667,10.500566145428184,19,59.19,9.736695089961259,10.500566145428184,10.526487,10.110049330836587,10.463703584945199
8991,0.0,0.0,58.0,0.0,,5,9.58,3.3777235486154864,2.820447678323929,3.4047546,3.083218852526448,2.980605734628056
8992,1.0,303.0,453.0,12.28,2.6248776225113977,7,17.32,2.19932135554122,2.6248776225113977,2.6307957,2.5735915971692056,2.5940767818552755
8993,2.0,433.0,626.0,7.95,2.4219873196515485,9,23.119999999999997,0.9335478145916061,2.4219873196515485,2.4181998,2.372400382439563,2.3647302779097186
8994,0.0,0.0,469.0,0.0,,3,9.2,-2.5978191873817496,0.562158674561362,0.34126848,0.32697623170763346,0.2947035211985085
8995,1.0,16.0,267.0,11.73,2.393857000738746,7,24.05,3.997673036730504,2.459415990839663,2.4802663,2.431251389057328,2.1250901810651355
8998,0.0,0.0,415.0,0.0,,5,22.09,-0.7497490431001372,0.6489445261916096,0.35919625,0.31634974388941967,0.36101525886218777
9004,1.0,10.0,110.0,2.5,2.086978781052898,9,19.32,4.598175544588153,3.281457792046254,2.5029573,2.3764298652302402,2.3601799756130464
9005,1.0,34.0,63.0,7.16,5.309962872233475,9,16.12,5.77863677906999,5.309962872233475,5.294474,5.614455899364432,5.058341154972855
9006,4.0,201.0,384.0,9.21,6.131027814150076,20,50.45,7.337967120531712,6.131027814150076,6.1268687,5.801390071984538,6.093017648163092
9010,0.0,0.0,186.0,0.0,,6,29.82,3.1803853116993306,1.0625347642413732,1.428405,1.4125729531175584,1.0402624188235716
9013,1.0,13.0,171.0,12.38,3.944260880733225,11,29.520000000000003,5.969344385593723,3.63392858935796,4.2695956,4.272917457242234,3.9817721890999844
9014,3.0,578.0,706.0,18.683333333333334,6.736837094668292,16,60.269999999999996,5.784356002440447,6.736837094668292,6.7071605,6.496419903273938,6.7508969583913085
9016,2.0,150.0,208.0,18.16,11.18459239185811,11,48.92,9.152577921356386,11.18459239185811,11.114331,10.856881346359494,11.029384619820567
9017,1.0,487.0,537.0,2.23,0.9083558797618192,9,16.22,0.39865394507354246,0.9083558797618192,0.9156178,0.9919202814729736,1.0169530583272435
9018,0.0,0.0,88.0,0.0,,1,1.24,2.2010756225699533,2.820447678323929,2.6259696,2.4118315062577813,2.210230292647636
9019,0.0,0.0,293.0,0.0,,5,2.88,-0.5368651683701842,0.809695980654187,0.7152478,0.6906616376058712,0.6021051237798885
9020,0.0,0.0,574.0,0.0,,4,11.56,-3.898405633782949,0.32077864027662517,0.2154521,0.16413473791797872,0.2814891964857802
9021,0.0,0.0,689.0,0.0,,3,18.53,-5.011391551731136,0.31599932901172306,0.10593065,0.09986471776901744,0.2377887560161378
9025,2.0,370.0,449.0,24.96,9.052360243636187,17,87.72,10.889042257025546,9.052360243636187,9.059189,9.31363884563999,9.604386516771104
9026,2.0,179.0,255.0,12.98,7.243375069638301,9,31.06,6.419498063048407,5.463471684862298,7.1233134,6.47392964627041,6.763121863533201
9027,0.0,0.0,417.0,0.0,,4,2.41,-2.375807453548938,0.562158674561362,0.4293387,0.34634468091155396,0.42403692470237075
9029,4.0,390.0,514.0,10.0775,6.126208695240101,18,58.45,7.074735827613972,6.126208695240101,6.116454,6.069310115254586,6.1119229425783566
9030,1.0,29.0,503.0,4.62,0.5558156046124272,7,17.05,-0.8860871745446355,0.46699915530887803,0.5938644,0.7735687123347634,0.49011975576736955
9032,1.0,4.0,54.0,8.5,5.902198882444847,6,15.21,5.824469535128168,5.902198882444847,5.870158,5.994601997551812,5.962641775923099
9033,0.0,0.0,613.0,0.0,,6,22.14,-3.572129178951216,0.31599932901172306,0.021805417,0.09092435726266385,0.22854435015257657
9037,7.0,284.0,363.0,13.287142857142856,16.913377369657056,28,125.47999999999999,16.9096640563482,16.913377369657056,16.924744,17.31898900344323,17.594605684690634
9038,1.0,20.0,144.0,14.76,5.403031194035101,10,53.5,8.625617449766345,5.403031194035101,5.3521624,5.018502312942847,5.38390153425701
9039,0.0,0.0,183.0,0.0,,4,3.54,1.0777523629581554,1.0625347642413732,1.2601664,1.3965483303006638,1.1353069349209441
9040,6.0,635.0,642.0,12.823333333333332,9.6258136520486,29,95.23,11.350008389073366,9.6258136520486,9.667081,9.829364767141552,9.866829821944522
9042,0.0,0.0,160.0,0.0,,3,11.22,2.0049766626114307,1.0625347642413732,1.3722866,1.6950412454958932,1.574107238971636
9044,0.0,0.0,716.0,0.0,,5,27.65,-4.629733511168979,0.815340757509851,-0.03951569,-0.017791349916599437,0.21281663208038992
9047,1.0,129.0,384.0,23.04,4.065907414377431,10,51.16,6.6513335947315815,4.065907414377431,4.0553575,4.053037902958144,4.248471676343389
9048,0.0,0.0,160.0,0.0,,2,1.43,1.2007387687125286,1.0625347642413732,1.3791592,1.6950412454958932,1.574107238971636
9049,2.0,241.0,322.0,14.58,6.93158499508841,13,35.1,6.369365582774639,6.93158499508841,6.930803,6.87264724468602,6.762178897708514
9050,1.0,70.0,649.0,32.64,2.0423993757548295,10,35.410000000000004,2.643387550193461,2.0423993757548295,2.0272043,2.084409359439475,2.124900352241837
9055,0.0,0.0,39.0,0.0,,3,3.89,3.15614412718811,4.276645059846402,4.7285166,3.3136419006022977,4.020613143760862
9057,0.0,0.0,692.0,0.0,,3,10.44,-5.7032419398944265,0.2280781283679771,0.19701193,0.11695245408012277,0.25513422690015997
9058,0.0,0.0,100.0,0.0,,5,4.61,2.3755745370988866,2.32659064545856,2.533013,2.326254678124299,2.17239982463805
9059,0.0,0.0,45.0,0.0,,3,13.38,3.8309162234489538,4.276645059846402,3.6121106,3.296554164291193,3.1038646035965094
9061,1.0,608.0,621.0,11.17,2.1069500214621915,8,14.129999999999999,0.8151583548175401,2.1069500214621915,2.108241,2.1828323244642247,2.1688244550545583
9062,0.0,0.0,322.0,0.0,,5,26.28,0.9228015220982559,0.7496644682170794,0.6081913,0.7473738907072621,0.5943574282986157
9063,1.0,80.0,441.0,10.37,1.5177340130181807,9,29.409999999999997,2.0738885138524674,1.5177340130181807,1.378852,1.2299738156491704,1.5386642410444828
9064,5.0,519.0,675.0,15.356,8.830112195044041,24,91.89999999999999,9.610427053746244,8.830112195044041,8.845899,8.965559532957768,8.74478763552175
9065,1.0,19.0,395.0,4.97,0.7963364753315554,8,11.1,0.21027996508151725,0.7963364753315554,0.80674535,0.7656527545217504,0.8109869284845255
9067,0.0,0.0,171.0,0.0,,4,18.48,2.448247120111787,1.0625347642413732,1.3750912,1.5689192049166003,1.272637088606813
9068,0.0,0.0,623.0,0.0,,4,14.7,-4.350816072184158,0.31599932901172306,0.22895394,0.11185708784366963,0.26044743828896433
9069,1.0,186.0,403.0,4.31,1.273352038198769,8,9.129999999999999,0.6237228699194901,1.273352038198769,1.2711112,1.252901265096143,1.3444175307786175
9074,1.0,360.0,492.0,8.51,1.9221373722989874,12,15.620000000000001,1.338444662401618,1.9221373722989874,1.907222,1.8966263096078173,1.9385646461715593
9075,2.0,464.0,559.0,11.54,3.803737900659856,12,28.48,3.0288430096834227,3.803737900659856,3.7808137,3.749468576330571,3.8221786612494197
9076,1.0,16.0,255.0,32.08,5.905468645639653,10,43.8,8.648793059737304,5.905468645639653,5.903277,6.018790295789189,5.831203792985347
9078,0.0,0.0,538.0,0.0,,2,2.88,-4.115436099795176,0.6616955829386749,0.2633084,0.20118353765688812,0.2664645676477315
9080,0.0,0.0,442.0,0.0,,5,25.39,-0.8731547635807022,0.6489445261916096,0.35616845,0.24879532633468898,0.41228031390739517
9081,0.0,0.0,351.0,0.0,,3,9.52,-0.876314225712183,0.6878891425254019,0.64207613,0.41313311155422927,0.6224181718835835
9085,0.0,0.0,626.0,0.0,,5,6.3,-5.048345824459182,0.2280781283679771,0.1878821,0.12147431762844554,0.26044743828896433
9086,1.0,262.0,310.0,18.37,5.1047448348372715,11,39.870000000000005,6.797466627850428,5.1047448348372715,5.1490383,5.254019982438939,5.392454724779502
9087,0.0,0.0,279.0,0.0,,6,9.35,0.2023443543808261,0.809695980654187,0.69146013,0.6647940589543972,0.5524287555275418
9088,0.0,0.0,59.0,0.0,,5,26.03,4.682474650255144,2.820447678323929,3.460056,3.912061285604272,3.068594304875563
9092,2.0,53.0,152.0,10.72,7.6018465046434684,14,35.910000000000004,7.482173030480933,7.6018465046434684,7.756113,7.732698015821383,7.676841658537716
9093,1.0,28.0,149.0,3.86,2.1837420044027533,8,35.35,5.577471849850119,2.1837420044027533,2.1566286,1.976343691594344,2.2408061626802374
9095,0.0,0.0,31.0,0.0,,4,8.95,3.696056626168685,4.276645059846402,4.7126017,3.3136419006022977,4.020613143760862
9097,2.0,113.0,270.0,3.76,2.325533360517717,11,27.06,4.328355827313522,2.325533360517717,2.3536558,2.155804857148013,2.2307015843100793
9098,0.0,0.0,628.0,0.0,,4,27.93,-3.361762459816961,0.815340757509851,0.024551554,0.014659327278980222,0.267463971501428
9099,2.0,474.0,544.0,20.125,6.457507722630497,15,53.69,6.567147204730693,6.457507722630497,6.458927,6.263191426911211,6.4593579348489
9101,1.0,95.0,418.0,5.29,1.095840566109631,10,17.82,0.8558333512809977,1.095840566109631,1.0830595,1.1342883579402818,1.1445586264961145
9102,3.0,550.0,552.0,11.516666666666666,5.439013572061824,12,46.75,5.7069408713940675,5.656044897631593,5.2344174,5.122484078969953,5.379995171637635
9103,0.0,0.0,653.0,0.0,,5,19.37,-4.388296930012628,0.31599932901172306,0.12370338,0.11489184566001687,0.19169192884318775
9106,0.0,0.0,324.0,0.0,,6,15.03,0.011102322534528142,0.7496644682170794,0.5073867,0.6206460331514254,0.569161492004234
9108,0.0,0.0,240.0,0.0,,4,7.15,0.5480586542153421,1.0625347642413732,1.0013243,0.9482385007857772,0.801206643763007
9110,0.0,0.0,20.0,0.0,,4,13.44,4.214196124517809,4.276645059846402,4.7301188,3.296554164291193,4.020613143760862
9111,1.0,15.0,408.0,11.04,1.265059174098348,10,18.89,1.5141749060698417,1.265059174098348,1.3410403,1.2730599451414164,1.1185046061144863
9112,2.0,343.0,483.0,7.655,2.9174099627600385,12,20.66,2.388317442230274,2.9174099627600385,2.861108,2.8084943646554947,2.7862136122723693
9115,3.0,523.0,651.0,21.24,8.09770759837649,21,77.7,8.16850731652946,8.09770759837649,8.085829,8.0262644214596,8.14044683531802
9116,1.0,71.0,152.0,2.68,2.028192543913839,8,17.07,4.10439078136036,1.9110278682862485,2.305253,2.00767521237988,2.1807541518072844
9119,0.0,0.0,169.0,0.0,,4,15.96,2.2749118770664407,1.0625347642413732,1.4171033,1.5564317697253187,1.4169217139768397
9123,3.0,543.0,623.0,14.936666666666667,6.137858714414387,17,53.69,5.78319288837696,6.137858714414387,6.1229153,6.264412721090329,6.235797374186013
9125,4.0,549.0,726.0,15.370000000000001,6.8328809565084985,22,79.43,7.266114765838181,6.8328809565084985,6.8246226,6.669488477457689,7.097489230524847
9129,5.0,540.0,709.0,8.24,4.701792743141945,29,44.15,4.494336776416086,4.701792743141945,4.7051325,4.551882164915329,4.7696514793942555
9130,0.0,0.0,60.0,0.0,,5,5.36,3.0105793541369046,2.820447678323929,3.414934,3.083218852526448,2.980605734628056
9134,10.0,551.0,630.0,13.143,15.58278178075832,46,136.41,17.663061800849068,15.58278178075832,15.532396,15.830018987927906,14.99909819148396
9139,0.0,0.0,226.0,0.0,,4,9.24,0.9168572499820575,1.0625347642413732,0.8987173,1.0488935959011434,0.7663361709738563
9141,0.0,0.0,231.0,0.0,,3,12.58,1.0936539856977725,1.0625347642413732,0.8896296,1.0290895397739797,0.7894272609239028
9142,1.0,11.0,28.0,18.96,13.611125444534158,8,22.44,8.307313652498724,12.066453027411455,11.825078,10.970635602692393,12.365260763967587
9143,6.0,236.0,326.0,20.07,23.22077800302697,37,147.29999999999998,19.370935685626744,20.88524378905971,26.9585,23.84814573316085,24.634150038736703
9144,3.0,452.0,559.0,7.566666666666667,3.578683899862792,11,27.82,3.061630879490786,3.578683899862792,3.5745661,3.3909694314788066,3.572758342938819
9145,2.0,27.0,615.0,14.969999999999999,0.913602165017825,12,46.76,2.131222853445402,0.913602165017825,0.95081437,1.0291180108859153,0.787585145275238
9149,2.0,196.0,327.0,7.32,3.631361066096349,11,26.52,4.349116022064549,3.631361066096349,3.5555139,3.596742672234421,3.555830073452255
9150,0.0,0.0,293.0,0.0,,4,7.67,-0.17193537694284355,0.809695980654187,0.7432716,0.6981321441322006,0.6021051237798885
9157,0.0,0.0,139.0,0.0,,4,16.02,2.710870101513237,1.0625347642413732,1.8144794,1.7627633181018754,1.860645282645737
9159,0.0,0.0,494.0,0.0,,4,7.44,-3.0790628304019396,0.4105308468223392,0.40160704,0.2981452036416381,0.22618741278547283
9160,0.0,0.0,632.0,0.0,,4,7.83,-5.0310642377250145,0.2280781283679771,0.18258914,0.13113869850109888,0.23343917031670625
9162,0.0,0.0,524.0,0.0,,4,8.55,-3.4211989566435435,0.5819915427067095,0.29669064,0.2981452036416381,0.24577765788356842
9163,0.0,0.0,554.0,0.0,,5,7.29,-3.9342054917000384,0.2280781283679771,0.27537578,0.17617444784273595,0.27952570166540003
9166,0.0,0.0,225.0,0.0,,4,10.21,1.0090129438419306,1.0625347642413732,0.8877177,1.0488935959011434,0.7663361709738563
9167,0.0,0.0,67.0,0.0,,7,18.0,3.961936810786727,2.9532235344474165,2.8246598,1.9952754201778007,2.8416148218212514
9169,5.0,482.0,575.0,12.576,8.540299440810598,25,84.35,9.901255106432702,8.540299440810598,8.365818,8.688370541356953,8.650267220408619
9171,1.0,34.0,435.0,19.71,2.067188135469361,10,53.67,5.21255353557934,2.067188135469361,2.0871065,2.003725721169748,1.8568593640993756
9175,1.0,15.0,719.0,23.13,0.8518601984114524,9,24.93,-0.8045207321419197,0.8518601984114524,0.83459073,0.8861642185805813,0.7594516786620931
9176,6.0,503.0,563.0,13.979999999999999,11.440717081577658,30,91.34,11.738603299738052,11.440717081577658,11.473753,11.77211425556508,11.17604443571987
9178,0.0,0.0,261.0,0.0,,4,3.99,-0.007143985122876284,0.809695980654187,0.8188485,0.7482039370401014,0.5336736317205544
9179,0.0,0.0,330.0,0.0,,7,23.36,0.612033701286705,0.7496644682170794,0.54842454,0.6415229614115784,0.6006651485473551
9180,0.0,0.0,114.0,0.0,,5,16.2,3.103772781885189,2.32659064545856,2.1671684,2.2300919285939007,1.9387729350693883
9182,0.0,0.0,265.0,0.0,,5,16.57,0.9633372829336562,0.809695980654187,0.7800544,0.7107156051048749,0.5116582573433881
9184,3.0,196.0,489.0,12.229999999999999,4.515752227927969,12,43.86,4.83001215006189,4.515752227927969,4.4308186,4.85053352176992,4.523125512110762
9187,5.0,664.0,678.0,10.734,6.615894746456608,25,77.57,8.4687991957883,8.015069988023571,7.143793,7.145443353614404,6.6595887682959845
9189,2.0,290.0,340.0,3.74,2.2980068358333168,14,14.11,3.163661954111843,2.2980068358333168,2.310884,2.530832974685124,2.426542409987293
9190,0.0,0.0,68.0,0.0,,4,16.68,3.784176230029022,2.820447678323929,2.922403,2.2842670010365884,2.8405736797263055
9191,0.0,0.0,319.0,0.0,,4,11.34,-0.25129930007901935,0.6878891425254019,0.61255074,0.6884378291193788,0.5018452577254608
9195,1.0,181.0,246.0,9.99,3.567946014204721,8,18.759999999999998,4.420935187156616,3.567946014204721,3.548299,3.6981554730451447,3.697335321641044
9197,6.0,271.0,350.0,11.286666666666667,12.941491076019286,29,76.17999999999999,12.107973504170072,12.941491076019286,12.886779,12.80991330529348,12.997631063854637
9198,0.0,0.0,142.0,0.0,,3,4.12,1.6943169880553608,1.0625347642413732,1.7499309,1.7798510544129806,1.860645282645737
9199,0.0,0.0,500.0,0.0,,4,3.82,-3.4555793730044044,0.4105308468223392,0.37041754,0.2981452036416381,0.20195002245666238
9200,3.0,310.0,342.0,10.723333333333334,7.193770604696965,15,42.54,7.215618224387532,7.193770604696965,7.228794,7.220286358008063,7.378367765110136
9205,0.0,0.0,362.0,0.0,,3,2.21,-1.620589037684078,0.6878891425254019,0.6181258,0.41313311155422927,0.5020504341851026
9206,0.0,0.0,478.0,0.0,,4,18.22,-1.984671511116292,0.6071638539809521,0.25273478,0.3016736653689489,0.29834002163556317
9208,3.0,530.0,694.0,20.31,7.266415755355101,17,70.68,6.813839050226569,7.266415755355101,7.2657604,7.268650203070458,7.30748874295978
9209,0.0,0.0,287.0,0.0,,4,13.43,0.3761873965648448,0.809695980654187,0.7366007,0.6810444078210952,0.5494368529903095
9213,2.0,282.0,661.0,12.445,2.7735503472883467,11,34.93,1.33884207882189,2.7735503472883467,2.6527278,2.72683993534609,2.738281991467961
9217,0.0,0.0,400.0,0.0,,4,24.56,-0.35528623413504157,0.6489445261916096,0.5467919,0.32028448840292617,0.4422486964548549
9223,0.0,0.0,434.0,0.0,,5,1.95,-2.6378318315068476,0.562158674561362,0.39297175,0.33649402865615735,0.42880368131658475
9224,4.0,539.0,558.0,10.6725,6.351417515134083,20,56.12,7.071375432312076,6.351417515134083,6.382293,6.261039029451731,6.402908439832365
9225,2.0,127.0,598.0,15.52,2.4024133389817743,13,35.2,2.010525388110056,2.4024133389817743,2.3450732,2.351415550294772,2.5957461454646693
9226,1.0,157.0,357.0,26.99,5.399996388357419,10,41.17,6.919524916141745,5.399996388357419,5.472554,5.37659884818437,5.453224032891201
9227,1.0,546.0,660.0,20.1,3.0843598750384174,11,45.8,3.80792452746084,3.0843598750384174,3.0978382,3.2105822996507234,3.053812294618084
9228,0.0,0.0,203.0,0.0,,3,16.59,1.8176189065518171,1.0625347642413732,1.2333001,1.0470213931423522,1.0312800720370294
9230,1.0,9.0,190.0,5.22,1.9237615127827108,8,18.91,3.7709782130046463,1.9237615127827108,1.9575425,2.080540358616846,1.8880181800005706
9231,0.0,0.0,605.0,0.0,,3,4.51,-4.928441796216233,0.2280781283679771,0.22238436,0.13517018553666052,0.2931568298951106
9233,0.0,0.0,405.0,0.0,,5,12.78,-1.352600725766969,0.562158674561362,0.4308191,0.3212710874637618,0.45106680859374215
9234,2.0,346.0,403.0,28.49,11.196741404004273,10,63.48,9.852391899698844,9.060798937317552,10.25232,9.451515398358392,10.060610699516246
9235,0.0,0.0,277.0,0.0,,2,7.29,-0.010821497687718118,0.809695980654187,0.7911944,0.6772979684497417,0.5524287555275418
9236,3.0,326.0,692.0,17.873333333333335,5.124029433224707,17,62.3,4.879975298590319,5.124029433224707,5.1747003,5.071998223885604,5.428524266093128
9237,1.0,331.0,549.0,15.7,2.645524566392674,4,31.849999999999998,2.5346295746899945,2.645524566392674,2.6262681,2.632662479387992,2.8215865099998036
9238,9.0,277.0,366.0,13.327777777777778,20.72032685008022,41,129.55,18.844939053592007,21.32377732619258,20.586178,20.837428399919094,20.458893636231686
9239,1.0,255.0,368.0,14.27,3.4987217770625643,10,26.66,4.281143306419729,3.4987217770625643,3.525005,3.5387678604348336,3.4731887414566334
9241,2.0,266.0,346.0,6.615,3.39313238241582,13,25.37,4.250180399220407,3.39313238241582,3.4187453,3.5090944462299483,3.635411634185655
9242,0.0,0.0,545.0,0.0,,5,19.15,-2.853810086805413,0.31599932901172306,0.27571356,0.1766252948194534,0.24200587719365796
9243,0.0,0.0,190.0,0.0,,7,31.68,3.2912316286792294,1.0625347642413732,1.3884592,1.4528801893072578,1.0778191905820513
9244,0.0,0.0,303.0,0.0,,3,16.59,0.3804627905676572,0.809695980654187,0.7102425,0.6810444078210952,0.5254056825675004
9247,1.0,3.0,79.0,3.65,2.9532235344474165,7,20.24,5.206824545329177,2.9532235344474165,2.9722161,2.3259395486441408,2.803551883835595
9248,2.0,308.0,665.0,17.155,3.831987042501377,12,41.91,2.6381593578914364,3.831987042501377,3.802082,3.8207851713532444,3.7161869614204903
9249,8.0,307.0,364.0,16.09125,23.401845436655435,37,149.28,20.18942828617277,23.401845436655435,23.448832,23.3015417721624,23.357947496015488
9251,1.0,276.0,550.0,11.82,1.9752150720821493,9,20.09,0.8757764265633199,1.8217262795808153,2.1445582,2.068349332138917,1.993966041435117
9252,2.0,459.0,532.0,9.545,3.388376812080092,14,41.5,4.197839695737919,3.388376812080092,3.5154197,3.4070408815602304,3.4938046021384612
9253,0.0,0.0,275.0,0.0,,2,7.1,0.002685557402061889,0.809695980654187,0.7911944,0.6772979684497417,0.5495947177878655
9254,0.0,0.0,99.0,0.0,,3,6.72,2.5207876694956433,2.32659064545856,2.5568714,2.3337251846506284,2.17239982463805
9256,5.0,446.0,559.0,4.646,3.4746756006827537,25,40.629999999999995,5.351829899194297,3.4746756006827537,3.4812305,3.9201490946357676,3.835149080737213
9262,1.0,49.0,210.0,9.15,2.976707758367212,8,25.9,4.7784746745916875,2.976707758367212,2.9599571,3.100678092652262,3.0776902714319014
9263,10.0,628.0,708.0,9.059000000000001,9.911115315278037,45,99.22,13.330122770186229,9.911115315278037,9.877659,9.7346580767334,9.737490937655553
9264,0.0,0.0,707.0,0.0,,4,26.68,-4.597353075851703,0.31599932901172306,0.08165128,0.02939901577235954,0.2633976434539749
9268,1.0,36.0,227.0,22.62,5.418165347189781,8,47.46,8.080560240440466,5.418165347189781,5.3862653,5.310848807723794,5.662221769603386
9269,3.0,224.0,546.0,5.5566666666666675,2.064097267315044,12,23.400000000000002,1.570207438460772,2.064097267315044,2.0829978,2.197078741378069,2.128707550577305
9270,1.0,149.0,400.0,23.76,4.165578961322813,7,43.040000000000006,5.9063204512486545,4.165578961322813,4.2044473,4.477467520560543,4.173016795382932
9271,2.0,434.0,501.0,17.405,6.025186889054876,13,63.25,7.347688039881406,6.985936053721794,6.2762275,6.503453533292794,6.289128435699763
9272,0.0,0.0,79.0,0.0,,5,9.07,3.0350239522206524,2.820447678323929,2.737402,2.3022290936189815,2.4826809107669083
9275,1.0,21.0,624.0,6.51,0.44185134249235325,8,13.46,-2.66751706918766,0.36888698250752416,0.35753354,0.5388291340544134,0.5468536889936777
9276,3.0,284.0,678.0,13.530000000000001,3.6799431544470913,15,46.379999999999995,2.9648425192565613,3.6799431544470913,3.6690412,3.501244847964242,3.875378937522186
9280,0.0,0.0,87.0,0.0,,5,7.64,2.8053800095800177,2.820447678323929,2.6140466,2.404360999731452,2.210230292647636
9281,0.0,0.0,614.0,0.0,,5,8.1,-4.731545400994631,0.2280781283679771,0.22695008,0.12769967901033114,0.27853478668424003
9283,0.0,0.0,92.0,0.0,,4,15.3,3.3285968002072117,2.32659064545856,2.646504,2.3947437699466767,2.210230292647636
9285,1.0,366.0,631.0,25.51,3.5051224747095535,5,37.63,3.3697739486333407,3.5051224747095535,3.5309918,3.463862503635922,3.527878295451682
9286,1.0,350.0,546.0,18.03,3.0409220805720545,9,22.59,2.3445145813350665,3.0409220805720545,3.038965,2.9861257786656323,3.0301811844462985
9288,0.0,0.0,29.0,0.0,,4,15.77,4.271694372214361,4.276645059846402,4.7663145,3.296554164291193,4.020613143760862
9291,0.0,0.0,66.0,0.0,,5,35.16,5.314006847446855,2.820447678323929,2.5561135,2.8328388580081576,3.08880756816777
9292,1.0,137.0,196.0,8.46,3.6097800911429148,7,37.010000000000005,6.165381564020442,3.6097800911429148,3.6318147,3.801197917244342,3.581327193729608
9294,1.0,178.0,282.0,4.64,1.8992464884540765,9,9.68,2.43468791266795,1.8992464884540765,1.8725165,1.8281655101332213,1.8074237414820784
9297,4.0,585.0,681.0,8.850000000000001,4.46425279099093,19,47.010000000000005,4.514268784505104,4.46425279099093,4.4683166,4.612571238221256,4.579480091873627
9300,2.0,202.0,479.0,15.21,4.434833582972187,15,41.26,4.551413949611252,3.911351372643789,3.9847834,4.844151802213708,4.6736006043669756
9301,0.0,0.0,329.0,0.0,,3,3.91,-1.0100048126154357,0.6878891425254019,0.66028064,0.6502376789578752,0.5375902351660615
9302,0.0,0.0,566.0,0.0,,1,1.71,-4.6308413928972,0.2280781283679771,0.27524096,0.1602823962458912,0.2569282018009904
9304,2.0,82.0,164.0,7.19,5.479319964953926,10,25.58,6.047625580128534,5.479319964953926,5.4850173,5.547486895248687,5.612071157626583
9306,3.0,648.0,708.0,8.506666666666666,3.3498222336687777,14,33.33,2.4643013057179433,4.048422311921146,3.2590737,3.2325935684305147,3.3496733750438037
9307,3.0,212.0,294.0,8.033333333333333,5.946994977367508,23,44.120000000000005,7.3537329442438,5.946994977367508,6.013452,6.22172698842909,6.325165275611695
9308,1.0,27.0,256.0,3.36,1.2011090568428895,8,10.39,1.9638012165781258,1.2011090568428895,1.1842318,1.2034430697665424,1.0158354069211768
9309,3.0,563.0,691.0,22.353333333333335,8.117082658783346,16,72.56,7.427248404340426,8.117082658783346,8.096127,8.191766235695331,8.024622458894761
9310,0.0,0.0,676.0,0.0,,4,3.08,-6.044314609505622,0.2280781283679771,0.18095303,0.12646370412304195,0.2659968844230418
9311,2.0,251.0,319.0,20.12,9.429186901808038,18,56.82,9.069147163593357,11.389260257105656,9.633335,9.281226187956982,9.418667198012628
9312,0.0,0.0,48.0,0.0,,2,2.44,2.891345344415851,2.820447678323929,3.605502,3.3136419006022977,3.1038646035965094
9313,0.0,0.0,659.0,0.0,,5,13.56,-4.940429194896606,0.31599932901172306,0.18362533,0.10706093292540222,0.23214607879852345
9315,0.0,0.0,521.0,0.0,,3,9.25,-3.341130876317222,0.5819915427067095,0.29958946,0.2981452036416381,0.21822600329448694
9317,0.0,0.0,280.0,0.0,,5,27.56,1.629050070044633,1.5700575856160297,0.9465563,0.7109384666966062,0.588303147189233
9318,8.0,586.0,598.0,15.10375,15.486169199302253,35,125.99,16.083278345476334,15.486169199302253,15.462657,15.629056669577214,15.084907906667539
9319,2.0,169.0,222.0,6.755,4.6313968867759385,17,25.509999999999998,5.687586817043625,3.7422839730309105,4.261768,4.396552755951081,4.824702289399768
9321,4.0,270.0,365.0,6.965,5.662919176849732,13,38.46,6.523896422634232,5.662919176849732,5.608687,5.541347613645201,5.600320663437886
9323,1.0,273.0,424.0,22.8,4.554129546510887,7,26.7,4.695232439408011,4.554129546510887,4.559924,4.56302118528491,4.524818070013403
9324,0.0,0.0,504.0,0.0,,4,1.4,-3.7071250002562195,0.4105308468223392,0.37041754,0.2981452036416381,0.20195002245666238
9325,0.0,0.0,386.0,0.0,,3,11.34,-1.2333733802096738,0.6878891425254019,0.4320528,0.3999120331031581,0.5401918503629473
9326,0.0,0.0,39.0,0.0,,1,1.72,2.943773236614578,4.276645059846402,4.7285166,3.3136419006022977,4.020613143760862
9327,3.0,458.0,681.0,8.333333333333334,3.138352897719062,22,39.67,2.604386414794265,3.138352897719062,3.14168,3.1024127948258884,3.1258225340593735
9328,1.0,16.0,117.0,21.53,8.512056713361918,7,36.93,8.552653306303707,7.723126442395293,9.305512,8.772653148279584,8.42065429275438
9331,3.0,509.0,700.0,11.9,4.328081213369508,15,44.160000000000004,3.292137068335827,4.328081213369508,4.391272,4.410344396599877,4.39928552838631
9335,0.0,0.0,110.0,0.0,,2,2.55,2.00912943353351,2.32659064545856,2.611245,2.2575289066745703,2.16486338100599
9337,1.0,160.0,257.0,16.14,4.863977327037993,7,27.54,5.707337453187682,4.863977327037993,4.8966155,4.635777530310094,4.729484760866633
9340,0.0,0.0,644.0,0.0,,3,12.62,-4.838593180215773,0.32077864027662517,0.20857522,0.11573974020843694,0.24101865101757447
9342,0.0,0.0,315.0,0.0,,5,5.04,-0.6798294864309602,0.7496644682170794,0.77596104,0.6843538446294155,0.5633361503288823
9343,0.0,0.0,126.0,0.0,,5,16.93,2.9898526220609276,1.0625347642413732,2.138189,2.1156561851312117,1.895791713294967
9345,0.0,0.0,113.0,0.0,,5,20.94,3.498244125517348,2.32659064545856,2.5185897,2.244888570775817,2.155757226958693
9349,4.0,229.0,340.0,20.3425,15.738347304956772,22,103.57,13.951060494646764,16.431159657764013,16.462719,15.579783451945525,16.32548833129262
9350,0.0,0.0,258.0,0.0,,6,12.17,0.7302824523602705,0.809695980654187,0.6943293,0.7596545671291346,0.5172404453941244
9351,0.0,0.0,522.0,0.0,,3,5.96,-3.619326970036963,0.5819915427067095,0.2966153,0.2981452036416381,0.21822600329448694
9352,1.0,188.0,278.0,7.44,2.6183809669454625,7,12.41,3.1097452549461693,2.6183809669454625,2.5600462,2.6957843725021946,2.5294532550896056
9353,0.0,0.0,434.0,0.0,,5,6.79,-2.2497130662819496,0.562158674561362,0.39620054,0.33649402865615735,0.42880368131658475
9354,0.0,0.0,305.0,0.0,,4,25.78,1.1078436656313926,1.0228150522731139,0.67419755,0.7880783340676666,0.5274200249528747
9355,0.0,0.0,615.0,0.0,,4,30.26,-2.988089866603894,0.815340757509851,0.19397189,0.06660582409229159,0.2813549913181941
9357,2.0,350.0,736.0,17.814999999999998,3.660517514556413,10,47.45,2.311462487100284,3.660517514556413,3.6375518,3.657624360094379,3.76755684723429
9359,1.0,125.0,173.0,11.9,5.027022220888861,6,27.68,6.152277758276969,5.027022220888861,5.0294952,4.995588938156057,5.083209716479306
9362,0.0,0.0,137.0,0.0,,5,29.32,3.825317412347399,1.0625347642413732,1.7012978,1.6471991873617557,1.9462667335458397
9364,0.0,0.0,616.0,0.0,,5,10.04,-4.604720257914253,0.2280781283679771,0.22272384,0.12147431762844554,0.25949531467431175
9366,2.0,160.0,368.0,12.065,4.594606648719237,12,31.86,4.701062837184461,4.594606648719237,4.577458,4.7545742817973835,4.61650853441269
9368,0.0,0.0,52.0,0.0,,4,3.52,2.9588230783468883,2.820447678323929,3.599766,3.3136419006022977,3.1038646035965094
9370,0.0,0.0,217.0,0.0,,5,5.76,0.7863201830520965,1.0625347642413732,0.95244974,1.0312923630551927,0.9604590770385109
9373,0.0,0.0,550.0,0.0,,5,7.97,-3.822190164343125,0.2280781283679771,0.27537578,0.19371303113055874,0.25569655306096006
9374,0.0,0.0,35.0,0.0,,3,6.7,3.4389637871749894,4.276645059846402,4.729533,3.3136419006022977,4.020613143760862
9376,0.0,0.0,260.0,0.0,,5,15.39,0.9405710922524135,0.809695980654187,0.7993242,0.7236456942026666,0.5267942953006921
9378,0.0,0.0,275.0,0.0,,2,15.01,0.6369870931311823,0.809695980654187,0.76894903,0.6602102321386363,0.5495947177878655
9379,0.0,0.0,189.0,0.0,,4,4.39,1.0596843493960404,1.0625347642413732,1.2601664,1.3965483303006638,1.039765372813374
9381,1.0,324.0,606.0,8.32,1.4358179863808027,10,39.230000000000004,1.360716651963946,1.4358179863808027,1.3892415,1.408986219777953,1.313803654008427
9383,4.0,384.0,601.0,17.0075,8.243176442228322,24,72.73,8.022871519723326,8.243176442228322,8.219603,8.308851358789475,8.383803023965447
9386,2.0,36.0,431.0,22.215,3.339011561138476,16,59.66,6.938868000211271,1.8223053674678562,3.0149915,2.9407329943063223,3.3126846537118815
9387,0.0,0.0,84.0,0.0,,2,15.46,3.4180406970475397,2.820447678323929,2.7787156,2.3947437699466767,2.4826809107669083
9390,2.0,399.0,700.0,13.72,3.2872649447694493,10,40.47,1.9265496454067152,3.2872649447694493,3.3576555,3.31888411913802,3.388954798421757
9391,1.0,182.0,208.0,6.4,3.006886573659259,8,14.72,4.147199778804838,2.835701910759869,2.5033195,2.9268134660804583,2.9855492907572696
9393,2.0,42.0,428.0,14.655000000000001,2.4538521354674465,11,45.29,4.707643496807872,2.4538521354674465,2.2354064,2.3759154794349544,2.59775011312561
9394,1.0,206.0,238.0,44.89,13.494247795499446,10,81.5,14.587966326658396,13.494247795499446,13.519019,14.454207131338375,13.557614390250285
9395,1.0,261.0,306.0,7.59,2.618916259040618,10,42.53,5.541375951098658,2.618916259040618,2.6349578,2.3418902731957143,2.5539721936966147
9396,2.0,625.0,665.0,13.47,3.876160287071005,13,41.19,3.5633924580764456,3.876160287071005,3.9121785,3.8160062084125745,3.9733858891592053
9397,1.0,6.0,380.0,25.3,2.617564557264941,11,30.73,4.831508350129437,2.617564557264941,2.6038558,2.5946042466296952,2.7782187199455204
9398,1.0,265.0,318.0,14.26,4.061198186451005,10,17.07,4.275918145759814,3.8258453789912688,3.938432,4.027208041328566,3.934890680280478
9401,2.0,631.0,672.0,10.825,3.1750602727752266,9,50.97,3.829508149057615,3.1750602727752266,3.1567128,3.444483882521246,3.0569779359708225
9402,1.0,92.0,187.0,6.84,3.011766509614933,6,26.27,4.978681100252874,3.011766509614933,3.0335302,2.9610185087343286,2.9048498217525127
9403,0.0,0.0,125.0,0.0,,3,10.69,2.4654806946172094,1.0625347642413732,2.1298542,2.116589912152875,1.895791713294967
9404,2.0,396.0,434.0,13.715,5.477216244141483,10,34.29,5.239131182135641,5.921475973667575,5.1214924,5.577256710127976,5.4118699186183905
9405,0.0,0.0,482.0,0.0,,2,10.79,-2.6763271391149264,0.4105308468223392,0.33435005,0.31876140168005423,0.29834002163556317
9412,1.0,139.0,482.0,11.26,1.735308568585605,8,34.589999999999996,2.2799577941108002,3.82006287972205,1.8443344,2.286361885469725,1.6883821751533992
9413,0.0,0.0,81.0,0.0,,2,14.2,3.3601161978445493,2.820447678323929,2.780532,2.3947437699466767,2.4826809107669083
9414,0.0,0.0,278.0,0.0,,5,6.56,-0.026193185677596986,0.809695980654187,0.7584517,0.6698274619234122,0.5524287555275418
9415,3.0,68.0,202.0,16.083333333333332,12.044627357556598,12,69.42,10.944940014192301,12.044627357556598,12.094816,12.224613683350032,12.292028965356105
9416,0.0,0.0,232.0,0.0,,3,11.7,1.0087153763152221,1.0625347642413732,0.8896296,1.046177276085085,0.7894272609239028
9417,2.0,527.0,666.0,8.525,2.5242375059883697,13,29.060000000000002,1.4300506007412759,2.5242375059883697,2.5925248,2.691877572417685,2.4851417929864588
9419,2.0,407.0,601.0,6.234999999999999,2.05010919618407,12,15.690000000000001,0.3942547399943779,2.05010919618407,1.9986763,1.9011162935795047,2.0095536406443646
9420,1.0,402.0,597.0,27.14,4.08407424591079,5,30.490000000000002,3.6809218677884115,4.08407424591079,4.093323,4.028223758004443,4.023016493211982
9421,3.0,507.0,579.0,5.723333333333333,2.789658043723356,12,24.4,2.5184797130895538,2.789658043723356,2.7297723,2.7669891656554566,2.804545990307428
9422,1.0,94.0,313.0,10.87,2.5521565731046247,9,15.32,2.9185441350254497,2.5521565731046247,2.5670087,2.5420645791441188,2.585454337381155
9425,2.0,133.0,155.0,19.55,14.437041778698047,12,47.78,9.956600040499481,14.437041778698047,14.429328,14.04027016199877,14.033148750018697
9426,0.0,0.0,365.0,0.0,,2,11.44,-0.9427310955216859,0.6878891425254019,0.71463245,0.41313311155422927,0.5230846095656254
9432,0.0,0.0,23.0,0.0,,4,3.59,3.381211639909101,4.276645059846402,4.722781,3.3136419006022977,4.020613143760862
9433,1.0,258.0,609.0,28.22,3.493834482329071,8,31.7,3.142408448573637,2.9782781183017675,3.366564,3.67898865971971,3.69931398638883
9435,1.0,37.0,295.0,9.98,2.087563558163405,7,11.73,2.4612146294279156,2.087563558163405,2.073794,2.081593729039099,2.1234706596953705
9437,0.0,0.0,672.0,0.0,,6,8.06,-5.5491240589452095,0.2280781283679771,0.12632784,0.11395979462769754,0.2659968844230418
9438,0.0,0.0,172.0,0.0,,5,3.34,1.2389810526325191,1.0625347642413732,1.3563179,1.3652005307190476,1.346870423555524
9439,2.0,160.0,405.0,6.720000000000001,2.505875234972507,5,20.04,2.341968612424572,2.505875234972507,2.5827112,2.5616706460895595,2.4929025022848688
9440,2.0,389.0,608.0,19.634999999999998,5.34100944891799,11,50.36,4.839099308817268,5.958914383265137,5.062679,5.252123972402661,5.121937179300687
9443,3.0,131.0,301.0,13.176666666666668,7.867746258733051,22,47.38,7.834946311939837,7.867746258733051,7.8976617,7.987619104638141,8.118906647037845
9444,1.0,18.0,253.0,24.19,4.689099893982538,9,59.11,8.79529293396832,4.689099893982538,4.772916,5.00811063176663,5.115249359982754
9447,0.0,0.0,405.0,0.0,,4,11.85,-1.4463567477872354,0.562158674561362,0.4297945,0.32874159399009123,0.45106680859374215
9448,0.0,0.0,130.0,0.0,,3,10.68,2.3928209905427433,1.0625347642413732,1.7575881,2.116589912152875,1.8593429445554133
9449,0.0,0.0,322.0,0.0,,7,7.0,-0.5848993877567379,0.7496644682170794,0.5804722,0.6549915542019868,0.5455507266377744
9450,2.0,260.0,339.0,8.825,4.349699234847657,11,28.12,4.813114874454559,4.349699234847657,4.2974043,4.396420082838878,4.36891359409989
9451,1.0,114.0,297.0,7.15,2.1085774685580176,6,27.64,3.653437660043406,2.1085774685580176,2.1191018,2.3940577088600965,2.1767064734995456
9455,0.0,0.0,228.0,0.0,,3,8.48,0.8079903763214955,1.0625347642413732,0.8898424,1.0488935959011434,0.810572066407202
9456,2.0,192.0,268.0,8.805,5.041503020505527,12,40.29,6.508838530117869,5.041503020505527,5.044454,5.233358273833264,5.062335209227326
9457,0.0,0.0,55.0,0.0,,4,7.62,3.2444866877231657,2.820447678323929,3.4438095,3.0906893590527775,2.980605734628056
9459,0.0,0.0,716.0,0.0,,3,25.2,-4.864557553449736,0.31599932901172306,-0.015083712,0.037972693416112674,0.19280158902055966
9460,3.0,68.0,138.0,15.573333333333332,16.214640755520247,15,71.1,11.985868656367792,16.214640755520247,16.203362,16.15456168839876,15.82771072431521
9461,3.0,578.0,699.0,12.433333333333332,4.665266241599991,22,44.26,3.844765402556583,4.665266241599991,4.6580276,4.701545713063653,4.658046861672596
9462,0.0,0.0,319.0,0.0,,3,19.71,0.4007100738907048,0.6878891425254019,0.5800352,0.6713500928082734,0.5231530179846953
9464,0.0,0.0,192.0,0.0,,4,4.68,1.0398247158989995,1.0625347642413732,1.2683592,1.3965483303006638,1.0667096011204116
9467,1.0,568.0,641.0,49.28,7.197538215128993,9,58.02,9.193619288607344,4.636612981107146,5.7015796,5.3905460583070095,5.9787409588792055
9469,6.0,427.0,705.0,7.239999999999999,4.0832069041407575,29,54.79,5.453727089128481,4.0832069041407575,4.0766735,4.110787043405133,4.189829163895969
9471,1.0,20.0,629.0,3.93,0.32077864027662517,8,12.25,-3.200791726080621,0.32077864027662517,0.28828365,0.37870999444241804,0.39330073939946164
9473,0.0,0.0,665.0,0.0,,3,15.54,-4.906241668197096,0.31599932901172306,0.16535941,0.12496650630987363,0.2564254214019295
9476,0.0,0.0,534.0,0.0,,5,12.41,-3.236202351571083,0.6616955829386749,0.27942324,0.17945782404806823,0.2664645676477315
9478,0.0,0.0,282.0,0.0,,2,4.06,-0.3416924463952773,0.809695980654187,0.79344815,0.6772979684497417,0.5453433910330387
9479,0.0,0.0,138.0,0.0,,3,15.44,2.6595520802868444,1.0625347642413732,1.8109554,1.7627633181018754,1.860645282645737
9480,5.0,129.0,260.0,14.784,15.004154666891939,24,90.61,13.573577796704505,19.031036475882132,16.890757,16.57219875753845,15.584386242324419
9481,2.0,437.0,668.0,11.23,3.016995687361699,13,33.4,1.7069822963588517,3.016995687361699,2.9998305,3.038809703517674,2.9454905763006773
9484,3.0,111.0,152.0,9.74,10.564978072948648,17,63.24,10.57982923331788,10.564978072948648,10.568595,11.155108554204277,10.749381908706788
9487,4.0,564.0,665.0,15.92,7.839608411868907,17,67.33,7.223188719659994,8.16941003984934,6.922839,7.501603377540199,7.470381100743129
9488,4.0,357.0,484.0,7.8775,5.093605175505265,16,41.1,5.615669085305232,5.093605175505265,5.097349,5.168260982116417,4.8976156290563075
9491,6.0,576.0,607.0,10.328333333333333,8.15348525873575,25,82.72,10.150237853894815,7.339829307681482,7.909545,7.7260280476834,7.8755279156770825
9492,1.0,39.0,255.0,6.91,1.9300168737200984,6,19.09,3.18837096260187,1.9300168737200984,1.937977,1.942547990426485,1.8081647359424222
9494,0.0,0.0,76.0,0.0,,5,13.06,3.3980960475281403,2.820447678323929,2.754919,2.285141357307877,2.4826809107669083
9495,1.0,96.0,452.0,8.13,1.3063418398998774,8,14.77,0.4849009510455069,1.3063418398998774,1.3630663,1.313828774239305,1.4391619510700204
9498,3.0,88.0,246.0,21.400000000000002,13.648582978571095,14,68.16,11.08442997779032,13.648582978571095,13.637293,13.51558017252817,13.320389227004565
9499,1.0,323.0,676.0,7.47,1.1575654506464224,8,17.15,-1.5774185198572876,1.1575654506464224,1.1780145,1.2275790081752025,1.0073363091076688
9500,0.0,0.0,130.0,0.0,,5,13.32,2.642881100053404,1.0625347642413732,1.7354755,2.092031669315441,1.8593429445554133
9501,1.0,291.0,636.0,17.03,2.245764407556444,6,22.25,0.5518344692816908,2.245764407556444,2.2752795,2.231085804148182,2.1733110361223975
9504,5.0,491.0,502.0,15.754,12.095207319609901,26,81.32000000000001,11.21163810112447,9.052360243636187,11.337925,11.563835437468844,11.640665183540857
9505,0.0,0.0,641.0,0.0,,5,10.24,-4.947971321405132,0.2280781283679771,0.19192392,0.12366819197476948,0.2284722611770169
9507,1.0,480.0,525.0,7.13,1.7163691844149742,10,11.719999999999999,0.880010436156839,1.7163691844149742,1.7162372,1.8248621276481425,1.7161817931798575
9509,0.0,0.0,52.0,0.0,,4,8.74,3.3774139780315924,2.820447678323929,3.606594,3.3136419006022977,3.1038646035965094
9510,6.0,499.0,668.0,18.411666666666665,12.262330343180437,38,126.49,13.800954526716747,12.262330343180437,12.259725,12.212141028844966,12.23115314578612
9512,2.0,263.0,592.0,11.525,2.9336967110385137,9,47.730000000000004,3.1017143588253706,2.9336967110385137,3.0476665,2.96204777345592,3.115258641005871
9513,1.0,31.0,361.0,34.63,4.3886944096669325,9,38.85,7.134748867189657,4.3886944096669325,4.4706783,4.127965120270666,4.457690166238131
9514,2.0,124.0,199.0,2.585,2.4491107772475766,9,20.48,4.670172599929696,2.4491107772475766,2.4744012,2.6162601282550013,2.8532553705271613
9516,0.0,0.0,198.0,0.0,,4,30.58,3.0305118818583088,1.0625347642413732,1.4099398,1.1608030340783584,1.0614419669742636
9517,0.0,0.0,521.0,0.0,,2,4.78,-3.718758887778839,0.5819915427067095,0.29338652,0.2981452036416381,0.21822600329448694
9522,1.0,7.0,240.0,17.66,3.5859528979998694,11,41.96,6.683484670470796,4.56068928195197,4.8281884,4.4844241039592605,4.273340149529985
9524,4.0,555.0,644.0,15.5575,7.90186212461176,19,77.63,8.296812431154985,7.333142070918532,7.978202,8.101222836427462,8.000733632790087
9525,2.0,9.0,223.0,8.375,3.3731871182336914,18,33.21,5.789946653831614,3.3731871182336914,3.3794737,2.996903466197631,3.5879295289733
9527,3.0,354.0,470.0,13.053333333333333,6.571741979966459,13,55.66,6.919749467608578,6.571741979966459,6.588666,6.6448192871473735,6.423819875851255
9528,0.0,0.0,633.0,0.0,,4,5.26,-5.251523655626177,0.2280781283679771,0.1711683,0.13113869850109888,0.23343917031670625
9533,1.0,24.0,233.0,28.97,6.217278304243226,13,34.589999999999996,7.887623540704772,6.217278304243226,6.227262,6.224568328467891,6.17669620065596
9535,2.0,78.0,619.0,10.809999999999999,1.1596205666072572,16,33.42,0.7384176302620835,1.1596205666072572,1.1750467,1.0156538746583252,1.0817559283450482
9536,0.0,0.0,261.0,0.0,,3,13.61,0.7451026732541042,0.809695980654187,0.81771153,0.731116200728996,0.5336736317205544
9540,2.0,314.0,361.0,25.73,11.045911380735092,12,59.71,9.65806076637891,11.045911380735092,10.986454,10.896002529231474,10.424439706728773
9542,0.0,0.0,648.0,0.0,,1,10.32,-5.118874993007027,0.2280781283679771,0.20234196,0.11573844648054642,0.2364875417841601
9543,2.0,335.0,642.0,20.520000000000003,4.922197411848186,13,54.08,4.558823562670254,4.922197411848186,4.901705,4.730178423634065,4.969146926766404
9546,0.0,0.0,220.0,0.0,,3,2.65,0.45545617112478265,1.0625347642413732,0.9742742,1.038762869581522,0.9604590770385109
9549,0.0,0.0,94.0,0.0,,4,2.28,2.2557821235015427,2.32659064545856,2.6202338,2.3337251846506284,2.210230292647636
9550,2.0,59.0,380.0,22.02,5.0683786021714905,9,52.04,7.0065326456134525,5.0683786021714905,5.1436114,5.282167611146433,5.233770162455896
9551,0.0,0.0,705.0,0.0,,5,2.31,-6.503656567914629,0.2280781283679771,0.1781845,0.09437103233567955,0.2523099872633443
9552,0.0,0.0,64.0,0.0,,6,7.12,3.1134066883642224,2.820447678323929,2.8492107,3.0688786059115625,2.8405736797263055
9554,3.0,667.0,731.0,8.043333333333335,3.104201057486837,13,32.77,2.0936295325621592,3.104201057486837,3.0971515,3.2335528590601954,3.0673300847350076
9555,0.0,0.0,480.0,0.0,,2,6.78,-2.9691452251737225,0.562158674561362,0.34237546,0.31876140168005423,0.29834002163556317
9556,0.0,0.0,257.0,0.0,,3,17.25,1.0944798900874027,0.809695980654187,0.82860607,0.772158476624479,0.5172404453941244
9558,0.0,0.0,70.0,0.0,,5,11.79,3.3824843335294172,2.820447678323929,2.8734999,2.285141357307877,2.8405736797263055
9559,1.0,6.0,178.0,12.94,3.804074461308393,9,16.84,4.859029483515108,3.804074461308393,3.8017862,3.887669805936522,3.64165728335908
9561,0.0,0.0,160.0,0.0,,4,4.42,1.4788653178572209,1.0625347642413732,1.3734235,1.6950412454958932,1.574107238971636
9564,2.0,174.0,350.0,11.435,4.765997659367833,12,29.05,4.711833570747279,4.765997659367833,4.8083396,4.742082385623817,4.834083715496206
9567,0.0,0.0,471.0,0.0,,5,7.59,-2.7173089671754447,0.562158674561362,0.34713298,0.31950572518130405,0.2947035211985085
9569,0.0,0.0,118.0,0.0,,4,5.08,2.1353961727375994,1.0625347642413732,2.155371,2.1335467790624563,1.9387729350693883
9571,1.0,317.0,382.0,11.7,3.047636104208632,5,18.0,3.2202597980689083,3.047636104208632,3.0762076,3.020498775365671,2.9558599878882337
9573,3.0,245.0,336.0,10.313333333333333,6.770418841451599,14,34.9,6.309877223473034,6.770418841451599,6.687673,6.593888700141291,6.381386330563926
9574,1.0,133.0,213.0,38.42,11.74883674880033,9,65.56,12.407482374363596,16.90932166067101,13.985577,13.856441020453046,13.528243959462593
9578,1.0,222.0,369.0,2.22,1.0837936612249597,8,7.040000000000001,0.8211547083369934,1.0837936612249597,1.0832248,1.1047405083125292,1.2634859937885423
9581,0.0,0.0,618.0,0.0,,4,16.8,-4.110559628580758,0.31599932901172306,0.23760694,0.11185708784366963,0.26381615820569415
9583,0.0,0.0,157.0,0.0,,5,14.62,2.3590957245212274,1.0625347642413732,1.7578493,1.7475244037228577,1.574107238971636
9584,2.0,582.0,666.0,7.1850000000000005,2.243088541349764,14,25.97,1.270972405612484,2.243088541349764,2.2349799,2.2795659308538325,2.131117071506276
9585,0.0,0.0,34.0,0.0,,6,19.72,4.554945349984618,4.276645059846402,4.5290136,3.314006419638479,4.022575511293851
9586,2.0,92.0,281.0,11.205,4.944437241154625,14,28.23,5.2617915831703845,4.944437241154625,4.9529896,5.107751278374499,4.867952151671796
9588,0.0,0.0,188.0,0.0,,3,8.1,1.3523806882553533,1.0625347642413732,1.2768203,1.3965483303006638,1.039765372813374
9592,0.0,0.0,295.0,0.0,,3,12.07,0.13297725942974958,0.809695980654187,0.6970658,0.6810444078210952,0.6014139741361726
9593,0.0,0.0,638.0,0.0,,2,13.8,-4.67691929919754,0.31599932901172306,0.20422094,0.11405096218999357,0.2208815838293372
9595,0.0,0.0,222.0,0.0,,4,2.74,0.4531096157036889,1.0625347642413732,0.96853846,1.038762869581522,0.8782423180957322
9596,0.0,0.0,240.0,0.0,,4,11.43,0.8912711160257887,1.0625347642413732,0.9862349,0.9482385007857772,0.801206643763007
9598,0.0,0.0,172.0,0.0,,6,9.09,1.7192520433271672,1.0625347642413732,1.3309206,1.3601671277500325,1.346870423555524
9599,0.0,0.0,112.0,0.0,,4,13.36,2.8855973116103177,2.32659064545856,2.5993652,2.2139379193044593,2.16486338100599
9601,2.0,152.0,267.0,7.565,4.262734312737518,10,47.67,6.717314426962815,4.262734312737518,4.2717943,4.142806293254184,4.140690952752911
9602,1.0,300.0,614.0,13.86,2.0125653959190037,7,18.58,0.19285306019216097,2.0125653959190037,2.026465,1.9873378192724815,2.1446735768974383
9603,1.0,328.0,438.0,13.69,3.029950231400224,7,32.19,3.920440740118942,3.029950231400224,3.1194167,3.170667806878342,3.2587873100917077
9604,0.0,0.0,484.0,0.0,,6,13.88,-2.3805657646948033,0.4105308468223392,0.31190717,0.2891697558736045,0.2212398389426129
9606,0.0,0.0,117.0,0.0,,5,17.04,3.1280175535273402,1.0625347642413732,2.1461203,2.132613052040793,1.9387729350693883
9607,0.0,0.0,235.0,0.0,,3,15.29,1.2534821736533384,1.0625347642413732,0.91209096,1.0290895397739797,0.789353325691664
9610,11.0,292.0,353.0,12.42,24.704914743104958,48,150.56,22.223807208566654,30.45633635662393,28.959085,24.7493834864044,23.053369877143908
9611,0.0,0.0,175.0,0.0,,5,29.49,3.2928303589528047,1.0625347642413732,1.3201257,1.406555893913247,1.4182588471482669
9612,1.0,485.0,653.0,5.71,1.1772564262342626,9,26.82,0.05745454471387301,1.3707109361801637,1.0897522,1.2010361437478791,1.1513491336882566
9619,3.0,554.0,741.0,16.69333333333333,5.684119731065407,15,54.52,4.4117496531568765,5.684119731065407,5.694135,5.571052798251566,5.712692352075463
9620,0.0,0.0,157.0,0.0,,5,13.12,2.2388109832325194,1.0625347642413732,1.7424722,1.7475244037228577,1.574107238971636
9621,0.0,0.0,93.0,0.0,,4,2.74,2.3070410053232546,2.32659064545856,2.6202338,2.4118315062577813,2.210230292647636
9622,3.0,441.0,524.0,13.836666666666666,6.523433377421814,18,52.65,6.512950506458276,6.523433377421814,6.5290713,6.545015800756725,6.420153963592562
9623,1.0,386.0,568.0,27.95,4.380685760725725,10,31.66,4.325775464241891,4.380685760725725,4.3229775,4.366535676165435,4.504130296668209
9625,6.0,284.0,302.0,12.046666666666667,15.83203758618873,26,87.72,13.832221371568693,15.83203758618873,15.8404665,16.05979432794738,15.96426454947901
9629,0.0,0.0,354.0,0.0,,5,6.84,-1.095978682118333,0.7496644682170794,0.5969845,0.40566260502789986,0.5977241060358445
9630,0.0,0.0,278.0,0.0,,3,6.96,-0.0324762195098085,0.809695980654187,0.78129303,0.6772979684497417,0.5524287555275418
9631,10.0,602.0,622.0,16.336,19.900873496192816,51,175.14,21.662598237128485,19.900873496192816,19.883904,20.30739253914185,19.432909082471305
9633,0.0,0.0,520.0,0.0,,3,14.85,-2.87769628101287,0.5819915427067095,0.27483773,0.2810574673305328,0.21822600329448694
9634,3.0,189.0,291.0,10.08,7.158062929883393,17,53.93,8.24659050143776,7.158062929883393,7.1397057,7.35329772881201,7.610748717861558
9638,2.0,485.0,508.0,9.715,3.6290216548626466,11,29.72,3.6854753614308673,3.6290216548626466,3.662857,3.5043194802307043,3.669374237511176
9639,4.0,460.0,495.0,16.43,10.394034805536212,24,74.9,9.99399637029768,8.717225056747179,9.662739,9.621018052904883,10.18518550459757
9640,0.0,0.0,186.0,0.0,,3,6.12,1.2223479520739415,1.0625347642413732,1.2669189,1.3965483303006638,1.039765372813374
9642,6.0,608.0,657.0,10.9,8.015069988023571,31,73.28,9.01860829577431,8.015069988023571,7.910472,7.822601530430594,8.105443831592252
9644,11.0,310.0,328.0,10.905454545454546,23.675149278936672,53,140.88,21.775485763005396,24.1027231748372,23.271202,25.132608678067843,23.96014081336278
9648,3.0,226.0,648.0,11.61,2.8352495782700737,13,47.55,2.9134026292053,2.3534821135777384,2.7977285,2.547345125251286,3.3484364779729385
9649,0.0,0.0,38.0,0.0,,4,20.74,4.540893764579039,4.276645059846402,4.539862,3.335817172779694,4.023427278034864
9651,0.0,0.0,555.0,0.0,,2,10.64,-3.737479577912233,0.2280781283679771,0.25851172,0.18364495436906533,0.27952570166540003
9652,0.0,0.0,472.0,0.0,,2,2.03,-3.235074416642566,0.562158674561362,0.33953023,0.32697623170763346,0.2965982968041567
9656,1.0,70.0,418.0,14.39,2.0258774283196646,6,19.990000000000002,2.1053995991646213,2.0258774283196646,1.9967346,2.1803685105682833,1.8937416833331957
9658,0.0,0.0,323.0,0.0,,2,6.36,-0.7464898506394304,0.6878891425254019,0.65771496,0.6502376789578752,0.5655408870498295
9660,0.0,0.0,186.0,0.0,,3,15.8,1.9985854825237377,1.0625347642413732,1.3014042,1.3794605939895586,1.039765372813374
9662,2.0,494.0,592.0,8.755,2.875098995342366,14,46.78,3.8119399536172156,2.875098995342366,2.7129314,2.898793018774786,2.9758111626220862
9665,0.0,0.0,313.0,0.0,,4,8.64,-0.38158246743964463,0.6878891425254019,0.73977876,0.6918243511557449,0.6258212820310591
9667,2.0,90.0,435.0,14.649999999999999,3.3527290189549324,13,35.94,4.118664770776373,3.3527290189549324,3.4259968,3.677350370461339,3.31341765484083
9668,3.0,440.0,458.0,8.376666666666667,4.704835530128491,17,30.229999999999997,4.878496353675978,4.704835530128491,4.6887813,4.605663336624312,4.483089723527102
9671,1.0,59.0,353.0,5.58,1.2354157027737704,6,12.43,1.1536765943631622,1.2354157027737704,1.2230023,1.1829919425046902,1.3215040551031274
9673,3.0,642.0,739.0,20.593333333333334,7.199112497745087,16,75.56,7.100819426895035,7.199112497745087,7.217568,7.278708580629131,7.253520672047895
9674,0.0,0.0,145.0,0.0,,3,21.99,3.0841945224619782,1.0625347642413732,1.676351,1.791825492118443,1.6327396493708557
9678,1.0,25.0,52.0,13.01,8.677457826873125,9,19.89,7.012747048519681,9.108885437751361,9.559136,9.515639308686133,8.820524115188753
9679,1.0,270.0,620.0,22.39,2.8385106928800576,10,42.91,3.1646727882637284,2.8385106928800576,2.8161561,2.5597708383698454,2.857957174799956
9680,0.0,0.0,234.0,0.0,,5,5.88,0.5516264226378857,1.0625347642413732,0.881537,1.0387067695587555,0.789353325691664
9682,1.0,160.0,227.0,5.93,2.604508578232757,9,14.91,3.7404788530899027,2.835701910759869,2.4425952,2.5605871770357758,2.340787958734905
9684,1.0,205.0,379.0,11.04,2.6125153432530546,10,21.79,3.049119448848005,2.6125153432530546,2.6053364,2.7308830939391004,2.6533164957951754
9685,1.0,243.0,369.0,11.1,2.830736877359179,5,15.85,2.8060995478252715,2.830736877359179,2.8266509,2.8515015300930293,2.740564392853164
9686,0.0,0.0,576.0,0.0,,2,5.89,-4.420184043016483,0.2280781283679771,0.27750364,0.16413473791797872,0.28300635649647
9687,1.0,270.0,315.0,5.78,2.151306300545188,10,18.21,3.251399737388957,2.151306300545188,2.1550012,2.0859513867163963,2.0637062595518394
9691,1.0,100.0,432.0,12.69,1.9619211302061994,8,19.119999999999997,1.7755973351407224,1.9619211302061994,1.8895547,1.8607172228500337,1.821444040087079
9692,0.0,0.0,106.0,0.0,,4,34.54,4.670247225565925,2.32659064545856,2.4079645,2.5242983799424255,2.340264943761806
9694,0.0,0.0,701.0,0.0,,3,10.43,-5.833387888608258,0.2280781283679771,0.18269701,0.10184153886200893,0.2530516682564521
9697,1.0,249.0,660.0,27.14,2.9782781183017675,9,32.33,2.2866245601791397,2.9782781183017675,2.9791274,2.987700446324096,2.9444780537807453
9703,4.0,586.0,655.0,12.377500000000001,6.330737949341231,18,54.75,5.985914996507459,6.330737949341231,6.322696,6.234912658846064,6.166500821632478
9709,0.0,0.0,195.0,0.0,,4,20.47,2.2629074090519414,1.0625347642413732,1.0835614,1.1869985650612591,1.0313292172880608
9710,2.0,315.0,685.0,11.46,2.5966680802991835,11,25.5,0.25421527906008423,2.5966680802991835,2.5079217,2.486020162110182,2.6121101264437994
9715,6.0,420.0,465.0,18.141666666666666,17.10780807469475,32,124.64,16.04907665967271,13.747060107375878,17.811203,16.907316649551472,16.800868748879473
9717,1.0,143.0,249.0,14.88,4.56807825195797,9,32.59,6.01070781859481,4.56807825195797,4.532785,4.5003725736159215,4.419687558054782
9719,0.0,0.0,454.0,0.0,,5,39.5,0.08586496889031237,0.8926958439568398,0.38904437,0.2604674236534904,0.5224805843800366
9725,1.0,41.0,275.0,16.69,3.4606649938260814,6,24.700000000000003,4.723739518016027,3.4606649938260814,3.4592032,3.478489605003956,3.459120207321295
9726,1.0,48.0,287.0,19.08,3.7905238046293075,9,23.939999999999998,4.913737580505617,3.4988796772528996,3.6246915,3.704438295383403,3.901475158419771
9728,14.0,449.0,686.0,15.780714285714286,11.122299581041485,64,227.72,27.277246196783707,26.935635294821274,21.673557,24.363591610162462,23.430500816481672
9734,4.0,374.0,433.0,16.195,11.219365797010214,24,83.08,11.107361188394684,11.219365797010214,11.32373,11.47450050361742,11.043310432323738
9736,1.0,31.0,729.0,26.77,1.0736452511688304,10,52.989999999999995,1.903168536644138,1.0736452511688304,1.0716585,0.9960298065556783,0.9585445594939666
9743,3.0,261.0,333.0,15.266666666666666,9.893215748016942,19,53.480000000000004,8.70403149225551,9.893215748016942,9.897692,9.905966358637897,9.69020007687664
9744,0.0,0.0,644.0,0.0,,4,25.08,-3.820248446822972,0.31599932901172306,0.14169419,0.06446410967737383,0.22620622419404324
9745,3.0,291.0,655.0,19.89333333333333,5.723427790429477,19,75.33999999999999,6.614263022210099,5.723427790429477,5.712771,5.899254067024109,5.929510932580372
9746,0.0,0.0,288.0,0.0,,5,3.59,-0.408072585027655,0.809695980654187,0.7360514,0.6906616376058712,0.5494368529903095
9747,4.0,548.0,593.0,10.0325,5.679205273599723,23,67.88,7.521657614776616,5.679205273599723,5.69928,5.750029183112625,5.995634139343515
9748,0.0,0.0,676.0,0.0,,3,3.28,-6.047456126421728,0.2280781283679771,0.21331461,0.12646370412304195,0.2659968844230418
9752,5.0,415.0,691.0,17.994,8.72639173639175,25,101.4,10.044518043813193,8.72639173639175,8.781275,8.655304316644617,8.957287643943834
9753,0.0,0.0,698.0,0.0,,7,16.8,-5.202746074104286,0.31599932901172306,0.07837837,0.07224989305555919,0.2551704704698139
9754,0.0,0.0,232.0,0.0,,3,11.76,1.0135267659667706,1.0625347642413732,0.8896296,1.0290895397739797,0.7894272609239028
9758,0.0,0.0,165.0,0.0,,5,31.41,3.5905104394007674,1.0625347642413732,1.2469293,1.6938223295726822,1.5830972573449058
9759,0.0,0.0,565.0,0.0,,5,11.05,-3.790778912961269,0.32077864027662517,0.26167023,0.1528118897195618,0.2569282018009904
9760,2.0,594.0,618.0,9.620000000000001,3.0855874814249113,12,32.58,2.8479458023824,3.0855874814249113,3.1262288,3.0572096487892284,3.111961619889531
9761,0.0,0.0,162.0,0.0,,4,25.8,3.1645807080392565,1.0625347642413732,1.36013,1.822197544522567,1.5824858947922333
9766,1.0,175.0,301.0,8.83,2.689765955495834,6,13.41,2.9734205976738437,3.1029387078336095,2.638006,2.6900083440286573,2.573117233694978
9767,0.0,0.0,488.0,0.0,,3,5.15,-3.195647650898252,0.4105308468223392,0.3942126,0.2981452036416381,0.21522331250812865
9770,1.0,8.0,119.0,3.07,2.1473960292761127,8,11.86,3.9215879462372873,2.1473960292761127,2.1361446,2.345408171980463,2.2166387897619755
9771,0.0,0.0,339.0,0.0,,6,9.28,-0.6655626031364763,0.7496644682170794,0.6116078,0.6297283924478976,0.5911466022619454
9773,1.0,33.0,524.0,8.44,0.7831244807202892,6,17.189999999999998,-0.6445806815147517,0.7831244807202892,0.7956377,0.8198093230521365,0.7920651578015603
9775,2.0,268.0,296.0,9.095,5.035229629167982,13,32.67,5.909249640814382,5.035229629167982,5.0154605,5.184992691892816,5.103990757868358
9776,0.0,0.0,218.0,0.0,,4,12.83,1.3197112200784318,1.0625347642413732,0.96239454,1.0216751332704168,0.9604590770385109
9777,1.0,3.0,181.0,34.2,8.446753909515174,8,37.85,9.431793991596772,8.446753909515174,8.45673,8.616421833543782,8.469023831903888
9778,0.0,0.0,292.0,0.0,,3,7.44,-0.19518695853520462,0.809695980654187,0.74900734,0.6981321441322006,0.6021051237798885
9779,0.0,0.0,526.0,0.0,,3,10.38,-3.3223741770122697,0.5819915427067095,0.2885899,0.2981452036416381,0.2395023081368146
9781,5.0,537.0,656.0,9.27,5.726282585994339,25,53.06999999999999,6.024232941457614,5.726282585994339,5.7010965,5.853062984987158,5.659492996239299
9782,0.0,0.0,278.0,0.0,,6,7.23,0.04671348118595997,0.809695980654187,0.73896873,0.6647940589543972,0.5524287555275418
9784,0.0,0.0,285.0,0.0,,3,22.13,1.0834025359377675,0.809695980654187,0.65425634,0.6666199855326851,0.5308561990473644
9785,0.0,0.0,697.0,0.0,,4,11.19,-5.695777892628015,0.32077864027662517,0.14262415,0.10184153886200893,0.2547219658040696
9786,0.0,0.0,280.0,0.0,,4,6.61,-0.07010629904225674,0.809695980654187,0.78872925,0.6772979684497417,0.5524287555275418
9787,4.0,479.0,608.0,24.400000000000002,12.472068062241483,22,127.84,13.776708963296567,12.472068062241483,12.475982,12.607367123853795,12.412692089219245
9788,8.0,655.0,695.0,11.838750000000001,10.764424494504585,34,101.81,12.597452190902214,10.417594424974338,10.451704,11.005422234987563,10.846904775022077
9790,6.0,148.0,227.0,18.665000000000003,26.918729906683627,36,129.17000000000002,18.714620557242498,25.21917006725944,23.754076,25.556317611404136,26.214782357289046
9791,0.0,0.0,211.0,0.0,,2,2.96,0.5904795856750895,1.0625347642413732,0.99911785,1.038762869581522,0.999436982302961
9793,0.0,0.0,95.0,0.0,,6,3.5,2.3776011167657174,2.32659064545856,2.5760348,2.331684192018923,2.210230292647636
9794,0.0,0.0,597.0,0.0,,1,4.47,-4.855035864881066,0.2280781283679771,0.15422377,0.13517018553666052,0.2878715958081681
9795,1.0,334.0,733.0,14.06,1.6859378430823058,10,28.54,-0.47476870313148023,1.6859378430823058,1.6914179,1.7053583178178817,1.6231378210675818
9797,10.0,666.0,685.0,11.425,12.98946984207521,54,136.89,17.361046845105967,12.98946984207521,13.012845,13.112332722133365,13.476745994676914
9800,0.0,0.0,28.0,0.0,,5,21.68,4.77916729647298,4.276645059846402,4.5484996,3.3127069530313595,4.023427278034864
9801,1.0,2.0,387.0,13.9,1.4920476712206507,5,29.009999999999998,2.869772404740511,1.4920476712206507,1.4979008,1.384099405403932,1.3967283526417038
9806,2.0,31.0,258.0,14.969999999999999,5.361736134333898,9,46.51,7.2029288890334495,5.361736134333898,5.3717265,5.238497698967604,5.452849648884132
9807,0.0,0.0,305.0,0.0,,4,8.14,-0.3067048919238142,1.0228150522731139,0.7397895,0.7007294005314063,0.5072300468442821
9808,2.0,13.0,323.0,13.355,2.9150839055541145,11,31.43,4.788795726937978,2.9150839055541145,2.9490945,3.0285269307138143,3.188474007713241
9810,1.0,69.0,711.0,6.21,0.4641805448981854,11,12.67,-3.7417477441616773,0.4641805448981854,0.45579505,0.42394904439668746,0.4853015215673304
9811,5.0,151.0,235.0,5.694,7.405554091658372,25,37.94,8.56358667310171,7.405554091658372,7.411525,7.104588449550143,7.531053855589194
9812,5.0,693.0,728.0,11.784,6.784189933555332,25,83.3,8.491282360310997,6.784189933555332,6.7913365,6.6596090765183344,6.692652894435572
9813,0.0,0.0,373.0,0.0,,4,5.76,-1.4748228403044594,0.6878891425254019,0.45258528,0.3999120331031581,0.487241120806857
9814,2.0,83.0,584.0,12.809999999999999,1.5972261848841716,13,28.04,1.054625679420726,2.4024133389817743,1.4339982,1.448945329143849,1.8954373073368878
9815,4.0,341.0,589.0,11.035,5.289499491618019,21,58.95,5.999608648481509,5.289499491618019,5.251386,5.57859486750291,5.35603991242838
9816,0.0,0.0,610.0,0.0,,3,17.49,-3.9594356407304874,0.31599932901172306,0.24505334,0.11808244922555519,0.27855916601861885
9819,3.0,325.0,359.0,16.326666666666668,10.224044734626375,17,53.11,8.708449798329802,9.350292675906594,10.287287,10.05346568428161,10.193239699057536
9820,5.0,196.0,328.0,9.097999999999999,8.660287615380037,22,56.54,9.345390888890266,8.660287615380037,8.707339,8.873270794994164,8.715525858762918
9822,1.0,130.0,216.0,16.62,5.550215887370042,11,29.42,6.45113749264997,5.550215887370042,5.5506783,5.529315718018367,5.648096955425553
9823,0.0,0.0,367.0,0.0,,4,11.17,-0.9547665064308033,0.6878891425254019,0.7261762,0.41313311155422927,0.5230846095656254
9824,0.0,0.0,189.0,0.0,,3,4.76,1.0701751031593214,1.0625347642413732,1.2659022,1.3965483303006638,1.039765372813374
9825,2.0,115.0,621.0,14.07,1.8991720976143576,16,59.24,3.4071759715569154,1.8991720976143576,1.9321977,1.8664715468573776,1.35173915420261
9826,4.0,639.0,708.0,22.8375,10.639112678517199,22,102.23,10.813818270210016,10.639112678517199,10.633788,10.598638888091605,10.424856680489878
9829,0.0,0.0,100.0,0.0,,6,36.72,4.969649381373765,2.32659064545856,2.4554129,2.5754051488261847,2.6495057220181417
9830,3.0,238.0,328.0,13.496666666666664,8.787938959944228,15,45.01,7.665968273440321,8.787938959944228,8.680013,8.63222933599107,8.338656532152733
9831,2.0,467.0,608.0,17.945,5.175826117223155,13,46.93,4.73034249745745,5.175826117223155,5.197459,5.218265018855915,5.166073279760803
9833,0.0,0.0,120.0,0.0,,4,10.25,2.52123445872633,1.0625347642413732,2.1511993,2.1335467790624563,1.9387729350693883
9835,0.0,0.0,136.0,0.0,,5,25.13,3.5036935961741156,1.0625347642413732,1.7742171,1.6849849311984135,1.9330635760676556
9837,4.0,419.0,593.0,22.915000000000003,11.577752535671598,26,103.65,11.64248769964135,11.577752535671598,11.585704,11.957320091380113,11.54689620792452
9842,0.0,0.0,260.0,0.0,,5,45.25,3.3350393421729625,3.565563120226992,1.5488404,1.2988864355635648,0.9970760222588444
9844,9.0,192.0,333.0,15.68,19.953499772844673,45,159.15,21.701306778079168,28.842903859523588,27.442173,27.357470345317505,25.702842539735002
9846,0.0,0.0,605.0,0.0,,5,2.0,-5.091359298463471,0.2280781283679771,0.18671833,0.12769967901033114,0.2931568298951106
9848,3.0,260.0,303.0,19.14,13.248272869556597,19,74.82,11.381821869873797,13.248272869556597,13.214355,13.593950302532447,13.851652860792402
9850,0.0,0.0,192.0,0.0,,4,19.27,2.2097942995005,1.0625347642413732,1.2344126,1.3919480291808402,1.0675765001647832
9851,5.0,281.0,670.0,14.044,4.2956738392446825,24,95.62,8.688306545321158,4.2956738392446825,4.2601533,4.458461282990784,4.447372674591858
9852,0.0,0.0,586.0,0.0,,4,15.98,-3.716425330036987,0.31599932901172306,0.22822788,0.11874275909841465,0.2837005949514628
9854,2.0,235.0,275.0,2.615,2.112457729972684,11,12.27,3.4795051005382147,2.112457729972684,2.118211,2.1828646595981196,2.3787873628274037
9855,2.0,323.0,697.0,7.63,1.822094795000734,15,25.009999999999998,-0.37754119445939605,1.822094795000734,1.8349717,1.9405610032831169,1.7089123285716026
9859,0.0,0.0,189.0,0.0,,3,11.93,1.645136166519346,1.0625347642413732,1.2590295,1.3794605939895586,1.039765372813374
9860,0.0,0.0,653.0,0.0,,5,14.85,-4.750754950429269,0.31599932901172306,0.16109078,0.11489184566001687,0.22257286887660133
9863,1.0,205.0,538.0,14.67,2.147076646563714,7,24.439999999999998,1.425131948168333,2.147076646563714,2.160577,2.204871309321637,2.1107103428866267
9866,3.0,355.0,547.0,9.646666666666667,4.237956804444383,20,44.87,4.611821492684072,4.237956804444383,4.2051697,4.346270302996073,4.187266162117348
9867,2.0,490.0,638.0,11.395,3.3213523894012233,14,37.61,2.7649545456779663,3.3213523894012233,3.3798745,3.4045950309012674,3.368095597466828
9868,8.0,211.0,299.0,12.935,20.447872991262056,35,108.56,16.932348695452404,20.447872991262056,20.422876,20.024380051194925,19.98858745758705
9869,0.0,0.0,195.0,0.0,,4,18.17,2.0784708057425894,1.0625347642413732,1.1749551,1.1809878754006355,1.0449415269693052
9870,1.0,101.0,298.0,2.54,1.1561651830605013,4,5.63,1.1323678220090216,1.1561651830605013,1.1524986,1.108635378942806,1.1512315944473652
9871,5.0,588.0,673.0,11.348,6.881668131059467,24,62.85,7.072444963103877,6.975645961594784,6.673483,6.957177702272354,6.597698799561561
9873,0.0,0.0,225.0,0.0,,4,7.68,0.8061326802016429,1.0625347642413732,0.9028076,1.0488935959011434,0.7663361709738563
9880,0.0,0.0,166.0,0.0,,2,9.5,1.7616413098867283,1.0625347642413732,1.3832861,1.573519506036424,1.4169217139768397
9881,2.0,646.0,672.0,6.815,2.1719489821097353,11,29.340000000000003,1.6441693872657548,2.1719489821097353,2.1825418,2.2142157041445625,2.1949651423074563
9883,2.0,240.0,413.0,10.8,4.169743787091085,10,25.08,3.66881141587145,4.169743787091085,4.096462,4.507916011246375,3.9965928816264813
9884,1.0,129.0,203.0,6.27,2.835701910759869,7,16.740000000000002,4.096694799555462,2.835701910759869,2.8490076,2.7385328844147043,2.766703479313967
9885,0.0,0.0,312.0,0.0,,5,13.26,0.022445579310685027,0.7496644682170794,0.6907726,0.6672661083183101,0.6258212820310591
9887,1.0,112.0,344.0,13.4,2.8266302870770064,8,18.08,3.111825480233973,2.8266302870770064,2.7971642,2.8791788603092954,2.794179635156338
9891,2.0,372.0,440.0,17.7,6.727144518788793,14,51.24,7.03259299878275,6.727144518788793,6.700985,6.697165962209658,6.87010253672343
9892,1.0,3.0,273.0,3.89,1.045768893221725,7,6.630000000000001,1.3608210121932376,1.2011090568428895,1.0603591,0.9621383508402055,0.8612009877622588
9895,5.0,331.0,360.0,16.064,15.648164553699338,23,100.56,14.035152285839203,15.838773782176471,15.149205,15.82744518091202,15.587954361481206
9896,0.0,0.0,140.0,0.0,,5,33.79,4.140651257908225,1.0625347642413732,1.6938535,1.6622019169035906,1.9454646548800554
9897,5.0,552.0,673.0,9.172,5.5541572660516385,27,48.59,5.515278199358529,5.5541572660516385,5.568804,5.588581744160675,5.551250130119826
9898,2.0,305.0,578.0,9.61,2.7657931539671043,12,35.56,2.3133068883020824,2.7657931539671043,2.672222,2.8228222756496626,2.723313395271199
9900,0.0,0.0,581.0,0.0,,4,27.0,-2.760875624903404,0.31599932901172306,0.22779663,0.0423434635474815,0.2769102019193461
9901,1.0,33.0,173.0,11.31,3.941828326042214,10,15.25,4.721147277014998,3.941828326042214,4.002621,3.802423134829197,3.959033788215231
9903,0.0,0.0,632.0,0.0,,4,11.42,-4.743182756907374,0.32077864027662517,0.15695105,0.13113869850109888,0.23343917031670625
9904,1.0,50.0,333.0,13.91,2.455358209830532,9,25.54,3.66942549043484,2.455358209830532,2.4319086,2.5246328588189497,2.5721065415526625
9906,0.0,0.0,94.0,0.0,,3,12.26,3.036897119787813,2.32659064545856,2.6325788,2.316637448339524,2.210230292647636
9908,0.0,0.0,618.0,0.0,,4,8.94,-4.74085167293359,0.2280781283679771,0.2533774,0.12894482415477496,0.26381615820569415
9909,1.0,204.0,270.0,7.6,2.777807348544137,8,25.6,4.398488064057307,2.777807348544137,2.8423727,2.8635709823566495,2.814582458000386
9919,3.0,42.0,258.0,10.37,4.922031110296389,16,36.29,6.642369040139313,4.752642621264179,4.7927313,5.326705443971732,5.312081325097859
9920,0.0,0.0,491.0,0.0,,3,12.51,-2.6485652037878484,0.4105308468223392,0.38356328,0.2810574673305328,0.22763237260470515
9924,2.0,671.0,698.0,10.239999999999998,2.9462300514611064,12,27.11,1.7049369971306971,2.9462300514611064,2.9062974,2.842291766087437,2.95526680120053
9928,15.0,646.0,678.0,15.436,25.693741001692608,77,240.78,30.273837973351768,25.693741001692608,25.703173,25.328828953989333,25.758731815461374
9929,4.0,539.0,682.0,21.59,10.091571654794278,31,90.52,9.78101889502894,9.905831713612343,9.859589,10.790194361576651,9.73133029368135
9930,0.0,0.0,245.0,0.0,,5,14.26,1.0655300045458773,1.0625347642413732,0.98348945,0.914219755833252,0.7681886392314219
9931,4.0,416.0,622.0,12.9425,6.319630747284797,17,68.98,6.868479744343846,6.319630747284797,6.3718553,6.505578839506938,6.289401240768834
9932,0.0,0.0,371.0,0.0,,4,18.78,-0.40200816359879,0.6878891425254019,0.44298232,0.396045375243124,0.44138778468470363
9933,0.0,0.0,584.0,0.0,,3,2.39,-4.7966414462142675,0.2280781283679771,0.25735417,0.13682775383752543,0.2837005949514628
9937,6.0,281.0,555.0,10.171666666666667,5.549546204805818,29,65.4,8.188505655611543,5.549546204805818,5.483734,5.785134340933321,5.666071618841503
9939,0.0,0.0,130.0,0.0,,2,7.14,2.089769518680125,1.0625347642413732,1.775379,2.116589912152875,1.8593429445554133
9941,1.0,27.0,341.0,8.53,1.4665557458084184,11,19.869999999999997,2.280802833794305,1.4665557458084184,1.4456161,1.4520642478609886,1.4758000957323754
9942,2.0,234.0,283.0,14.425,7.63092680695799,13,34.7,6.843541030836613,7.63092680695799,7.6819386,7.583226469513358,7.298955134737755
9943,2.0,42.0,386.0,12.305,2.5653349250172606,13,36.69,4.3323181029171565,2.5653349250172606,2.58159,2.4028929514485635,2.661478066531101
9944,2.0,264.0,278.0,6.29,3.917973133166277,12,16.009999999999998,4.403053664432109,3.917973133166277,3.8992448,3.7655472751901966,3.827769365434515
9945,3.0,137.0,292.0,15.016666666666666,9.350292675906594,11,51.82,8.393874579626974,9.350292675906594,9.357035,9.25572994967769,9.260196607706533
9949,0.0,0.0,520.0,0.0,,4,7.61,-3.4390911498784345,0.5819915427067095,0.30078095,0.2981452036416381,0.21822600329448694
9951,3.0,287.0,594.0,25.933333333333334,8.57166094421932,18,93.71,9.768340556423478,8.57166094421932,8.590828,8.558480278070324,8.346611971217024
9953,2.0,244.0,265.0,9.46,5.610171035696453,13,25.560000000000002,5.723642199218275,5.610171035696453,5.5542626,5.60138165847957,5.4561419712779875
9954,1.0,15.0,86.0,9.37,5.275722558433505,10,16.71,5.73415787088994,4.83554776352983,5.4152126,4.737636046109286,5.3034786532972396
9956,2.0,388.0,437.0,7.1,3.1053230379860572,10,25.86,3.560406287255277,3.1053230379860572,3.0975199,3.04904466495719,3.210713677443861
9962,0.0,0.0,227.0,0.0,,4,1.39,0.27299554274464377,1.0625347642413732,0.8799798,1.0488935959011434,0.7663361709738563
9966,0.0,0.0,171.0,0.0,,4,4.3,1.3111553657958668,1.0625347642413732,1.3734235,1.573519506036424,1.346870423555524
9967,2.0,473.0,628.0,9.795,2.941267218020482,16,36.42,2.5492777566027343,2.941267218020482,2.8567212,2.9311371086544606,3.0380568398941614
9971,1.0,202.0,373.0,5.8,1.6937450282479647,6,18.86,2.079084925645677,1.774619861283446,1.5353708,1.5309727331545004,1.6743565178518613
9972,1.0,439.0,551.0,17.55,3.152338639080869,5,26.1,2.825321847621469,3.152338639080869,3.1097326,3.151298538461659,3.205085350701166
9973,0.0,0.0,74.0,0.0,,4,13.23,3.421291958105944,2.820447678323929,2.890605,2.2926118638342063,2.8405736797263055
9974,1.0,1.0,455.0,36.06,2.5893854285045284,8,74.23,8.661307211225491,2.5893854285045284,2.5926251,2.2062232226012464,2.410252181135656
9976,2.0,591.0,685.0,11.365,3.207757350520832,12,24.87,1.496107236245411,3.207757350520832,3.1898637,3.0563306293607586,3.1429742469481394
9977,1.0,70.0,676.0,3.84,0.38669839992344407,6,13.25,-3.613915248724095,0.38669839992344407,0.37299106,0.35091038431403515,0.40455661697472856
9978,1.0,21.0,106.0,6.24,3.5979154373672504,9,13.32,4.7472587731159575,3.5979154373672504,3.5936975,3.4876742725752443,3.675855484624424
9979,0.0,0.0,118.0,0.0,,6,15.07,2.9748515145629293,1.0625347642413732,2.050202,2.103955133256007,1.9387729350693883
9984,1.0,110.0,216.0,13.18,4.4488649950254135,7,14.64,4.616356205957488,4.4488649950254135,4.424219,4.502102843500127,4.384651574534904
9985,1.0,154.0,319.0,13.1,3.301541171584078,7,18.65,3.651582982407464,3.301541171584078,3.2746923,3.2622121968409883,3.0480697721251113
9987,0.0,0.0,42.0,0.0,,3,1.96,2.9582630765837807,4.276645059846402,4.7285166,3.3136419006022977,3.1038646035965094
9989,0.0,0.0,345.0,0.0,,5,3.76,-1.2136193004592384,0.7496644682170794,0.5576709,0.5207831882731737,0.6294858640362619
9990,1.0,143.0,243.0,7.44,2.7811638392274576,7,21.75,4.151971070845824,2.7811638392274576,2.7871537,3.0474987081465668,2.665222500612339
9992,0.0,0.0,35.0,0.0,,3,27.06,5.071628675600387,4.276645059846402,4.7466235,4.130872632224532,4.121127960395873
9993,3.0,211.0,329.0,8.639999999999999,5.697792843356759,15,28.47,5.5222472279011745,5.697792843356759,5.7041626,5.55020678387801,5.442939533474316
9995,1.0,44.0,370.0,2.92,0.7663344441815527,7,14.04,0.616847584918482,0.7663344441815527,0.748601,0.7081233284203143,0.7531959114684224
9997,3.0,227.0,552.0,11.353333333333333,3.8068837295363878,19,37.230000000000004,3.5494648305057264,3.8068837295363878,3.7850757,3.567276773105142,3.8660334645664114
9998,1.0,199.0,570.0,3.9,0.8003909124464861,6,15.6,-1.2924294171176625,0.8003909124464861,0.8317792,0.8239297998308246,0.7705667717673039
9999,2.0,139.0,360.0,20.3,7.167793749507555,13,49.1,7.267998480053127,7.167793749507555,7.1806803,7.5561577569038425,7.196580051128015
10000,3.0,124.0,298.0,13.353333333333333,7.89278726005295,15,49.86,7.9346797319021904,7.89278726005295,7.934642,7.857201281288703,7.871702315140092
10001,5.0,211.0,313.0,15.758,15.816290892468569,21,99.37,13.974827452921073,17.036392329129328,18.305887,16.92955065712788,16.01087600102963
10002,5.0,240.0,285.0,25.39,28.23090335095772,28,131.88,18.59660932423077,28.23090335095772,28.216356,27.065964480691587,27.28000266325489
10003,1.0,22.0,320.0,11.58,1.94659763734871,6,16.77,2.640071474142333,1.94659763734871,1.967133,2.0066570991671995,1.6504506854940635
10004,0.0,0.0,631.0,0.0,,6,14.26,-4.462713120731712,0.31599932901172306,0.08050196,0.10154705269464918,0.2391346109111696
10008,7.0,313.0,370.0,14.20142857142857,18.16179920507359,33,106.97,15.683297879175754,14.38812013809878,17.98721,16.553109042988552,17.34085042576882
10009,0.0,0.0,266.0,0.0,,6,21.96,1.4003683745591726,0.809695980654187,0.6018771,0.6912577798474497,0.4778762306647275
10012,1.0,181.0,632.0,13.97,1.561906520385859,10,21.6,-0.30546317757569774,1.561906520385859,1.5353692,1.5725040148947493,1.5846060121345849
10015,0.0,0.0,409.0,0.0,,4,11.63,-1.5214847544822794,0.562158674561362,0.42287338,0.35419026202725273,0.45106680859374215
10016,2.0,179.0,188.0,9.915,7.2095862612048585,13,31.86,7.095913531667286,7.2095862612048585,7.2096577,7.370857000760911,7.344416851334242
10019,2.0,485.0,656.0,15.04,4.105350227564714,12,40.21,3.1613128327748425,4.105350227564714,4.1259847,4.030698673600523,4.1768723241563155
10020,0.0,0.0,455.0,0.0,,3,6.67,-2.5994975947842542,0.562158674561362,0.33948213,0.34396453518248676,0.37370785165562026
10021,1.0,48.0,407.0,6.97,1.1132702813696738,8,15.02,0.7661961170005038,1.1132702813696738,1.1285213,1.2423354948816294,1.128100597459114
10022,0.0,0.0,592.0,0.0,,3,9.48,-4.343068058335039,0.2280781283679771,0.15871738,0.13517018553666052,0.2878715958081681
10023,0.0,0.0,73.0,0.0,,1,0.53,2.3597142624242555,2.820447678323929,2.889003,2.309699600145311,2.8405736797263055
10024,0.0,0.0,273.0,0.0,,5,10.04,0.3247252199114139,0.809695980654187,0.76507026,0.6698274619234122,0.5492632476685051
10025,1.0,173.0,254.0,12.19,3.996188852836972,8,19.119999999999997,4.6042849323599295,3.996188852836972,3.980627,3.809417517547764,3.915070522789426
10026,5.0,476.0,727.0,8.068000000000001,4.177160620355335,28,50.410000000000004,4.396162088820259,4.177160620355335,4.165943,3.9621922098542997,4.061136679437391
10028,0.0,0.0,168.0,0.0,,1,1.14,1.0433317470300456,1.0625347642413732,1.3791592,1.573519506036424,1.4169217139768397
10029,0.0,0.0,57.0,0.0,,5,7.3,3.2092623030164917,2.820447678323929,3.4258523,3.083218852526448,2.980605734628056
10031,1.0,287.0,467.0,8.63,1.9203507447501154,7,19.03,1.5517509799293092,1.9203507447501154,1.9188436,1.8954756534823602,1.8996598032038419
10032,1.0,1.0,429.0,8.86,0.8926958439568398,10,40.96,2.6129509611590507,0.8926958439568398,0.9006961,0.6538548400462817,0.7966868321540641
10033,7.0,566.0,679.0,13.635714285714286,10.820784057521939,32,120.25,13.388621417346716,10.820784057521939,10.842348,10.50476783719294,11.35934049063326
10034,1.0,202.0,367.0,10.55,2.60192312391128,8,19.48,2.9156772062333425,2.60192312391128,2.7795136,2.6450989873051665,2.714539132685248
10039,0.0,0.0,695.0,0.0,,5,15.3,-5.318275096756003,0.31599932901172306,0.16068886,0.09239421124268805,0.25513422690015997
10043,1.0,256.0,644.0,6.22,0.9908124004144012,6,12.68,-2.000919058363687,0.9908124004144012,0.97216374,1.0016933876095315,0.9170926385470759
10047,0.0,0.0,75.0,0.0,,4,6.08,2.8335631301365933,2.820447678323929,2.884284,2.309699600145311,2.4826809107669083
10048,0.0,0.0,223.0,0.0,,4,11.38,1.1315781643668061,1.0625347642413732,0.9643668,1.0488935959011434,0.8782423180957322
10049,2.0,452.0,601.0,14.934999999999999,4.404065402933087,13,32.23,3.16255534658665,4.404065402933087,4.4598594,4.446190362519898,4.440060127503917
10050,0.0,0.0,384.0,0.0,,4,10.66,-1.2399798581862704,0.6878891425254019,0.43943036,0.3999120331031581,0.5401918503629473
10054,0.0,0.0,495.0,0.0,,5,3.84,-3.362938288233414,0.4105308468223392,0.39314985,0.2906746971153087,0.22618741278547283
10055,0.0,0.0,557.0,0.0,,5,3.02,-4.319730738714753,0.2280781283679771,0.26224566,0.17045793486680283,0.2808000612159196
10058,0.0,0.0,635.0,0.0,,5,9.15,-4.949148866449209,0.2280781283679771,0.1830359,0.12366819197476948,0.22853527605616542
10059,2.0,379.0,463.0,13.024999999999999,4.886306396903917,11,37.62,4.933122149549386,4.886306396903917,4.9472027,5.212691411289874,4.790343075973753
10060,0.0,0.0,149.0,0.0,,3,13.11,2.31462260939346,1.0625347642413732,1.7430583,1.770116027316043,1.6438978537672284
10061,0.0,0.0,37.0,0.0,,3,9.31,3.6195161146976584,4.276645059846402,4.7156363,3.3136419006022977,4.020613143760862
10063,0.0,0.0,82.0,0.0,,1,6.72,2.7267452443704165,2.820447678323929,2.7714396,2.4118315062577813,2.4826809107669083
10064,0.0,0.0,385.0,0.0,,3,4.82,-1.741839494518083,0.6878891425254019,0.44585955,0.3999120331031581,0.5401918503629473
10065,1.0,47.0,424.0,4.95,0.8422910595484376,8,25.02,1.0374707565859844,0.8604670056791561,0.85679096,0.8720788690182295,0.8459594728476478
10067,0.0,0.0,474.0,0.0,,4,7.27,-2.805263877884494,0.562158674561362,0.34692466,0.31876140168005423,0.2965982968041567
10068,3.0,212.0,591.0,14.333333333333334,3.9203991345450273,13,54.06,4.569072059277633,3.9203991345450273,3.9068635,3.7770481241271887,4.180236570267622
10070,0.0,0.0,726.0,0.0,,3,6.88,-6.477350805320907,0.2280781283679771,0.26813325,0.07490810711768248,0.21679639999677747
10071,2.0,101.0,149.0,13.405000000000001,10.204592339657346,13,29.5,7.590192725475605,10.204592339657346,10.191357,9.729714684249045,9.951473746013496
10073,1.0,1.0,304.0,12.05,1.8813480667753524,9,13.23,2.611330212900465,1.8813480667753524,1.88665,1.9143456596799315,1.6868956386338878
10075,1.0,28.0,453.0,31.35,2.80591688725129,9,44.980000000000004,5.832819340804636,2.80591688725129,2.7720447,2.8571332759631893,2.71696904635719
10076,1.0,28.0,227.0,11.02,2.913867026383139,8,18.32,4.089166704187647,2.913867026383139,2.936044,3.036168287538391,2.8190539708156144
10079,0.0,0.0,671.0,0.0,,3,5.04,-5.834464224177101,0.2280781283679771,0.21423315,0.12646370412304195,0.2659968844230418
10080,2.0,318.0,596.0,12.425,3.3750296067001937,15,46.08,3.408840938129756,3.3750296067001937,3.4445252,3.472464553304182,3.5564002511798773
10081,1.0,145.0,261.0,4.42,1.89326889247813,9,8.26,2.438128834370463,1.89326889247813,1.9220625,1.7403056872760478,1.6850509144294064
10083,1.0,23.0,95.0,8.57,4.790600051865624,9,21.58,5.901905061088669,5.238941198838755,4.840868,4.407798966918677,4.4498945626969855
10091,2.0,151.0,627.0,2.17,0.5621207220393724,13,16.65,-1.643276502396902,0.5621207220393724,0.5581991,0.5902160139723165,0.38116022290448637
10093,0.0,0.0,295.0,0.0,,3,15.46,0.4048207747422299,0.809695980654187,0.6778383,0.6810444078210952,0.6014139741361726
10095,2.0,254.0,362.0,7.34,3.502217939192356,11,19.009999999999998,3.517021132672429,3.502217939192356,3.4613569,3.492842435885499,3.394229954206345
10098,0.0,0.0,370.0,0.0,,4,5.02,-1.4910486291940304,0.6878891425254019,0.4493565,0.41313311155422927,0.4780980565278412
10099,0.0,0.0,406.0,0.0,,3,4.5,-2.0693030236830134,0.562158674561362,0.4404003,0.35419026202725273,0.45106680859374215
10101,1.0,194.0,505.0,12.84,2.0523355109693284,7,20.89,1.3082924188254057,2.0523355109693284,2.0436664,2.0474470417349093,1.944882870545337
10102,0.0,0.0,681.0,0.0,,5,2.99,-6.104210017360885,0.2280781283679771,0.25070354,0.11379492446005157,0.2680899376259527
10104,4.0,555.0,659.0,12.0575,6.07297849297055,24,76.78999999999999,7.621776571790379,7.333142070918532,6.724285,6.4578044070156535,6.503940446869288
10106,1.0,120.0,233.0,21.0,6.220467085647719,12,28.79,6.739566971954667,6.220467085647719,6.2513795,6.318388890605543,6.094072443432594
10113,2.0,12.0,249.0,25.73,8.034697631399373,11,57.72,9.681250649009797,8.034697631399373,8.016313,8.015394141888155,7.985977250689857
10114,0.0,0.0,297.0,0.0,,4,16.07,0.44417292963455557,0.809695980654187,0.70619464,0.6810444078210952,0.596272633537124
10116,0.0,0.0,368.0,0.0,,4,10.47,-1.0252709468587087,0.6878891425254019,0.73658854,0.41313311155422927,0.4780980565278412
10118,3.0,568.0,664.0,10.42,4.177425117172534,15,53.7,4.643177703902773,5.139792165845783,4.350254,4.502953956476615,4.226616940431456
10119,1.0,37.0,200.0,6.53,2.3728581948365304,8,11.879999999999999,3.3766919314821027,2.3728581948365304,2.3040273,2.343570023979253,2.3145166998583586
10120,0.0,0.0,595.0,0.0,,4,3.87,-4.816868191813067,0.2280781283679771,0.11388473,0.13517018553666052,0.2878715958081681
10121,0.0,0.0,283.0,0.0,,5,4.09,-0.2961198654655437,0.809695980654187,0.7706068,0.6906616376058712,0.5490987965012444
10126,0.0,0.0,439.0,0.0,,5,38.16,0.1939840174033569,0.8926958439568398,0.45492485,0.4650621906526435,0.6209885548622367
10128,0.0,0.0,404.0,0.0,,6,23.46,-0.4626223242102596,0.6489445261916096,0.49244356,0.3461023408586107,0.40491549931229365
10131,1.0,291.0,322.0,32.03,8.195470967494709,10,48.72,9.355277618986399,8.195470967494709,8.258148,8.328603271385317,8.250314763266669
10133,0.0,0.0,64.0,0.0,,3,8.22,3.144077051378807,2.820447678323929,2.8931298,3.0906893590527775,2.8405736797263055
10134,1.0,45.0,320.0,18.36,3.1714178544470464,13,23.689999999999998,4.381774427283451,2.2385440906985608,2.7555468,3.016038043919784,3.2762558305644256
10137,0.0,0.0,222.0,0.0,,6,25.47,2.314183360207779,1.0625347642413732,1.0953993,0.943941479952123,0.8961346396502066
10138,0.0,0.0,60.0,0.0,,4,8.93,3.2776775559827627,2.820447678323929,3.4227118,3.0906893590527775,2.980605734628056
10142,0.0,0.0,522.0,0.0,,3,12.0,-3.1349804117810978,0.5819915427067095,0.28638554,0.2810574673305328,0.21822600329448694
10145,2.0,223.0,525.0,7.13,2.144940225349065,11,45.4,3.1168904941458093,2.144940225349065,2.0099304,1.9482657548940525,1.9437072552812609
10147,1.0,41.0,622.0,17.14,1.0580088506903444,11,29.65,0.29238776234670505,1.4961267881955846,1.4389988,1.1543019577810552,1.1120063741176534
10150,0.0,0.0,128.0,0.0,,5,37.0,4.570519338184159,1.0625347642413732,1.9284286,2.9322315878338605,2.3757566309874973
10152,0.0,0.0,329.0,0.0,,4,30.99,1.1807151992046405,1.4953664546059355,0.8137716,0.8549404564203765,0.6015461838455956
10153,0.0,0.0,287.0,0.0,,4,12.85,0.32967729659987777,0.809695980654187,0.7366007,0.6810444078210952,0.5494368529903095
10154,1.0,14.0,298.0,3.36,0.9293497157169539,7,25.99,2.53138250641906,1.0768599283388003,0.9234375,0.9969502514565287,0.9544343326981224
10160,2.0,250.0,324.0,11.235,5.519874204170493,13,41.55,6.433408258041213,5.519874204170493,5.444329,5.558633000994732,5.7854473171978595
10161,2.0,105.0,704.0,10.64,1.0485189784183373,12,24.32,-1.1874622167433628,1.0485189784183373,1.0734026,1.2087781316710315,1.070449338094785
10166,3.0,512.0,577.0,11.020000000000001,4.957861576746136,19,48.93,5.410348709066908,4.957861576746136,5.1008167,5.075697164385345,5.17676480606508
10167,2.0,277.0,532.0,15.399999999999999,4.459776752697503,12,43.08,4.2542060535113215,4.459776752697503,4.5361247,4.611909626489851,4.515177220030906
10168,1.0,171.0,403.0,10.02,2.143394598202671,9,21.77,2.382722294723242,2.143394598202671,2.02409,1.9073783081105615,2.0282819817545406
10171,0.0,0.0,69.0,0.0,,6,7.07,3.0375393911887243,2.820447678323929,2.8393092,2.3076586075136056,2.8405736797263055
10173,12.0,489.0,598.0,11.633333333333333,16.4846411642273,45,148.91,20.036309090557808,16.4846411642273,16.474066,16.746780594858865,16.17844557693413
10174,1.0,155.0,391.0,28.9,5.151660230408236,9,39.989999999999995,6.5740748441126655,5.151660230408236,5.1759286,5.21958223617026,4.863783949539977
10176,2.0,161.0,583.0,6.709999999999999,1.447809025133501,12,31.439999999999998,0.8355180012791341,1.447809025133501,1.450449,1.5759431273614548,1.4336516847602825
10177,2.0,178.0,328.0,9.58,4.413023477950259,11,35.73,5.3045008759403895,4.413023477950259,4.272422,4.4467944825567685,4.500546395980498
10178,1.0,173.0,331.0,12.9,3.2402180102950604,9,43.68,5.58531073615165,3.2402180102950604,3.2110617,3.3911655038116217,3.246935491908242
10181,0.0,0.0,170.0,0.0,,4,8.45,1.6583147111878007,1.0625347642413732,1.3802513,1.573519506036424,1.4169217139768397
10186,2.0,576.0,691.0,21.94,5.709242736442846,14,51.82000000000001,5.013893762948435,5.709242736442846,5.649267,5.590261925610205,5.670250693784779
10189,0.0,0.0,362.0,0.0,,5,11.02,-0.8757576923391985,0.7496644682170794,0.5841786,0.40566260502789986,0.5020504341851026
10190,1.0,240.0,301.0,7.83,2.6658309773522655,8,13.52,3.184146600264541,2.6658309773522655,2.6523848,2.671310926198626,2.552161749047732
10191,0.0,0.0,601.0,0.0,,5,12.38,-4.201502644106244,0.32077864027662517,0.10689062,0.11061194269922581,0.30538831686746626
10192,2.0,443.0,515.0,12.14,4.2713272001079865,16,36.18,4.341144333832357,4.2713272001079865,4.1933804,4.121356299454632,4.340956056286178
10205,0.0,0.0,309.0,0.0,,6,19.55,0.5891337603487932,0.7496644682170794,0.56847036,0.6711377547249565,0.5664024826849978
10208,6.0,354.0,366.0,18.411666666666665,20.90751241134351,27,117.99000000000001,16.57271120085353,20.90751241134351,20.9286,21.022855570906362,20.23657868953842
10209,4.0,438.0,468.0,11.065,7.495119070244723,20,68.12,8.911043332869038,7.495119070244723,7.4767513,7.500511727084244,7.5637652372075745
10210,1.0,406.0,550.0,8.01,1.6897510257344615,10,17.58,0.7684058347347591,1.6897510257344615,1.6985496,1.7347788825581263,1.6845078255290433
10213,0.0,0.0,716.0,0.0,,4,10.13,-6.053838771842357,0.2280781283679771,0.17730074,0.08554013273958115,0.19823209087979343
10214,1.0,341.0,392.0,13.06,3.294646353111726,10,28.5,4.315925433780956,3.294646353111726,3.3381257,3.332948198054554,3.1995217296682483
10220,1.0,16.0,155.0,20.25,6.512258189792664,7,27.490000000000002,7.071073293055238,6.434934915375235,7.3471494,6.2410443266001705,6.461233054227161
10225,5.0,500.0,611.0,13.59,8.698848732062807,25,73.75,8.759148145429759,8.698848732062807,8.683336,8.566682716368662,8.446689040484058
10226,3.0,211.0,333.0,11.796666666666667,7.440472678075002,18,48.52,7.570235356043915,7.795223929508447,7.9764776,7.8403314269737425,7.710383991161202
10229,0.0,0.0,201.0,0.0,,5,12.9,1.5888205301438123,1.0625347642413732,1.170594,1.133521833770945,1.0312800720370294
10230,0.0,0.0,187.0,0.0,,3,16.62,2.049969579935057,1.0625347642413732,1.2970068,1.3919480291808402,1.039765372813374
10231,0.0,0.0,356.0,0.0,,4,21.25,0.011634127787573334,0.6878891425254019,0.5751029,0.39060868105842445,0.6133689303792931
10233,1.0,474.0,703.0,8.74,1.4238919226223348,8,38.93,0.6619920668526449,1.4238919226223348,1.4168326,1.4412789037308307,1.3900170612366205
10240,6.0,550.0,716.0,15.585,9.967329935603342,27,104.78,11.002824433676741,10.179424216447389,9.29939,9.565033444029913,9.81755878331781
10241,0.0,0.0,201.0,0.0,,5,8.57,1.2415985769570752,1.0625347642413732,1.1835657,1.1506095700820502,1.0312800720370294
10242,0.0,0.0,152.0,0.0,,4,7.03,1.8031332569783056,1.0625347642413732,1.745212,1.7872037636271483,1.6421108979763455
10243,6.0,319.0,634.0,13.788333333333334,6.301294984281226,30,86.42,9.43931281377803,10.192031842360965,8.876674,7.8718551325042085,7.458942748529564
10249,0.0,0.0,325.0,0.0,,6,21.24,0.494709590309939,0.7496644682170794,0.36708617,0.6187102149527484,0.5713597557652168
10250,1.0,193.0,350.0,18.55,4.235803003475169,10,34.870000000000005,5.5059532769761965,4.235803003475169,4.19215,4.364739964412415,4.541223259153277
10251,0.0,0.0,58.0,0.0,,5,12.25,3.5918303881093867,2.820447678323929,3.4222717,3.0661311162153435,2.980605734628056
10253,2.0,49.0,272.0,4.654999999999999,2.1310364595520457,12,30.65,4.4331486509613365,2.1310364595520457,2.1083586,2.112901371267787,2.088817273509644
10255,0.0,0.0,603.0,0.0,,2,2.3,-5.096097675149847,0.2280781283679771,0.18411693,0.13517018553666052,0.29645582172224927
10257,0.0,0.0,318.0,0.0,,2,3.88,-0.8735028171042201,0.6878891425254019,0.66143614,0.6883437350406238,0.5018452577254608
10258,0.0,0.0,178.0,0.0,,5,19.68,2.463053467445129,1.0625347642413732,1.4053928,1.3606002295992239,1.0935885752643149
10260,0.0,0.0,331.0,0.0,,6,28.98,1.0291494884006225,1.4953664546059355,0.6899736,0.8513766429302608,0.6290434520133079
10262,2.0,325.0,414.0,8.945,3.818705396507693,12,30.39,4.256164462756134,3.818705396507693,3.7953813,3.986736963311827,3.860812093622437
10263,1.0,197.0,312.0,9.57,2.8361756498046047,9,15.33,3.2325588994200323,2.8361756498046047,2.82964,2.798839222876031,2.821757192640597
10266,1.0,221.0,367.0,4.88,1.5932758245435488,10,16.46,2.0098641225780813,1.9842183184536268,1.823856,1.5491125778383044,1.701333679536635
10268,0.0,0.0,326.0,0.0,,3,16.01,0.0034067839263340893,0.6878891425254019,0.63728696,0.6331499426467698,0.5664644358018069
10271,2.0,231.0,370.0,7.890000000000001,3.555377088535134,12,27.79,4.094774105868006,3.555377088535134,3.6462617,3.7601051756931256,3.7500228285496924
10273,3.0,167.0,390.0,13.643333333333333,6.439316459310121,15,51.79,7.0081263020427444,6.439316459310121,6.2883954,6.346416123202657,6.2385420882721005
10274,0.0,0.0,330.0,0.0,,4,11.52,-0.3949523038826319,0.6878891425254019,0.64357495,0.6502376789578752,0.5562036811827662
10277,1.0,31.0,73.0,11.09,6.771186141419745,9,22.240000000000002,6.659654191357099,6.771186141419745,6.730833,7.1476085779153005,7.23482149356186
10278,0.0,0.0,253.0,0.0,,4,5.98,0.267406260932209,0.809695980654187,0.8050714,0.7376171299023951,0.5601510146504216
10280,3.0,134.0,192.0,15.003333333333332,13.657471574278219,19,56.41,10.336695359933465,13.657471574278219,13.720944,13.930884760861858,13.553748581350648
